ElementID,Type,Volume,Sxx,Syy,Szz,Sxy,Sxz,Syz,Exx,Eyy,Ezz,Exy,Exz,Eyz
1,C3D8,0.327086,0,0,0,0,0,0,0,0,0,0,0,0
2,C3D8,0.327085,0,0,0,0,0,0,0,0,0,0,0,0
3,C3D8,0.327086,0,0,0,0,0,0,0,0,0,0,0,0
4,C3D8,0.327085,0,0,0,0,0,0,0,0,0,0,0,0
5,C3D8,0.327086,0,0,0,0,0,0,0,0,0,0,0,0
6,C3D8,0.327085,0,0,0,0,0,0,0,0,0,0,0,0
7,C3D8,0.327086,0,0,0,0,0,0,0,0,0,0,0,0
8,C3D8,0.327085,0,0,0,0,0,0,0,0,0,0,0,0
9,C3D8,0.327086,0,0,0,0,0,0,0,0,0,0,0,0
10,C3D8,0.327085,0,0,0,0,0,0,0,0,0,0,0,0
11,C3D8,0.327086,0,0,0,0,0,0,0,0,0,0,0,0
12,C3D8,0.327085,0,0,0,0,0,0,0,0,0,0,0,0
13,C3D8,0.327086,0,0,0,0,0,0,0,0,0,0,0,0
14,C3D8,0.327085,0,0,0,0,0,0,0,0,0,0,0,0
15,C3D8,0.327086,0,0,0,0,0,0,0,0,0,0,0,0
16,C3D8,0.327085,0,0,0,0,0,0,0,0,0,0,0,0
17,C3D8,0.327085,0,0,0,0,0,0,0,0,0,0,0,0
18,C3D8,0.327086,0,0,0,0,0,0,0,0,0,0,0,0
19,C3D8,0.327085,0,0,0,0,0,0,0,0,0,0,0,0
20,C3D8,0.327085,0,0,0,0,0,0,0,0,0,0,0,0
21,C3D8,0.327086,0,0,0,0,0,0,0,0,0,0,0,0
22,C3D8,0.327085,0,0,0,0,0,0,0,0,0,0,0,0
23,C3D8,0.327085,0,0,0,0,0,0,0,0,0,0,0,0
24,C3D8,0.327085,0,0,0,0,0,0,0,0,0,0,0,0
25,C3D8,0.327086,0,0,0,0,0,0,0,0,0,0,0,0
26,C3D8,0.327085,0,0,0,0,0,0,0,0,0,0,0,0
27,C3D8,0.327085,0,0,0,0,0,0,0,0,0,0,0,0
28,C3D8,0.327085,0,0,0,0,0,0,0,0,0,0,0,0
29,C3D8,0.327086,0,0,0,0,0,0,0,0,0,0,0,0
30,C3D8,0.327085,0,0,0,0,0,0,0,0,0,0,0,0
31,C3D8,0.327085,0,0,0,0,0,0,0,0,0,0,0,0
32,C3D8,0.327085,0,0,0,0,0,0,0,0,0,0,0,0
33,C3D8,0.327086,0,0,0,0,0,0,0,0,0,0,0,0
34,C3D8,0.327085,0,0,0,0,0,0,0,0,0,0,0,0
35,C3D8,0.327085,0,0,0,0,0,0,0,0,0,0,0,0
36,C3D8,0.327086,0,0,0,0,0,0,0,0,0,0,0,0
37,C3D8,0.327085,0,0,0,0,0,0,0,0,0,0,0,0
38,C3D8,0.327085,0,0,0,0,0,0,0,0,0,0,0,0
39,C3D8,0.327085,0,0,0,0,0,0,0,0,0,0,0,0
40,C3D8,0.327086,0,0,0,0,0,0,0,0,0,0,0,0
41,C3D8,0.327085,0,0,0,0,0,0,0,0,0,0,0,0
42,C3D8,0.327085,0,0,0,0,0,0,0,0,0,0,0,0
43,C3D8,0.327085,0,0,0,0,0,0,0,0,0,0,0,0
44,C3D8,0.327086,0,0,0,0,0,0,0,0,0,0,0,0
45,C3D8,0.327085,0,0,0,0,0,0,0,0,0,0,0,0
46,C3D8,0.327085,0,0,0,0,0,0,0,0,0,0,0,0
47,C3D8,0.327085,0,0,0,0,0,0,0,0,0,0,0,0
48,C3D8,0.327086,0,0,0,0,0,0,0,0,0,0,0,0
49,C3D8,0.327084,0,0,0,0,0,0,0,0,0,0,0,0
50,C3D8,0.327088,0,0,0,0,0,0,0,0,0,0,0,0
51,C3D8,0.327085,0,0,0,0,0,0,0,0,0,0,0,0
52,C3D8,0.327085,0,0,0,0,0,0,0,0,0,0,0,0
53,C3D8,0.327085,0,0,0,0,0,0,0,0,0,0,0,0
54,C3D8,0.327086,0,0,0,0,0,0,0,0,0,0,0,0
55,C3D8,0.327085,0,0,0,0,0,0,0,0,0,0,0,0
56,C3D8,0.327086,0,0,0,0,0,0,0,0,0,0,0,0
57,C3D8,0.327085,0,0,0,0,0,0,0,0,0,0,0,0
58,C3D8,0.327086,0,0,0,0,0,0,0,0,0,0,0,0
59,C3D8,0.327085,0,0,0,0,0,0,0,0,0,0,0,0
60,C3D8,0.327086,0,0,0,0,0,0,0,0,0,0,0,0
61,C3D8,0.327085,0,0,0,0,0,0,0,0,0,0,0,0
62,C3D8,0.327086,0,0,0,0,0,0,0,0,0,0,0,0
63,C3D8,0.327085,0,0,0,0,0,0,0,0,0,0,0,0
64,C3D8,0.327086,0,0,0,0,0,0,0,0,0,0,0,0
65,C3D8,0.327085,0,0,0,0,0,0,0,0,0,0,0,0
66,C3D8,0.327086,0,0,0,0,0,0,0,0,0,0,0,0
67,C3D8,0.327085,0,0,0,0,0,0,0,0,0,0,0,0
68,C3D8,0.327086,0,0,0,0,0,0,0,0,0,0,0,0
69,C3D8,0.327085,0,0,0,0,0,0,0,0,0,0,0,0
70,C3D8,0.327085,0,0,0,0,0,0,0,0,0,0,0,0
71,C3D8,0.327086,0,0,0,0,0,0,0,0,0,0,0,0
72,C3D8,0.327085,0,0,0,0,0,0,0,0,0,0,0,0
73,C3D8,0.327085,0,0,0,0,0,0,0,0,0,0,0,0
74,C3D8,0.327086,0,0,0,0,0,0,0,0,0,0,0,0
75,C3D8,0.327085,0,0,0,0,0,0,0,0,0,0,0,0
76,C3D8,0.327085,0,0,0,0,0,0,0,0,0,0,0,0
77,C3D8,0.327085,0,0,0,0,0,0,0,0,0,0,0,0
78,C3D8,0.327086,0,0,0,0,0,0,0,0,0,0,0,0
79,C3D8,0.327085,0,0,0,0,0,0,0,0,0,0,0,0
80,C3D8,0.327085,0,0,0,0,0,0,0,0,0,0,0,0
81,C3D8,0.327085,0,0,0,0,0,0,0,0,0,0,0,0
82,C3D8,0.327086,0,0,0,0,0,0,0,0,0,0,0,0
83,C3D8,0.327085,0,0,0,0,0,0,0,0,0,0,0,0
84,C3D8,0.327085,0,0,0,0,0,0,0,0,0,0,0,0
85,C3D8,0.327085,0,0,0,0,0,0,0,0,0,0,0,0
86,C3D8,0.327086,0,0,0,0,0,0,0,0,0,0,0,0
87,C3D8,0.327085,0,0,0,0,0,0,0,0,0,0,0,0
88,C3D8,0.327085,0,0,0,0,0,0,0,0,0,0,0,0
89,C3D8,0.327086,0,0,0,0,0,0,0,0,0,0,0,0
90,C3D8,0.327085,0,0,0,0,0,0,0,0,0,0,0,0
91,C3D8,0.327085,0,0,0,0,0,0,0,0,0,0,0,0
92,C3D8,0.327085,0,0,0,0,0,0,0,0,0,0,0,0
93,C3D8,0.327086,0,0,0,0,0,0,0,0,0,0,0,0
94,C3D8,0.327085,0,0,0,0,0,0,0,0,0,0,0,0
95,C3D8,0.327085,0,0,0,0,0,0,0,0,0,0,0,0
96,C3D8,0.327085,0,0,0,0,0,0,0,0,0,0,0,0
97,C3D8,0.327086,0,0,0,0,0,0,0,0,0,0,0,0
98,C3D8,0.327085,0,0,0,0,0,0,0,0,0,0,0,0
99,C3D8,0.327085,0,0,0,0,0,0,0,0,0,0,0,0
100,C3D8,0.327085,0,0,0,0,0,0,0,0,0,0,0,0
101,C3D8,0.327086,0,0,0,0,0,0,0,0,0,0,0,0
102,C3D8,0.327084,0,0,0,0,0,0,0,0,0,0,0,0
103,C3D8,0.327088,0,0,0,0,0,0,0,0,0,0,0,0
104,C3D8,0.327085,0,0,0,0,0,0,0,0,0,0,0,0
105,C3D8,0.327085,0,0,0,0,0,0,0,0,0,0,0,0
106,C3D8,0.327085,0,0,0,0,0,0,0,0,0,0,0,0
107,C3D8,0.327086,0,0,0,0,0,0,0,0,0,0,0,0
108,C3D8,0.327085,0,0,0,0,0,0,0,0,0,0,0,0
109,C3D8,0.327086,0,0,0,0,0,0,0,0,0,0,0,0
110,C3D8,0.327085,0,0,0,0,0,0,0,0,0,0,0,0
111,C3D8,0.327086,0,0,0,0,0,0,0,0,0,0,0,0
112,C3D8,0.327085,0,0,0,0,0,0,0,0,0,0,0,0
113,C3D8,0.327086,0,0,0,0,0,0,0,0,0,0,0,0
114,C3D8,0.327085,0,0,0,0,0,0,0,0,0,0,0,0
115,C3D8,0.327086,0,0,0,0,0,0,0,0,0,0,0,0
116,C3D8,0.327085,0,0,0,0,0,0,0,0,0,0,0,0
117,C3D8,0.327086,0,0,0,0,0,0,0,0,0,0,0,0
118,C3D8,0.327085,0,0,0,0,0,0,0,0,0,0,0,0
119,C3D8,0.327086,0,0,0,0,0,0,0,0,0,0,0,0
120,C3D8,0.327085,0,0,0,0,0,0,0,0,0,0,0,0
121,C3D8,0.327086,0,0,0,0,0,0,0,0,0,0,0,0
122,C3D8,0.327085,0,0,0,0,0,0,0,0,0,0,0,0
123,C3D8,0.327085,0,0,0,0,0,0,0,0,0,0,0,0
124,C3D8,0.327086,0,0,0,0,0,0,0,0,0,0,0,0
125,C3D8,0.327085,0,0,0,0,0,0,0,0,0,0,0,0
126,C3D8,0.327085,0,0,0,0,0,0,0,0,0,0,0,0
127,C3D8,0.327086,0,0,0,0,0,0,0,0,0,0,0,0
128,C3D8,0.327085,0,0,0,0,0,0,0,0,0,0,0,0
129,C3D8,0.327085,0,0,0,0,0,0,0,0,0,0,0,0
130,C3D8,0.327085,0,0,0,0,0,0,0,0,0,0,0,0
131,C3D8,0.327086,0,0,0,0,0,0,0,0,0,0,0,0
132,C3D8,0.327085,0,0,0,0,0,0,0,0,0,0,0,0
133,C3D8,0.327085,0,0,0,0,0,0,0,0,0,0,0,0
134,C3D8,0.327085,0,0,0,0,0,0,0,0,0,0,0,0
135,C3D8,0.327086,0,0,0,0,0,0,0,0,0,0,0,0
136,C3D8,0.327085,0,0,0,0,0,0,0,0,0,0,0,0
137,C3D8,0.327085,0,0,0,0,0,0,0,0,0,0,0,0
138,C3D8,0.327085,0,0,0,0,0,0,0,0,0,0,0,0
139,C3D8,0.327086,0,0,0,0,0,0,0,0,0,0,0,0
140,C3D8,0.327085,0,0,0,0,0,0,0,0,0,0,0,0
141,C3D8,0.327085,0,0,0,0,0,0,0,0,0,0,0,0
142,C3D8,0.327086,0,0,0,0,0,0,0,0,0,0,0,0
143,C3D8,0.327085,0,0,0,0,0,0,0,0,0,0,0,0
144,C3D8,0.327085,0,0,0,0,0,0,0,0,0,0,0,0
145,C3D8,0.327085,0,0,0,0,0,0,0,0,0,0,0,0
146,C3D8,0.327086,0,0,0,0,0,0,0,0,0,0,0,0
147,C3D8,0.327085,0,0,0,0,0,0,0,0,0,0,0,0
148,C3D8,0.327085,0,0,0,0,0,0,0,0,0,0,0,0
149,C3D8,0.327085,0,0,0,0,0,0,0,0,0,0,0,0
150,C3D8,0.327086,0,0,0,0,0,0,0,0,0,0,0,0
151,C3D8,0.327085,0,0,0,0,0,0,0,0,0,0,0,0
152,C3D8,0.327085,0,0,0,0,0,0,0,0,0,0,0,0
153,C3D8,0.327085,0,0,0,0,0,0,0,0,0,0,0,0
154,C3D8,0.327086,0,0,0,0,0,0,0,0,0,0,0,0
155,C3D8,0.327084,0,0,0,0,0,0,0,0,0,0,0,0
156,C3D8,0.327088,0,0,0,0,0,0,0,0,0,0,0,0
157,C3D8,0.327085,0,0,0,0,0,0,0,0,0,0,0,0
158,C3D8,0.327085,0,0,0,0,0,0,0,0,0,0,0,0
159,C3D8,0.327085,0,0,0,0,0,0,0,0,0,0,0,0
160,C3D8,0.327086,0,0,0,0,0,0,0,0,0,0,0,0
161,C3D8,0.327085,0,0,0,0,0,0,0,0,0,0,0,0
162,C3D8,0.327086,0,0,0,0,0,0,0,0,0,0,0,0
163,C3D8,0.327085,0,0,0,0,0,0,0,0,0,0,0,0
164,C3D8,0.327086,0,0,0,0,0,0,0,0,0,0,0,0
165,C3D8,0.327085,0,0,0,0,0,0,0,0,0,0,0,0
166,C3D8,0.327086,0,0,0,0,0,0,0,0,0,0,0,0
167,C3D8,0.327085,0,0,0,0,0,0,0,0,0,0,0,0
168,C3D8,0.327086,0,0,0,0,0,0,0,0,0,0,0,0
169,C3D8,0.327085,0,0,0,0,0,0,0,0,0,0,0,0
170,C3D8,0.327086,0,0,0,0,0,0,0,0,0,0,0,0
171,C3D8,0.327085,0,0,0,0,0,0,0,0,0,0,0,0
172,C3D8,0.327086,0,0,0,0,0,0,0,0,0,0,0,0
173,C3D8,0.327085,0,0,0,0,0,0,0,0,0,0,0,0
174,C3D8,0.327086,0,0,0,0,0,0,0,0,0,0,0,0
175,C3D8,0.327085,0,0,0,0,0,0,0,0,0,0,0,0
176,C3D8,0.327085,0,0,0,0,0,0,0,0,0,0,0,0
177,C3D8,0.327086,0,0,0,0,0,0,0,0,0,0,0,0
178,C3D8,0.327085,0,0,0,0,0,0,0,0,0,0,0,0
179,C3D8,0.327085,0,0,0,0,0,0,0,0,0,0,0,0
180,C3D8,0.327086,0,0,0,0,0,0,0,0,0,0,0,0
181,C3D8,0.327085,0,0,0,0,0,0,0,0,0,0,0,0
182,C3D8,0.327085,0,0,0,0,0,0,0,0,0,0,0,0
183,C3D8,0.327085,0,0,0,0,0,0,0,0,0,0,0,0
184,C3D8,0.327086,0,0,0,0,0,0,0,0,0,0,0,0
185,C3D8,0.327085,0,0,0,0,0,0,0,0,0,0,0,0
186,C3D8,0.327085,0,0,0,0,0,0,0,0,0,0,0,0
187,C3D8,0.327085,0,0,0,0,0,0,0,0,0,0,0,0
188,C3D8,0.327086,0,0,0,0,0,0,0,0,0,0,0,0
189,C3D8,0.327085,0,0,0,0,0,0,0,0,0,0,0,0
190,C3D8,0.327085,0,0,0,0,0,0,0,0,0,0,0,0
191,C3D8,0.327085,0,0,0,0,0,0,0,0,0,0,0,0
192,C3D8,0.327086,0,0,0,0,0,0,0,0,0,0,0,0
193,C3D8,0.327085,0,0,0,0,0,0,0,0,0,0,0,0
194,C3D8,0.327085,0,0,0,0,0,0,0,0,0,0,0,0
195,C3D8,0.327086,0,0,0,0,0,0,0,0,0,0,0,0
196,C3D8,0.327085,0,0,0,0,0,0,0,0,0,0,0,0
197,C3D8,0.327085,0,0,0,0,0,0,0,0,0,0,0,0
198,C3D8,0.327085,0,0,0,0,0,0,0,0,0,0,0,0
199,C3D8,0.327086,0,0,0,0,0,0,0,0,0,0,0,0
200,C3D8,0.327085,0,0,0,0,0,0,0,0,0,0,0,0
201,C3D8,0.327085,0,0,0,0,0,0,0,0,0,0,0,0
202,C3D8,0.327085,0,0,0,0,0,0,0,0,0,0,0,0
203,C3D8,0.327086,0,0,0,0,0,0,0,0,0,0,0,0
204,C3D8,0.327085,0,0,0,0,0,0,0,0,0,0,0,0
205,C3D8,0.327085,0,0,0,0,0,0,0,0,0,0,0,0
206,C3D8,0.327085,0,0,0,0,0,0,0,0,0,0,0,0
207,C3D8,0.327086,0,0,0,0,0,0,0,0,0,0,0,0
208,C3D8,0.327084,0,0,0,0,0,0,0,0,0,0,0,0
209,C3D8,0.327088,0,0,0,0,0,0,0,0,0,0,0,0
210,C3D8,0.327085,0,0,0,0,0,0,0,0,0,0,0,0
211,C3D8,0.327085,0,0,0,0,0,0,0,0,0,0,0,0
212,C3D8,0.327085,0,0,0,0,0,0,0,0,0,0,0,0
213,C3D8,0.327086,0,0,0,0,0,0,0,0,0,0,0,0
214,C3D8,0.327085,0,0,0,0,0,0,0,0,0,0,0,0
215,C3D8,0.327086,0,0,0,0,0,0,0,0,0,0,0,0
216,C3D8,0.327085,0,0,0,0,0,0,0,0,0,0,0,0
217,C3D8,0.327086,0,0,0,0,0,0,0,0,0,0,0,0
218,C3D8,0.327085,0,0,0,0,0,0,0,0,0,0,0,0
219,C3D8,0.327086,0,0,0,0,0,0,0,0,0,0,0,0
220,C3D8,0.327085,0,0,0,0,0,0,0,0,0,0,0,0
221,C3D8,0.327086,0,0,0,0,0,0,0,0,0,0,0,0
222,C3D8,0.327085,0,0,0,0,0,0,0,0,0,0,0,0
223,C3D8,0.327086,0,0,0,0,0,0,0,0,0,0,0,0
224,C3D8,0.327085,0,0,0,0,0,0,0,0,0,0,0,0
225,C3D8,0.327086,0,0,0,0,0,0,0,0,0,0,0,0
226,C3D8,0.327085,0,0,0,0,0,0,0,0,0,0,0,0
227,C3D8,0.327086,0,0,0,0,0,0,0,0,0,0,0,0
228,C3D8,0.327085,0,0,0,0,0,0,0,0,0,0,0,0
229,C3D8,0.327085,0,0,0,0,0,0,0,0,0,0,0,0
230,C3D8,0.327086,0,0,0,0,0,0,0,0,0,0,0,0
231,C3D8,0.327085,0,0,0,0,0,0,0,0,0,0,0,0
232,C3D8,0.327085,0,0,0,0,0,0,0,0,0,0,0,0
233,C3D8,0.327086,0,0,0,0,0,0,0,0,0,0,0,0
234,C3D8,0.327085,0,0,0,0,0,0,0,0,0,0,0,0
235,C3D8,0.327085,0,0,0,0,0,0,0,0,0,0,0,0
236,C3D8,0.327085,0,0,0,0,0,0,0,0,0,0,0,0
237,C3D8,0.327086,0,0,0,0,0,0,0,0,0,0,0,0
238,C3D8,0.327085,0,0,0,0,0,0,0,0,0,0,0,0
239,C3D8,0.327085,0,0,0,0,0,0,0,0,0,0,0,0
240,C3D8,0.327085,0,0,0,0,0,0,0,0,0,0,0,0
241,C3D8,0.327086,0,0,0,0,0,0,0,0,0,0,0,0
242,C3D8,0.327085,0,0,0,0,0,0,0,0,0,0,0,0
243,C3D8,0.327085,0,0,0,0,0,0,0,0,0,0,0,0
244,C3D8,0.327085,0,0,0,0,0,0,0,0,0,0,0,0
245,C3D8,0.327086,0,0,0,0,0,0,0,0,0,0,0,0
246,C3D8,0.327085,0,0,0,0,0,0,0,0,0,0,0,0
247,C3D8,0.327085,0,0,0,0,0,0,0,0,0,0,0,0
248,C3D8,0.327086,0,0,0,0,0,0,0,0,0,0,0,0
249,C3D8,0.327085,0,0,0,0,0,0,0,0,0,0,0,0
250,C3D8,0.327085,0,0,0,0,0,0,0,0,0,0,0,0
251,C3D8,0.327085,0,0,0,0,0,0,0,0,0,0,0,0
252,C3D8,0.327086,0,0,0,0,0,0,0,0,0,0,0,0
253,C3D8,0.327085,0,0,0,0,0,0,0,0,0,0,0,0
254,C3D8,0.327085,0,0,0,0,0,0,0,0,0,0,0,0
255,C3D8,0.327085,0,0,0,0,0,0,0,0,0,0,0,0
256,C3D8,0.327086,0,0,0,0,0,0,0,0,0,0,0,0
257,C3D8,0.327085,0,0,0,0,0,0,0,0,0,0,0,0
258,C3D8,0.327085,0,0,0,0,0,0,0,0,0,0,0,0
259,C3D8,0.327085,0,0,0,0,0,0,0,0,0,0,0,0
260,C3D8,0.327086,0,0,0,0,0,0,0,0,0,0,0,0
261,C3D8,0.327084,0,0,0,0,0,0,0,0,0,0,0,0
262,C3D8,0.327088,0,0,0,0,0,0,0,0,0,0,0,0
263,C3D8,0.327085,0,0,0,0,0,0,0,0,0,0,0,0
264,C3D8,0.327085,0,0,0,0,0,0,0,0,0,0,0,0
265,C3D8,0.327085,0,0,0,0,0,0,0,0,0,0,0,0
266,C3D8,0.327086,0,0,0,0,0,0,0,0,0,0,0,0
267,C3D8,0.327085,0,0,0,0,0,0,0,0,0,0,0,0
268,C3D8,0.327086,0,0,0,0,0,0,0,0,0,0,0,0
269,C3D8,0.327085,0,0,0,0,0,0,0,0,0,0,0,0
270,C3D8,0.327086,0,0,0,0,0,0,0,0,0,0,0,0
271,C3D8,0.327085,0,0,0,0,0,0,0,0,0,0,0,0
272,C3D8,0.327086,0,0,0,0,0,0,0,0,0,0,0,0
273,C3D8,0.327085,0,0,0,0,0,0,0,0,0,0,0,0
274,C3D8,0.327086,0,0,0,0,0,0,0,0,0,0,0,0
275,C3D8,0.327085,0,0,0,0,0,0,0,0,0,0,0,0
276,C3D8,0.327086,0,0,0,0,0,0,0,0,0,0,0,0
277,C3D8,0.327085,0,0,0,0,0,0,0,0,0,0,0,0
278,C3D8,0.327086,0,0,0,0,0,0,0,0,0,0,0,0
279,C3D8,0.327085,0,0,0,0,0,0,0,0,0,0,0,0
280,C3D8,0.327086,0,0,0,0,0,0,0,0,0,0,0,0
281,C3D8,0.327085,0,0,0,0,0,0,0,0,0,0,0,0
282,C3D8,0.327085,0,0,0,0,0,0,0,0,0,0,0,0
283,C3D8,0.327086,0,0,0,0,0,0,0,0,0,0,0,0
284,C3D8,0.327085,0,0,0,0,0,0,0,0,0,0,0,0
285,C3D8,0.327085,0,0,0,0,0,0,0,0,0,0,0,0
286,C3D8,0.327086,0,0,0,0,0,0,0,0,0,0,0,0
287,C3D8,0.327085,0,0,0,0,0,0,0,0,0,0,0,0
288,C3D8,0.327085,0,0,0,0,0,0,0,0,0,0,0,0
289,C3D8,0.327085,0,0,0,0,0,0,0,0,0,0,0,0
290,C3D8,0.327086,0,0,0,0,0,0,0,0,0,0,0,0
291,C3D8,0.327085,0,0,0,0,0,0,0,0,0,0,0,0
292,C3D8,0.327085,0,0,0,0,0,0,0,0,0,0,0,0
293,C3D8,0.327085,0,0,0,0,0,0,0,0,0,0,0,0
294,C3D8,0.327086,0,0,0,0,0,0,0,0,0,0,0,0
295,C3D8,0.327085,0,0,0,0,0,0,0,0,0,0,0,0
296,C3D8,0.327085,0,0,0,0,0,0,0,0,0,0,0,0
297,C3D8,0.327085,0,0,0,0,0,0,0,0,0,0,0,0
298,C3D8,0.327086,0,0,0,0,0,0,0,0,0,0,0,0
299,C3D8,0.327085,0,0,0,0,0,0,0,0,0,0,0,0
300,C3D8,0.327085,0,0,0,0,0,0,0,0,0,0,0,0
301,C3D8,0.327086,0,0,0,0,0,0,0,0,0,0,0,0
302,C3D8,0.327085,0,0,0,0,0,0,0,0,0,0,0,0
303,C3D8,0.327085,0,0,0,0,0,0,0,0,0,0,0,0
304,C3D8,0.327085,0,0,0,0,0,0,0,0,0,0,0,0
305,C3D8,0.327086,0,0,0,0,0,0,0,0,0,0,0,0
306,C3D8,0.327085,0,0,0,0,0,0,0,0,0,0,0,0
307,C3D8,0.327085,0,0,0,0,0,0,0,0,0,0,0,0
308,C3D8,0.327085,0,0,0,0,0,0,0,0,0,0,0,0
309,C3D8,0.327086,0,0,0,0,0,0,0,0,0,0,0,0
310,C3D8,0.327085,0,0,0,0,0,0,0,0,0,0,0,0
311,C3D8,0.327085,0,0,0,0,0,0,0,0,0,0,0,0
312,C3D8,0.327085,0,0,0,0,0,0,0,0,0,0,0,0
313,C3D8,0.327086,0,0,0,0,0,0,0,0,0,0,0,0
314,C3D8,0.327084,0,0,0,0,0,0,0,0,0,0,0,0
315,C3D8,0.327088,0,0,0,0,0,0,0,0,0,0,0,0
316,C3D8,0.327085,0,0,0,0,0,0,0,0,0,0,0,0
317,C3D8,0.327085,0,0,0,0,0,0,0,0,0,0,0,0
318,C3D8,0.327085,0,0,0,0,0,0,0,0,0,0,0,0
319,C3D8,0.327086,0,0,0,0,0,0,0,0,0,0,0,0
320,C3D8,0.327085,0,0,0,0,0,0,0,0,0,0,0,0
321,C3D8,0.327086,0,0,0,0,0,0,0,0,0,0,0,0
322,C3D8,0.327085,0,0,0,0,0,0,0,0,0,0,0,0
323,C3D8,0.327086,0,0,0,0,0,0,0,0,0,0,0,0
324,C3D8,0.327085,0,0,0,0,0,0,0,0,0,0,0,0
325,C3D8,0.327086,0,0,0,0,0,0,0,0,0,0,0,0
326,C3D8,0.327085,0,0,0,0,0,0,0,0,0,0,0,0
327,C3D8,0.327086,0,0,0,0,0,0,0,0,0,0,0,0
328,C3D8,0.327085,0,0,0,0,0,0,0,0,0,0,0,0
329,C3D8,0.327086,0,0,0,0,0,0,0,0,0,0,0,0
330,C3D8,0.327085,0,0,0,0,0,0,0,0,0,0,0,0
331,C3D8,0.327086,0,0,0,0,0,0,0,0,0,0,0,0
332,C3D8,0.327085,0,0,0,0,0,0,0,0,0,0,0,0
333,C3D8,0.327086,0,0,0,0,0,0,0,0,0,0,0,0
334,C3D8,0.327085,0,0,0,0,0,0,0,0,0,0,0,0
335,C3D8,0.327085,0,0,0,0,0,0,0,0,0,0,0,0
336,C3D8,0.327086,0,0,0,0,0,0,0,0,0,0,0,0
337,C3D8,0.327085,0,0,0,0,0,0,0,0,0,0,0,0
338,C3D8,0.327085,0,0,0,0,0,0,0,0,0,0,0,0
339,C3D8,0.327086,0,0,0,0,0,0,0,0,0,0,0,0
340,C3D8,0.327085,0,0,0,0,0,0,0,0,0,0,0,0
341,C3D8,0.327085,0,0,0,0,0,0,0,0,0,0,0,0
342,C3D8,0.327085,0,0,0,0,0,0,0,0,0,0,0,0
343,C3D8,0.327086,0,0,0,0,0,0,0,0,0,0,0,0
344,C3D8,0.327085,0,0,0,0,0,0,0,0,0,0,0,0
345,C3D8,0.327085,0,0,0,0,0,0,0,0,0,0,0,0
346,C3D8,0.327085,0,0,0,0,0,0,0,0,0,0,0,0
347,C3D8,0.327086,0,0,0,0,0,0,0,0,0,0,0,0
348,C3D8,0.327085,0,0,0,0,0,0,0,0,0,0,0,0
349,C3D8,0.327085,0,0,0,0,0,0,0,0,0,0,0,0
350,C3D8,0.327085,0,0,0,0,0,0,0,0,0,0,0,0
351,C3D8,0.327086,0,0,0,0,0,0,0,0,0,0,0,0
352,C3D8,0.327085,0,0,0,0,0,0,0,0,0,0,0,0
353,C3D8,0.327085,0,0,0,0,0,0,0,0,0,0,0,0
354,C3D8,0.327086,0,0,0,0,0,0,0,0,0,0,0,0
355,C3D8,0.327085,0,0,0,0,0,0,0,0,0,0,0,0
356,C3D8,0.327085,0,0,0,0,0,0,0,0,0,0,0,0
357,C3D8,0.327085,0,0,0,0,0,0,0,0,0,0,0,0
358,C3D8,0.327086,0,0,0,0,0,0,0,0,0,0,0,0
359,C3D8,0.327085,0,0,0,0,0,0,0,0,0,0,0,0
360,C3D8,0.327085,0,0,0,0,0,0,0,0,0,0,0,0
361,C3D8,0.327085,0,0,0,0,0,0,0,0,0,0,0,0
362,C3D8,0.327086,0,0,0,0,0,0,0,0,0,0,0,0
363,C3D8,0.327085,0,0,0,0,0,0,0,0,0,0,0,0
364,C3D8,0.327085,0,0,0,0,0,0,0,0,0,0,0,0
365,C3D8,0.327085,0,0,0,0,0,0,0,0,0,0,0,0
366,C3D8,0.327086,0,0,0,0,0,0,0,0,0,0,0,0
367,C3D8,0.327084,0,0,0,0,0,0,0,0,0,0,0,0
368,C3D8,0.327088,0,0,0,0,0,0,0,0,0,0,0,0
369,C3D8,0.327085,0,0,0,0,0,0,0,0,0,0,0,0
370,C3D8,0.327085,0,0,0,0,0,0,0,0,0,0,0,0
371,C3D8,0.327085,0,0,0,0,0,0,0,0,0,0,0,0
372,C3D8,0.327086,0,0,0,0,0,0,0,0,0,0,0,0
373,C3D8,0.327085,0,0,0,0,0,0,0,0,0,0,0,0
374,C3D8,0.327086,0,0,0,0,0,0,0,0,0,0,0,0
375,C3D8,0.327085,0,0,0,0,0,0,0,0,0,0,0,0
376,C3D8,0.327086,0,0,0,0,0,0,0,0,0,0,0,0
377,C3D8,0.327085,0,0,0,0,0,0,0,0,0,0,0,0
378,C3D8,0.327086,0,0,0,0,0,0,0,0,0,0,0,0
379,C3D8,0.327085,0,0,0,0,0,0,0,0,0,0,0,0
380,C3D8,0.327086,0,0,0,0,0,0,0,0,0,0,0,0
381,C3D8,0.327085,0,0,0,0,0,0,0,0,0,0,0,0
382,C3D8,0.327086,0,0,0,0,0,0,0,0,0,0,0,0
383,C3D8,0.327085,0,0,0,0,0,0,0,0,0,0,0,0
384,C3D8,0.327086,0,0,0,0,0,0,0,0,0,0,0,0
385,C3D8,0.327085,0,0,0,0,0,0,0,0,0,0,0,0
386,C3D8,0.327086,0,0,0,0,0,0,0,0,0,0,0,0
387,C3D8,0.327085,0,0,0,0,0,0,0,0,0,0,0,0
388,C3D8,0.327085,0,0,0,0,0,0,0,0,0,0,0,0
389,C3D8,0.327086,0,0,0,0,0,0,0,0,0,0,0,0
390,C3D8,0.327085,0,0,0,0,0,0,0,0,0,0,0,0
391,C3D8,0.327085,0,0,0,0,0,0,0,0,0,0,0,0
392,C3D8,0.327086,0,0,0,0,0,0,0,0,0,0,0,0
393,C3D8,0.327085,0,0,0,0,0,0,0,0,0,0,0,0
394,C3D8,0.327085,0,0,0,0,0,0,0,0,0,0,0,0
395,C3D8,0.327085,0,0,0,0,0,0,0,0,0,0,0,0
396,C3D8,0.327086,0,0,0,0,0,0,0,0,0,0,0,0
397,C3D8,0.327085,0,0,0,0,0,0,0,0,0,0,0,0
398,C3D8,0.327085,0,0,0,0,0,0,0,0,0,0,0,0
399,C3D8,0.327085,0,0,0,0,0,0,0,0,0,0,0,0
400,C3D8,0.327086,0,0,0,0,0,0,0,0,0,0,0,0
401,C3D8,0.327085,0,0,0,0,0,0,0,0,0,0,0,0
402,C3D8,0.327085,0,0,0,0,0,0,0,0,0,0,0,0
403,C3D8,0.327085,0,0,0,0,0,0,0,0,0,0,0,0
404,C3D8,0.327086,0,0,0,0,0,0,0,0,0,0,0,0
405,C3D8,0.327085,0,0,0,0,0,0,0,0,0,0,0,0
406,C3D8,0.327085,0,0,0,0,0,0,0,0,0,0,0,0
407,C3D8,0.327086,0,0,0,0,0,0,0,0,0,0,0,0
408,C3D8,0.327085,0,0,0,0,0,0,0,0,0,0,0,0
409,C3D8,0.327085,0,0,0,0,0,0,0,0,0,0,0,0
410,C3D8,0.327085,0,0,0,0,0,0,0,0,0,0,0,0
411,C3D8,0.327086,0,0,0,0,0,0,0,0,0,0,0,0
412,C3D8,0.327085,0,0,0,0,0,0,0,0,0,0,0,0
413,C3D8,0.327085,0,0,0,0,0,0,0,0,0,0,0,0
414,C3D8,0.327085,0,0,0,0,0,0,0,0,0,0,0,0
415,C3D8,0.327086,0,0,0,0,0,0,0,0,0,0,0,0
416,C3D8,0.327085,0,0,0,0,0,0,0,0,0,0,0,0
417,C3D8,0.327085,0,0,0,0,0,0,0,0,0,0,0,0
418,C3D8,0.327085,0,0,0,0,0,0,0,0,0,0,0,0
419,C3D8,0.327086,0,0,0,0,0,0,0,0,0,0,0,0
420,C3D8,0.327084,0,0,0,0,0,0,0,0,0,0,0,0
421,C3D8,0.327088,0,0,0,0,0,0,0,0,0,0,0,0
422,C3D8,0.327085,0,0,0,0,0,0,0,0,0,0,0,0
423,C3D8,0.327085,0,0,0,0,0,0,0,0,0,0,0,0
424,C3D8,0.327085,0,0,0,0,0,0,0,0,0,0,0,0
425,C3D8,0.327086,0,0,0,0,0,0,0,0,0,0,0,0
426,C3D8,0.327085,0,0,0,0,0,0,0,0,0,0,0,0
427,C3D8,0.327086,0,0,0,0,0,0,0,0,0,0,0,0
428,C3D8,0.327085,0,0,0,0,0,0,0,0,0,0,0,0
429,C3D8,0.327086,0,0,0,0,0,0,0,0,0,0,0,0
430,C3D8,0.327085,0,0,0,0,0,0,0,0,0,0,0,0
431,C3D8,0.327086,0,0,0,0,0,0,0,0,0,0,0,0
432,C3D8,0.327085,0,0,0,0,0,0,0,0,0,0,0,0
433,C3D8,0.327086,0,0,0,0,0,0,0,0,0,0,0,0
434,C3D8,0.327085,0,0,0,0,0,0,0,0,0,0,0,0
435,C3D8,0.327086,0,0,0,0,0,0,0,0,0,0,0,0
436,C3D8,0.327085,0,0,0,0,0,0,0,0,0,0,0,0
437,C3D8,0.327086,0,0,0,0,0,0,0,0,0,0,0,0
438,C3D8,0.327085,0,0,0,0,0,0,0,0,0,0,0,0
439,C3D8,0.327086,0,0,0,0,0,0,0,0,0,0,0,0
440,C3D8,0.327085,0,0,0,0,0,0,0,0,0,0,0,0
441,C3D8,0.327085,0,0,0,0,0,0,0,0,0,0,0,0
442,C3D8,0.327086,0,0,0,0,0,0,0,0,0,0,0,0
443,C3D8,0.327085,0,0,0,0,0,0,0,0,0,0,0,0
444,C3D8,0.327085,0,0,0,0,0,0,0,0,0,0,0,0
445,C3D8,0.327086,0,0,0,0,0,0,0,0,0,0,0,0
446,C3D8,0.327085,0,0,0,0,0,0,0,0,0,0,0,0
447,C3D8,0.327085,0,0,0,0,0,0,0,0,0,0,0,0
448,C3D8,0.327085,0,0,0,0,0,0,0,0,0,0,0,0
449,C3D8,0.327086,0,0,0,0,0,0,0,0,0,0,0,0
450,C3D8,0.327085,0,0,0,0,0,0,0,0,0,0,0,0
451,C3D8,0.327085,0,0,0,0,0,0,0,0,0,0,0,0
452,C3D8,0.327085,0,0,0,0,0,0,0,0,0,0,0,0
453,C3D8,0.327086,0,0,0,0,0,0,0,0,0,0,0,0
454,C3D8,0.327085,0,0,0,0,0,0,0,0,0,0,0,0
455,C3D8,0.327085,0,0,0,0,0,0,0,0,0,0,0,0
456,C3D8,0.327085,0,0,0,0,0,0,0,0,0,0,0,0
457,C3D8,0.327086,0,0,0,0,0,0,0,0,0,0,0,0
458,C3D8,0.327085,0,0,0,0,0,0,0,0,0,0,0,0
459,C3D8,0.327085,0,0,0,0,0,0,0,0,0,0,0,0
460,C3D8,0.327086,0,0,0,0,0,0,0,0,0,0,0,0
461,C3D8,0.327085,0,0,0,0,0,0,0,0,0,0,0,0
462,C3D8,0.327085,0,0,0,0,0,0,0,0,0,0,0,0
463,C3D8,0.327085,0,0,0,0,0,0,0,0,0,0,0,0
464,C3D8,0.327086,0,0,0,0,0,0,0,0,0,0,0,0
465,C3D8,0.327085,0,0,0,0,0,0,0,0,0,0,0,0
466,C3D8,0.327085,0,0,0,0,0,0,0,0,0,0,0,0
467,C3D8,0.327085,0,0,0,0,0,0,0,0,0,0,0,0
468,C3D8,0.327086,0,0,0,0,0,0,0,0,0,0,0,0
469,C3D8,0.327085,0,0,0,0,0,0,0,0,0,0,0,0
470,C3D8,0.327085,0,0,0,0,0,0,0,0,0,0,0,0
471,C3D8,0.327085,0,0,0,0,0,0,0,0,0,0,0,0
472,C3D8,0.327086,0,0,0,0,0,0,0,0,0,0,0,0
473,C3D8,0.327084,0,0,0,0,0,0,0,0,0,0,0,0
474,C3D8,0.327088,0,0,0,0,0,0,0,0,0,0,0,0
475,C3D8,0.327085,0,0,0,0,0,0,0,0,0,0,0,0
476,C3D8,0.327085,0,0,0,0,0,0,0,0,0,0,0,0
477,C3D8,0.327085,0,0,0,0,0,0,0,0,0,0,0,0
478,C3D8,0.327085,0,0,0,0,0,0,0,0,0,0,0,0
479,C3D8,0.327085,0,0,0,0,0,0,0,0,0,0,0,0
480,C3D8,0.327085,0,0,0,0,0,0,0,0,0,0,0,0
481,C3D8,0.327085,0,0,0,0,0,0,0,0,0,0,0,0
482,C3D8,0.327085,0,0,0,0,0,0,0,0,0,0,0,0
483,C3D8,0.327085,0,0,0,0,0,0,0,0,0,0,0,0
484,C3D8,0.327085,0,0,0,0,0,0,0,0,0,0,0,0
485,C3D8,0.327085,0,0,0,0,0,0,0,0,0,0,0,0
486,C3D8,0.327085,0,0,0,0,0,0,0,0,0,0,0,0
487,C3D8,0.327085,0,0,0,0,0,0,0,0,0,0,0,0
488,C3D8,0.327085,0,0,0,0,0,0,0,0,0,0,0,0
489,C3D8,0.327085,0,0,0,0,0,0,0,0,0,0,0,0
490,C3D8,0.327085,0,0,0,0,0,0,0,0,0,0,0,0
491,C3D8,0.327085,0,0,0,0,0,0,0,0,0,0,0,0
492,C3D8,0.327085,0,0,0,0,0,0,0,0,0,0,0,0
493,C3D8,0.327085,0,0,0,0,0,0,0,0,0,0,0,0
494,C3D8,0.327085,0,0,0,0,0,0,0,0,0,0,0,0
495,C3D8,0.327086,0,0,0,0,0,0,0,0,0,0,0,0
496,C3D8,0.327085,0,0,0,0,0,0,0,0,0,0,0,0
497,C3D8,0.327085,0,0,0,0,0,0,0,0,0,0,0,0
498,C3D8,0.327086,0,0,0,0,0,0,0,0,0,0,0,0
499,C3D8,0.327085,0,0,0,0,0,0,0,0,0,0,0,0
500,C3D8,0.327085,0,0,0,0,0,0,0,0,0,0,0,0
501,C3D8,0.327085,0,0,0,0,0,0,0,0,0,0,0,0
502,C3D8,0.327086,0,0,0,0,0,0,0,0,0,0,0,0
503,C3D8,0.327085,0,0,0,0,0,0,0,0,0,0,0,0
504,C3D8,0.327085,0,0,0,0,0,0,0,0,0,0,0,0
505,C3D8,0.327085,0,0,0,0,0,0,0,0,0,0,0,0
506,C3D8,0.327086,0,0,0,0,0,0,0,0,0,0,0,0
507,C3D8,0.327085,0,0,0,0,0,0,0,0,0,0,0,0
508,C3D8,0.327085,0,0,0,0,0,0,0,0,0,0,0,0
509,C3D8,0.327085,0,0,0,0,0,0,0,0,0,0,0,0
510,C3D8,0.327086,0,0,0,0,0,0,0,0,0,0,0,0
511,C3D8,0.327085,0,0,0,0,0,0,0,0,0,0,0,0
512,C3D8,0.327085,0,0,0,0,0,0,0,0,0,0,0,0
513,C3D8,0.327086,0,0,0,0,0,0,0,0,0,0,0,0
514,C3D8,0.327085,0,0,0,0,0,0,0,0,0,0,0,0
515,C3D8,0.327085,0,0,0,0,0,0,0,0,0,0,0,0
516,C3D8,0.327085,0,0,0,0,0,0,0,0,0,0,0,0
517,C3D8,0.327086,0,0,0,0,0,0,0,0,0,0,0,0
518,C3D8,0.327085,0,0,0,0,0,0,0,0,0,0,0,0
519,C3D8,0.327085,0,0,0,0,0,0,0,0,0,0,0,0
520,C3D8,0.327085,0,0,0,0,0,0,0,0,0,0,0,0
521,C3D8,0.327086,0,0,0,0,0,0,0,0,0,0,0,0
522,C3D8,0.327085,0,0,0,0,0,0,0,0,0,0,0,0
523,C3D8,0.327085,0,0,0,0,0,0,0,0,0,0,0,0
524,C3D8,0.327085,0,0,0,0,0,0,0,0,0,0,0,0
525,C3D8,0.327086,0,0,0,0,0,0,0,0,0,0,0,0
526,C3D8,0.327084,0,0,0,0,0,0,0,0,0,0,0,0
527,C3D8,0.327087,0,0,0,0,0,0,0,0,0,0,0,0
528,C3D8,0.327085,0,0,0,0,0,0,0,0,0,0,0,0
529,C3D8,0.327085,0,0,0,0,0,0,0,0,0,0,0,0
530,C3D8,0.327085,0,0,0,0,0,0,0,0,0,0,0,0
531,C3D8,0.327086,0,0,0,0,0,0,0,0,0,0,0,0
532,C3D8,0.327085,0,0,0,0,0,0,0,0,0,0,0,0
533,C3D8,0.327086,0,0,0,0,0,0,0,0,0,0,0,0
534,C3D8,0.327085,0,0,0,0,0,0,0,0,0,0,0,0
535,C3D8,0.327086,0,0,0,0,0,0,0,0,0,0,0,0
536,C3D8,0.327085,0,0,0,0,0,0,0,0,0,0,0,0
537,C3D8,0.327086,0,0,0,0,0,0,0,0,0,0,0,0
538,C3D8,0.327085,0,0,0,0,0,0,0,0,0,0,0,0
539,C3D8,0.327086,0,0,0,0,0,0,0,0,0,0,0,0
540,C3D8,0.327085,0,0,0,0,0,0,0,0,0,0,0,0
541,C3D8,0.327086,0,0,0,0,0,0,0,0,0,0,0,0
542,C3D8,0.327085,0,0,0,0,0,0,0,0,0,0,0,0
543,C3D8,0.327086,0,0,0,0,0,0,0,0,0,0,0,0
544,C3D8,0.327085,0,0,0,0,0,0,0,0,0,0,0,0
545,C3D8,0.327086,0,0,0,0,0,0,0,0,0,0,0,0
546,C3D8,0.327085,0,0,0,0,0,0,0,0,0,0,0,0
547,C3D8,0.327085,0,0,0,0,0,0,0,0,0,0,0,0
548,C3D8,0.327086,0,0,0,0,0,0,0,0,0,0,0,0
549,C3D8,0.327085,0,0,0,0,0,0,0,0,0,0,0,0
550,C3D8,0.327085,0,0,0,0,0,0,0,0,0,0,0,0
551,C3D8,0.327086,0,0,0,0,0,0,0,0,0,0,0,0
552,C3D8,0.327085,0,0,0,0,0,0,0,0,0,0,0,0
553,C3D8,0.327085,0,0,0,0,0,0,0,0,0,0,0,0
554,C3D8,0.327085,0,0,0,0,0,0,0,0,0,0,0,0
555,C3D8,0.327086,0,0,0,0,0,0,0,0,0,0,0,0
556,C3D8,0.327085,0,0,0,0,0,0,0,0,0,0,0,0
557,C3D8,0.327085,0,0,0,0,0,0,0,0,0,0,0,0
558,C3D8,0.327085,0,0,0,0,0,0,0,0,0,0,0,0
559,C3D8,0.327086,0,0,0,0,0,0,0,0,0,0,0,0
560,C3D8,0.327085,0,0,0,0,0,0,0,0,0,0,0,0
561,C3D8,0.327085,0,0,0,0,0,0,0,0,0,0,0,0
562,C3D8,0.327085,0,0,0,0,0,0,0,0,0,0,0,0
563,C3D8,0.327086,0,0,0,0,0,0,0,0,0,0,0,0
564,C3D8,0.327085,0,0,0,0,0,0,0,0,0,0,0,0
565,C3D8,0.327085,0,0,0,0,0,0,0,0,0,0,0,0
566,C3D8,0.327086,0,0,0,0,0,0,0,0,0,0,0,0
567,C3D8,0.327085,0,0,0,0,0,0,0,0,0,0,0,0
568,C3D8,0.327085,0,0,0,0,0,0,0,0,0,0,0,0
569,C3D8,0.327085,0,0,0,0,0,0,0,0,0,0,0,0
570,C3D8,0.327086,0,0,0,0,0,0,0,0,0,0,0,0
571,C3D8,0.327085,0,0,0,0,0,0,0,0,0,0,0,0
572,C3D8,0.327085,0,0,0,0,0,0,0,0,0,0,0,0
573,C3D8,0.327085,0,0,0,0,0,0,0,0,0,0,0,0
574,C3D8,0.327086,0,0,0,0,0,0,0,0,0,0,0,0
575,C3D8,0.327085,0,0,0,0,0,0,0,0,0,0,0,0
576,C3D8,0.327085,0,0,0,0,0,0,0,0,0,0,0,0
577,C3D8,0.327085,0,0,0,0,0,0,0,0,0,0,0,0
578,C3D8,0.327086,0,0,0,0,0,0,0,0,0,0,0,0
579,C3D8,0.327084,0,0,0,0,0,0,0,0,0,0,0,0
580,C3D8,0.327088,0,0,0,0,0,0,0,0,0,0,0,0
581,C3D8,0.327085,0,0,0,0,0,0,0,0,0,0,0,0
582,C3D8,0.327085,0,0,0,0,0,0,0,0,0,0,0,0
583,C3D8,0.327085,0,0,0,0,0,0,0,0,0,0,0,0
584,C3D8,0.327086,0,0,0,0,0,0,0,0,0,0,0,0
585,C3D8,0.327085,0,0,0,0,0,0,0,0,0,0,0,0
586,C3D8,0.327086,0,0,0,0,0,0,0,0,0,0,0,0
587,C3D8,0.327085,0,0,0,0,0,0,0,0,0,0,0,0
588,C3D8,0.327086,0,0,0,0,0,0,0,0,0,0,0,0
589,C3D8,0.327085,0,0,0,0,0,0,0,0,0,0,0,0
590,C3D8,0.327086,0,0,0,0,0,0,0,0,0,0,0,0
591,C3D8,0.327085,0,0,0,0,0,0,0,0,0,0,0,0
592,C3D8,0.327086,0,0,0,0,0,0,0,0,0,0,0,0
593,C3D8,0.327085,0,0,0,0,0,0,0,0,0,0,0,0
594,C3D8,0.327086,0,0,0,0,0,0,0,0,0,0,0,0
595,C3D8,0.327085,0,0,0,0,0,0,0,0,0,0,0,0
596,C3D8,0.327086,0,0,0,0,0,0,0,0,0,0,0,0
597,C3D8,0.327085,0,0,0,0,0,0,0,0,0,0,0,0
598,C3D8,0.327086,0,0,0,0,0,0,0,0,0,0,0,0
599,C3D8,0.327085,0,0,0,0,0,0,0,0,0,0,0,0
600,C3D8,0.327085,0,0,0,0,0,0,0,0,0,0,0,0
601,C3D8,0.327086,0,0,0,0,0,0,0,0,0,0,0,0
602,C3D8,0.327085,0,0,0,0,0,0,0,0,0,0,0,0
603,C3D8,0.327085,0,0,0,0,0,0,0,0,0,0,0,0
604,C3D8,0.327086,0,0,0,0,0,0,0,0,0,0,0,0
605,C3D8,0.327085,0,0,0,0,0,0,0,0,0,0,0,0
606,C3D8,0.327085,0,0,0,0,0,0,0,0,0,0,0,0
607,C3D8,0.327085,0,0,0,0,0,0,0,0,0,0,0,0
608,C3D8,0.327086,0,0,0,0,0,0,0,0,0,0,0,0
609,C3D8,0.327085,0,0,0,0,0,0,0,0,0,0,0,0
610,C3D8,0.327085,0,0,0,0,0,0,0,0,0,0,0,0
611,C3D8,0.327085,0,0,0,0,0,0,0,0,0,0,0,0
612,C3D8,0.327086,0,0,0,0,0,0,0,0,0,0,0,0
613,C3D8,0.327085,0,0,0,0,0,0,0,0,0,0,0,0
614,C3D8,0.327085,0,0,0,0,0,0,0,0,0,0,0,0
615,C3D8,0.327085,0,0,0,0,0,0,0,0,0,0,0,0
616,C3D8,0.327086,0,0,0,0,0,0,0,0,0,0,0,0
617,C3D8,0.327085,0,0,0,0,0,0,0,0,0,0,0,0
618,C3D8,0.327085,0,0,0,0,0,0,0,0,0,0,0,0
619,C3D8,0.327086,0,0,0,0,0,0,0,0,0,0,0,0
620,C3D8,0.327085,0,0,0,0,0,0,0,0,0,0,0,0
621,C3D8,0.327085,0,0,0,0,0,0,0,0,0,0,0,0
622,C3D8,0.327085,0,0,0,0,0,0,0,0,0,0,0,0
623,C3D8,0.327086,0,0,0,0,0,0,0,0,0,0,0,0
624,C3D8,0.327085,0,0,0,0,0,0,0,0,0,0,0,0
625,C3D8,0.327085,0,0,0,0,0,0,0,0,0,0,0,0
626,C3D8,0.327085,0,0,0,0,0,0,0,0,0,0,0,0
627,C3D8,0.327086,0,0,0,0,0,0,0,0,0,0,0,0
628,C3D8,0.327085,0,0,0,0,0,0,0,0,0,0,0,0
629,C3D8,0.327085,0,0,0,0,0,0,0,0,0,0,0,0
630,C3D8,0.327085,0,0,0,0,0,0,0,0,0,0,0,0
631,C3D8,0.327086,0,0,0,0,0,0,0,0,0,0,0,0
632,C3D8,0.327084,0,0,0,0,0,0,0,0,0,0,0,0
633,C3D8,0.327088,0,0,0,0,0,0,0,0,0,0,0,0
634,C3D8,0.327085,0,0,0,0,0,0,0,0,0,0,0,0
635,C3D8,0.327085,0,0,0,0,0,0,0,0,0,0,0,0
636,C3D8,0.327085,0,0,0,0,0,0,0,0,0,0,0,0
637,C3D8,0.327086,0,0,0,0,0,0,0,0,0,0,0,0
638,C3D8,0.327085,0,0,0,0,0,0,0,0,0,0,0,0
639,C3D8,0.327086,0,0,0,0,0,0,0,0,0,0,0,0
640,C3D8,0.327085,0,0,0,0,0,0,0,0,0,0,0,0
641,C3D8,0.327086,0,0,0,0,0,0,0,0,0,0,0,0
642,C3D8,0.327085,0,0,0,0,0,0,0,0,0,0,0,0
643,C3D8,0.327086,0,0,0,0,0,0,0,0,0,0,0,0
644,C3D8,0.327085,0,0,0,0,0,0,0,0,0,0,0,0
645,C3D8,0.327086,0,0,0,0,0,0,0,0,0,0,0,0
646,C3D8,0.327085,0,0,0,0,0,0,0,0,0,0,0,0
647,C3D8,0.327086,0,0,0,0,0,0,0,0,0,0,0,0
648,C3D8,0.327085,0,0,0,0,0,0,0,0,0,0,0,0
649,C3D8,0.327086,0,0,0,0,0,0,0,0,0,0,0,0
650,C3D8,0.327085,0,0,0,0,0,0,0,0,0,0,0,0
651,C3D8,0.327086,0,0,0,0,0,0,0,0,0,0,0,0
652,C3D8,0.327085,0,0,0,0,0,0,0,0,0,0,0,0
653,C3D8,0.327085,0,0,0,0,0,0,0,0,0,0,0,0
654,C3D8,0.327086,0,0,0,0,0,0,0,0,0,0,0,0
655,C3D8,0.327085,0,0,0,0,0,0,0,0,0,0,0,0
656,C3D8,0.327085,0,0,0,0,0,0,0,0,0,0,0,0
657,C3D8,0.327086,0,0,0,0,0,0,0,0,0,0,0,0
658,C3D8,0.327085,0,0,0,0,0,0,0,0,0,0,0,0
659,C3D8,0.327085,0,0,0,0,0,0,0,0,0,0,0,0
660,C3D8,0.327085,0,0,0,0,0,0,0,0,0,0,0,0
661,C3D8,0.327086,0,0,0,0,0,0,0,0,0,0,0,0
662,C3D8,0.327085,0,0,0,0,0,0,0,0,0,0,0,0
663,C3D8,0.327085,0,0,0,0,0,0,0,0,0,0,0,0
664,C3D8,0.327085,0,0,0,0,0,0,0,0,0,0,0,0
665,C3D8,0.327086,0,0,0,0,0,0,0,0,0,0,0,0
666,C3D8,0.327085,0,0,0,0,0,0,0,0,0,0,0,0
667,C3D8,0.327085,0,0,0,0,0,0,0,0,0,0,0,0
668,C3D8,0.327085,0,0,0,0,0,0,0,0,0,0,0,0
669,C3D8,0.327086,0,0,0,0,0,0,0,0,0,0,0,0
670,C3D8,0.327085,0,0,0,0,0,0,0,0,0,0,0,0
671,C3D8,0.327085,0,0,0,0,0,0,0,0,0,0,0,0
672,C3D8,0.327086,0,0,0,0,0,0,0,0,0,0,0,0
673,C3D8,0.327085,0,0,0,0,0,0,0,0,0,0,0,0
674,C3D8,0.327085,0,0,0,0,0,0,0,0,0,0,0,0
675,C3D8,0.327085,0,0,0,0,0,0,0,0,0,0,0,0
676,C3D8,0.327086,0,0,0,0,0,0,0,0,0,0,0,0
677,C3D8,0.327085,0,0,0,0,0,0,0,0,0,0,0,0
678,C3D8,0.327085,0,0,0,0,0,0,0,0,0,0,0,0
679,C3D8,0.327085,0,0,0,0,0,0,0,0,0,0,0,0
680,C3D8,0.327086,0,0,0,0,0,0,0,0,0,0,0,0
681,C3D8,0.327085,0,0,0,0,0,0,0,0,0,0,0,0
682,C3D8,0.327085,0,0,0,0,0,0,0,0,0,0,0,0
683,C3D8,0.327085,0,0,0,0,0,0,0,0,0,0,0,0
684,C3D8,0.327086,0,0,0,0,0,0,0,0,0,0,0,0
685,C3D8,0.327084,0,0,0,0,0,0,0,0,0,0,0,0
686,C3D8,0.327088,0,0,0,0,0,0,0,0,0,0,0,0
687,C3D8,0.327085,0,0,0,0,0,0,0,0,0,0,0,0
688,C3D8,0.327085,0,0,0,0,0,0,0,0,0,0,0,0
689,C3D8,0.327085,0,0,0,0,0,0,0,0,0,0,0,0
690,C3D8,0.327085,0,0,0,0,0,0,0,0,0,0,0,0
691,C3D8,0.327085,0,0,0,0,0,0,0,0,0,0,0,0
692,C3D8,0.327085,0,0,0,0,0,0,0,0,0,0,0,0
693,C3D8,0.327085,0,0,0,0,0,0,0,0,0,0,0,0
694,C3D8,0.327085,0,0,0,0,0,0,0,0,0,0,0,0
695,C3D8,0.327085,0,0,0,0,0,0,0,0,0,0,0,0
696,C3D8,0.327085,0,0,0,0,0,0,0,0,0,0,0,0
697,C3D8,0.327085,0,0,0,0,0,0,0,0,0,0,0,0
698,C3D8,0.327085,0,0,0,0,0,0,0,0,0,0,0,0
699,C3D8,0.327085,0,0,0,0,0,0,0,0,0,0,0,0
700,C3D8,0.327085,0,0,0,0,0,0,0,0,0,0,0,0
701,C3D8,0.327085,0,0,0,0,0,0,0,0,0,0,0,0
702,C3D8,0.327085,0,0,0,0,0,0,0,0,0,0,0,0
703,C3D8,0.327085,0,0,0,0,0,0,0,0,0,0,0,0
704,C3D8,0.327085,0,0,0,0,0,0,0,0,0,0,0,0
705,C3D8,0.327085,0,0,0,0,0,0,0,0,0,0,0,0
706,C3D8,0.327085,0,0,0,0,0,0,0,0,0,0,0,0
707,C3D8,0.327086,0,0,0,0,0,0,0,0,0,0,0,0
708,C3D8,0.327085,0,0,0,0,0,0,0,0,0,0,0,0
709,C3D8,0.327085,0,0,0,0,0,0,0,0,0,0,0,0
710,C3D8,0.327086,0,0,0,0,0,0,0,0,0,0,0,0
711,C3D8,0.327085,0,0,0,0,0,0,0,0,0,0,0,0
712,C3D8,0.327085,0,0,0,0,0,0,0,0,0,0,0,0
713,C3D8,0.327085,0,0,0,0,0,0,0,0,0,0,0,0
714,C3D8,0.327086,0,0,0,0,0,0,0,0,0,0,0,0
715,C3D8,0.327085,0,0,0,0,0,0,0,0,0,0,0,0
716,C3D8,0.327085,0,0,0,0,0,0,0,0,0,0,0,0
717,C3D8,0.327085,0,0,0,0,0,0,0,0,0,0,0,0
718,C3D8,0.327086,0,0,0,0,0,0,0,0,0,0,0,0
719,C3D8,0.327085,0,0,0,0,0,0,0,0,0,0,0,0
720,C3D8,0.327085,0,0,0,0,0,0,0,0,0,0,0,0
721,C3D8,0.327085,0,0,0,0,0,0,0,0,0,0,0,0
722,C3D8,0.327086,0,0,0,0,0,0,0,0,0,0,0,0
723,C3D8,0.327085,0,0,0,0,0,0,0,0,0,0,0,0
724,C3D8,0.327085,0,0,0,0,0,0,0,0,0,0,0,0
725,C3D8,0.327086,0,0,0,0,0,0,0,0,0,0,0,0
726,C3D8,0.327085,0,0,0,0,0,0,0,0,0,0,0,0
727,C3D8,0.327085,0,0,0,0,0,0,0,0,0,0,0,0
728,C3D8,0.327085,0,0,0,0,0,0,0,0,0,0,0,0
729,C3D8,0.327086,0,0,0,0,0,0,0,0,0,0,0,0
730,C3D8,0.327085,0,0,0,0,0,0,0,0,0,0,0,0
731,C3D8,0.327085,0,0,0,0,0,0,0,0,0,0,0,0
732,C3D8,0.327085,0,0,0,0,0,0,0,0,0,0,0,0
733,C3D8,0.327086,0,0,0,0,0,0,0,0,0,0,0,0
734,C3D8,0.327085,0,0,0,0,0,0,0,0,0,0,0,0
735,C3D8,0.327085,0,0,0,0,0,0,0,0,0,0,0,0
736,C3D8,0.327085,0,0,0,0,0,0,0,0,0,0,0,0
737,C3D8,0.327086,0,0,0,0,0,0,0,0,0,0,0,0
738,C3D8,0.327084,0,0,0,0,0,0,0,0,0,0,0,0
739,C3D8,0.327087,0,0,0,0,0,0,0,0,0,0,0,0
740,C3D8,0.327085,0,0,0,0,0,0,0,0,0,0,0,0
741,C3D8,0.327085,0,0,0,0,0,0,0,0,0,0,0,0
742,C3D8,0.327085,0,0,0,0,0,0,0,0,0,0,0,0
743,C3D8,0.327086,0,0,0,0,0,0,0,0,0,0,0,0
744,C3D8,0.327085,0,0,0,0,0,0,0,0,0,0,0,0
745,C3D8,0.327086,0,0,0,0,0,0,0,0,0,0,0,0
746,C3D8,0.327085,0,0,0,0,0,0,0,0,0,0,0,0
747,C3D8,0.327086,0,0,0,0,0,0,0,0,0,0,0,0
748,C3D8,0.327085,0,0,0,0,0,0,0,0,0,0,0,0
749,C3D8,0.327086,0,0,0,0,0,0,0,0,0,0,0,0
750,C3D8,0.327085,0,0,0,0,0,0,0,0,0,0,0,0
751,C3D8,0.327086,0,0,0,0,0,0,0,0,0,0,0,0
752,C3D8,0.327085,0,0,0,0,0,0,0,0,0,0,0,0
753,C3D8,0.327086,0,0,0,0,0,0,0,0,0,0,0,0
754,C3D8,0.327085,0,0,0,0,0,0,0,0,0,0,0,0
755,C3D8,0.327086,0,0,0,0,0,0,0,0,0,0,0,0
756,C3D8,0.327085,0,0,0,0,0,0,0,0,0,0,0,0
757,C3D8,0.327086,0,0,0,0,0,0,0,0,0,0,0,0
758,C3D8,0.327085,0,0,0,0,0,0,0,0,0,0,0,0
759,C3D8,0.327085,0,0,0,0,0,0,0,0,0,0,0,0
760,C3D8,0.327086,0,0,0,0,0,0,0,0,0,0,0,0
761,C3D8,0.327085,0,0,0,0,0,0,0,0,0,0,0,0
762,C3D8,0.327085,0,0,0,0,0,0,0,0,0,0,0,0
763,C3D8,0.327086,0,0,0,0,0,0,0,0,0,0,0,0
764,C3D8,0.327085,0,0,0,0,0,0,0,0,0,0,0,0
765,C3D8,0.327085,0,0,0,0,0,0,0,0,0,0,0,0
766,C3D8,0.327085,0,0,0,0,0,0,0,0,0,0,0,0
767,C3D8,0.327086,0,0,0,0,0,0,0,0,0,0,0,0
768,C3D8,0.327085,0,0,0,0,0,0,0,0,0,0,0,0
769,C3D8,0.327085,0,0,0,0,0,0,0,0,0,0,0,0
770,C3D8,0.327085,0,0,0,0,0,0,0,0,0,0,0,0
771,C3D8,0.327086,0,0,0,0,0,0,0,0,0,0,0,0
772,C3D8,0.327085,0,0,0,0,0,0,0,0,0,0,0,0
773,C3D8,0.327085,0,0,0,0,0,0,0,0,0,0,0,0
774,C3D8,0.327085,0,0,0,0,0,0,0,0,0,0,0,0
775,C3D8,0.327086,0,0,0,0,0,0,0,0,0,0,0,0
776,C3D8,0.327085,0,0,0,0,0,0,0,0,0,0,0,0
777,C3D8,0.327085,0,0,0,0,0,0,0,0,0,0,0,0
778,C3D8,0.327086,0,0,0,0,0,0,0,0,0,0,0,0
779,C3D8,0.327085,0,0,0,0,0,0,0,0,0,0,0,0
780,C3D8,0.327085,0,0,0,0,0,0,0,0,0,0,0,0
781,C3D8,0.327085,0,0,0,0,0,0,0,0,0,0,0,0
782,C3D8,0.327086,0,0,0,0,0,0,0,0,0,0,0,0
783,C3D8,0.327085,0,0,0,0,0,0,0,0,0,0,0,0
784,C3D8,0.327085,0,0,0,0,0,0,0,0,0,0,0,0
785,C3D8,0.327085,0,0,0,0,0,0,0,0,0,0,0,0
786,C3D8,0.327086,0,0,0,0,0,0,0,0,0,0,0,0
787,C3D8,0.327085,0,0,0,0,0,0,0,0,0,0,0,0
788,C3D8,0.327085,0,0,0,0,0,0,0,0,0,0,0,0
789,C3D8,0.327085,0,0,0,0,0,0,0,0,0,0,0,0
790,C3D8,0.327086,0,0,0,0,0,0,0,0,0,0,0,0
791,C3D8,0.327084,0,0,0,0,0,0,0,0,0,0,0,0
792,C3D8,0.327088,0,0,0,0,0,0,0,0,0,0,0,0
793,C3D8,0.327085,0,0,0,0,0,0,0,0,0,0,0,0
794,C3D8,0.327085,0,0,0,0,0,0,0,0,0,0,0,0
795,C3D8,0.327085,0,0,0,0,0,0,0,0,0,0,0,0
796,C3D8,0.327085,0,0,0,0,0,0,0,0,0,0,0,0
797,C3D8,0.327085,0,0,0,0,0,0,0,0,0,0,0,0
798,C3D8,0.327085,0,0,0,0,0,0,0,0,0,0,0,0
799,C3D8,0.327085,0,0,0,0,0,0,0,0,0,0,0,0
800,C3D8,0.327085,0,0,0,0,0,0,0,0,0,0,0,0
801,C3D8,0.327085,0,0,0,0,0,0,0,0,0,0,0,0
802,C3D8,0.327085,0,0,0,0,0,0,0,0,0,0,0,0
803,C3D8,0.327085,0,0,0,0,0,0,0,0,0,0,0,0
804,C3D8,0.327085,0,0,0,0,0,0,0,0,0,0,0,0
805,C3D8,0.327085,0,0,0,0,0,0,0,0,0,0,0,0
806,C3D8,0.327085,0,0,0,0,0,0,0,0,0,0,0,0
807,C3D8,0.327085,0,0,0,0,0,0,0,0,0,0,0,0
808,C3D8,0.327085,0,0,0,0,0,0,0,0,0,0,0,0
809,C3D8,0.327085,0,0,0,0,0,0,0,0,0,0,0,0
810,C3D8,0.327085,0,0,0,0,0,0,0,0,0,0,0,0
811,C3D8,0.327085,0,0,0,0,0,0,0,0,0,0,0,0
812,C3D8,0.327085,0,0,0,0,0,0,0,0,0,0,0,0
813,C3D8,0.327086,0,0,0,0,0,0,0,0,0,0,0,0
814,C3D8,0.327085,0,0,0,0,0,0,0,0,0,0,0,0
815,C3D8,0.327085,0,0,0,0,0,0,0,0,0,0,0,0
816,C3D8,0.327086,0,0,0,0,0,0,0,0,0,0,0,0
817,C3D8,0.327085,0,0,0,0,0,0,0,0,0,0,0,0
818,C3D8,0.327085,0,0,0,0,0,0,0,0,0,0,0,0
819,C3D8,0.327085,0,0,0,0,0,0,0,0,0,0,0,0
820,C3D8,0.327086,0,0,0,0,0,0,0,0,0,0,0,0
821,C3D8,0.327085,0,0,0,0,0,0,0,0,0,0,0,0
822,C3D8,0.327085,0,0,0,0,0,0,0,0,0,0,0,0
823,C3D8,0.327085,0,0,0,0,0,0,0,0,0,0,0,0
824,C3D8,0.327086,0,0,0,0,0,0,0,0,0,0,0,0
825,C3D8,0.327085,0,0,0,0,0,0,0,0,0,0,0,0
826,C3D8,0.327085,0,0,0,0,0,0,0,0,0,0,0,0
827,C3D8,0.327085,0,0,0,0,0,0,0,0,0,0,0,0
828,C3D8,0.327086,0,0,0,0,0,0,0,0,0,0,0,0
829,C3D8,0.327085,0,0,0,0,0,0,0,0,0,0,0,0
830,C3D8,0.327085,0,0,0,0,0,0,0,0,0,0,0,0
831,C3D8,0.327086,0,0,0,0,0,0,0,0,0,0,0,0
832,C3D8,0.327085,0,0,0,0,0,0,0,0,0,0,0,0
833,C3D8,0.327085,0,0,0,0,0,0,0,0,0,0,0,0
834,C3D8,0.327085,0,0,0,0,0,0,0,0,0,0,0,0
835,C3D8,0.327086,0,0,0,0,0,0,0,0,0,0,0,0
836,C3D8,0.327085,0,0,0,0,0,0,0,0,0,0,0,0
837,C3D8,0.327085,0,0,0,0,0,0,0,0,0,0,0,0
838,C3D8,0.327085,0,0,0,0,0,0,0,0,0,0,0,0
839,C3D8,0.327086,0,0,0,0,0,0,0,0,0,0,0,0
840,C3D8,0.327085,0,0,0,0,0,0,0,0,0,0,0,0
841,C3D8,0.327085,0,0,0,0,0,0,0,0,0,0,0,0
842,C3D8,0.327085,0,0,0,0,0,0,0,0,0,0,0,0
843,C3D8,0.327086,0,0,0,0,0,0,0,0,0,0,0,0
844,C3D8,0.327084,0,0,0,0,0,0,0,0,0,0,0,0
845,C3D8,0.327087,0,0,0,0,0,0,0,0,0,0,0,0
846,C3D8,0.327085,0,0,0,0,0,0,0,0,0,0,0,0
847,C3D8,0.327085,0,0,0,0,0,0,0,0,0,0,0,0
848,C3D8,0.327085,0,0,0,0,0,0,0,0,0,0,0,0
849,C3D8,0.327086,0,0,0,0,0,0,0,0,0,0,0,0
850,C3D8,0.327085,0,0,0,0,0,0,0,0,0,0,0,0
851,C3D8,0.327086,0,0,0,0,0,0,0,0,0,0,0,0
852,C3D8,0.327085,0,0,0,0,0,0,0,0,0,0,0,0
853,C3D8,0.327086,0,0,0,0,0,0,0,0,0,0,0,0
854,C3D8,0.327085,0,0,0,0,0,0,0,0,0,0,0,0
855,C3D8,0.327086,0,0,0,0,0,0,0,0,0,0,0,0
856,C3D8,0.327085,0,0,0,0,0,0,0,0,0,0,0,0
857,C3D8,0.327086,0,0,0,0,0,0,0,0,0,0,0,0
858,C3D8,0.327085,0,0,0,0,0,0,0,0,0,0,0,0
859,C3D8,0.327086,0,0,0,0,0,0,0,0,0,0,0,0
860,C3D8,0.327085,0,0,0,0,0,0,0,0,0,0,0,0
861,C3D8,0.327086,0,0,0,0,0,0,0,0,0,0,0,0
862,C3D8,0.327085,0,0,0,0,0,0,0,0,0,0,0,0
863,C3D8,0.327086,0,0,0,0,0,0,0,0,0,0,0,0
864,C3D8,0.327085,0,0,0,0,0,0,0,0,0,0,0,0
865,C3D8,0.327085,0,0,0,0,0,0,0,0,0,0,0,0
866,C3D8,0.327087,0,0,0,0,0,0,0,0,0,0,0,0
867,C3D8,0.327085,0,0,0,0,0,0,0,0,0,0,0,0
868,C3D8,0.327085,0,0,0,0,0,0,0,0,0,0,0,0
869,C3D8,0.327087,0,0,0,0,0,0,0,0,0,0,0,0
870,C3D8,0.327085,0,0,0,0,0,0,0,0,0,0,0,0
871,C3D8,0.327085,0,0,0,0,0,0,0,0,0,0,0,0
872,C3D8,0.327085,0,0,0,0,0,0,0,0,0,0,0,0
873,C3D8,0.327087,0,0,0,0,0,0,0,0,0,0,0,0
874,C3D8,0.327085,0,0,0,0,0,0,0,0,0,0,0,0
875,C3D8,0.327085,0,0,0,0,0,0,0,0,0,0,0,0
876,C3D8,0.327085,0,0,0,0,0,0,0,0,0,0,0,0
877,C3D8,0.327087,0,0,0,0,0,0,0,0,0,0,0,0
878,C3D8,0.327085,0,0,0,0,0,0,0,0,0,0,0,0
879,C3D8,0.327085,0,0,0,0,0,0,0,0,0,0,0,0
880,C3D8,0.327085,0,0,0,0,0,0,0,0,0,0,0,0
881,C3D8,0.327087,0,0,0,0,0,0,0,0,0,0,0,0
882,C3D8,0.327085,0,0,0,0,0,0,0,0,0,0,0,0
883,C3D8,0.327085,0,0,0,0,0,0,0,0,0,0,0,0
884,C3D8,0.327087,0,0,0,0,0,0,0,0,0,0,0,0
885,C3D8,0.327085,0,0,0,0,0,0,0,0,0,0,0,0
886,C3D8,0.327085,0,0,0,0,0,0,0,0,0,0,0,0
887,C3D8,0.327085,0,0,0,0,0,0,0,0,0,0,0,0
888,C3D8,0.327087,0,0,0,0,0,0,0,0,0,0,0,0
889,C3D8,0.327085,0,0,0,0,0,0,0,0,0,0,0,0
890,C3D8,0.327085,0,0,0,0,0,0,0,0,0,0,0,0
891,C3D8,0.327085,0,0,0,0,0,0,0,0,0,0,0,0
892,C3D8,0.327087,0,0,0,0,0,0,0,0,0,0,0,0
893,C3D8,0.327085,0,0,0,0,0,0,0,0,0,0,0,0
894,C3D8,0.327085,0,0,0,0,0,0,0,0,0,0,0,0
895,C3D8,0.327085,0,0,0,0,0,0,0,0,0,0,0,0
896,C3D8,0.327087,0,0,0,0,0,0,0,0,0,0,0,0
897,C3D8,0.327084,0,0,0,0,0,0,0,0,0,0,0,0
898,C3D8,0.327088,0,0,0,0,0,0,0,0,0,0,0,0
899,C3D8,0.327085,0,0,0,0,0,0,0,0,0,0,0,0
900,C3D8,0.327085,0,0,0,0,0,0,0,0,0,0,0,0
901,C3D8,0.327085,0,0,0,0,0,0,0,0,0,0,0,0
902,C3D8,0.327085,0,0,0,0,0,0,0,0,0,0,0,0
903,C3D8,0.327085,0,0,0,0,0,0,0,0,0,0,0,0
904,C3D8,0.327085,0,0,0,0,0,0,0,0,0,0,0,0
905,C3D8,0.327085,0,0,0,0,0,0,0,0,0,0,0,0
906,C3D8,0.327085,0,0,0,0,0,0,0,0,0,0,0,0
907,C3D8,0.327085,0,0,0,0,0,0,0,0,0,0,0,0
908,C3D8,0.327085,0,0,0,0,0,0,0,0,0,0,0,0
909,C3D8,0.327085,0,0,0,0,0,0,0,0,0,0,0,0
910,C3D8,0.327085,0,0,0,0,0,0,0,0,0,0,0,0
911,C3D8,0.327085,0,0,0,0,0,0,0,0,0,0,0,0
912,C3D8,0.327085,0,0,0,0,0,0,0,0,0,0,0,0
913,C3D8,0.327085,0,0,0,0,0,0,0,0,0,0,0,0
914,C3D8,0.327085,0,0,0,0,0,0,0,0,0,0,0,0
915,C3D8,0.327085,0,0,0,0,0,0,0,0,0,0,0,0
916,C3D8,0.327085,0,0,0,0,0,0,0,0,0,0,0,0
917,C3D8,0.327085,0,0,0,0,0,0,0,0,0,0,0,0
918,C3D8,0.327085,0,0,0,0,0,0,0,0,0,0,0,0
919,C3D8,0.327086,0,0,0,0,0,0,0,0,0,0,0,0
920,C3D8,0.327085,0,0,0,0,0,0,0,0,0,0,0,0
921,C3D8,0.327085,0,0,0,0,0,0,0,0,0,0,0,0
922,C3D8,0.327086,0,0,0,0,0,0,0,0,0,0,0,0
923,C3D8,0.327085,0,0,0,0,0,0,0,0,0,0,0,0
924,C3D8,0.327085,0,0,0,0,0,0,0,0,0,0,0,0
925,C3D8,0.327085,0,0,0,0,0,0,0,0,0,0,0,0
926,C3D8,0.327086,0,0,0,0,0,0,0,0,0,0,0,0
927,C3D8,0.327085,0,0,0,0,0,0,0,0,0,0,0,0
928,C3D8,0.327085,0,0,0,0,0,0,0,0,0,0,0,0
929,C3D8,0.327085,0,0,0,0,0,0,0,0,0,0,0,0
930,C3D8,0.327086,0,0,0,0,0,0,0,0,0,0,0,0
931,C3D8,0.327085,0,0,0,0,0,0,0,0,0,0,0,0
932,C3D8,0.327085,0,0,0,0,0,0,0,0,0,0,0,0
933,C3D8,0.327085,0,0,0,0,0,0,0,0,0,0,0,0
934,C3D8,0.327086,0,0,0,0,0,0,0,0,0,0,0,0
935,C3D8,0.327085,0,0,0,0,0,0,0,0,0,0,0,0
936,C3D8,0.327085,0,0,0,0,0,0,0,0,0,0,0,0
937,C3D8,0.327086,0,0,0,0,0,0,0,0,0,0,0,0
938,C3D8,0.327085,0,0,0,0,0,0,0,0,0,0,0,0
939,C3D8,0.327085,0,0,0,0,0,0,0,0,0,0,0,0
940,C3D8,0.327085,0,0,0,0,0,0,0,0,0,0,0,0
941,C3D8,0.327086,0,0,0,0,0,0,0,0,0,0,0,0
942,C3D8,0.327085,0,0,0,0,0,0,0,0,0,0,0,0
943,C3D8,0.327085,0,0,0,0,0,0,0,0,0,0,0,0
944,C3D8,0.327085,0,0,0,0,0,0,0,0,0,0,0,0
945,C3D8,0.327086,0,0,0,0,0,0,0,0,0,0,0,0
946,C3D8,0.327085,0,0,0,0,0,0,0,0,0,0,0,0
947,C3D8,0.327085,0,0,0,0,0,0,0,0,0,0,0,0
948,C3D8,0.327085,0,0,0,0,0,0,0,0,0,0,0,0
949,C3D8,0.327086,0,0,0,0,0,0,0,0,0,0,0,0
950,C3D8,0.327084,0,0,0,0,0,0,0,0,0,0,0,0
951,C3D8,0.327087,0,0,0,0,0,0,0,0,0,0,0,0
952,C3D8,0.327085,0,0,0,0,0,0,0,0,0,0,0,0
953,C3D8,0.327085,0,0,0,0,0,0,0,0,0,0,0,0
954,C3D8,0.327085,0,0,0,0,0,0,0,0,0,0,0,0
955,C3D8,0.327085,0,0,0,0,0,0,0,0,0,0,0,0
956,C3D8,0.327085,0,0,0,0,0,0,0,0,0,0,0,0
957,C3D8,0.327085,0,0,0,0,0,0,0,0,0,0,0,0
958,C3D8,0.327085,0,0,0,0,0,0,0,0,0,0,0,0
959,C3D8,0.327085,0,0,0,0,0,0,0,0,0,0,0,0
960,C3D8,0.327085,0,0,0,0,0,0,0,0,0,0,0,0
961,C3D8,0.327085,0,0,0,0,0,0,0,0,0,0,0,0
962,C3D8,0.327085,0,0,0,0,0,0,0,0,0,0,0,0
963,C3D8,0.327085,0,0,0,0,0,0,0,0,0,0,0,0
964,C3D8,0.327085,0,0,0,0,0,0,0,0,0,0,0,0
965,C3D8,0.327085,0,0,0,0,0,0,0,0,0,0,0,0
966,C3D8,0.327085,0,0,0,0,0,0,0,0,0,0,0,0
967,C3D8,0.327085,0,0,0,0,0,0,0,0,0,0,0,0
968,C3D8,0.327085,0,0,0,0,0,0,0,0,0,0,0,0
969,C3D8,0.327085,0,0,0,0,0,0,0,0,0,0,0,0
970,C3D8,0.327085,0,0,0,0,0,0,0,0,0,0,0,0
971,C3D8,0.327085,0,0,0,0,0,0,0,0,0,0,0,0
972,C3D8,0.327086,0,0,0,0,0,0,0,0,0,0,0,0
973,C3D8,0.327085,0,0,0,0,0,0,0,0,0,0,0,0
974,C3D8,0.327085,0,0,0,0,0,0,0,0,0,0,0,0
975,C3D8,0.327086,0,0,0,0,0,0,0,0,0,0,0,0
976,C3D8,0.327085,0,0,0,0,0,0,0,0,0,0,0,0
977,C3D8,0.327085,0,0,0,0,0,0,0,0,0,0,0,0
978,C3D8,0.327085,0,0,0,0,0,0,0,0,0,0,0,0
979,C3D8,0.327086,0,0,0,0,0,0,0,0,0,0,0,0
980,C3D8,0.327085,0,0,0,0,0,0,0,0,0,0,0,0
981,C3D8,0.327085,0,0,0,0,0,0,0,0,0,0,0,0
982,C3D8,0.327085,0,0,0,0,0,0,0,0,0,0,0,0
983,C3D8,0.327086,0,0,0,0,0,0,0,0,0,0,0,0
984,C3D8,0.327085,0,0,0,0,0,0,0,0,0,0,0,0
985,C3D8,0.327085,0,0,0,0,0,0,0,0,0,0,0,0
986,C3D8,0.327085,0,0,0,0,0,0,0,0,0,0,0,0
987,C3D8,0.327086,0,0,0,0,0,0,0,0,0,0,0,0
988,C3D8,0.327085,0,0,0,0,0,0,0,0,0,0,0,0
989,C3D8,0.327085,0,0,0,0,0,0,0,0,0,0,0,0
990,C3D8,0.327086,0,0,0,0,0,0,0,0,0,0,0,0
991,C3D8,0.327085,0,0,0,0,0,0,0,0,0,0,0,0
992,C3D8,0.327085,0,0,0,0,0,0,0,0,0,0,0,0
993,C3D8,0.327085,0,0,0,0,0,0,0,0,0,0,0,0
994,C3D8,0.327086,0,0,0,0,0,0,0,0,0,0,0,0
995,C3D8,0.327085,0,0,0,0,0,0,0,0,0,0,0,0
996,C3D8,0.327085,0,0,0,0,0,0,0,0,0,0,0,0
997,C3D8,0.327085,0,0,0,0,0,0,0,0,0,0,0,0
998,C3D8,0.327086,0,0,0,0,0,0,0,0,0,0,0,0
999,C3D8,0.327085,0,0,0,0,0,0,0,0,0,0,0,0
1000,C3D8,0.327085,0,0,0,0,0,0,0,0,0,0,0,0
1001,C3D8,0.327085,0,0,0,0,0,0,0,0,0,0,0,0
1002,C3D8,0.327086,0,0,0,0,0,0,0,0,0,0,0,0
1003,C3D8,0.327084,0,0,0,0,0,0,0,0,0,0,0,0
1004,C3D8,0.327087,0,0,0,0,0,0,0,0,0,0,0,0
1005,C3D8,0.327085,0,0,0,0,0,0,0,0,0,0,0,0
1006,C3D8,0.327085,0,0,0,0,0,0,0,0,0,0,0,0
1007,C3D8,0.327085,0,0,0,0,0,0,0,0,0,0,0,0
1008,C3D8,0.327086,0,0,0,0,0,0,0,0,0,0,0,0
1009,C3D8,0.327085,0,0,0,0,0,0,0,0,0,0,0,0
1010,C3D8,0.327086,0,0,0,0,0,0,0,0,0,0,0,0
1011,C3D8,0.327085,0,0,0,0,0,0,0,0,0,0,0,0
1012,C3D8,0.327086,0,0,0,0,0,0,0,0,0,0,0,0
1013,C3D8,0.327085,0,0,0,0,0,0,0,0,0,0,0,0
1014,C3D8,0.327086,0,0,0,0,0,0,0,0,0,0,0,0
1015,C3D8,0.327085,0,0,0,0,0,0,0,0,0,0,0,0
1016,C3D8,0.327086,0,0,0,0,0,0,0,0,0,0,0,0
1017,C3D8,0.327085,0,0,0,0,0,0,0,0,0,0,0,0
1018,C3D8,0.327086,0,0,0,0,0,0,0,0,0,0,0,0
1019,C3D8,0.327085,0,0,0,0,0,0,0,0,0,0,0,0
1020,C3D8,0.327086,0,0,0,0,0,0,0,0,0,0,0,0
1021,C3D8,0.327085,0,0,0,0,0,0,0,0,0,0,0,0
1022,C3D8,0.327086,0,0,0,0,0,0,0,0,0,0,0,0
1023,C3D8,0.327085,0,0,0,0,0,0,0,0,0,0,0,0
1024,C3D8,0.327085,0,0,0,0,0,0,0,0,0,0,0,0
1025,C3D8,0.327086,0,0,0,0,0,0,0,0,0,0,0,0
1026,C3D8,0.327085,0,0,0,0,0,0,0,0,0,0,0,0
1027,C3D8,0.327085,0,0,0,0,0,0,0,0,0,0,0,0
1028,C3D8,0.327086,0,0,0,0,0,0,0,0,0,0,0,0
1029,C3D8,0.327085,0,0,0,0,0,0,0,0,0,0,0,0
1030,C3D8,0.327085,0,0,0,0,0,0,0,0,0,0,0,0
1031,C3D8,0.327085,0,0,0,0,0,0,0,0,0,0,0,0
1032,C3D8,0.327086,0,0,0,0,0,0,0,0,0,0,0,0
1033,C3D8,0.327085,0,0,0,0,0,0,0,0,0,0,0,0
1034,C3D8,0.327085,0,0,0,0,0,0,0,0,0,0,0,0
1035,C3D8,0.327085,0,0,0,0,0,0,0,0,0,0,0,0
1036,C3D8,0.327086,0,0,0,0,0,0,0,0,0,0,0,0
1037,C3D8,0.327085,0,0,0,0,0,0,0,0,0,0,0,0
1038,C3D8,0.327085,0,0,0,0,0,0,0,0,0,0,0,0
1039,C3D8,0.327085,0,0,0,0,0,0,0,0,0,0,0,0
1040,C3D8,0.327086,0,0,0,0,0,0,0,0,0,0,0,0
1041,C3D8,0.327085,0,0,0,0,0,0,0,0,0,0,0,0
1042,C3D8,0.327085,0,0,0,0,0,0,0,0,0,0,0,0
1043,C3D8,0.327086,0,0,0,0,0,0,0,0,0,0,0,0
1044,C3D8,0.327085,0,0,0,0,0,0,0,0,0,0,0,0
1045,C3D8,0.327085,0,0,0,0,0,0,0,0,0,0,0,0
1046,C3D8,0.327085,0,0,0,0,0,0,0,0,0,0,0,0
1047,C3D8,0.327086,0,0,0,0,0,0,0,0,0,0,0,0
1048,C3D8,0.327085,0,0,0,0,0,0,0,0,0,0,0,0
1049,C3D8,0.327085,0,0,0,0,0,0,0,0,0,0,0,0
1050,C3D8,0.327085,0,0,0,0,0,0,0,0,0,0,0,0
1051,C3D8,0.327086,0,0,0,0,0,0,0,0,0,0,0,0
1052,C3D8,0.327085,0,0,0,0,0,0,0,0,0,0,0,0
1053,C3D8,0.327085,0,0,0,0,0,0,0,0,0,0,0,0
1054,C3D8,0.327085,0,0,0,0,0,0,0,0,0,0,0,0
1055,C3D8,0.327086,0,0,0,0,0,0,0,0,0,0,0,0
1056,C3D8,0.327084,0,0,0,0,0,0,0,0,0,0,0,0
1057,C3D8,0.327088,0,0,0,0,0,0,0,0,0,0,0,0
1058,C3D8,0.327085,0,0,0,0,0,0,0,0,0,0,0,0
1059,C3D8,0.327085,0,0,0,0,0,0,0,0,0,0,0,0
1060,C3D8,0.327085,0,0,0,0,0,0,0,0,0,0,0,0
1061,C3D8,0.327086,0,0,0,0,0,0,0,0,0,0,0,0
1062,C3D8,0.327085,0,0,0,0,0,0,0,0,0,0,0,0
1063,C3D8,0.327086,0,0,0,0,0,0,0,0,0,0,0,0
1064,C3D8,0.327085,0,0,0,0,0,0,0,0,0,0,0,0
1065,C3D8,0.327086,0,0,0,0,0,0,0,0,0,0,0,0
1066,C3D8,0.327085,0,0,0,0,0,0,0,0,0,0,0,0
1067,C3D8,0.327086,0,0,0,0,0,0,0,0,0,0,0,0
1068,C3D8,0.327085,0,0,0,0,0,0,0,0,0,0,0,0
1069,C3D8,0.327086,0,0,0,0,0,0,0,0,0,0,0,0
1070,C3D8,0.327085,0,0,0,0,0,0,0,0,0,0,0,0
1071,C3D8,0.327086,0,0,0,0,0,0,0,0,0,0,0,0
1072,C3D8,0.327085,0,0,0,0,0,0,0,0,0,0,0,0
1073,C3D8,0.327086,0,0,0,0,0,0,0,0,0,0,0,0
1074,C3D8,0.327085,0,0,0,0,0,0,0,0,0,0,0,0
1075,C3D8,0.327086,0,0,0,0,0,0,0,0,0,0,0,0
1076,C3D8,0.327085,0,0,0,0,0,0,0,0,0,0,0,0
1077,C3D8,0.327085,0,0,0,0,0,0,0,0,0,0,0,0
1078,C3D8,0.327086,0,0,0,0,0,0,0,0,0,0,0,0
1079,C3D8,0.327085,0,0,0,0,0,0,0,0,0,0,0,0
1080,C3D8,0.327085,0,0,0,0,0,0,0,0,0,0,0,0
1081,C3D8,0.327086,0,0,0,0,0,0,0,0,0,0,0,0
1082,C3D8,0.327085,0,0,0,0,0,0,0,0,0,0,0,0
1083,C3D8,0.327085,0,0,0,0,0,0,0,0,0,0,0,0
1084,C3D8,0.327085,0,0,0,0,0,0,0,0,0,0,0,0
1085,C3D8,0.327086,0,0,0,0,0,0,0,0,0,0,0,0
1086,C3D8,0.327085,0,0,0,0,0,0,0,0,0,0,0,0
1087,C3D8,0.327085,0,0,0,0,0,0,0,0,0,0,0,0
1088,C3D8,0.327085,0,0,0,0,0,0,0,0,0,0,0,0
1089,C3D8,0.327086,0,0,0,0,0,0,0,0,0,0,0,0
1090,C3D8,0.327085,0,0,0,0,0,0,0,0,0,0,0,0
1091,C3D8,0.327085,0,0,0,0,0,0,0,0,0,0,0,0
1092,C3D8,0.327085,0,0,0,0,0,0,0,0,0,0,0,0
1093,C3D8,0.327086,0,0,0,0,0,0,0,0,0,0,0,0
1094,C3D8,0.327085,0,0,0,0,0,0,0,0,0,0,0,0
1095,C3D8,0.327085,0,0,0,0,0,0,0,0,0,0,0,0
1096,C3D8,0.327086,0,0,0,0,0,0,0,0,0,0,0,0
1097,C3D8,0.327085,0,0,0,0,0,0,0,0,0,0,0,0
1098,C3D8,0.327085,0,0,0,0,0,0,0,0,0,0,0,0
1099,C3D8,0.327085,0,0,0,0,0,0,0,0,0,0,0,0
1100,C3D8,0.327086,0,0,0,0,0,0,0,0,0,0,0,0
1101,C3D8,0.327085,0,0,0,0,0,0,0,0,0,0,0,0
1102,C3D8,0.327085,0,0,0,0,0,0,0,0,0,0,0,0
1103,C3D8,0.327085,0,0,0,0,0,0,0,0,0,0,0,0
1104,C3D8,0.327086,0,0,0,0,0,0,0,0,0,0,0,0
1105,C3D8,0.327085,0,0,0,0,0,0,0,0,0,0,0,0
1106,C3D8,0.327085,0,0,0,0,0,0,0,0,0,0,0,0
1107,C3D8,0.327085,0,0,0,0,0,0,0,0,0,0,0,0
1108,C3D8,0.327086,0,0,0,0,0,0,0,0,0,0,0,0
1109,C3D8,0.327084,0,0,0,0,0,0,0,0,0,0,0,0
1110,C3D8,0.327088,0,0,0,0,0,0,0,0,0,0,0,0
1111,C3D8,0.327085,0,0,0,0,0,0,0,0,0,0,0,0
1112,C3D8,0.327085,0,0,0,0,0,0,0,0,0,0,0,0
1113,C3D8,0.327085,0,0,0,0,0,0,0,0,0,0,0,0
1114,C3D8,0.327086,0,0,0,0,0,0,0,0,0,0,0,0
1115,C3D8,0.327085,0,0,0,0,0,0,0,0,0,0,0,0
1116,C3D8,0.327086,0,0,0,0,0,0,0,0,0,0,0,0
1117,C3D8,0.327085,0,0,0,0,0,0,0,0,0,0,0,0
1118,C3D8,0.327086,0,0,0,0,0,0,0,0,0,0,0,0
1119,C3D8,0.327085,0,0,0,0,0,0,0,0,0,0,0,0
1120,C3D8,0.327086,0,0,0,0,0,0,0,0,0,0,0,0
1121,C3D8,0.327085,0,0,0,0,0,0,0,0,0,0,0,0
1122,C3D8,0.327086,0,0,0,0,0,0,0,0,0,0,0,0
1123,C3D8,0.327085,0,0,0,0,0,0,0,0,0,0,0,0
1124,C3D8,0.327086,0,0,0,0,0,0,0,0,0,0,0,0
1125,C3D8,0.327085,0,0,0,0,0,0,0,0,0,0,0,0
1126,C3D8,0.327086,0,0,0,0,0,0,0,0,0,0,0,0
1127,C3D8,0.327085,0,0,0,0,0,0,0,0,0,0,0,0
1128,C3D8,0.327086,0,0,0,0,0,0,0,0,0,0,0,0
1129,C3D8,0.327085,0,0,0,0,0,0,0,0,0,0,0,0
1130,C3D8,0.327085,0,0,0,0,0,0,0,0,0,0,0,0
1131,C3D8,0.327086,0,0,0,0,0,0,0,0,0,0,0,0
1132,C3D8,0.327085,0,0,0,0,0,0,0,0,0,0,0,0
1133,C3D8,0.327085,0,0,0,0,0,0,0,0,0,0,0,0
1134,C3D8,0.327086,0,0,0,0,0,0,0,0,0,0,0,0
1135,C3D8,0.327085,0,0,0,0,0,0,0,0,0,0,0,0
1136,C3D8,0.327085,0,0,0,0,0,0,0,0,0,0,0,0
1137,C3D8,0.327085,0,0,0,0,0,0,0,0,0,0,0,0
1138,C3D8,0.327086,0,0,0,0,0,0,0,0,0,0,0,0
1139,C3D8,0.327085,0,0,0,0,0,0,0,0,0,0,0,0
1140,C3D8,0.327085,0,0,0,0,0,0,0,0,0,0,0,0
1141,C3D8,0.327085,0,0,0,0,0,0,0,0,0,0,0,0
1142,C3D8,0.327086,0,0,0,0,0,0,0,0,0,0,0,0
1143,C3D8,0.327085,0,0,0,0,0,0,0,0,0,0,0,0
1144,C3D8,0.327085,0,0,0,0,0,0,0,0,0,0,0,0
1145,C3D8,0.327085,0,0,0,0,0,0,0,0,0,0,0,0
1146,C3D8,0.327086,0,0,0,0,0,0,0,0,0,0,0,0
1147,C3D8,0.327085,0,0,0,0,0,0,0,0,0,0,0,0
1148,C3D8,0.327085,0,0,0,0,0,0,0,0,0,0,0,0
1149,C3D8,0.327086,0,0,0,0,0,0,0,0,0,0,0,0
1150,C3D8,0.327085,0,0,0,0,0,0,0,0,0,0,0,0
1151,C3D8,0.327085,0,0,0,0,0,0,0,0,0,0,0,0
1152,C3D8,0.327085,0,0,0,0,0,0,0,0,0,0,0,0
1153,C3D8,0.327086,0,0,0,0,0,0,0,0,0,0,0,0
1154,C3D8,0.327085,0,0,0,0,0,0,0,0,0,0,0,0
1155,C3D8,0.327085,0,0,0,0,0,0,0,0,0,0,0,0
1156,C3D8,0.327085,0,0,0,0,0,0,0,0,0,0,0,0
1157,C3D8,0.327086,0,0,0,0,0,0,0,0,0,0,0,0
1158,C3D8,0.327085,0,0,0,0,0,0,0,0,0,0,0,0
1159,C3D8,0.327085,0,0,0,0,0,0,0,0,0,0,0,0
1160,C3D8,0.327085,0,0,0,0,0,0,0,0,0,0,0,0
1161,C3D8,0.327086,0,0,0,0,0,0,0,0,0,0,0,0
1162,C3D8,0.327084,0,0,0,0,0,0,0,0,0,0,0,0
1163,C3D8,0.327088,0,0,0,0,0,0,0,0,0,0,0,0
1164,C3D8,0.327085,0,0,0,0,0,0,0,0,0,0,0,0
1165,C3D8,0.327085,0,0,0,0,0,0,0,0,0,0,0,0
1166,C3D8,0.327085,0,0,0,0,0,0,0,0,0,0,0,0
1167,C3D8,0.327086,0,0,0,0,0,0,0,0,0,0,0,0
1168,C3D8,0.327085,0,0,0,0,0,0,0,0,0,0,0,0
1169,C3D8,0.327086,0,0,0,0,0,0,0,0,0,0,0,0
1170,C3D8,0.327085,0,0,0,0,0,0,0,0,0,0,0,0
1171,C3D8,0.327086,0,0,0,0,0,0,0,0,0,0,0,0
1172,C3D8,0.327085,0,0,0,0,0,0,0,0,0,0,0,0
1173,C3D8,0.327086,0,0,0,0,0,0,0,0,0,0,0,0
1174,C3D8,0.327085,0,0,0,0,0,0,0,0,0,0,0,0
1175,C3D8,0.327086,0,0,0,0,0,0,0,0,0,0,0,0
1176,C3D8,0.327085,0,0,0,0,0,0,0,0,0,0,0,0
1177,C3D8,0.327086,0,0,0,0,0,0,0,0,0,0,0,0
1178,C3D8,0.327085,0,0,0,0,0,0,0,0,0,0,0,0
1179,C3D8,0.327086,0,0,0,0,0,0,0,0,0,0,0,0
1180,C3D8,0.327085,0,0,0,0,0,0,0,0,0,0,0,0
1181,C3D8,0.327086,0,0,0,0,0,0,0,0,0,0,0,0
1182,C3D8,0.327085,0,0,0,0,0,0,0,0,0,0,0,0
1183,C3D8,0.327085,0,0,0,0,0,0,0,0,0,0,0,0
1184,C3D8,0.327086,0,0,0,0,0,0,0,0,0,0,0,0
1185,C3D8,0.327085,0,0,0,0,0,0,0,0,0,0,0,0
1186,C3D8,0.327085,0,0,0,0,0,0,0,0,0,0,0,0
1187,C3D8,0.327086,0,0,0,0,0,0,0,0,0,0,0,0
1188,C3D8,0.327085,0,0,0,0,0,0,0,0,0,0,0,0
1189,C3D8,0.327085,0,0,0,0,0,0,0,0,0,0,0,0
1190,C3D8,0.327085,0,0,0,0,0,0,0,0,0,0,0,0
1191,C3D8,0.327086,0,0,0,0,0,0,0,0,0,0,0,0
1192,C3D8,0.327085,0,0,0,0,0,0,0,0,0,0,0,0
1193,C3D8,0.327085,0,0,0,0,0,0,0,0,0,0,0,0
1194,C3D8,0.327085,0,0,0,0,0,0,0,0,0,0,0,0
1195,C3D8,0.327086,0,0,0,0,0,0,0,0,0,0,0,0
1196,C3D8,0.327085,0,0,0,0,0,0,0,0,0,0,0,0
1197,C3D8,0.327085,0,0,0,0,0,0,0,0,0,0,0,0
1198,C3D8,0.327085,0,0,0,0,0,0,0,0,0,0,0,0
1199,C3D8,0.327086,0,0,0,0,0,0,0,0,0,0,0,0
1200,C3D8,0.327085,0,0,0,0,0,0,0,0,0,0,0,0
1201,C3D8,0.327085,0,0,0,0,0,0,0,0,0,0,0,0
1202,C3D8,0.327086,0,0,0,0,0,0,0,0,0,0,0,0
1203,C3D8,0.327085,0,0,0,0,0,0,0,0,0,0,0,0
1204,C3D8,0.327085,0,0,0,0,0,0,0,0,0,0,0,0
1205,C3D8,0.327085,0,0,0,0,0,0,0,0,0,0,0,0
1206,C3D8,0.327086,0,0,0,0,0,0,0,0,0,0,0,0
1207,C3D8,0.327085,0,0,0,0,0,0,0,0,0,0,0,0
1208,C3D8,0.327085,0,0,0,0,0,0,0,0,0,0,0,0
1209,C3D8,0.327085,0,0,0,0,0,0,0,0,0,0,0,0
1210,C3D8,0.327086,0,0,0,0,0,0,0,0,0,0,0,0
1211,C3D8,0.327085,0,0,0,0,0,0,0,0,0,0,0,0
1212,C3D8,0.327085,0,0,0,0,0,0,0,0,0,0,0,0
1213,C3D8,0.327085,0,0,0,0,0,0,0,0,0,0,0,0
1214,C3D8,0.327086,0,0,0,0,0,0,0,0,0,0,0,0
1215,C3D8,0.327084,0,0,0,0,0,0,0,0,0,0,0,0
1216,C3D8,0.327088,0,0,0,0,0,0,0,0,0,0,0,0
1217,C3D8,0.327085,0,0,0,0,0,0,0,0,0,0,0,0
1218,C3D8,0.327085,0,0,0,0,0,0,0,0,0,0,0,0
1219,C3D8,0.327085,0,0,0,0,0,0,0,0,0,0,0,0
1220,C3D8,0.327086,0,0,0,0,0,0,0,0,0,0,0,0
1221,C3D8,0.327085,0,0,0,0,0,0,0,0,0,0,0,0
1222,C3D8,0.327086,0,0,0,0,0,0,0,0,0,0,0,0
1223,C3D8,0.327085,0,0,0,0,0,0,0,0,0,0,0,0
1224,C3D8,0.327086,0,0,0,0,0,0,0,0,0,0,0,0
1225,C3D8,0.327085,0,0,0,0,0,0,0,0,0,0,0,0
1226,C3D8,0.327086,0,0,0,0,0,0,0,0,0,0,0,0
1227,C3D8,0.327085,0,0,0,0,0,0,0,0,0,0,0,0
1228,C3D8,0.327086,0,0,0,0,0,0,0,0,0,0,0,0
1229,C3D8,0.327085,0,0,0,0,0,0,0,0,0,0,0,0
1230,C3D8,0.327086,0,0,0,0,0,0,0,0,0,0,0,0
1231,C3D8,0.327085,0,0,0,0,0,0,0,0,0,0,0,0
1232,C3D8,0.327086,0,0,0,0,0,0,0,0,0,0,0,0
1233,C3D8,0.327085,0,0,0,0,0,0,0,0,0,0,0,0
1234,C3D8,0.327086,0,0,0,0,0,0,0,0,0,0,0,0
1235,C3D8,0.327085,0,0,0,0,0,0,0,0,0,0,0,0
1236,C3D8,0.327085,0,0,0,0,0,0,0,0,0,0,0,0
1237,C3D8,0.327086,0,0,0,0,0,0,0,0,0,0,0,0
1238,C3D8,0.327085,0,0,0,0,0,0,0,0,0,0,0,0
1239,C3D8,0.327085,0,0,0,0,0,0,0,0,0,0,0,0
1240,C3D8,0.327086,0,0,0,0,0,0,0,0,0,0,0,0
1241,C3D8,0.327085,0,0,0,0,0,0,0,0,0,0,0,0
1242,C3D8,0.327085,0,0,0,0,0,0,0,0,0,0,0,0
1243,C3D8,0.327085,0,0,0,0,0,0,0,0,0,0,0,0
1244,C3D8,0.327086,0,0,0,0,0,0,0,0,0,0,0,0
1245,C3D8,0.327085,0,0,0,0,0,0,0,0,0,0,0,0
1246,C3D8,0.327085,0,0,0,0,0,0,0,0,0,0,0,0
1247,C3D8,0.327085,0,0,0,0,0,0,0,0,0,0,0,0
1248,C3D8,0.327086,0,0,0,0,0,0,0,0,0,0,0,0
1249,C3D8,0.327085,0,0,0,0,0,0,0,0,0,0,0,0
1250,C3D8,0.327085,0,0,0,0,0,0,0,0,0,0,0,0
1251,C3D8,0.327085,0,0,0,0,0,0,0,0,0,0,0,0
1252,C3D8,0.327086,0,0,0,0,0,0,0,0,0,0,0,0
1253,C3D8,0.327085,0,0,0,0,0,0,0,0,0,0,0,0
1254,C3D8,0.327085,0,0,0,0,0,0,0,0,0,0,0,0
1255,C3D8,0.327086,0,0,0,0,0,0,0,0,0,0,0,0
1256,C3D8,0.327085,0,0,0,0,0,0,0,0,0,0,0,0
1257,C3D8,0.327085,0,0,0,0,0,0,0,0,0,0,0,0
1258,C3D8,0.327085,0,0,0,0,0,0,0,0,0,0,0,0
1259,C3D8,0.327086,0,0,0,0,0,0,0,0,0,0,0,0
1260,C3D8,0.327085,0,0,0,0,0,0,0,0,0,0,0,0
1261,C3D8,0.327085,0,0,0,0,0,0,0,0,0,0,0,0
1262,C3D8,0.327085,0,0,0,0,0,0,0,0,0,0,0,0
1263,C3D8,0.327086,0,0,0,0,0,0,0,0,0,0,0,0
1264,C3D8,0.327085,0,0,0,0,0,0,0,0,0,0,0,0
1265,C3D8,0.327085,0,0,0,0,0,0,0,0,0,0,0,0
1266,C3D8,0.327085,0,0,0,0,0,0,0,0,0,0,0,0
1267,C3D8,0.327086,0,0,0,0,0,0,0,0,0,0,0,0
1268,C3D8,0.327084,0,0,0,0,0,0,0,0,0,0,0,0
1269,C3D8,0.327088,0,0,0,0,0,0,0,0,0,0,0,0
1270,C3D8,0.327085,0,0,0,0,0,0,0,0,0,0,0,0
1271,C3D8,0.327085,0,0,0,0,0,0,0,0,0,0,0,0
1272,C3D8,0.327085,0,0,0,0,0,0,0,0,0,0,0,0
1273,C3D8,0.327086,0,0,0,0,0,0,0,0,0,0,0,0
1274,C3D8,0.327085,0,0,0,0,0,0,0,0,0,0,0,0
1275,C3D8,0.327086,0,0,0,0,0,0,0,0,0,0,0,0
1276,C3D8,0.327085,0,0,0,0,0,0,0,0,0,0,0,0
1277,C3D8,0.327086,0,0,0,0,0,0,0,0,0,0,0,0
1278,C3D8,0.327085,0,0,0,0,0,0,0,0,0,0,0,0
1279,C3D8,0.327086,0,0,0,0,0,0,0,0,0,0,0,0
1280,C3D8,0.327085,0,0,0,0,0,0,0,0,0,0,0,0
1281,C3D8,0.327086,0,0,0,0,0,0,0,0,0,0,0,0
1282,C3D8,0.327085,0,0,0,0,0,0,0,0,0,0,0,0
1283,C3D8,0.327086,0,0,0,0,0,0,0,0,0,0,0,0
1284,C3D8,0.327085,0,0,0,0,0,0,0,0,0,0,0,0
1285,C3D8,0.327086,0,0,0,0,0,0,0,0,0,0,0,0
1286,C3D8,0.327085,0,0,0,0,0,0,0,0,0,0,0,0
1287,C3D8,0.327086,0,0,0,0,0,0,0,0,0,0,0,0
1288,C3D8,0.327085,0,0,0,0,0,0,0,0,0,0,0,0
1289,C3D8,0.327085,0,0,0,0,0,0,0,0,0,0,0,0
1290,C3D8,0.327086,0,0,0,0,0,0,0,0,0,0,0,0
1291,C3D8,0.327085,0,0,0,0,0,0,0,0,0,0,0,0
1292,C3D8,0.327085,0,0,0,0,0,0,0,0,0,0,0,0
1293,C3D8,0.327086,0,0,0,0,0,0,0,0,0,0,0,0
1294,C3D8,0.327085,0,0,0,0,0,0,0,0,0,0,0,0
1295,C3D8,0.327085,0,0,0,0,0,0,0,0,0,0,0,0
1296,C3D8,0.327085,0,0,0,0,0,0,0,0,0,0,0,0
1297,C3D8,0.327086,0,0,0,0,0,0,0,0,0,0,0,0
1298,C3D8,0.327085,0,0,0,0,0,0,0,0,0,0,0,0
1299,C3D8,0.327085,0,0,0,0,0,0,0,0,0,0,0,0
1300,C3D8,0.327085,0,0,0,0,0,0,0,0,0,0,0,0
1301,C3D8,0.327086,0,0,0,0,0,0,0,0,0,0,0,0
1302,C3D8,0.327085,0,0,0,0,0,0,0,0,0,0,0,0
1303,C3D8,0.327085,0,0,0,0,0,0,0,0,0,0,0,0
1304,C3D8,0.327085,0,0,0,0,0,0,0,0,0,0,0,0
1305,C3D8,0.327086,0,0,0,0,0,0,0,0,0,0,0,0
1306,C3D8,0.327085,0,0,0,0,0,0,0,0,0,0,0,0
1307,C3D8,0.327085,0,0,0,0,0,0,0,0,0,0,0,0
1308,C3D8,0.327086,0,0,0,0,0,0,0,0,0,0,0,0
1309,C3D8,0.327085,0,0,0,0,0,0,0,0,0,0,0,0
1310,C3D8,0.327085,0,0,0,0,0,0,0,0,0,0,0,0
1311,C3D8,0.327085,0,0,0,0,0,0,0,0,0,0,0,0
1312,C3D8,0.327086,0,0,0,0,0,0,0,0,0,0,0,0
1313,C3D8,0.327085,0,0,0,0,0,0,0,0,0,0,0,0
1314,C3D8,0.327085,0,0,0,0,0,0,0,0,0,0,0,0
1315,C3D8,0.327085,0,0,0,0,0,0,0,0,0,0,0,0
1316,C3D8,0.327086,0,0,0,0,0,0,0,0,0,0,0,0
1317,C3D8,0.327085,0,0,0,0,0,0,0,0,0,0,0,0
1318,C3D8,0.327085,0,0,0,0,0,0,0,0,0,0,0,0
1319,C3D8,0.327085,0,0,0,0,0,0,0,0,0,0,0,0
1320,C3D8,0.327086,0,0,0,0,0,0,0,0,0,0,0,0
1321,C3D8,0.327084,0,0,0,0,0,0,0,0,0,0,0,0
1322,C3D8,0.327088,0,0,0,0,0,0,0,0,0,0,0,0
1323,C3D8,0.327085,0,0,0,0,0,0,0,0,0,0,0,0
1324,C3D8,0.327085,0,0,0,0,0,0,0,0,0,0,0,0
1325,C3D8,0.327085,0,0,0,0,0,0,0,0,0,0,0,0
1326,C3D8,0.327086,0,0,0,0,0,0,0,0,0,0,0,0
1327,C3D8,0.327085,0,0,0,0,0,0,0,0,0,0,0,0
1328,C3D8,0.327086,0,0,0,0,0,0,0,0,0,0,0,0
1329,C3D8,0.327085,0,0,0,0,0,0,0,0,0,0,0,0
1330,C3D8,0.327086,0,0,0,0,0,0,0,0,0,0,0,0
1331,C3D8,0.327085,0,0,0,0,0,0,0,0,0,0,0,0
1332,C3D8,0.327086,0,0,0,0,0,0,0,0,0,0,0,0
1333,C3D8,0.327085,0,0,0,0,0,0,0,0,0,0,0,0
1334,C3D8,0.327086,0,0,0,0,0,0,0,0,0,0,0,0
1335,C3D8,0.327085,0,0,0,0,0,0,0,0,0,0,0,0
1336,C3D8,0.327086,0,0,0,0,0,0,0,0,0,0,0,0
1337,C3D8,0.327085,0,0,0,0,0,0,0,0,0,0,0,0
1338,C3D8,0.327086,0,0,0,0,0,0,0,0,0,0,0,0
1339,C3D8,0.327085,0,0,0,0,0,0,0,0,0,0,0,0
1340,C3D8,0.327086,0,0,0,0,0,0,0,0,0,0,0,0
1341,C3D8,0.327085,0,0,0,0,0,0,0,0,0,0,0,0
1342,C3D8,0.327085,0,0,0,0,0,0,0,0,0,0,0,0
1343,C3D8,0.327086,0,0,0,0,0,0,0,0,0,0,0,0
1344,C3D8,0.327085,0,0,0,0,0,0,0,0,0,0,0,0
1345,C3D8,0.327085,0,0,0,0,0,0,0,0,0,0,0,0
1346,C3D8,0.327086,0,0,0,0,0,0,0,0,0,0,0,0
1347,C3D8,0.327085,0,0,0,0,0,0,0,0,0,0,0,0
1348,C3D8,0.327085,0,0,0,0,0,0,0,0,0,0,0,0
1349,C3D8,0.327085,0,0,0,0,0,0,0,0,0,0,0,0
1350,C3D8,0.327086,0,0,0,0,0,0,0,0,0,0,0,0
1351,C3D8,0.327085,0,0,0,0,0,0,0,0,0,0,0,0
1352,C3D8,0.327085,0,0,0,0,0,0,0,0,0,0,0,0
1353,C3D8,0.327085,0,0,0,0,0,0,0,0,0,0,0,0
1354,C3D8,0.327086,0,0,0,0,0,0,0,0,0,0,0,0
1355,C3D8,0.327085,0,0,0,0,0,0,0,0,0,0,0,0
1356,C3D8,0.327085,0,0,0,0,0,0,0,0,0,0,0,0
1357,C3D8,0.327085,0,0,0,0,0,0,0,0,0,0,0,0
1358,C3D8,0.327086,0,0,0,0,0,0,0,0,0,0,0,0
1359,C3D8,0.327085,0,0,0,0,0,0,0,0,0,0,0,0
1360,C3D8,0.327085,0,0,0,0,0,0,0,0,0,0,0,0
1361,C3D8,0.327086,0,0,0,0,0,0,0,0,0,0,0,0
1362,C3D8,0.327085,0,0,0,0,0,0,0,0,0,0,0,0
1363,C3D8,0.327085,0,0,0,0,0,0,0,0,0,0,0,0
1364,C3D8,0.327085,0,0,0,0,0,0,0,0,0,0,0,0
1365,C3D8,0.327086,0,0,0,0,0,0,0,0,0,0,0,0
1366,C3D8,0.327085,0,0,0,0,0,0,0,0,0,0,0,0
1367,C3D8,0.327085,0,0,0,0,0,0,0,0,0,0,0,0
1368,C3D8,0.327085,0,0,0,0,0,0,0,0,0,0,0,0
1369,C3D8,0.327086,0,0,0,0,0,0,0,0,0,0,0,0
1370,C3D8,0.327085,0,0,0,0,0,0,0,0,0,0,0,0
1371,C3D8,0.327085,0,0,0,0,0,0,0,0,0,0,0,0
1372,C3D8,0.327085,0,0,0,0,0,0,0,0,0,0,0,0
1373,C3D8,0.327086,0,0,0,0,0,0,0,0,0,0,0,0
1374,C3D8,0.327084,0,0,0,0,0,0,0,0,0,0,0,0
1375,C3D8,0.327088,0,0,0,0,0,0,0,0,0,0,0,0
1376,C3D8,0.327085,0,0,0,0,0,0,0,0,0,0,0,0
1377,C3D8,0.327085,0,0,0,0,0,0,0,0,0,0,0,0
1378,C3D8,0.327085,0,0,0,0,0,0,0,0,0,0,0,0
1379,C3D8,0.327086,0,0,0,0,0,0,0,0,0,0,0,0
1380,C3D8,0.327085,0,0,0,0,0,0,0,0,0,0,0,0
1381,C3D8,0.327086,0,0,0,0,0,0,0,0,0,0,0,0
1382,C3D8,0.327085,0,0,0,0,0,0,0,0,0,0,0,0
1383,C3D8,0.327086,0,0,0,0,0,0,0,0,0,0,0,0
1384,C3D8,0.327085,0,0,0,0,0,0,0,0,0,0,0,0
1385,C3D8,0.327086,0,0,0,0,0,0,0,0,0,0,0,0
1386,C3D8,0.327085,0,0,0,0,0,0,0,0,0,0,0,0
1387,C3D8,0.327086,0,0,0,0,0,0,0,0,0,0,0,0
1388,C3D8,0.327085,0,0,0,0,0,0,0,0,0,0,0,0
1389,C3D8,0.327086,0,0,0,0,0,0,0,0,0,0,0,0
1390,C3D8,0.327085,0,0,0,0,0,0,0,0,0,0,0,0
1391,C3D8,0.327086,0,0,0,0,0,0,0,0,0,0,0,0
1392,C3D8,0.327085,0,0,0,0,0,0,0,0,0,0,0,0
1393,C3D8,0.327086,0,0,0,0,0,0,0,0,0,0,0,0
1394,C3D8,0.327085,0,0,0,0,0,0,0,0,0,0,0,0
1395,C3D8,0.327085,0,0,0,0,0,0,0,0,0,0,0,0
1396,C3D8,0.327086,0,0,0,0,0,0,0,0,0,0,0,0
1397,C3D8,0.327085,0,0,0,0,0,0,0,0,0,0,0,0
1398,C3D8,0.327085,0,0,0,0,0,0,0,0,0,0,0,0
1399,C3D8,0.327086,0,0,0,0,0,0,0,0,0,0,0,0
1400,C3D8,0.327085,0,0,0,0,0,0,0,0,0,0,0,0
1401,C3D8,0.327085,0,0,0,0,0,0,0,0,0,0,0,0
1402,C3D8,0.327085,0,0,0,0,0,0,0,0,0,0,0,0
1403,C3D8,0.327086,0,0,0,0,0,0,0,0,0,0,0,0
1404,C3D8,0.327085,0,0,0,0,0,0,0,0,0,0,0,0
1405,C3D8,0.327085,0,0,0,0,0,0,0,0,0,0,0,0
1406,C3D8,0.327085,0,0,0,0,0,0,0,0,0,0,0,0
1407,C3D8,0.327086,0,0,0,0,0,0,0,0,0,0,0,0
1408,C3D8,0.327085,0,0,0,0,0,0,0,0,0,0,0,0
1409,C3D8,0.327085,0,0,0,0,0,0,0,0,0,0,0,0
1410,C3D8,0.327085,0,0,0,0,0,0,0,0,0,0,0,0
1411,C3D8,0.327086,0,0,0,0,0,0,0,0,0,0,0,0
1412,C3D8,0.327085,0,0,0,0,0,0,0,0,0,0,0,0
1413,C3D8,0.327085,0,0,0,0,0,0,0,0,0,0,0,0
1414,C3D8,0.327086,0,0,0,0,0,0,0,0,0,0,0,0
1415,C3D8,0.327085,0,0,0,0,0,0,0,0,0,0,0,0
1416,C3D8,0.327085,0,0,0,0,0,0,0,0,0,0,0,0
1417,C3D8,0.327085,0,0,0,0,0,0,0,0,0,0,0,0
1418,C3D8,0.327086,0,0,0,0,0,0,0,0,0,0,0,0
1419,C3D8,0.327085,0,0,0,0,0,0,0,0,0,0,0,0
1420,C3D8,0.327085,0,0,0,0,0,0,0,0,0,0,0,0
1421,C3D8,0.327085,0,0,0,0,0,0,0,0,0,0,0,0
1422,C3D8,0.327086,0,0,0,0,0,0,0,0,0,0,0,0
1423,C3D8,0.327085,0,0,0,0,0,0,0,0,0,0,0,0
1424,C3D8,0.327085,0,0,0,0,0,0,0,0,0,0,0,0
1425,C3D8,0.327085,0,0,0,0,0,0,0,0,0,0,0,0
1426,C3D8,0.327086,0,0,0,0,0,0,0,0,0,0,0,0
1427,C3D8,0.327084,0,0,0,0,0,0,0,0,0,0,0,0
1428,C3D8,0.327088,0,0,0,0,0,0,0,0,0,0,0,0
1429,C3D8,0.327085,0,0,0,0,0,0,0,0,0,0,0,0
1430,C3D8,0.327085,0,0,0,0,0,0,0,0,0,0,0,0
1431,C3D8,0.327085,0,0,0,0,0,0,0,0,0,0,0,0
1432,C3D8,0.327086,0,0,0,0,0,0,0,0,0,0,0,0
1433,C3D8,0.327085,0,0,0,0,0,0,0,0,0,0,0,0
1434,C3D8,0.327086,0,0,0,0,0,0,0,0,0,0,0,0
1435,C3D8,0.327085,0,0,0,0,0,0,0,0,0,0,0,0
1436,C3D8,0.327086,0,0,0,0,0,0,0,0,0,0,0,0
1437,C3D8,0.327085,0,0,0,0,0,0,0,0,0,0,0,0
1438,C3D8,0.327086,0,0,0,0,0,0,0,0,0,0,0,0
1439,C3D8,0.327085,0,0,0,0,0,0,0,0,0,0,0,0
1440,C3D8,0.327086,0,0,0,0,0,0,0,0,0,0,0,0
1441,C3D8,0.327085,0,0,0,0,0,0,0,0,0,0,0,0
1442,C3D8,0.327086,0,0,0,0,0,0,0,0,0,0,0,0
1443,C3D8,0.327085,0,0,0,0,0,0,0,0,0,0,0,0
1444,C3D8,0.327086,0,0,0,0,0,0,0,0,0,0,0,0
1445,C3D8,0.327085,0,0,0,0,0,0,0,0,0,0,0,0
1446,C3D8,0.327086,0,0,0,0,0,0,0,0,0,0,0,0
1447,C3D8,0.327085,0,0,0,0,0,0,0,0,0,0,0,0
1448,C3D8,0.327085,0,0,0,0,0,0,0,0,0,0,0,0
1449,C3D8,0.327086,0,0,0,0,0,0,0,0,0,0,0,0
1450,C3D8,0.327085,0,0,0,0,0,0,0,0,0,0,0,0
1451,C3D8,0.327085,0,0,0,0,0,0,0,0,0,0,0,0
1452,C3D8,0.327086,0,0,0,0,0,0,0,0,0,0,0,0
1453,C3D8,0.327085,0,0,0,0,0,0,0,0,0,0,0,0
1454,C3D8,0.327085,0,0,0,0,0,0,0,0,0,0,0,0
1455,C3D8,0.327085,0,0,0,0,0,0,0,0,0,0,0,0
1456,C3D8,0.327086,0,0,0,0,0,0,0,0,0,0,0,0
1457,C3D8,0.327085,0,0,0,0,0,0,0,0,0,0,0,0
1458,C3D8,0.327085,0,0,0,0,0,0,0,0,0,0,0,0
1459,C3D8,0.327085,0,0,0,0,0,0,0,0,0,0,0,0
1460,C3D8,0.327086,0,0,0,0,0,0,0,0,0,0,0,0
1461,C3D8,0.327085,0,0,0,0,0,0,0,0,0,0,0,0
1462,C3D8,0.327085,0,0,0,0,0,0,0,0,0,0,0,0
1463,C3D8,0.327085,0,0,0,0,0,0,0,0,0,0,0,0
1464,C3D8,0.327086,0,0,0,0,0,0,0,0,0,0,0,0
1465,C3D8,0.327085,0,0,0,0,0,0,0,0,0,0,0,0
1466,C3D8,0.327085,0,0,0,0,0,0,0,0,0,0,0,0
1467,C3D8,0.327086,0,0,0,0,0,0,0,0,0,0,0,0
1468,C3D8,0.327085,0,0,0,0,0,0,0,0,0,0,0,0
1469,C3D8,0.327085,0,0,0,0,0,0,0,0,0,0,0,0
1470,C3D8,0.327085,0,0,0,0,0,0,0,0,0,0,0,0
1471,C3D8,0.327086,0,0,0,0,0,0,0,0,0,0,0,0
1472,C3D8,0.327085,0,0,0,0,0,0,0,0,0,0,0,0
1473,C3D8,0.327085,0,0,0,0,0,0,0,0,0,0,0,0
1474,C3D8,0.327085,0,0,0,0,0,0,0,0,0,0,0,0
1475,C3D8,0.327086,0,0,0,0,0,0,0,0,0,0,0,0
1476,C3D8,0.327085,0,0,0,0,0,0,0,0,0,0,0,0
1477,C3D8,0.327085,0,0,0,0,0,0,0,0,0,0,0,0
1478,C3D8,0.327085,0,0,0,0,0,0,0,0,0,0,0,0
1479,C3D8,0.327086,0,0,0,0,0,0,0,0,0,0,0,0
1480,C3D8,0.327084,0,0,0,0,0,0,0,0,0,0,0,0
1481,C3D8,0.327088,0,0,0,0,0,0,0,0,0,0,0,0
1482,C3D8,0.327085,0,0,0,0,0,0,0,0,0,0,0,0
1483,C3D8,0.327085,0,0,0,0,0,0,0,0,0,0,0,0
1484,C3D8,0.327085,0,0,0,0,0,0,0,0,0,0,0,0
1485,C3D8,0.327085,0,0,0,0,0,0,0,0,0,0,0,0
1486,C3D8,0.327085,0,0,0,0,0,0,0,0,0,0,0,0
1487,C3D8,0.327085,0,0,0,0,0,0,0,0,0,0,0,0
1488,C3D8,0.327085,0,0,0,0,0,0,0,0,0,0,0,0
1489,C3D8,0.327085,0,0,0,0,0,0,0,0,0,0,0,0
1490,C3D8,0.327085,0,0,0,0,0,0,0,0,0,0,0,0
1491,C3D8,0.327085,0,0,0,0,0,0,0,0,0,0,0,0
1492,C3D8,0.327085,0,0,0,0,0,0,0,0,0,0,0,0
1493,C3D8,0.327085,0,0,0,0,0,0,0,0,0,0,0,0
1494,C3D8,0.327085,0,0,0,0,0,0,0,0,0,0,0,0
1495,C3D8,0.327085,0,0,0,0,0,0,0,0,0,0,0,0
1496,C3D8,0.327085,0,0,0,0,0,0,0,0,0,0,0,0
1497,C3D8,0.327085,0,0,0,0,0,0,0,0,0,0,0,0
1498,C3D8,0.327085,0,0,0,0,0,0,0,0,0,0,0,0
1499,C3D8,0.327085,0,0,0,0,0,0,0,0,0,0,0,0
1500,C3D8,0.327085,0,0,0,0,0,0,0,0,0,0,0,0
1501,C3D8,0.327085,0,0,0,0,0,0,0,0,0,0,0,0
1502,C3D8,0.327086,0,0,0,0,0,0,0,0,0,0,0,0
1503,C3D8,0.327085,0,0,0,0,0,0,0,0,0,0,0,0
1504,C3D8,0.327085,0,0,0,0,0,0,0,0,0,0,0,0
1505,C3D8,0.327086,0,0,0,0,0,0,0,0,0,0,0,0
1506,C3D8,0.327085,0,0,0,0,0,0,0,0,0,0,0,0
1507,C3D8,0.327085,0,0,0,0,0,0,0,0,0,0,0,0
1508,C3D8,0.327085,0,0,0,0,0,0,0,0,0,0,0,0
1509,C3D8,0.327086,0,0,0,0,0,0,0,0,0,0,0,0
1510,C3D8,0.327085,0,0,0,0,0,0,0,0,0,0,0,0
1511,C3D8,0.327085,0,0,0,0,0,0,0,0,0,0,0,0
1512,C3D8,0.327085,0,0,0,0,0,0,0,0,0,0,0,0
1513,C3D8,0.327086,0,0,0,0,0,0,0,0,0,0,0,0
1514,C3D8,0.327085,0,0,0,0,0,0,0,0,0,0,0,0
1515,C3D8,0.327085,0,0,0,0,0,0,0,0,0,0,0,0
1516,C3D8,0.327085,0,0,0,0,0,0,0,0,0,0,0,0
1517,C3D8,0.327086,0,0,0,0,0,0,0,0,0,0,0,0
1518,C3D8,0.327085,0,0,0,0,0,0,0,0,0,0,0,0
1519,C3D8,0.327085,0,0,0,0,0,0,0,0,0,0,0,0
1520,C3D8,0.327086,0,0,0,0,0,0,0,0,0,0,0,0
1521,C3D8,0.327085,0,0,0,0,0,0,0,0,0,0,0,0
1522,C3D8,0.327085,0,0,0,0,0,0,0,0,0,0,0,0
1523,C3D8,0.327085,0,0,0,0,0,0,0,0,0,0,0,0
1524,C3D8,0.327086,0,0,0,0,0,0,0,0,0,0,0,0
1525,C3D8,0.327085,0,0,0,0,0,0,0,0,0,0,0,0
1526,C3D8,0.327085,0,0,0,0,0,0,0,0,0,0,0,0
1527,C3D8,0.327085,0,0,0,0,0,0,0,0,0,0,0,0
1528,C3D8,0.327086,0,0,0,0,0,0,0,0,0,0,0,0
1529,C3D8,0.327085,0,0,0,0,0,0,0,0,0,0,0,0
1530,C3D8,0.327085,0,0,0,0,0,0,0,0,0,0,0,0
1531,C3D8,0.327085,0,0,0,0,0,0,0,0,0,0,0,0
1532,C3D8,0.327086,0,0,0,0,0,0,0,0,0,0,0,0
1533,C3D8,0.327084,0,0,0,0,0,0,0,0,0,0,0,0
1534,C3D8,0.327087,0,0,0,0,0,0,0,0,0,0,0,0
1535,C3D8,0.327085,0,0,0,0,0,0,0,0,0,0,0,0
1536,C3D8,0.327085,0,0,0,0,0,0,0,0,0,0,0,0
1537,C3D8,0.327085,0,0,0,0,0,0,0,0,0,0,0,0
1538,C3D8,0.327086,0,0,0,0,0,0,0,0,0,0,0,0
1539,C3D8,0.327085,0,0,0,0,0,0,0,0,0,0,0,0
1540,C3D8,0.327086,0,0,0,0,0,0,0,0,0,0,0,0
1541,C3D8,0.327085,0,0,0,0,0,0,0,0,0,0,0,0
1542,C3D8,0.327086,0,0,0,0,0,0,0,0,0,0,0,0
1543,C3D8,0.327085,0,0,0,0,0,0,0,0,0,0,0,0
1544,C3D8,0.327086,0,0,0,0,0,0,0,0,0,0,0,0
1545,C3D8,0.327085,0,0,0,0,0,0,0,0,0,0,0,0
1546,C3D8,0.327086,0,0,0,0,0,0,0,0,0,0,0,0
1547,C3D8,0.327085,0,0,0,0,0,0,0,0,0,0,0,0
1548,C3D8,0.327086,0,0,0,0,0,0,0,0,0,0,0,0
1549,C3D8,0.327085,0,0,0,0,0,0,0,0,0,0,0,0
1550,C3D8,0.327086,0,0,0,0,0,0,0,0,0,0,0,0
1551,C3D8,0.327085,0,0,0,0,0,0,0,0,0,0,0,0
1552,C3D8,0.327086,0,0,0,0,0,0,0,0,0,0,0,0
1553,C3D8,0.327085,0,0,0,0,0,0,0,0,0,0,0,0
1554,C3D8,0.327085,0,0,0,0,0,0,0,0,0,0,0,0
1555,C3D8,0.327086,0,0,0,0,0,0,0,0,0,0,0,0
1556,C3D8,0.327085,0,0,0,0,0,0,0,0,0,0,0,0
1557,C3D8,0.327085,0,0,0,0,0,0,0,0,0,0,0,0
1558,C3D8,0.327086,0,0,0,0,0,0,0,0,0,0,0,0
1559,C3D8,0.327085,0,0,0,0,0,0,0,0,0,0,0,0
1560,C3D8,0.327085,0,0,0,0,0,0,0,0,0,0,0,0
1561,C3D8,0.327085,0,0,0,0,0,0,0,0,0,0,0,0
1562,C3D8,0.327086,0,0,0,0,0,0,0,0,0,0,0,0
1563,C3D8,0.327085,0,0,0,0,0,0,0,0,0,0,0,0
1564,C3D8,0.327085,0,0,0,0,0,0,0,0,0,0,0,0
1565,C3D8,0.327085,0,0,0,0,0,0,0,0,0,0,0,0
1566,C3D8,0.327086,0,0,0,0,0,0,0,0,0,0,0,0
1567,C3D8,0.327085,0,0,0,0,0,0,0,0,0,0,0,0
1568,C3D8,0.327085,0,0,0,0,0,0,0,0,0,0,0,0
1569,C3D8,0.327085,0,0,0,0,0,0,0,0,0,0,0,0
1570,C3D8,0.327086,0,0,0,0,0,0,0,0,0,0,0,0
1571,C3D8,0.327085,0,0,0,0,0,0,0,0,0,0,0,0
1572,C3D8,0.327085,0,0,0,0,0,0,0,0,0,0,0,0
1573,C3D8,0.327086,0,0,0,0,0,0,0,0,0,0,0,0
1574,C3D8,0.327085,0,0,0,0,0,0,0,0,0,0,0,0
1575,C3D8,0.327085,0,0,0,0,0,0,0,0,0,0,0,0
1576,C3D8,0.327085,0,0,0,0,0,0,0,0,0,0,0,0
1577,C3D8,0.327086,0,0,0,0,0,0,0,0,0,0,0,0
1578,C3D8,0.327085,0,0,0,0,0,0,0,0,0,0,0,0
1579,C3D8,0.327085,0,0,0,0,0,0,0,0,0,0,0,0
1580,C3D8,0.327085,0,0,0,0,0,0,0,0,0,0,0,0
1581,C3D8,0.327086,0,0,0,0,0,0,0,0,0,0,0,0
1582,C3D8,0.327085,0,0,0,0,0,0,0,0,0,0,0,0
1583,C3D8,0.327085,0,0,0,0,0,0,0,0,0,0,0,0
1584,C3D8,0.327085,0,0,0,0,0,0,0,0,0,0,0,0
1585,C3D8,0.327086,0,0,0,0,0,0,0,0,0,0,0,0
1586,C3D8,0.327084,0,0,0,0,0,0,0,0,0,0,0,0
1587,C3D8,0.327088,0,0,0,0,0,0,0,0,0,0,0,0
1588,C3D8,0.327085,0,0,0,0,0,0,0,0,0,0,0,0
1589,C3D8,0.327085,0,0,0,0,0,0,0,0,0,0,0,0
1590,C3D8,0.327085,0,0,0,0,0,0,0,0,0,0,0,0
1591,C3D8,0.327086,0,0,0,0,0,0,0,0,0,0,0,0
1592,C3D8,0.327085,0,0,0,0,0,0,0,0,0,0,0,0
1593,C3D8,0.327086,0,0,0,0,0,0,0,0,0,0,0,0
1594,C3D8,0.327085,0,0,0,0,0,0,0,0,0,0,0,0
1595,C3D8,0.327086,0,0,0,0,0,0,0,0,0,0,0,0
1596,C3D8,0.327085,0,0,0,0,0,0,0,0,0,0,0,0
1597,C3D8,0.327086,0,0,0,0,0,0,0,0,0,0,0,0
1598,C3D8,0.327085,0,0,0,0,0,0,0,0,0,0,0,0
1599,C3D8,0.327086,0,0,0,0,0,0,0,0,0,0,0,0
1600,C3D8,0.327085,0,0,0,0,0,0,0,0,0,0,0,0
1601,C3D8,0.327086,0,0,0,0,0,0,0,0,0,0,0,0
1602,C3D8,0.327085,0,0,0,0,0,0,0,0,0,0,0,0
1603,C3D8,0.327086,0,0,0,0,0,0,0,0,0,0,0,0
1604,C3D8,0.327085,0,0,0,0,0,0,0,0,0,0,0,0
1605,C3D8,0.327086,0,0,0,0,0,0,0,0,0,0,0,0
1606,C3D8,0.327085,0,0,0,0,0,0,0,0,0,0,0,0
1607,C3D8,0.327085,0,0,0,0,0,0,0,0,0,0,0,0
1608,C3D8,0.327086,0,0,0,0,0,0,0,0,0,0,0,0
1609,C3D8,0.327085,0,0,0,0,0,0,0,0,0,0,0,0
1610,C3D8,0.327085,0,0,0,0,0,0,0,0,0,0,0,0
1611,C3D8,0.327086,0,0,0,0,0,0,0,0,0,0,0,0
1612,C3D8,0.327085,0,0,0,0,0,0,0,0,0,0,0,0
1613,C3D8,0.327085,0,0,0,0,0,0,0,0,0,0,0,0
1614,C3D8,0.327085,0,0,0,0,0,0,0,0,0,0,0,0
1615,C3D8,0.327086,0,0,0,0,0,0,0,0,0,0,0,0
1616,C3D8,0.327085,0,0,0,0,0,0,0,0,0,0,0,0
1617,C3D8,0.327085,0,0,0,0,0,0,0,0,0,0,0,0
1618,C3D8,0.327085,0,0,0,0,0,0,0,0,0,0,0,0
1619,C3D8,0.327086,0,0,0,0,0,0,0,0,0,0,0,0
1620,C3D8,0.327085,0,0,0,0,0,0,0,0,0,0,0,0
1621,C3D8,0.327085,0,0,0,0,0,0,0,0,0,0,0,0
1622,C3D8,0.327085,0,0,0,0,0,0,0,0,0,0,0,0
1623,C3D8,0.327086,0,0,0,0,0,0,0,0,0,0,0,0
1624,C3D8,0.327085,0,0,0,0,0,0,0,0,0,0,0,0
1625,C3D8,0.327085,0,0,0,0,0,0,0,0,0,0,0,0
1626,C3D8,0.327086,0,0,0,0,0,0,0,0,0,0,0,0
1627,C3D8,0.327085,0,0,0,0,0,0,0,0,0,0,0,0
1628,C3D8,0.327085,0,0,0,0,0,0,0,0,0,0,0,0
1629,C3D8,0.327085,0,0,0,0,0,0,0,0,0,0,0,0
1630,C3D8,0.327086,0,0,0,0,0,0,0,0,0,0,0,0
1631,C3D8,0.327085,0,0,0,0,0,0,0,0,0,0,0,0
1632,C3D8,0.327085,0,0,0,0,0,0,0,0,0,0,0,0
1633,C3D8,0.327085,0,0,0,0,0,0,0,0,0,0,0,0
1634,C3D8,0.327086,0,0,0,0,0,0,0,0,0,0,0,0
1635,C3D8,0.327085,0,0,0,0,0,0,0,0,0,0,0,0
1636,C3D8,0.327085,0,0,0,0,0,0,0,0,0,0,0,0
1637,C3D8,0.327085,0,0,0,0,0,0,0,0,0,0,0,0
1638,C3D8,0.327086,0,0,0,0,0,0,0,0,0,0,0,0
1639,C3D8,0.327084,0,0,0,0,0,0,0,0,0,0,0,0
1640,C3D8,0.327088,0,0,0,0,0,0,0,0,0,0,0,0
1641,C3D8,0.327085,0,0,0,0,0,0,0,0,0,0,0,0
1642,C3D8,0.327085,0,0,0,0,0,0,0,0,0,0,0,0
1643,C3D8,0.327085,0,0,0,0,0,0,0,0,0,0,0,0
1644,C3D8,0.327086,0,0,0,0,0,0,0,0,0,0,0,0
1645,C3D8,0.327085,0,0,0,0,0,0,0,0,0,0,0,0
1646,C3D8,0.327086,0,0,0,0,0,0,0,0,0,0,0,0
1647,C3D8,0.327085,0,0,0,0,0,0,0,0,0,0,0,0
1648,C3D8,0.327086,0,0,0,0,0,0,0,0,0,0,0,0
1649,C3D8,0.327085,0,0,0,0,0,0,0,0,0,0,0,0
1650,C3D8,0.327086,0,0,0,0,0,0,0,0,0,0,0,0
1651,C3D8,0.327085,0,0,0,0,0,0,0,0,0,0,0,0
1652,C3D8,0.327086,0,0,0,0,0,0,0,0,0,0,0,0
1653,C3D8,0.327085,0,0,0,0,0,0,0,0,0,0,0,0
1654,C3D8,0.327086,0,0,0,0,0,0,0,0,0,0,0,0
1655,C3D8,0.327085,0,0,0,0,0,0,0,0,0,0,0,0
1656,C3D8,0.327086,0,0,0,0,0,0,0,0,0,0,0,0
1657,C3D8,0.327085,0,0,0,0,0,0,0,0,0,0,0,0
1658,C3D8,0.327086,0,0,0,0,0,0,0,0,0,0,0,0
1659,C3D8,0.327085,0,0,0,0,0,0,0,0,0,0,0,0
1660,C3D8,0.327085,0,0,0,0,0,0,0,0,0,0,0,0
1661,C3D8,0.327086,0,0,0,0,0,0,0,0,0,0,0,0
1662,C3D8,0.327085,0,0,0,0,0,0,0,0,0,0,0,0
1663,C3D8,0.327085,0,0,0,0,0,0,0,0,0,0,0,0
1664,C3D8,0.327086,0,0,0,0,0,0,0,0,0,0,0,0
1665,C3D8,0.327085,0,0,0,0,0,0,0,0,0,0,0,0
1666,C3D8,0.327085,0,0,0,0,0,0,0,0,0,0,0,0
1667,C3D8,0.327085,0,0,0,0,0,0,0,0,0,0,0,0
1668,C3D8,0.327086,0,0,0,0,0,0,0,0,0,0,0,0
1669,C3D8,0.327085,0,0,0,0,0,0,0,0,0,0,0,0
1670,C3D8,0.327085,0,0,0,0,0,0,0,0,0,0,0,0
1671,C3D8,0.327085,0,0,0,0,0,0,0,0,0,0,0,0
1672,C3D8,0.327086,0,0,0,0,0,0,0,0,0,0,0,0
1673,C3D8,0.327085,0,0,0,0,0,0,0,0,0,0,0,0
1674,C3D8,0.327085,0,0,0,0,0,0,0,0,0,0,0,0
1675,C3D8,0.327085,0,0,0,0,0,0,0,0,0,0,0,0
1676,C3D8,0.327086,0,0,0,0,0,0,0,0,0,0,0,0
1677,C3D8,0.327085,0,0,0,0,0,0,0,0,0,0,0,0
1678,C3D8,0.327085,0,0,0,0,0,0,0,0,0,0,0,0
1679,C3D8,0.327086,0,0,0,0,0,0,0,0,0,0,0,0
1680,C3D8,0.327085,0,0,0,0,0,0,0,0,0,0,0,0
1681,C3D8,0.327085,0,0,0,0,0,0,0,0,0,0,0,0
1682,C3D8,0.327085,0,0,0,0,0,0,0,0,0,0,0,0
1683,C3D8,0.327086,0,0,0,0,0,0,0,0,0,0,0,0
1684,C3D8,0.327085,0,0,0,0,0,0,0,0,0,0,0,0
1685,C3D8,0.327085,0,0,0,0,0,0,0,0,0,0,0,0
1686,C3D8,0.327085,0,0,0,0,0,0,0,0,0,0,0,0
1687,C3D8,0.327086,0,0,0,0,0,0,0,0,0,0,0,0
1688,C3D8,0.327085,0,0,0,0,0,0,0,0,0,0,0,0
1689,C3D8,0.327085,0,0,0,0,0,0,0,0,0,0,0,0
1690,C3D8,0.327085,0,0,0,0,0,0,0,0,0,0,0,0
1691,C3D8,0.327086,0,0,0,0,0,0,0,0,0,0,0,0
1692,C3D8,0.327084,0,0,0,0,0,0,0,0,0,0,0,0
1693,C3D8,0.327088,0,0,0,0,0,0,0,0,0,0,0,0
1694,C3D8,0.327085,0,0,0,0,0,0,0,0,0,0,0,0
1695,C3D8,0.327085,0,0,0,0,0,0,0,0,0,0,0,0
1696,C3D8,0.327085,0,0,0,0,0,0,0,0,0,0,0,0
1697,C3D8,0.327085,0,0,0,0,0,0,0,0,0,0,0,0
1698,C3D8,0.327085,0,0,0,0,0,0,0,0,0,0,0,0
1699,C3D8,0.327085,0,0,0,0,0,0,0,0,0,0,0,0
1700,C3D8,0.327085,0,0,0,0,0,0,0,0,0,0,0,0
1701,C3D8,0.327085,0,0,0,0,0,0,0,0,0,0,0,0
1702,C3D8,0.327085,0,0,0,0,0,0,0,0,0,0,0,0
1703,C3D8,0.327085,0,0,0,0,0,0,0,0,0,0,0,0
1704,C3D8,0.327085,0,0,0,0,0,0,0,0,0,0,0,0
1705,C3D8,0.327085,0,0,0,0,0,0,0,0,0,0,0,0
1706,C3D8,0.327085,0,0,0,0,0,0,0,0,0,0,0,0
1707,C3D8,0.327085,0,0,0,0,0,0,0,0,0,0,0,0
1708,C3D8,0.327085,0,0,0,0,0,0,0,0,0,0,0,0
1709,C3D8,0.327085,0,0,0,0,0,0,0,0,0,0,0,0
1710,C3D8,0.327085,0,0,0,0,0,0,0,0,0,0,0,0
1711,C3D8,0.327085,0,0,0,0,0,0,0,0,0,0,0,0
1712,C3D8,0.327085,0,0,0,0,0,0,0,0,0,0,0,0
1713,C3D8,0.327085,0,0,0,0,0,0,0,0,0,0,0,0
1714,C3D8,0.327086,0,0,0,0,0,0,0,0,0,0,0,0
1715,C3D8,0.327085,0,0,0,0,0,0,0,0,0,0,0,0
1716,C3D8,0.327085,0,0,0,0,0,0,0,0,0,0,0,0
1717,C3D8,0.327086,0,0,0,0,0,0,0,0,0,0,0,0
1718,C3D8,0.327085,0,0,0,0,0,0,0,0,0,0,0,0
1719,C3D8,0.327085,0,0,0,0,0,0,0,0,0,0,0,0
1720,C3D8,0.327085,0,0,0,0,0,0,0,0,0,0,0,0
1721,C3D8,0.327086,0,0,0,0,0,0,0,0,0,0,0,0
1722,C3D8,0.327085,0,0,0,0,0,0,0,0,0,0,0,0
1723,C3D8,0.327085,0,0,0,0,0,0,0,0,0,0,0,0
1724,C3D8,0.327085,0,0,0,0,0,0,0,0,0,0,0,0
1725,C3D8,0.327086,0,0,0,0,0,0,0,0,0,0,0,0
1726,C3D8,0.327085,0,0,0,0,0,0,0,0,0,0,0,0
1727,C3D8,0.327085,0,0,0,0,0,0,0,0,0,0,0,0
1728,C3D8,0.327085,0,0,0,0,0,0,0,0,0,0,0,0
1729,C3D8,0.327086,0,0,0,0,0,0,0,0,0,0,0,0
1730,C3D8,0.327085,0,0,0,0,0,0,0,0,0,0,0,0
1731,C3D8,0.327085,0,0,0,0,0,0,0,0,0,0,0,0
1732,C3D8,0.327086,0,0,0,0,0,0,0,0,0,0,0,0
1733,C3D8,0.327085,0,0,0,0,0,0,0,0,0,0,0,0
1734,C3D8,0.327085,0,0,0,0,0,0,0,0,0,0,0,0
1735,C3D8,0.327085,0,0,0,0,0,0,0,0,0,0,0,0
1736,C3D8,0.327086,0,0,0,0,0,0,0,0,0,0,0,0
1737,C3D8,0.327085,0,0,0,0,0,0,0,0,0,0,0,0
1738,C3D8,0.327085,0,0,0,0,0,0,0,0,0,0,0,0
1739,C3D8,0.327085,0,0,0,0,0,0,0,0,0,0,0,0
1740,C3D8,0.327086,0,0,0,0,0,0,0,0,0,0,0,0
1741,C3D8,0.327085,0,0,0,0,0,0,0,0,0,0,0,0
1742,C3D8,0.327085,0,0,0,0,0,0,0,0,0,0,0,0
1743,C3D8,0.327085,0,0,0,0,0,0,0,0,0,0,0,0
1744,C3D8,0.327086,0,0,0,0,0,0,0,0,0,0,0,0
1745,C3D8,0.327084,0,0,0,0,0,0,0,0,0,0,0,0
1746,C3D8,0.327087,0,0,0,0,0,0,0,0,0,0,0,0
1747,C3D8,0.327085,0,0,0,0,0,0,0,0,0,0,0,0
1748,C3D8,0.327085,0,0,0,0,0,0,0,0,0,0,0,0
1749,C3D8,0.327085,0,0,0,0,0,0,0,0,0,0,0,0
1750,C3D8,0.327086,0,0,0,0,0,0,0,0,0,0,0,0
1751,C3D8,0.327085,0,0,0,0,0,0,0,0,0,0,0,0
1752,C3D8,0.327086,0,0,0,0,0,0,0,0,0,0,0,0
1753,C3D8,0.327085,0,0,0,0,0,0,0,0,0,0,0,0
1754,C3D8,0.327086,0,0,0,0,0,0,0,0,0,0,0,0
1755,C3D8,0.327085,0,0,0,0,0,0,0,0,0,0,0,0
1756,C3D8,0.327086,0,0,0,0,0,0,0,0,0,0,0,0
1757,C3D8,0.327085,0,0,0,0,0,0,0,0,0,0,0,0
1758,C3D8,0.327086,0,0,0,0,0,0,0,0,0,0,0,0
1759,C3D8,0.327085,0,0,0,0,0,0,0,0,0,0,0,0
1760,C3D8,0.327086,0,0,0,0,0,0,0,0,0,0,0,0
1761,C3D8,0.327085,0,0,0,0,0,0,0,0,0,0,0,0
1762,C3D8,0.327086,0,0,0,0,0,0,0,0,0,0,0,0
1763,C3D8,0.327085,0,0,0,0,0,0,0,0,0,0,0,0
1764,C3D8,0.327086,0,0,0,0,0,0,0,0,0,0,0,0
1765,C3D8,0.327085,0,0,0,0,0,0,0,0,0,0,0,0
1766,C3D8,0.327085,0,0,0,0,0,0,0,0,0,0,0,0
1767,C3D8,0.327086,0,0,0,0,0,0,0,0,0,0,0,0
1768,C3D8,0.327085,0,0,0,0,0,0,0,0,0,0,0,0
1769,C3D8,0.327085,0,0,0,0,0,0,0,0,0,0,0,0
1770,C3D8,0.327086,0,0,0,0,0,0,0,0,0,0,0,0
1771,C3D8,0.327085,0,0,0,0,0,0,0,0,0,0,0,0
1772,C3D8,0.327085,0,0,0,0,0,0,0,0,0,0,0,0
1773,C3D8,0.327085,0,0,0,0,0,0,0,0,0,0,0,0
1774,C3D8,0.327086,0,0,0,0,0,0,0,0,0,0,0,0
1775,C3D8,0.327085,0,0,0,0,0,0,0,0,0,0,0,0
1776,C3D8,0.327085,0,0,0,0,0,0,0,0,0,0,0,0
1777,C3D8,0.327085,0,0,0,0,0,0,0,0,0,0,0,0
1778,C3D8,0.327086,0,0,0,0,0,0,0,0,0,0,0,0
1779,C3D8,0.327085,0,0,0,0,0,0,0,0,0,0,0,0
1780,C3D8,0.327085,0,0,0,0,0,0,0,0,0,0,0,0
1781,C3D8,0.327085,0,0,0,0,0,0,0,0,0,0,0,0
1782,C3D8,0.327086,0,0,0,0,0,0,0,0,0,0,0,0
1783,C3D8,0.327085,0,0,0,0,0,0,0,0,0,0,0,0
1784,C3D8,0.327085,0,0,0,0,0,0,0,0,0,0,0,0
1785,C3D8,0.327086,0,0,0,0,0,0,0,0,0,0,0,0
1786,C3D8,0.327085,0,0,0,0,0,0,0,0,0,0,0,0
1787,C3D8,0.327085,0,0,0,0,0,0,0,0,0,0,0,0
1788,C3D8,0.327085,0,0,0,0,0,0,0,0,0,0,0,0
1789,C3D8,0.327086,0,0,0,0,0,0,0,0,0,0,0,0
1790,C3D8,0.327085,0,0,0,0,0,0,0,0,0,0,0,0
1791,C3D8,0.327085,0,0,0,0,0,0,0,0,0,0,0,0
1792,C3D8,0.327085,0,0,0,0,0,0,0,0,0,0,0,0
1793,C3D8,0.327086,0,0,0,0,0,0,0,0,0,0,0,0
1794,C3D8,0.327085,0,0,0,0,0,0,0,0,0,0,0,0
1795,C3D8,0.327085,0,0,0,0,0,0,0,0,0,0,0,0
1796,C3D8,0.327085,0,0,0,0,0,0,0,0,0,0,0,0
1797,C3D8,0.327086,0,0,0,0,0,0,0,0,0,0,0,0
1798,C3D8,0.327084,0,0,0,0,0,0,0,0,0,0,0,0
1799,C3D8,0.327088,0,0,0,0,0,0,0,0,0,0,0,0
1800,C3D8,0.327085,0,0,0,0,0,0,0,0,0,0,0,0
1801,C3D8,0.327085,0,0,0,0,0,0,0,0,0,0,0,0
1802,C3D8,0.327085,0,0,0,0,0,0,0,0,0,0,0,0
1803,C3D8,0.327085,0,0,0,0,0,0,0,0,0,0,0,0
1804,C3D8,0.327085,0,0,0,0,0,0,0,0,0,0,0,0
1805,C3D8,0.327085,0,0,0,0,0,0,0,0,0,0,0,0
1806,C3D8,0.327085,0,0,0,0,0,0,0,0,0,0,0,0
1807,C3D8,0.327085,0,0,0,0,0,0,0,0,0,0,0,0
1808,C3D8,0.327085,0,0,0,0,0,0,0,0,0,0,0,0
1809,C3D8,0.327085,0,0,0,0,0,0,0,0,0,0,0,0
1810,C3D8,0.327085,0,0,0,0,0,0,0,0,0,0,0,0
1811,C3D8,0.327085,0,0,0,0,0,0,0,0,0,0,0,0
1812,C3D8,0.327085,0,0,0,0,0,0,0,0,0,0,0,0
1813,C3D8,0.327085,0,0,0,0,0,0,0,0,0,0,0,0
1814,C3D8,0.327085,0,0,0,0,0,0,0,0,0,0,0,0
1815,C3D8,0.327085,0,0,0,0,0,0,0,0,0,0,0,0
1816,C3D8,0.327085,0,0,0,0,0,0,0,0,0,0,0,0
1817,C3D8,0.327085,0,0,0,0,0,0,0,0,0,0,0,0
1818,C3D8,0.327085,0,0,0,0,0,0,0,0,0,0,0,0
1819,C3D8,0.327085,0,0,0,0,0,0,0,0,0,0,0,0
1820,C3D8,0.327086,0,0,0,0,0,0,0,0,0,0,0,0
1821,C3D8,0.327085,0,0,0,0,0,0,0,0,0,0,0,0
1822,C3D8,0.327085,0,0,0,0,0,0,0,0,0,0,0,0
1823,C3D8,0.327086,0,0,0,0,0,0,0,0,0,0,0,0
1824,C3D8,0.327085,0,0,0,0,0,0,0,0,0,0,0,0
1825,C3D8,0.327085,0,0,0,0,0,0,0,0,0,0,0,0
1826,C3D8,0.327085,0,0,0,0,0,0,0,0,0,0,0,0
1827,C3D8,0.327086,0,0,0,0,0,0,0,0,0,0,0,0
1828,C3D8,0.327085,0,0,0,0,0,0,0,0,0,0,0,0
1829,C3D8,0.327085,0,0,0,0,0,0,0,0,0,0,0,0
1830,C3D8,0.327085,0,0,0,0,0,0,0,0,0,0,0,0
1831,C3D8,0.327086,0,0,0,0,0,0,0,0,0,0,0,0
1832,C3D8,0.327085,0,0,0,0,0,0,0,0,0,0,0,0
1833,C3D8,0.327085,0,0,0,0,0,0,0,0,0,0,0,0
1834,C3D8,0.327085,0,0,0,0,0,0,0,0,0,0,0,0
1835,C3D8,0.327086,0,0,0,0,0,0,0,0,0,0,0,0
1836,C3D8,0.327085,0,0,0,0,0,0,0,0,0,0,0,0
1837,C3D8,0.327085,0,0,0,0,0,0,0,0,0,0,0,0
1838,C3D8,0.327086,0,0,0,0,0,0,0,0,0,0,0,0
1839,C3D8,0.327085,0,0,0,0,0,0,0,0,0,0,0,0
1840,C3D8,0.327085,0,0,0,0,0,0,0,0,0,0,0,0
1841,C3D8,0.327085,0,0,0,0,0,0,0,0,0,0,0,0
1842,C3D8,0.327086,0,0,0,0,0,0,0,0,0,0,0,0
1843,C3D8,0.327085,0,0,0,0,0,0,0,0,0,0,0,0
1844,C3D8,0.327085,0,0,0,0,0,0,0,0,0,0,0,0
1845,C3D8,0.327085,0,0,0,0,0,0,0,0,0,0,0,0
1846,C3D8,0.327086,0,0,0,0,0,0,0,0,0,0,0,0
1847,C3D8,0.327085,0,0,0,0,0,0,0,0,0,0,0,0
1848,C3D8,0.327085,0,0,0,0,0,0,0,0,0,0,0,0
1849,C3D8,0.327085,0,0,0,0,0,0,0,0,0,0,0,0
1850,C3D8,0.327086,0,0,0,0,0,0,0,0,0,0,0,0
1851,C3D8,0.327084,0,0,0,0,0,0,0,0,0,0,0,0
1852,C3D8,0.327087,0,0,0,0,0,0,0,0,0,0,0,0
1853,C3D8,0.327085,0,0,0,0,0,0,0,0,0,0,0,0
1854,C3D8,0.327085,0,0,0,0,0,0,0,0,0,0,0,0
1855,C3D8,0.327085,0,0,0,0,0,0,0,0,0,0,0,0
1856,C3D8,0.327086,0,0,0,0,0,0,0,0,0,0,0,0
1857,C3D8,0.327086,0,0,0,0,0,0,0,0,0,0,0,0
1858,C3D8,0.327086,0,0,0,0,0,0,0,0,0,0,0,0
1859,C3D8,0.327085,0,0,0,0,0,0,0,0,0,0,0,0
1860,C3D8,0.327086,0,0,0,0,0,0,0,0,0,0,0,0
1861,C3D8,0.327086,0,0,0,0,0,0,0,0,0,0,0,0
1862,C3D8,0.327086,0,0,0,0,0,0,0,0,0,0,0,0
1863,C3D8,0.327086,0,0,0,0,0,0,0,0,0,0,0,0
1864,C3D8,0.327086,0,0,0,0,0,0,0,0,0,0,0,0
1865,C3D8,0.327086,0,0,0,0,0,0,0,0,0,0,0,0
1866,C3D8,0.327086,0,0,0,0,0,0,0,0,0,0,0,0
1867,C3D8,0.327085,0,0,0,0,0,0,0,0,0,0,0,0
1868,C3D8,0.327086,0,0,0,0,0,0,0,0,0,0,0,0
1869,C3D8,0.327086,0,0,0,0,0,0,0,0,0,0,0,0
1870,C3D8,0.327086,0,0,0,0,0,0,0,0,0,0,0,0
1871,C3D8,0.327086,0,0,0,0,0,0,0,0,0,0,0,0
1872,C3D8,0.327086,0,0,0,0,0,0,0,0,0,0,0,0
1873,C3D8,0.327087,0,0,0,0,0,0,0,0,0,0,0,0
1874,C3D8,0.327085,0,0,0,0,0,0,0,0,0,0,0,0
1875,C3D8,0.327086,0,0,0,0,0,0,0,0,0,0,0,0
1876,C3D8,0.327087,0,0,0,0,0,0,0,0,0,0,0,0
1877,C3D8,0.327086,0,0,0,0,0,0,0,0,0,0,0,0
1878,C3D8,0.327086,0,0,0,0,0,0,0,0,0,0,0,0
1879,C3D8,0.327086,0,0,0,0,0,0,0,0,0,0,0,0
1880,C3D8,0.327087,0,0,0,0,0,0,0,0,0,0,0,0
1881,C3D8,0.327086,0,0,0,0,0,0,0,0,0,0,0,0
1882,C3D8,0.327085,0,0,0,0,0,0,0,0,0,0,0,0
1883,C3D8,0.327086,0,0,0,0,0,0,0,0,0,0,0,0
1884,C3D8,0.327087,0,0,0,0,0,0,0,0,0,0,0,0
1885,C3D8,0.327086,0,0,0,0,0,0,0,0,0,0,0,0
1886,C3D8,0.327086,0,0,0,0,0,0,0,0,0,0,0,0
1887,C3D8,0.327086,0,0,0,0,0,0,0,0,0,0,0,0
1888,C3D8,0.327087,0,0,0,0,0,0,0,0,0,0,0,0
1889,C3D8,0.327086,0,0,0,0,0,0,0,0,0,0,0,0
1890,C3D8,0.327085,0,0,0,0,0,0,0,0,0,0,0,0
1891,C3D8,0.327087,0,0,0,0,0,0,0,0,0,0,0,0
1892,C3D8,0.327086,0,0,0,0,0,0,0,0,0,0,0,0
1893,C3D8,0.327086,0,0,0,0,0,0,0,0,0,0,0,0
1894,C3D8,0.327086,0,0,0,0,0,0,0,0,0,0,0,0
1895,C3D8,0.327087,0,0,0,0,0,0,0,0,0,0,0,0
1896,C3D8,0.327086,0,0,0,0,0,0,0,0,0,0,0,0
1897,C3D8,0.327085,0,0,0,0,0,0,0,0,0,0,0,0
1898,C3D8,0.327086,0,0,0,0,0,0,0,0,0,0,0,0
1899,C3D8,0.327087,0,0,0,0,0,0,0,0,0,0,0,0
1900,C3D8,0.327086,0,0,0,0,0,0,0,0,0,0,0,0
1901,C3D8,0.327086,0,0,0,0,0,0,0,0,0,0,0,0
1902,C3D8,0.327086,0,0,0,0,0,0,0,0,0,0,0,0
1903,C3D8,0.327087,0,0,0,0,0,0,0,0,0,0,0,0
1904,C3D8,0.327084,0,0,0,0,0,0,0,0,0,0,0,0
1905,C3D8,0.327088,0,0,0,0,0,0,0,0,0,0,0,0
1906,C3D8,0.327085,0,0,0,0,0,0,0,0,0,0,0,0
1907,C3D8,0.327086,0,0,0,0,0,0,0,0,0,0,0,0
1908,C3D8,0.327086,0,0,0,0,0,0,0,0,0,0,0,0
1909,C3D8,0.327085,0,0,0,0,0,0,0,0,0,0,0,0
1910,C3D8,0.327085,0,0,0,0,0,0,0,0,0,0,0,0
1911,C3D8,0.327085,0,0,0,0,0,0,0,0,0,0,0,0
1912,C3D8,0.327085,0,0,0,0,0,0,0,0,0,0,0,0
1913,C3D8,0.327085,0,0,0,0,0,0,0,0,0,0,0,0
1914,C3D8,0.327085,0,0,0,0,0,0,0,0,0,0,0,0
1915,C3D8,0.327085,0,0,0,0,0,0,0,0,0,0,0,0
1916,C3D8,0.327085,0,0,0,0,0,0,0,0,0,0,0,0
1917,C3D8,0.327085,0,0,0,0,0,0,0,0,0,0,0,0
1918,C3D8,0.327085,0,0,0,0,0,0,0,0,0,0,0,0
1919,C3D8,0.327085,0,0,0,0,0,0,0,0,0,0,0,0
1920,C3D8,0.327085,0,0,0,0,0,0,0,0,0,0,0,0
1921,C3D8,0.327085,0,0,0,0,0,0,0,0,0,0,0,0
1922,C3D8,0.327085,0,0,0,0,0,0,0,0,0,0,0,0
1923,C3D8,0.327085,0,0,0,0,0,0,0,0,0,0,0,0
1924,C3D8,0.327085,0,0,0,0,0,0,0,0,0,0,0,0
1925,C3D8,0.327085,0,0,0,0,0,0,0,0,0,0,0,0
1926,C3D8,0.327086,0,0,0,0,0,0,0,0,0,0,0,0
1927,C3D8,0.327085,0,0,0,0,0,0,0,0,0,0,0,0
1928,C3D8,0.327085,0,0,0,0,0,0,0,0,0,0,0,0
1929,C3D8,0.327086,0,0,0,0,0,0,0,0,0,0,0,0
1930,C3D8,0.327085,0,0,0,0,0,0,0,0,0,0,0,0
1931,C3D8,0.327085,0,0,0,0,0,0,0,0,0,0,0,0
1932,C3D8,0.327085,0,0,0,0,0,0,0,0,0,0,0,0
1933,C3D8,0.327086,0,0,0,0,0,0,0,0,0,0,0,0
1934,C3D8,0.327085,0,0,0,0,0,0,0,0,0,0,0,0
1935,C3D8,0.327085,0,0,0,0,0,0,0,0,0,0,0,0
1936,C3D8,0.327085,0,0,0,0,0,0,0,0,0,0,0,0
1937,C3D8,0.327086,0,0,0,0,0,0,0,0,0,0,0,0
1938,C3D8,0.327085,0,0,0,0,0,0,0,0,0,0,0,0
1939,C3D8,0.327085,0,0,0,0,0,0,0,0,0,0,0,0
1940,C3D8,0.327085,0,0,0,0,0,0,0,0,0,0,0,0
1941,C3D8,0.327086,0,0,0,0,0,0,0,0,0,0,0,0
1942,C3D8,0.327085,0,0,0,0,0,0,0,0,0,0,0,0
1943,C3D8,0.327085,0,0,0,0,0,0,0,0,0,0,0,0
1944,C3D8,0.327086,0,0,0,0,0,0,0,0,0,0,0,0
1945,C3D8,0.327085,0,0,0,0,0,0,0,0,0,0,0,0
1946,C3D8,0.327085,0,0,0,0,0,0,0,0,0,0,0,0
1947,C3D8,0.327085,0,0,0,0,0,0,0,0,0,0,0,0
1948,C3D8,0.327086,0,0,0,0,0,0,0,0,0,0,0,0
1949,C3D8,0.327085,0,0,0,0,0,0,0,0,0,0,0,0
1950,C3D8,0.327085,0,0,0,0,0,0,0,0,0,0,0,0
1951,C3D8,0.327085,0,0,0,0,0,0,0,0,0,0,0,0
1952,C3D8,0.327086,0,0,0,0,0,0,0,0,0,0,0,0
1953,C3D8,0.327085,0,0,0,0,0,0,0,0,0,0,0,0
1954,C3D8,0.327085,0,0,0,0,0,0,0,0,0,0,0,0
1955,C3D8,0.327085,0,0,0,0,0,0,0,0,0,0,0,0
1956,C3D8,0.327086,0,0,0,0,0,0,0,0,0,0,0,0
1957,C3D8,0.327084,0,0,0,0,0,0,0,0,0,0,0,0
1958,C3D8,0.327087,0,0,0,0,0,0,0,0,0,0,0,0
1959,C3D8,0.327085,0,0,0,0,0,0,0,0,0,0,0,0
1960,C3D8,0.327085,0,0,0,0,0,0,0,0,0,0,0,0
1961,C3D8,0.327085,0,0,0,0,0,0,0,0,0,0,0,0
1962,C3D8,0.327085,0,0,0,0,0,0,0,0,0,0,0,0
1963,C3D8,0.327085,0,0,0,0,0,0,0,0,0,0,0,0
1964,C3D8,0.327085,0,0,0,0,0,0,0,0,0,0,0,0
1965,C3D8,0.327085,0,0,0,0,0,0,0,0,0,0,0,0
1966,C3D8,0.327085,0,0,0,0,0,0,0,0,0,0,0,0
1967,C3D8,0.327085,0,0,0,0,0,0,0,0,0,0,0,0
1968,C3D8,0.327085,0,0,0,0,0,0,0,0,0,0,0,0
1969,C3D8,0.327085,0,0,0,0,0,0,0,0,0,0,0,0
1970,C3D8,0.327085,0,0,0,0,0,0,0,0,0,0,0,0
1971,C3D8,0.327085,0,0,0,0,0,0,0,0,0,0,0,0
1972,C3D8,0.327085,0,0,0,0,0,0,0,0,0,0,0,0
1973,C3D8,0.327085,0,0,0,0,0,0,0,0,0,0,0,0
1974,C3D8,0.327085,0,0,0,0,0,0,0,0,0,0,0,0
1975,C3D8,0.327085,0,0,0,0,0,0,0,0,0,0,0,0
1976,C3D8,0.327085,0,0,0,0,0,0,0,0,0,0,0,0
1977,C3D8,0.327085,0,0,0,0,0,0,0,0,0,0,0,0
1978,C3D8,0.327085,0,0,0,0,0,0,0,0,0,0,0,0
1979,C3D8,0.327086,0,0,0,0,0,0,0,0,0,0,0,0
1980,C3D8,0.327085,0,0,0,0,0,0,0,0,0,0,0,0
1981,C3D8,0.327085,0,0,0,0,0,0,0,0,0,0,0,0
1982,C3D8,0.327086,0,0,0,0,0,0,0,0,0,0,0,0
1983,C3D8,0.327085,0,0,0,0,0,0,0,0,0,0,0,0
1984,C3D8,0.327085,0,0,0,0,0,0,0,0,0,0,0,0
1985,C3D8,0.327085,0,0,0,0,0,0,0,0,0,0,0,0
1986,C3D8,0.327086,0,0,0,0,0,0,0,0,0,0,0,0
1987,C3D8,0.327085,0,0,0,0,0,0,0,0,0,0,0,0
1988,C3D8,0.327085,0,0,0,0,0,0,0,0,0,0,0,0
1989,C3D8,0.327085,0,0,0,0,0,0,0,0,0,0,0,0
1990,C3D8,0.327086,0,0,0,0,0,0,0,0,0,0,0,0
1991,C3D8,0.327085,0,0,0,0,0,0,0,0,0,0,0,0
1992,C3D8,0.327085,0,0,0,0,0,0,0,0,0,0,0,0
1993,C3D8,0.327085,0,0,0,0,0,0,0,0,0,0,0,0
1994,C3D8,0.327086,0,0,0,0,0,0,0,0,0,0,0,0
1995,C3D8,0.327085,0,0,0,0,0,0,0,0,0,0,0,0
1996,C3D8,0.327085,0,0,0,0,0,0,0,0,0,0,0,0
1997,C3D8,0.327086,0,0,0,0,0,0,0,0,0,0,0,0
1998,C3D8,0.327085,0,0,0,0,0,0,0,0,0,0,0,0
1999,C3D8,0.327085,0,0,0,0,0,0,0,0,0,0,0,0
2000,C3D8,0.327085,0,0,0,0,0,0,0,0,0,0,0,0
2001,C3D8,0.327086,0,0,0,0,0,0,0,0,0,0,0,0
2002,C3D8,0.327085,0,0,0,0,0,0,0,0,0,0,0,0
2003,C3D8,0.327085,0,0,0,0,0,0,0,0,0,0,0,0
2004,C3D8,0.327085,0,0,0,0,0,0,0,0,0,0,0,0
2005,C3D8,0.327086,0,0,0,0,0,0,0,0,0,0,0,0
2006,C3D8,0.327085,0,0,0,0,0,0,0,0,0,0,0,0
2007,C3D8,0.327085,0,0,0,0,0,0,0,0,0,0,0,0
2008,C3D8,0.327085,0,0,0,0,0,0,0,0,0,0,0,0
2009,C3D8,0.327086,0,0,0,0,0,0,0,0,0,0,0,0
2010,C3D8,0.327084,0,0,0,0,0,0,0,0,0,0,0,0
2011,C3D8,0.327087,0,0,0,0,0,0,0,0,0,0,0,0
2012,C3D8,0.327085,0,0,0,0,0,0,0,0,0,0,0,0
2013,C3D8,0.327085,0,0,0,0,0,0,0,0,0,0,0,0
2014,C3D8,0.327085,0,0,0,0,0,0,0,0,0,0,0,0
2015,C3D8,0.327086,0,0,0,0,0,0,0,0,0,0,0,0
2016,C3D8,0.327085,0,0,0,0,0,0,0,0,0,0,0,0
2017,C3D8,0.327086,0,0,0,0,0,0,0,0,0,0,0,0
2018,C3D8,0.327085,0,0,0,0,0,0,0,0,0,0,0,0
2019,C3D8,0.327086,0,0,0,0,0,0,0,0,0,0,0,0
2020,C3D8,0.327085,0,0,0,0,0,0,0,0,0,0,0,0
2021,C3D8,0.327086,0,0,0,0,0,0,0,0,0,0,0,0
2022,C3D8,0.327085,0,0,0,0,0,0,0,0,0,0,0,0
2023,C3D8,0.327086,0,0,0,0,0,0,0,0,0,0,0,0
2024,C3D8,0.327085,0,0,0,0,0,0,0,0,0,0,0,0
2025,C3D8,0.327086,0,0,0,0,0,0,0,0,0,0,0,0
2026,C3D8,0.327085,0,0,0,0,0,0,0,0,0,0,0,0
2027,C3D8,0.327086,0,0,0,0,0,0,0,0,0,0,0,0
2028,C3D8,0.327085,0,0,0,0,0,0,0,0,0,0,0,0
2029,C3D8,0.327086,0,0,0,0,0,0,0,0,0,0,0,0
2030,C3D8,0.327085,0,0,0,0,0,0,0,0,0,0,0,0
2031,C3D8,0.327085,0,0,0,0,0,0,0,0,0,0,0,0
2032,C3D8,0.327086,0,0,0,0,0,0,0,0,0,0,0,0
2033,C3D8,0.327085,0,0,0,0,0,0,0,0,0,0,0,0
2034,C3D8,0.327085,0,0,0,0,0,0,0,0,0,0,0,0
2035,C3D8,0.327086,0,0,0,0,0,0,0,0,0,0,0,0
2036,C3D8,0.327085,0,0,0,0,0,0,0,0,0,0,0,0
2037,C3D8,0.327085,0,0,0,0,0,0,0,0,0,0,0,0
2038,C3D8,0.327085,0,0,0,0,0,0,0,0,0,0,0,0
2039,C3D8,0.327086,0,0,0,0,0,0,0,0,0,0,0,0
2040,C3D8,0.327085,0,0,0,0,0,0,0,0,0,0,0,0
2041,C3D8,0.327085,0,0,0,0,0,0,0,0,0,0,0,0
2042,C3D8,0.327085,0,0,0,0,0,0,0,0,0,0,0,0
2043,C3D8,0.327086,0,0,0,0,0,0,0,0,0,0,0,0
2044,C3D8,0.327085,0,0,0,0,0,0,0,0,0,0,0,0
2045,C3D8,0.327085,0,0,0,0,0,0,0,0,0,0,0,0
2046,C3D8,0.327085,0,0,0,0,0,0,0,0,0,0,0,0
2047,C3D8,0.327086,0,0,0,0,0,0,0,0,0,0,0,0
2048,C3D8,0.327085,0,0,0,0,0,0,0,0,0,0,0,0
2049,C3D8,0.327085,0,0,0,0,0,0,0,0,0,0,0,0
2050,C3D8,0.327086,0,0,0,0,0,0,0,0,0,0,0,0
2051,C3D8,0.327085,0,0,0,0,0,0,0,0,0,0,0,0
2052,C3D8,0.327085,0,0,0,0,0,0,0,0,0,0,0,0
2053,C3D8,0.327085,0,0,0,0,0,0,0,0,0,0,0,0
2054,C3D8,0.327086,0,0,0,0,0,0,0,0,0,0,0,0
2055,C3D8,0.327085,0,0,0,0,0,0,0,0,0,0,0,0
2056,C3D8,0.327085,0,0,0,0,0,0,0,0,0,0,0,0
2057,C3D8,0.327085,0,0,0,0,0,0,0,0,0,0,0,0
2058,C3D8,0.327086,0,0,0,0,0,0,0,0,0,0,0,0
2059,C3D8,0.327085,0,0,0,0,0,0,0,0,0,0,0,0
2060,C3D8,0.327085,0,0,0,0,0,0,0,0,0,0,0,0
2061,C3D8,0.327085,0,0,0,0,0,0,0,0,0,0,0,0
2062,C3D8,0.327086,0,0,0,0,0,0,0,0,0,0,0,0
2063,C3D8,0.327084,0,0,0,0,0,0,0,0,0,0,0,0
2064,C3D8,0.327088,0,0,0,0,0,0,0,0,0,0,0,0
2065,C3D8,0.327085,0,0,0,0,0,0,0,0,0,0,0,0
2066,C3D8,0.327085,0,0,0,0,0,0,0,0,0,0,0,0
2067,C3D8,0.327085,0,0,0,0,0,0,0,0,0,0,0,0
2068,C3D8,0.327086,0,0,0,0,0,0,0,0,0,0,0,0
2069,C3D8,0.327085,0,0,0,0,0,0,0,0,0,0,0,0
2070,C3D8,0.327086,0,0,0,0,0,0,0,0,0,0,0,0
2071,C3D8,0.327085,0,0,0,0,0,0,0,0,0,0,0,0
2072,C3D8,0.327086,0,0,0,0,0,0,0,0,0,0,0,0
2073,C3D8,0.327085,0,0,0,0,0,0,0,0,0,0,0,0
2074,C3D8,0.327086,0,0,0,0,0,0,0,0,0,0,0,0
2075,C3D8,0.327085,0,0,0,0,0,0,0,0,0,0,0,0
2076,C3D8,0.327086,0,0,0,0,0,0,0,0,0,0,0,0
2077,C3D8,0.327085,0,0,0,0,0,0,0,0,0,0,0,0
2078,C3D8,0.327086,0,0,0,0,0,0,0,0,0,0,0,0
2079,C3D8,0.327085,0,0,0,0,0,0,0,0,0,0,0,0
2080,C3D8,0.327086,0,0,0,0,0,0,0,0,0,0,0,0
2081,C3D8,0.327085,0,0,0,0,0,0,0,0,0,0,0,0
2082,C3D8,0.327086,0,0,0,0,0,0,0,0,0,0,0,0
2083,C3D8,0.327085,0,0,0,0,0,0,0,0,0,0,0,0
2084,C3D8,0.327085,0,0,0,0,0,0,0,0,0,0,0,0
2085,C3D8,0.327086,0,0,0,0,0,0,0,0,0,0,0,0
2086,C3D8,0.327085,0,0,0,0,0,0,0,0,0,0,0,0
2087,C3D8,0.327085,0,0,0,0,0,0,0,0,0,0,0,0
2088,C3D8,0.327086,0,0,0,0,0,0,0,0,0,0,0,0
2089,C3D8,0.327085,0,0,0,0,0,0,0,0,0,0,0,0
2090,C3D8,0.327085,0,0,0,0,0,0,0,0,0,0,0,0
2091,C3D8,0.327085,0,0,0,0,0,0,0,0,0,0,0,0
2092,C3D8,0.327086,0,0,0,0,0,0,0,0,0,0,0,0
2093,C3D8,0.327085,0,0,0,0,0,0,0,0,0,0,0,0
2094,C3D8,0.327085,0,0,0,0,0,0,0,0,0,0,0,0
2095,C3D8,0.327085,0,0,0,0,0,0,0,0,0,0,0,0
2096,C3D8,0.327086,0,0,0,0,0,0,0,0,0,0,0,0
2097,C3D8,0.327085,0,0,0,0,0,0,0,0,0,0,0,0
2098,C3D8,0.327085,0,0,0,0,0,0,0,0,0,0,0,0
2099,C3D8,0.327085,0,0,0,0,0,0,0,0,0,0,0,0
2100,C3D8,0.327086,0,0,0,0,0,0,0,0,0,0,0,0
2101,C3D8,0.327085,0,0,0,0,0,0,0,0,0,0,0,0
2102,C3D8,0.327085,0,0,0,0,0,0,0,0,0,0,0,0
2103,C3D8,0.327086,0,0,0,0,0,0,0,0,0,0,0,0
2104,C3D8,0.327085,0,0,0,0,0,0,0,0,0,0,0,0
2105,C3D8,0.327085,0,0,0,0,0,0,0,0,0,0,0,0
2106,C3D8,0.327085,0,0,0,0,0,0,0,0,0,0,0,0
2107,C3D8,0.327086,0,0,0,0,0,0,0,0,0,0,0,0
2108,C3D8,0.327085,0,0,0,0,0,0,0,0,0,0,0,0
2109,C3D8,0.327085,0,0,0,0,0,0,0,0,0,0,0,0
2110,C3D8,0.327085,0,0,0,0,0,0,0,0,0,0,0,0
2111,C3D8,0.327086,0,0,0,0,0,0,0,0,0,0,0,0
2112,C3D8,0.327085,0,0,0,0,0,0,0,0,0,0,0,0
2113,C3D8,0.327085,0,0,0,0,0,0,0,0,0,0,0,0
2114,C3D8,0.327085,0,0,0,0,0,0,0,0,0,0,0,0
2115,C3D8,0.327086,0,0,0,0,0,0,0,0,0,0,0,0
2116,C3D8,0.327084,0,0,0,0,0,0,0,0,0,0,0,0
2117,C3D8,0.327088,0,0,0,0,0,0,0,0,0,0,0,0
2118,C3D8,0.327085,0,0,0,0,0,0,0,0,0,0,0,0
2119,C3D8,0.327085,0,0,0,0,0,0,0,0,0,0,0,0
2120,C3D8,0.327085,0,0,0,0,0,0,0,0,0,0,0,0
2121,C3D8,0.327086,0,0,0,0,0,0,0,0,0,0,0,0
2122,C3D8,0.327085,0,0,0,0,0,0,0,0,0,0,0,0
2123,C3D8,0.327086,0,0,0,0,0,0,0,0,0,0,0,0
2124,C3D8,0.327085,0,0,0,0,0,0,0,0,0,0,0,0
2125,C3D8,0.327086,0,0,0,0,0,0,0,0,0,0,0,0
2126,C3D8,0.327085,0,0,0,0,0,0,0,0,0,0,0,0
2127,C3D8,0.327086,0,0,0,0,0,0,0,0,0,0,0,0
2128,C3D8,0.327085,0,0,0,0,0,0,0,0,0,0,0,0
2129,C3D8,0.327086,0,0,0,0,0,0,0,0,0,0,0,0
2130,C3D8,0.327085,0,0,0,0,0,0,0,0,0,0,0,0
2131,C3D8,0.327086,0,0,0,0,0,0,0,0,0,0,0,0
2132,C3D8,0.327085,0,0,0,0,0,0,0,0,0,0,0,0
2133,C3D8,0.327086,0,0,0,0,0,0,0,0,0,0,0,0
2134,C3D8,0.327085,0,0,0,0,0,0,0,0,0,0,0,0
2135,C3D8,0.327086,0,0,0,0,0,0,0,0,0,0,0,0
2136,C3D8,0.327085,0,0,0,0,0,0,0,0,0,0,0,0
2137,C3D8,0.327085,0,0,0,0,0,0,0,0,0,0,0,0
2138,C3D8,0.327086,0,0,0,0,0,0,0,0,0,0,0,0
2139,C3D8,0.327085,0,0,0,0,0,0,0,0,0,0,0,0
2140,C3D8,0.327085,0,0,0,0,0,0,0,0,0,0,0,0
2141,C3D8,0.327086,0,0,0,0,0,0,0,0,0,0,0,0
2142,C3D8,0.327085,0,0,0,0,0,0,0,0,0,0,0,0
2143,C3D8,0.327085,0,0,0,0,0,0,0,0,0,0,0,0
2144,C3D8,0.327085,0,0,0,0,0,0,0,0,0,0,0,0
2145,C3D8,0.327086,0,0,0,0,0,0,0,0,0,0,0,0
2146,C3D8,0.327085,0,0,0,0,0,0,0,0,0,0,0,0
2147,C3D8,0.327085,0,0,0,0,0,0,0,0,0,0,0,0
2148,C3D8,0.327085,0,0,0,0,0,0,0,0,0,0,0,0
2149,C3D8,0.327086,0,0,0,0,0,0,0,0,0,0,0,0
2150,C3D8,0.327085,0,0,0,0,0,0,0,0,0,0,0,0
2151,C3D8,0.327085,0,0,0,0,0,0,0,0,0,0,0,0
2152,C3D8,0.327085,0,0,0,0,0,0,0,0,0,0,0,0
2153,C3D8,0.327086,0,0,0,0,0,0,0,0,0,0,0,0
2154,C3D8,0.327085,0,0,0,0,0,0,0,0,0,0,0,0
2155,C3D8,0.327085,0,0,0,0,0,0,0,0,0,0,0,0
2156,C3D8,0.327086,0,0,0,0,0,0,0,0,0,0,0,0
2157,C3D8,0.327085,0,0,0,0,0,0,0,0,0,0,0,0
2158,C3D8,0.327085,0,0,0,0,0,0,0,0,0,0,0,0
2159,C3D8,0.327085,0,0,0,0,0,0,0,0,0,0,0,0
2160,C3D8,0.327086,0,0,0,0,0,0,0,0,0,0,0,0
2161,C3D8,0.327085,0,0,0,0,0,0,0,0,0,0,0,0
2162,C3D8,0.327085,0,0,0,0,0,0,0,0,0,0,0,0
2163,C3D8,0.327085,0,0,0,0,0,0,0,0,0,0,0,0
2164,C3D8,0.327086,0,0,0,0,0,0,0,0,0,0,0,0
2165,C3D8,0.327085,0,0,0,0,0,0,0,0,0,0,0,0
2166,C3D8,0.327085,0,0,0,0,0,0,0,0,0,0,0,0
2167,C3D8,0.327085,0,0,0,0,0,0,0,0,0,0,0,0
2168,C3D8,0.327086,0,0,0,0,0,0,0,0,0,0,0,0
2169,C3D8,0.327084,0,0,0,0,0,0,0,0,0,0,0,0
2170,C3D8,0.327088,0,0,0,0,0,0,0,0,0,0,0,0
2171,C3D8,0.327085,0,0,0,0,0,0,0,0,0,0,0,0
2172,C3D8,0.327085,0,0,0,0,0,0,0,0,0,0,0,0
2173,C3D8,0.327085,0,0,0,0,0,0,0,0,0,0,0,0
2174,C3D8,0.327086,0,0,0,0,0,0,0,0,0,0,0,0
2175,C3D8,0.327085,0,0,0,0,0,0,0,0,0,0,0,0
2176,C3D8,0.327086,0,0,0,0,0,0,0,0,0,0,0,0
2177,C3D8,0.327085,0,0,0,0,0,0,0,0,0,0,0,0
2178,C3D8,0.327086,0,0,0,0,0,0,0,0,0,0,0,0
2179,C3D8,0.327085,0,0,0,0,0,0,0,0,0,0,0,0
2180,C3D8,0.327086,0,0,0,0,0,0,0,0,0,0,0,0
2181,C3D8,0.327085,0,0,0,0,0,0,0,0,0,0,0,0
2182,C3D8,0.327086,0,0,0,0,0,0,0,0,0,0,0,0
2183,C3D8,0.327085,0,0,0,0,0,0,0,0,0,0,0,0
2184,C3D8,0.327086,0,0,0,0,0,0,0,0,0,0,0,0
2185,C3D8,0.327085,0,0,0,0,0,0,0,0,0,0,0,0
2186,C3D8,0.327086,0,0,0,0,0,0,0,0,0,0,0,0
2187,C3D8,0.327085,0,0,0,0,0,0,0,0,0,0,0,0
2188,C3D8,0.327086,0,0,0,0,0,0,0,0,0,0,0,0
2189,C3D8,0.327085,0,0,0,0,0,0,0,0,0,0,0,0
2190,C3D8,0.327085,0,0,0,0,0,0,0,0,0,0,0,0
2191,C3D8,0.327086,0,0,0,0,0,0,0,0,0,0,0,0
2192,C3D8,0.327085,0,0,0,0,0,0,0,0,0,0,0,0
2193,C3D8,0.327085,0,0,0,0,0,0,0,0,0,0,0,0
2194,C3D8,0.327086,0,0,0,0,0,0,0,0,0,0,0,0
2195,C3D8,0.327085,0,0,0,0,0,0,0,0,0,0,0,0
2196,C3D8,0.327085,0,0,0,0,0,0,0,0,0,0,0,0
2197,C3D8,0.327085,0,0,0,0,0,0,0,0,0,0,0,0
2198,C3D8,0.327086,0,0,0,0,0,0,0,0,0,0,0,0
2199,C3D8,0.327085,0,0,0,0,0,0,0,0,0,0,0,0
2200,C3D8,0.327085,0,0,0,0,0,0,0,0,0,0,0,0
2201,C3D8,0.327085,0,0,0,0,0,0,0,0,0,0,0,0
2202,C3D8,0.327086,0,0,0,0,0,0,0,0,0,0,0,0
2203,C3D8,0.327085,0,0,0,0,0,0,0,0,0,0,0,0
2204,C3D8,0.327085,0,0,0,0,0,0,0,0,0,0,0,0
2205,C3D8,0.327085,0,0,0,0,0,0,0,0,0,0,0,0
2206,C3D8,0.327086,0,0,0,0,0,0,0,0,0,0,0,0
2207,C3D8,0.327085,0,0,0,0,0,0,0,0,0,0,0,0
2208,C3D8,0.327085,0,0,0,0,0,0,0,0,0,0,0,0
2209,C3D8,0.327086,0,0,0,0,0,0,0,0,0,0,0,0
2210,C3D8,0.327085,0,0,0,0,0,0,0,0,0,0,0,0
2211,C3D8,0.327085,0,0,0,0,0,0,0,0,0,0,0,0
2212,C3D8,0.327085,0,0,0,0,0,0,0,0,0,0,0,0
2213,C3D8,0.327086,0,0,0,0,0,0,0,0,0,0,0,0
2214,C3D8,0.327085,0,0,0,0,0,0,0,0,0,0,0,0
2215,C3D8,0.327085,0,0,0,0,0,0,0,0,0,0,0,0
2216,C3D8,0.327085,0,0,0,0,0,0,0,0,0,0,0,0
2217,C3D8,0.327086,0,0,0,0,0,0,0,0,0,0,0,0
2218,C3D8,0.327085,0,0,0,0,0,0,0,0,0,0,0,0
2219,C3D8,0.327085,0,0,0,0,0,0,0,0,0,0,0,0
2220,C3D8,0.327085,0,0,0,0,0,0,0,0,0,0,0,0
2221,C3D8,0.327086,0,0,0,0,0,0,0,0,0,0,0,0
2222,C3D8,0.327084,0,0,0,0,0,0,0,0,0,0,0,0
2223,C3D8,0.327088,0,0,0,0,0,0,0,0,0,0,0,0
2224,C3D8,0.327085,0,0,0,0,0,0,0,0,0,0,0,0
2225,C3D8,0.327085,0,0,0,0,0,0,0,0,0,0,0,0
2226,C3D8,0.327085,0,0,0,0,0,0,0,0,0,0,0,0
2227,C3D8,0.327086,0,0,0,0,0,0,0,0,0,0,0,0
2228,C3D8,0.327085,0,0,0,0,0,0,0,0,0,0,0,0
2229,C3D8,0.327086,0,0,0,0,0,0,0,0,0,0,0,0
2230,C3D8,0.327085,0,0,0,0,0,0,0,0,0,0,0,0
2231,C3D8,0.327086,0,0,0,0,0,0,0,0,0,0,0,0
2232,C3D8,0.327085,0,0,0,0,0,0,0,0,0,0,0,0
2233,C3D8,0.327086,0,0,0,0,0,0,0,0,0,0,0,0
2234,C3D8,0.327085,0,0,0,0,0,0,0,0,0,0,0,0
2235,C3D8,0.327086,0,0,0,0,0,0,0,0,0,0,0,0
2236,C3D8,0.327085,0,0,0,0,0,0,0,0,0,0,0,0
2237,C3D8,0.327086,0,0,0,0,0,0,0,0,0,0,0,0
2238,C3D8,0.327085,0,0,0,0,0,0,0,0,0,0,0,0
2239,C3D8,0.327086,0,0,0,0,0,0,0,0,0,0,0,0
2240,C3D8,0.327085,0,0,0,0,0,0,0,0,0,0,0,0
2241,C3D8,0.327086,0,0,0,0,0,0,0,0,0,0,0,0
2242,C3D8,0.327085,0,0,0,0,0,0,0,0,0,0,0,0
2243,C3D8,0.327085,0,0,0,0,0,0,0,0,0,0,0,0
2244,C3D8,0.327086,0,0,0,0,0,0,0,0,0,0,0,0
2245,C3D8,0.327085,0,0,0,0,0,0,0,0,0,0,0,0
2246,C3D8,0.327085,0,0,0,0,0,0,0,0,0,0,0,0
2247,C3D8,0.327086,0,0,0,0,0,0,0,0,0,0,0,0
2248,C3D8,0.327085,0,0,0,0,0,0,0,0,0,0,0,0
2249,C3D8,0.327085,0,0,0,0,0,0,0,0,0,0,0,0
2250,C3D8,0.327085,0,0,0,0,0,0,0,0,0,0,0,0
2251,C3D8,0.327086,0,0,0,0,0,0,0,0,0,0,0,0
2252,C3D8,0.327085,0,0,0,0,0,0,0,0,0,0,0,0
2253,C3D8,0.327085,0,0,0,0,0,0,0,0,0,0,0,0
2254,C3D8,0.327085,0,0,0,0,0,0,0,0,0,0,0,0
2255,C3D8,0.327086,0,0,0,0,0,0,0,0,0,0,0,0
2256,C3D8,0.327085,0,0,0,0,0,0,0,0,0,0,0,0
2257,C3D8,0.327085,0,0,0,0,0,0,0,0,0,0,0,0
2258,C3D8,0.327085,0,0,0,0,0,0,0,0,0,0,0,0
2259,C3D8,0.327086,0,0,0,0,0,0,0,0,0,0,0,0
2260,C3D8,0.327085,0,0,0,0,0,0,0,0,0,0,0,0
2261,C3D8,0.327085,0,0,0,0,0,0,0,0,0,0,0,0
2262,C3D8,0.327086,0,0,0,0,0,0,0,0,0,0,0,0
2263,C3D8,0.327085,0,0,0,0,0,0,0,0,0,0,0,0
2264,C3D8,0.327085,0,0,0,0,0,0,0,0,0,0,0,0
2265,C3D8,0.327085,0,0,0,0,0,0,0,0,0,0,0,0
2266,C3D8,0.327086,0,0,0,0,0,0,0,0,0,0,0,0
2267,C3D8,0.327085,0,0,0,0,0,0,0,0,0,0,0,0
2268,C3D8,0.327085,0,0,0,0,0,0,0,0,0,0,0,0
2269,C3D8,0.327085,0,0,0,0,0,0,0,0,0,0,0,0
2270,C3D8,0.327086,0,0,0,0,0,0,0,0,0,0,0,0
2271,C3D8,0.327085,0,0,0,0,0,0,0,0,0,0,0,0
2272,C3D8,0.327085,0,0,0,0,0,0,0,0,0,0,0,0
2273,C3D8,0.327085,0,0,0,0,0,0,0,0,0,0,0,0
2274,C3D8,0.327086,0,0,0,0,0,0,0,0,0,0,0,0
2275,C3D8,0.327084,0,0,0,0,0,0,0,0,0,0,0,0
2276,C3D8,0.327088,0,0,0,0,0,0,0,0,0,0,0,0
2277,C3D8,0.327085,0,0,0,0,0,0,0,0,0,0,0,0
2278,C3D8,0.327085,0,0,0,0,0,0,0,0,0,0,0,0
2279,C3D8,0.327085,0,0,0,0,0,0,0,0,0,0,0,0
2280,C3D8,0.327086,0,0,0,0,0,0,0,0,0,0,0,0
2281,C3D8,0.327085,0,0,0,0,0,0,0,0,0,0,0,0
2282,C3D8,0.327086,0,0,0,0,0,0,0,0,0,0,0,0
2283,C3D8,0.327085,0,0,0,0,0,0,0,0,0,0,0,0
2284,C3D8,0.327086,0,0,0,0,0,0,0,0,0,0,0,0
2285,C3D8,0.327085,0,0,0,0,0,0,0,0,0,0,0,0
2286,C3D8,0.327086,0,0,0,0,0,0,0,0,0,0,0,0
2287,C3D8,0.327085,0,0,0,0,0,0,0,0,0,0,0,0
2288,C3D8,0.327086,0,0,0,0,0,0,0,0,0,0,0,0
2289,C3D8,0.327085,0,0,0,0,0,0,0,0,0,0,0,0
2290,C3D8,0.327086,0,0,0,0,0,0,0,0,0,0,0,0
2291,C3D8,0.327085,0,0,0,0,0,0,0,0,0,0,0,0
2292,C3D8,0.327086,0,0,0,0,0,0,0,0,0,0,0,0
2293,C3D8,0.327085,0,0,0,0,0,0,0,0,0,0,0,0
2294,C3D8,0.327086,0,0,0,0,0,0,0,0,0,0,0,0
2295,C3D8,0.327085,0,0,0,0,0,0,0,0,0,0,0,0
2296,C3D8,0.327085,0,0,0,0,0,0,0,0,0,0,0,0
2297,C3D8,0.327086,0,0,0,0,0,0,0,0,0,0,0,0
2298,C3D8,0.327085,0,0,0,0,0,0,0,0,0,0,0,0
2299,C3D8,0.327085,0,0,0,0,0,0,0,0,0,0,0,0
2300,C3D8,0.327086,0,0,0,0,0,0,0,0,0,0,0,0
2301,C3D8,0.327085,0,0,0,0,0,0,0,0,0,0,0,0
2302,C3D8,0.327085,0,0,0,0,0,0,0,0,0,0,0,0
2303,C3D8,0.327085,0,0,0,0,0,0,0,0,0,0,0,0
2304,C3D8,0.327086,0,0,0,0,0,0,0,0,0,0,0,0
2305,C3D8,0.327085,0,0,0,0,0,0,0,0,0,0,0,0
2306,C3D8,0.327085,0,0,0,0,0,0,0,0,0,0,0,0
2307,C3D8,0.327085,0,0,0,0,0,0,0,0,0,0,0,0
2308,C3D8,0.327086,0,0,0,0,0,0,0,0,0,0,0,0
2309,C3D8,0.327085,0,0,0,0,0,0,0,0,0,0,0,0
2310,C3D8,0.327085,0,0,0,0,0,0,0,0,0,0,0,0
2311,C3D8,0.327085,0,0,0,0,0,0,0,0,0,0,0,0
2312,C3D8,0.327086,0,0,0,0,0,0,0,0,0,0,0,0
2313,C3D8,0.327085,0,0,0,0,0,0,0,0,0,0,0,0
2314,C3D8,0.327085,0,0,0,0,0,0,0,0,0,0,0,0
2315,C3D8,0.327086,0,0,0,0,0,0,0,0,0,0,0,0
2316,C3D8,0.327085,0,0,0,0,0,0,0,0,0,0,0,0
2317,C3D8,0.327085,0,0,0,0,0,0,0,0,0,0,0,0
2318,C3D8,0.327085,0,0,0,0,0,0,0,0,0,0,0,0
2319,C3D8,0.327086,0,0,0,0,0,0,0,0,0,0,0,0
2320,C3D8,0.327085,0,0,0,0,0,0,0,0,0,0,0,0
2321,C3D8,0.327085,0,0,0,0,0,0,0,0,0,0,0,0
2322,C3D8,0.327085,0,0,0,0,0,0,0,0,0,0,0,0
2323,C3D8,0.327086,0,0,0,0,0,0,0,0,0,0,0,0
2324,C3D8,0.327085,0,0,0,0,0,0,0,0,0,0,0,0
2325,C3D8,0.327085,0,0,0,0,0,0,0,0,0,0,0,0
2326,C3D8,0.327085,0,0,0,0,0,0,0,0,0,0,0,0
2327,C3D8,0.327086,0,0,0,0,0,0,0,0,0,0,0,0
2328,C3D8,0.327084,0,0,0,0,0,0,0,0,0,0,0,0
2329,C3D8,0.327088,0,0,0,0,0,0,0,0,0,0,0,0
2330,C3D8,0.327085,0,0,0,0,0,0,0,0,0,0,0,0
2331,C3D8,0.327085,0,0,0,0,0,0,0,0,0,0,0,0
2332,C3D8,0.327085,0,0,0,0,0,0,0,0,0,0,0,0
2333,C3D8,0.327086,0,0,0,0,0,0,0,0,0,0,0,0
2334,C3D8,0.327085,0,0,0,0,0,0,0,0,0,0,0,0
2335,C3D8,0.327086,0,0,0,0,0,0,0,0,0,0,0,0
2336,C3D8,0.327085,0,0,0,0,0,0,0,0,0,0,0,0
2337,C3D8,0.327086,0,0,0,0,0,0,0,0,0,0,0,0
2338,C3D8,0.327085,0,0,0,0,0,0,0,0,0,0,0,0
2339,C3D8,0.327086,0,0,0,0,0,0,0,0,0,0,0,0
2340,C3D8,0.327085,0,0,0,0,0,0,0,0,0,0,0,0
2341,C3D8,0.327086,0,0,0,0,0,0,0,0,0,0,0,0
2342,C3D8,0.327085,0,0,0,0,0,0,0,0,0,0,0,0
2343,C3D8,0.327086,0,0,0,0,0,0,0,0,0,0,0,0
2344,C3D8,0.327085,0,0,0,0,0,0,0,0,0,0,0,0
2345,C3D8,0.327086,0,0,0,0,0,0,0,0,0,0,0,0
2346,C3D8,0.327085,0,0,0,0,0,0,0,0,0,0,0,0
2347,C3D8,0.327086,0,0,0,0,0,0,0,0,0,0,0,0
2348,C3D8,0.327085,0,0,0,0,0,0,0,0,0,0,0,0
2349,C3D8,0.327085,0,0,0,0,0,0,0,0,0,0,0,0
2350,C3D8,0.327086,0,0,0,0,0,0,0,0,0,0,0,0
2351,C3D8,0.327085,0,0,0,0,0,0,0,0,0,0,0,0
2352,C3D8,0.327085,0,0,0,0,0,0,0,0,0,0,0,0
2353,C3D8,0.327086,0,0,0,0,0,0,0,0,0,0,0,0
2354,C3D8,0.327085,0,0,0,0,0,0,0,0,0,0,0,0
2355,C3D8,0.327085,0,0,0,0,0,0,0,0,0,0,0,0
2356,C3D8,0.327085,0,0,0,0,0,0,0,0,0,0,0,0
2357,C3D8,0.327086,0,0,0,0,0,0,0,0,0,0,0,0
2358,C3D8,0.327085,0,0,0,0,0,0,0,0,0,0,0,0
2359,C3D8,0.327085,0,0,0,0,0,0,0,0,0,0,0,0
2360,C3D8,0.327085,0,0,0,0,0,0,0,0,0,0,0,0
2361,C3D8,0.327086,0,0,0,0,0,0,0,0,0,0,0,0
2362,C3D8,0.327085,0,0,0,0,0,0,0,0,0,0,0,0
2363,C3D8,0.327085,0,0,0,0,0,0,0,0,0,0,0,0
2364,C3D8,0.327085,0,0,0,0,0,0,0,0,0,0,0,0
2365,C3D8,0.327086,0,0,0,0,0,0,0,0,0,0,0,0
2366,C3D8,0.327085,0,0,0,0,0,0,0,0,0,0,0,0
2367,C3D8,0.327085,0,0,0,0,0,0,0,0,0,0,0,0
2368,C3D8,0.327086,0,0,0,0,0,0,0,0,0,0,0,0
2369,C3D8,0.327085,0,0,0,0,0,0,0,0,0,0,0,0
2370,C3D8,0.327085,0,0,0,0,0,0,0,0,0,0,0,0
2371,C3D8,0.327085,0,0,0,0,0,0,0,0,0,0,0,0
2372,C3D8,0.327086,0,0,0,0,0,0,0,0,0,0,0,0
2373,C3D8,0.327085,0,0,0,0,0,0,0,0,0,0,0,0
2374,C3D8,0.327085,0,0,0,0,0,0,0,0,0,0,0,0
2375,C3D8,0.327085,0,0,0,0,0,0,0,0,0,0,0,0
2376,C3D8,0.327086,0,0,0,0,0,0,0,0,0,0,0,0
2377,C3D8,0.327085,0,0,0,0,0,0,0,0,0,0,0,0
2378,C3D8,0.327085,0,0,0,0,0,0,0,0,0,0,0,0
2379,C3D8,0.327085,0,0,0,0,0,0,0,0,0,0,0,0
2380,C3D8,0.327086,0,0,0,0,0,0,0,0,0,0,0,0
2381,C3D8,0.327084,0,0,0,0,0,0,0,0,0,0,0,0
2382,C3D8,0.327088,0,0,0,0,0,0,0,0,0,0,0,0
2383,C3D8,0.327085,0,0,0,0,0,0,0,0,0,0,0,0
2384,C3D8,0.327085,0,0,0,0,0,0,0,0,0,0,0,0
2385,C3D8,0.327085,0,0,0,0,0,0,0,0,0,0,0,0
2386,C3D8,0.327086,0,0,0,0,0,0,0,0,0,0,0,0
2387,C3D8,0.327085,0,0,0,0,0,0,0,0,0,0,0,0
2388,C3D8,0.327086,0,0,0,0,0,0,0,0,0,0,0,0
2389,C3D8,0.327085,0,0,0,0,0,0,0,0,0,0,0,0
2390,C3D8,0.327086,0,0,0,0,0,0,0,0,0,0,0,0
2391,C3D8,0.327085,0,0,0,0,0,0,0,0,0,0,0,0
2392,C3D8,0.327086,0,0,0,0,0,0,0,0,0,0,0,0
2393,C3D8,0.327085,0,0,0,0,0,0,0,0,0,0,0,0
2394,C3D8,0.327086,0,0,0,0,0,0,0,0,0,0,0,0
2395,C3D8,0.327085,0,0,0,0,0,0,0,0,0,0,0,0
2396,C3D8,0.327086,0,0,0,0,0,0,0,0,0,0,0,0
2397,C3D8,0.327085,0,0,0,0,0,0,0,0,0,0,0,0
2398,C3D8,0.327086,0,0,0,0,0,0,0,0,0,0,0,0
2399,C3D8,0.327085,0,0,0,0,0,0,0,0,0,0,0,0
2400,C3D8,0.327086,0,0,0,0,0,0,0,0,0,0,0,0
2401,C3D8,0.327085,0,0,0,0,0,0,0,0,0,0,0,0
2402,C3D8,0.327085,0,0,0,0,0,0,0,0,0,0,0,0
2403,C3D8,0.327086,0,0,0,0,0,0,0,0,0,0,0,0
2404,C3D8,0.327085,0,0,0,0,0,0,0,0,0,0,0,0
2405,C3D8,0.327085,0,0,0,0,0,0,0,0,0,0,0,0
2406,C3D8,0.327086,0,0,0,0,0,0,0,0,0,0,0,0
2407,C3D8,0.327085,0,0,0,0,0,0,0,0,0,0,0,0
2408,C3D8,0.327085,0,0,0,0,0,0,0,0,0,0,0,0
2409,C3D8,0.327085,0,0,0,0,0,0,0,0,0,0,0,0
2410,C3D8,0.327086,0,0,0,0,0,0,0,0,0,0,0,0
2411,C3D8,0.327085,0,0,0,0,0,0,0,0,0,0,0,0
2412,C3D8,0.327085,0,0,0,0,0,0,0,0,0,0,0,0
2413,C3D8,0.327085,0,0,0,0,0,0,0,0,0,0,0,0
2414,C3D8,0.327086,0,0,0,0,0,0,0,0,0,0,0,0
2415,C3D8,0.327085,0,0,0,0,0,0,0,0,0,0,0,0
2416,C3D8,0.327085,0,0,0,0,0,0,0,0,0,0,0,0
2417,C3D8,0.327085,0,0,0,0,0,0,0,0,0,0,0,0
2418,C3D8,0.327086,0,0,0,0,0,0,0,0,0,0,0,0
2419,C3D8,0.327085,0,0,0,0,0,0,0,0,0,0,0,0
2420,C3D8,0.327085,0,0,0,0,0,0,0,0,0,0,0,0
2421,C3D8,0.327086,0,0,0,0,0,0,0,0,0,0,0,0
2422,C3D8,0.327085,0,0,0,0,0,0,0,0,0,0,0,0
2423,C3D8,0.327085,0,0,0,0,0,0,0,0,0,0,0,0
2424,C3D8,0.327085,0,0,0,0,0,0,0,0,0,0,0,0
2425,C3D8,0.327086,0,0,0,0,0,0,0,0,0,0,0,0
2426,C3D8,0.327085,0,0,0,0,0,0,0,0,0,0,0,0
2427,C3D8,0.327085,0,0,0,0,0,0,0,0,0,0,0,0
2428,C3D8,0.327085,0,0,0,0,0,0,0,0,0,0,0,0
2429,C3D8,0.327086,0,0,0,0,0,0,0,0,0,0,0,0
2430,C3D8,0.327085,0,0,0,0,0,0,0,0,0,0,0,0
2431,C3D8,0.327085,0,0,0,0,0,0,0,0,0,0,0,0
2432,C3D8,0.327085,0,0,0,0,0,0,0,0,0,0,0,0
2433,C3D8,0.327086,0,0,0,0,0,0,0,0,0,0,0,0
2434,C3D8,0.327084,0,0,0,0,0,0,0,0,0,0,0,0
2435,C3D8,0.327088,0,0,0,0,0,0,0,0,0,0,0,0
2436,C3D8,0.327085,0,0,0,0,0,0,0,0,0,0,0,0
2437,C3D8,0.327085,0,0,0,0,0,0,0,0,0,0,0,0
2438,C3D8,0.327085,0,0,0,0,0,0,0,0,0,0,0,0
2439,C3D8,0.327086,0,0,0,0,0,0,0,0,0,0,0,0
2440,C3D8,0.327085,0,0,0,0,0,0,0,0,0,0,0,0
2441,C3D8,0.327086,0,0,0,0,0,0,0,0,0,0,0,0
2442,C3D8,0.327085,0,0,0,0,0,0,0,0,0,0,0,0
2443,C3D8,0.327086,0,0,0,0,0,0,0,0,0,0,0,0
2444,C3D8,0.327085,0,0,0,0,0,0,0,0,0,0,0,0
2445,C3D8,0.327086,0,0,0,0,0,0,0,0,0,0,0,0
2446,C3D8,0.327085,0,0,0,0,0,0,0,0,0,0,0,0
2447,C3D8,0.327086,0,0,0,0,0,0,0,0,0,0,0,0
2448,C3D8,0.327085,0,0,0,0,0,0,0,0,0,0,0,0
2449,C3D8,0.327086,0,0,0,0,0,0,0,0,0,0,0,0
2450,C3D8,0.327085,0,0,0,0,0,0,0,0,0,0,0,0
2451,C3D8,0.327086,0,0,0,0,0,0,0,0,0,0,0,0
2452,C3D8,0.327085,0,0,0,0,0,0,0,0,0,0,0,0
2453,C3D8,0.327086,0,0,0,0,0,0,0,0,0,0,0,0
2454,C3D8,0.327085,0,0,0,0,0,0,0,0,0,0,0,0
2455,C3D8,0.327085,0,0,0,0,0,0,0,0,0,0,0,0
2456,C3D8,0.327086,0,0,0,0,0,0,0,0,0,0,0,0
2457,C3D8,0.327085,0,0,0,0,0,0,0,0,0,0,0,0
2458,C3D8,0.327085,0,0,0,0,0,0,0,0,0,0,0,0
2459,C3D8,0.327086,0,0,0,0,0,0,0,0,0,0,0,0
2460,C3D8,0.327085,0,0,0,0,0,0,0,0,0,0,0,0
2461,C3D8,0.327085,0,0,0,0,0,0,0,0,0,0,0,0
2462,C3D8,0.327085,0,0,0,0,0,0,0,0,0,0,0,0
2463,C3D8,0.327086,0,0,0,0,0,0,0,0,0,0,0,0
2464,C3D8,0.327085,0,0,0,0,0,0,0,0,0,0,0,0
2465,C3D8,0.327085,0,0,0,0,0,0,0,0,0,0,0,0
2466,C3D8,0.327085,0,0,0,0,0,0,0,0,0,0,0,0
2467,C3D8,0.327086,0,0,0,0,0,0,0,0,0,0,0,0
2468,C3D8,0.327085,0,0,0,0,0,0,0,0,0,0,0,0
2469,C3D8,0.327085,0,0,0,0,0,0,0,0,0,0,0,0
2470,C3D8,0.327085,0,0,0,0,0,0,0,0,0,0,0,0
2471,C3D8,0.327086,0,0,0,0,0,0,0,0,0,0,0,0
2472,C3D8,0.327085,0,0,0,0,0,0,0,0,0,0,0,0
2473,C3D8,0.327085,0,0,0,0,0,0,0,0,0,0,0,0
2474,C3D8,0.327086,0,0,0,0,0,0,0,0,0,0,0,0
2475,C3D8,0.327085,0,0,0,0,0,0,0,0,0,0,0,0
2476,C3D8,0.327085,0,0,0,0,0,0,0,0,0,0,0,0
2477,C3D8,0.327085,0,0,0,0,0,0,0,0,0,0,0,0
2478,C3D8,0.327086,0,0,0,0,0,0,0,0,0,0,0,0
2479,C3D8,0.327085,0,0,0,0,0,0,0,0,0,0,0,0
2480,C3D8,0.327085,0,0,0,0,0,0,0,0,0,0,0,0
2481,C3D8,0.327085,0,0,0,0,0,0,0,0,0,0,0,0
2482,C3D8,0.327086,0,0,0,0,0,0,0,0,0,0,0,0
2483,C3D8,0.327085,0,0,0,0,0,0,0,0,0,0,0,0
2484,C3D8,0.327085,0,0,0,0,0,0,0,0,0,0,0,0
2485,C3D8,0.327085,0,0,0,0,0,0,0,0,0,0,0,0
2486,C3D8,0.327086,0,0,0,0,0,0,0,0,0,0,0,0
2487,C3D8,0.327084,0,0,0,0,0,0,0,0,0,0,0,0
2488,C3D8,0.327088,0,0,0,0,0,0,0,0,0,0,0,0
2489,C3D8,0.327085,0,0,0,0,0,0,0,0,0,0,0,0
2490,C3D8,0.327085,0,0,0,0,0,0,0,0,0,0,0,0
2491,C3D8,0.327085,0,0,0,0,0,0,0,0,0,0,0,0
2492,C3D8,0.327085,0,0,0,0,0,0,0,0,0,0,0,0
2493,C3D8,0.327085,0,0,0,0,0,0,0,0,0,0,0,0
2494,C3D8,0.327085,0,0,0,0,0,0,0,0,0,0,0,0
2495,C3D8,0.327085,0,0,0,0,0,0,0,0,0,0,0,0
2496,C3D8,0.327085,0,0,0,0,0,0,0,0,0,0,0,0
2497,C3D8,0.327085,0,0,0,0,0,0,0,0,0,0,0,0
2498,C3D8,0.327085,0,0,0,0,0,0,0,0,0,0,0,0
2499,C3D8,0.327085,0,0,0,0,0,0,0,0,0,0,0,0
2500,C3D8,0.327085,0,0,0,0,0,0,0,0,0,0,0,0
2501,C3D8,0.327085,0,0,0,0,0,0,0,0,0,0,0,0
2502,C3D8,0.327085,0,0,0,0,0,0,0,0,0,0,0,0
2503,C3D8,0.327085,0,0,0,0,0,0,0,0,0,0,0,0
2504,C3D8,0.327085,0,0,0,0,0,0,0,0,0,0,0,0
2505,C3D8,0.327085,0,0,0,0,0,0,0,0,0,0,0,0
2506,C3D8,0.327085,0,0,0,0,0,0,0,0,0,0,0,0
2507,C3D8,0.327085,0,0,0,0,0,0,0,0,0,0,0,0
2508,C3D8,0.327085,0,0,0,0,0,0,0,0,0,0,0,0
2509,C3D8,0.327086,0,0,0,0,0,0,0,0,0,0,0,0
2510,C3D8,0.327085,0,0,0,0,0,0,0,0,0,0,0,0
2511,C3D8,0.327085,0,0,0,0,0,0,0,0,0,0,0,0
2512,C3D8,0.327086,0,0,0,0,0,0,0,0,0,0,0,0
2513,C3D8,0.327085,0,0,0,0,0,0,0,0,0,0,0,0
2514,C3D8,0.327085,0,0,0,0,0,0,0,0,0,0,0,0
2515,C3D8,0.327085,0,0,0,0,0,0,0,0,0,0,0,0
2516,C3D8,0.327086,0,0,0,0,0,0,0,0,0,0,0,0
2517,C3D8,0.327085,0,0,0,0,0,0,0,0,0,0,0,0
2518,C3D8,0.327085,0,0,0,0,0,0,0,0,0,0,0,0
2519,C3D8,0.327085,0,0,0,0,0,0,0,0,0,0,0,0
2520,C3D8,0.327086,0,0,0,0,0,0,0,0,0,0,0,0
2521,C3D8,0.327085,0,0,0,0,0,0,0,0,0,0,0,0
2522,C3D8,0.327085,0,0,0,0,0,0,0,0,0,0,0,0
2523,C3D8,0.327085,0,0,0,0,0,0,0,0,0,0,0,0
2524,C3D8,0.327086,0,0,0,0,0,0,0,0,0,0,0,0
2525,C3D8,0.327085,0,0,0,0,0,0,0,0,0,0,0,0
2526,C3D8,0.327085,0,0,0,0,0,0,0,0,0,0,0,0
2527,C3D8,0.327086,0,0,0,0,0,0,0,0,0,0,0,0
2528,C3D8,0.327085,0,0,0,0,0,0,0,0,0,0,0,0
2529,C3D8,0.327085,0,0,0,0,0,0,0,0,0,0,0,0
2530,C3D8,0.327085,0,0,0,0,0,0,0,0,0,0,0,0
2531,C3D8,0.327086,0,0,0,0,0,0,0,0,0,0,0,0
2532,C3D8,0.327085,0,0,0,0,0,0,0,0,0,0,0,0
2533,C3D8,0.327085,0,0,0,0,0,0,0,0,0,0,0,0
2534,C3D8,0.327085,0,0,0,0,0,0,0,0,0,0,0,0
2535,C3D8,0.327086,0,0,0,0,0,0,0,0,0,0,0,0
2536,C3D8,0.327085,0,0,0,0,0,0,0,0,0,0,0,0
2537,C3D8,0.327085,0,0,0,0,0,0,0,0,0,0,0,0
2538,C3D8,0.327085,0,0,0,0,0,0,0,0,0,0,0,0
2539,C3D8,0.327086,0,0,0,0,0,0,0,0,0,0,0,0
2540,C3D8,0.327084,0,0,0,0,0,0,0,0,0,0,0,0
2541,C3D8,0.327087,0,0,0,0,0,0,0,0,0,0,0,0
2542,C3D8,0.327085,0,0,0,0,0,0,0,0,0,0,0,0
2543,C3D8,0.327085,0,0,0,0,0,0,0,0,0,0,0,0
2544,C3D8,0.327085,0,0,0,0,0,0,0,0,0,0,0,0
2545,C3D8,0.327086,0,0,0,0,0,0,0,0,0,0,0,0
2546,C3D8,0.327085,0,0,0,0,0,0,0,0,0,0,0,0
2547,C3D8,0.327086,0,0,0,0,0,0,0,0,0,0,0,0
2548,C3D8,0.327085,0,0,0,0,0,0,0,0,0,0,0,0
2549,C3D8,0.327086,0,0,0,0,0,0,0,0,0,0,0,0
2550,C3D8,0.327085,0,0,0,0,0,0,0,0,0,0,0,0
2551,C3D8,0.327086,0,0,0,0,0,0,0,0,0,0,0,0
2552,C3D8,0.327085,0,0,0,0,0,0,0,0,0,0,0,0
2553,C3D8,0.327086,0,0,0,0,0,0,0,0,0,0,0,0
2554,C3D8,0.327085,0,0,0,0,0,0,0,0,0,0,0,0
2555,C3D8,0.327086,0,0,0,0,0,0,0,0,0,0,0,0
2556,C3D8,0.327085,0,0,0,0,0,0,0,0,0,0,0,0
2557,C3D8,0.327086,0,0,0,0,0,0,0,0,0,0,0,0
2558,C3D8,0.327085,0,0,0,0,0,0,0,0,0,0,0,0
2559,C3D8,0.327086,0,0,0,0,0,0,0,0,0,0,0,0
2560,C3D8,0.327085,0,0,0,0,0,0,0,0,0,0,0,0
2561,C3D8,0.327085,0,0,0,0,0,0,0,0,0,0,0,0
2562,C3D8,0.327086,0,0,0,0,0,0,0,0,0,0,0,0
2563,C3D8,0.327085,0,0,0,0,0,0,0,0,0,0,0,0
2564,C3D8,0.327085,0,0,0,0,0,0,0,0,0,0,0,0
2565,C3D8,0.327086,0,0,0,0,0,0,0,0,0,0,0,0
2566,C3D8,0.327085,0,0,0,0,0,0,0,0,0,0,0,0
2567,C3D8,0.327085,0,0,0,0,0,0,0,0,0,0,0,0
2568,C3D8,0.327085,0,0,0,0,0,0,0,0,0,0,0,0
2569,C3D8,0.327086,0,0,0,0,0,0,0,0,0,0,0,0
2570,C3D8,0.327085,0,0,0,0,0,0,0,0,0,0,0,0
2571,C3D8,0.327085,0,0,0,0,0,0,0,0,0,0,0,0
2572,C3D8,0.327085,0,0,0,0,0,0,0,0,0,0,0,0
2573,C3D8,0.327086,0,0,0,0,0,0,0,0,0,0,0,0
2574,C3D8,0.327085,0,0,0,0,0,0,0,0,0,0,0,0
2575,C3D8,0.327085,0,0,0,0,0,0,0,0,0,0,0,0
2576,C3D8,0.327085,0,0,0,0,0,0,0,0,0,0,0,0
2577,C3D8,0.327086,0,0,0,0,0,0,0,0,0,0,0,0
2578,C3D8,0.327085,0,0,0,0,0,0,0,0,0,0,0,0
2579,C3D8,0.327085,0,0,0,0,0,0,0,0,0,0,0,0
2580,C3D8,0.327086,0,0,0,0,0,0,0,0,0,0,0,0
2581,C3D8,0.327085,0,0,0,0,0,0,0,0,0,0,0,0
2582,C3D8,0.327085,0,0,0,0,0,0,0,0,0,0,0,0
2583,C3D8,0.327085,0,0,0,0,0,0,0,0,0,0,0,0
2584,C3D8,0.327086,0,0,0,0,0,0,0,0,0,0,0,0
2585,C3D8,0.327085,0,0,0,0,0,0,0,0,0,0,0,0
2586,C3D8,0.327085,0,0,0,0,0,0,0,0,0,0,0,0
2587,C3D8,0.327085,0,0,0,0,0,0,0,0,0,0,0,0
2588,C3D8,0.327086,0,0,0,0,0,0,0,0,0,0,0,0
2589,C3D8,0.327085,0,0,0,0,0,0,0,0,0,0,0,0
2590,C3D8,0.327085,0,0,0,0,0,0,0,0,0,0,0,0
2591,C3D8,0.327085,0,0,0,0,0,0,0,0,0,0,0,0
2592,C3D8,0.327086,0,0,0,0,0,0,0,0,0,0,0,0
2593,C3D8,0.327084,0,0,0,0,0,0,0,0,0,0,0,0
2594,C3D8,0.327088,0,0,0,0,0,0,0,0,0,0,0,0
2595,C3D8,0.327085,0,0,0,0,0,0,0,0,0,0,0,0
2596,C3D8,0.327085,0,0,0,0,0,0,0,0,0,0,0,0
2597,C3D8,0.327085,0,0,0,0,0,0,0,0,0,0,0,0
2598,C3D8,0.327086,0,0,0,0,0,0,0,0,0,0,0,0
2599,C3D8,0.327085,0,0,0,0,0,0,0,0,0,0,0,0
2600,C3D8,0.327086,0,0,0,0,0,0,0,0,0,0,0,0
2601,C3D8,0.327085,0,0,0,0,0,0,0,0,0,0,0,0
2602,C3D8,0.327086,0,0,0,0,0,0,0,0,0,0,0,0
2603,C3D8,0.327085,0,0,0,0,0,0,0,0,0,0,0,0
2604,C3D8,0.327086,0,0,0,0,0,0,0,0,0,0,0,0
2605,C3D8,0.327085,0,0,0,0,0,0,0,0,0,0,0,0
2606,C3D8,0.327086,0,0,0,0,0,0,0,0,0,0,0,0
2607,C3D8,0.327085,0,0,0,0,0,0,0,0,0,0,0,0
2608,C3D8,0.327086,0,0,0,0,0,0,0,0,0,0,0,0
2609,C3D8,0.327085,0,0,0,0,0,0,0,0,0,0,0,0
2610,C3D8,0.327086,0,0,0,0,0,0,0,0,0,0,0,0
2611,C3D8,0.327085,0,0,0,0,0,0,0,0,0,0,0,0
2612,C3D8,0.327086,0,0,0,0,0,0,0,0,0,0,0,0
2613,C3D8,0.327085,0,0,0,0,0,0,0,0,0,0,0,0
2614,C3D8,0.327085,0,0,0,0,0,0,0,0,0,0,0,0
2615,C3D8,0.327086,0,0,0,0,0,0,0,0,0,0,0,0
2616,C3D8,0.327085,0,0,0,0,0,0,0,0,0,0,0,0
2617,C3D8,0.327085,0,0,0,0,0,0,0,0,0,0,0,0
2618,C3D8,0.327086,0,0,0,0,0,0,0,0,0,0,0,0
2619,C3D8,0.327085,0,0,0,0,0,0,0,0,0,0,0,0
2620,C3D8,0.327085,0,0,0,0,0,0,0,0,0,0,0,0
2621,C3D8,0.327085,0,0,0,0,0,0,0,0,0,0,0,0
2622,C3D8,0.327086,0,0,0,0,0,0,0,0,0,0,0,0
2623,C3D8,0.327085,0,0,0,0,0,0,0,0,0,0,0,0
2624,C3D8,0.327085,0,0,0,0,0,0,0,0,0,0,0,0
2625,C3D8,0.327085,0,0,0,0,0,0,0,0,0,0,0,0
2626,C3D8,0.327086,0,0,0,0,0,0,0,0,0,0,0,0
2627,C3D8,0.327085,0,0,0,0,0,0,0,0,0,0,0,0
2628,C3D8,0.327085,0,0,0,0,0,0,0,0,0,0,0,0
2629,C3D8,0.327085,0,0,0,0,0,0,0,0,0,0,0,0
2630,C3D8,0.327086,0,0,0,0,0,0,0,0,0,0,0,0
2631,C3D8,0.327085,0,0,0,0,0,0,0,0,0,0,0,0
2632,C3D8,0.327085,0,0,0,0,0,0,0,0,0,0,0,0
2633,C3D8,0.327086,0,0,0,0,0,0,0,0,0,0,0,0
2634,C3D8,0.327085,0,0,0,0,0,0,0,0,0,0,0,0
2635,C3D8,0.327085,0,0,0,0,0,0,0,0,0,0,0,0
2636,C3D8,0.327085,0,0,0,0,0,0,0,0,0,0,0,0
2637,C3D8,0.327086,0,0,0,0,0,0,0,0,0,0,0,0
2638,C3D8,0.327085,0,0,0,0,0,0,0,0,0,0,0,0
2639,C3D8,0.327085,0,0,0,0,0,0,0,0,0,0,0,0
2640,C3D8,0.327085,0,0,0,0,0,0,0,0,0,0,0,0
2641,C3D8,0.327086,0,0,0,0,0,0,0,0,0,0,0,0
2642,C3D8,0.327085,0,0,0,0,0,0,0,0,0,0,0,0
2643,C3D8,0.327085,0,0,0,0,0,0,0,0,0,0,0,0
2644,C3D8,0.327085,0,0,0,0,0,0,0,0,0,0,0,0
2645,C3D8,0.327086,0,0,0,0,0,0,0,0,0,0,0,0
2646,C3D8,0.327084,0,0,0,0,0,0,0,0,0,0,0,0
2647,C3D8,0.327088,0,0,0,0,0,0,0,0,0,0,0,0
2648,C3D8,0.327085,0,0,0,0,0,0,0,0,0,0,0,0
2649,C3D8,0.327085,0,0,0,0,0,0,0,0,0,0,0,0
2650,C3D8,0.327085,0,0,0,0,0,0,0,0,0,0,0,0
2651,C3D8,0.327086,0,0,0,0,0,0,0,0,0,0,0,0
2652,C3D8,0.327085,0,0,0,0,0,0,0,0,0,0,0,0
2653,C3D8,0.327086,0,0,0,0,0,0,0,0,0,0,0,0
2654,C3D8,0.327085,0,0,0,0,0,0,0,0,0,0,0,0
2655,C3D8,0.327086,0,0,0,0,0,0,0,0,0,0,0,0
2656,C3D8,0.327085,0,0,0,0,0,0,0,0,0,0,0,0
2657,C3D8,0.327086,0,0,0,0,0,0,0,0,0,0,0,0
2658,C3D8,0.327085,0,0,0,0,0,0,0,0,0,0,0,0
2659,C3D8,0.327086,0,0,0,0,0,0,0,0,0,0,0,0
2660,C3D8,0.327085,0,0,0,0,0,0,0,0,0,0,0,0
2661,C3D8,0.327086,0,0,0,0,0,0,0,0,0,0,0,0
2662,C3D8,0.327085,0,0,0,0,0,0,0,0,0,0,0,0
2663,C3D8,0.327086,0,0,0,0,0,0,0,0,0,0,0,0
2664,C3D8,0.327085,0,0,0,0,0,0,0,0,0,0,0,0
2665,C3D8,0.327086,0,0,0,0,0,0,0,0,0,0,0,0
2666,C3D8,0.327085,0,0,0,0,0,0,0,0,0,0,0,0
2667,C3D8,0.327085,0,0,0,0,0,0,0,0,0,0,0,0
2668,C3D8,0.327086,0,0,0,0,0,0,0,0,0,0,0,0
2669,C3D8,0.327085,0,0,0,0,0,0,0,0,0,0,0,0
2670,C3D8,0.327085,0,0,0,0,0,0,0,0,0,0,0,0
2671,C3D8,0.327086,0,0,0,0,0,0,0,0,0,0,0,0
2672,C3D8,0.327085,0,0,0,0,0,0,0,0,0,0,0,0
2673,C3D8,0.327085,0,0,0,0,0,0,0,0,0,0,0,0
2674,C3D8,0.327085,0,0,0,0,0,0,0,0,0,0,0,0
2675,C3D8,0.327086,0,0,0,0,0,0,0,0,0,0,0,0
2676,C3D8,0.327085,0,0,0,0,0,0,0,0,0,0,0,0
2677,C3D8,0.327085,0,0,0,0,0,0,0,0,0,0,0,0
2678,C3D8,0.327085,0,0,0,0,0,0,0,0,0,0,0,0
2679,C3D8,0.327086,0,0,0,0,0,0,0,0,0,0,0,0
2680,C3D8,0.327085,0,0,0,0,0,0,0,0,0,0,0,0
2681,C3D8,0.327085,0,0,0,0,0,0,0,0,0,0,0,0
2682,C3D8,0.327085,0,0,0,0,0,0,0,0,0,0,0,0
2683,C3D8,0.327086,0,0,0,0,0,0,0,0,0,0,0,0
2684,C3D8,0.327085,0,0,0,0,0,0,0,0,0,0,0,0
2685,C3D8,0.327085,0,0,0,0,0,0,0,0,0,0,0,0
2686,C3D8,0.327086,0,0,0,0,0,0,0,0,0,0,0,0
2687,C3D8,0.327085,0,0,0,0,0,0,0,0,0,0,0,0
2688,C3D8,0.327085,0,0,0,0,0,0,0,0,0,0,0,0
2689,C3D8,0.327085,0,0,0,0,0,0,0,0,0,0,0,0
2690,C3D8,0.327086,0,0,0,0,0,0,0,0,0,0,0,0
2691,C3D8,0.327085,0,0,0,0,0,0,0,0,0,0,0,0
2692,C3D8,0.327085,0,0,0,0,0,0,0,0,0,0,0,0
2693,C3D8,0.327085,0,0,0,0,0,0,0,0,0,0,0,0
2694,C3D8,0.327086,0,0,0,0,0,0,0,0,0,0,0,0
2695,C3D8,0.327085,0,0,0,0,0,0,0,0,0,0,0,0
2696,C3D8,0.327085,0,0,0,0,0,0,0,0,0,0,0,0
2697,C3D8,0.327085,0,0,0,0,0,0,0,0,0,0,0,0
2698,C3D8,0.327086,0,0,0,0,0,0,0,0,0,0,0,0
2699,C3D8,0.327084,0,0,0,0,0,0,0,0,0,0,0,0
2700,C3D8,0.327088,0,0,0,0,0,0,0,0,0,0,0,0
2701,C3D8,0.327085,0,0,0,0,0,0,0,0,0,0,0,0
2702,C3D8,0.327085,0,0,0,0,0,0,0,0,0,0,0,0
2703,C3D8,0.327085,0,0,0,0,0,0,0,0,0,0,0,0
2704,C3D8,0.327085,0,0,0,0,0,0,0,0,0,0,0,0
2705,C3D8,0.327085,0,0,0,0,0,0,0,0,0,0,0,0
2706,C3D8,0.327085,0,0,0,0,0,0,0,0,0,0,0,0
2707,C3D8,0.327085,0,0,0,0,0,0,0,0,0,0,0,0
2708,C3D8,0.327085,0,0,0,0,0,0,0,0,0,0,0,0
2709,C3D8,0.327085,0,0,0,0,0,0,0,0,0,0,0,0
2710,C3D8,0.327085,0,0,0,0,0,0,0,0,0,0,0,0
2711,C3D8,0.327085,0,0,0,0,0,0,0,0,0,0,0,0
2712,C3D8,0.327085,0,0,0,0,0,0,0,0,0,0,0,0
2713,C3D8,0.327085,0,0,0,0,0,0,0,0,0,0,0,0
2714,C3D8,0.327085,0,0,0,0,0,0,0,0,0,0,0,0
2715,C3D8,0.327085,0,0,0,0,0,0,0,0,0,0,0,0
2716,C3D8,0.327085,0,0,0,0,0,0,0,0,0,0,0,0
2717,C3D8,0.327085,0,0,0,0,0,0,0,0,0,0,0,0
2718,C3D8,0.327085,0,0,0,0,0,0,0,0,0,0,0,0
2719,C3D8,0.327085,0,0,0,0,0,0,0,0,0,0,0,0
2720,C3D8,0.327085,0,0,0,0,0,0,0,0,0,0,0,0
2721,C3D8,0.327086,0,0,0,0,0,0,0,0,0,0,0,0
2722,C3D8,0.327085,0,0,0,0,0,0,0,0,0,0,0,0
2723,C3D8,0.327085,0,0,0,0,0,0,0,0,0,0,0,0
2724,C3D8,0.327086,0,0,0,0,0,0,0,0,0,0,0,0
2725,C3D8,0.327085,0,0,0,0,0,0,0,0,0,0,0,0
2726,C3D8,0.327085,0,0,0,0,0,0,0,0,0,0,0,0
2727,C3D8,0.327085,0,0,0,0,0,0,0,0,0,0,0,0
2728,C3D8,0.327086,0,0,0,0,0,0,0,0,0,0,0,0
2729,C3D8,0.327085,0,0,0,0,0,0,0,0,0,0,0,0
2730,C3D8,0.327085,0,0,0,0,0,0,0,0,0,0,0,0
2731,C3D8,0.327085,0,0,0,0,0,0,0,0,0,0,0,0
2732,C3D8,0.327086,0,0,0,0,0,0,0,0,0,0,0,0
2733,C3D8,0.327085,0,0,0,0,0,0,0,0,0,0,0,0
2734,C3D8,0.327085,0,0,0,0,0,0,0,0,0,0,0,0
2735,C3D8,0.327085,0,0,0,0,0,0,0,0,0,0,0,0
2736,C3D8,0.327086,0,0,0,0,0,0,0,0,0,0,0,0
2737,C3D8,0.327085,0,0,0,0,0,0,0,0,0,0,0,0
2738,C3D8,0.327085,0,0,0,0,0,0,0,0,0,0,0,0
2739,C3D8,0.327086,0,0,0,0,0,0,0,0,0,0,0,0
2740,C3D8,0.327085,0,0,0,0,0,0,0,0,0,0,0,0
2741,C3D8,0.327085,0,0,0,0,0,0,0,0,0,0,0,0
2742,C3D8,0.327085,0,0,0,0,0,0,0,0,0,0,0,0
2743,C3D8,0.327086,0,0,0,0,0,0,0,0,0,0,0,0
2744,C3D8,0.327085,0,0,0,0,0,0,0,0,0,0,0,0
2745,C3D8,0.327085,0,0,0,0,0,0,0,0,0,0,0,0
2746,C3D8,0.327085,0,0,0,0,0,0,0,0,0,0,0,0
2747,C3D8,0.327086,0,0,0,0,0,0,0,0,0,0,0,0
2748,C3D8,0.327085,0,0,0,0,0,0,0,0,0,0,0,0
2749,C3D8,0.327085,0,0,0,0,0,0,0,0,0,0,0,0
2750,C3D8,0.327085,0,0,0,0,0,0,0,0,0,0,0,0
2751,C3D8,0.327086,0,0,0,0,0,0,0,0,0,0,0,0
2752,C3D8,0.327084,0,0,0,0,0,0,0,0,0,0,0,0
2753,C3D8,0.327087,0,0,0,0,0,0,0,0,0,0,0,0
2754,C3D8,0.327085,0,0,0,0,0,0,0,0,0,0,0,0
2755,C3D8,0.327085,0,0,0,0,0,0,0,0,0,0,0,0
2756,C3D8,0.327085,0,0,0,0,0,0,0,0,0,0,0,0
2757,C3D8,0.327086,0,0,0,0,0,0,0,0,0,0,0,0
2758,C3D8,0.327085,0,0,0,0,0,0,0,0,0,0,0,0
2759,C3D8,0.327086,0,0,0,0,0,0,0,0,0,0,0,0
2760,C3D8,0.327085,0,0,0,0,0,0,0,0,0,0,0,0
2761,C3D8,0.327086,0,0,0,0,0,0,0,0,0,0,0,0
2762,C3D8,0.327085,0,0,0,0,0,0,0,0,0,0,0,0
2763,C3D8,0.327086,0,0,0,0,0,0,0,0,0,0,0,0
2764,C3D8,0.327085,0,0,0,0,0,0,0,0,0,0,0,0
2765,C3D8,0.327086,0,0,0,0,0,0,0,0,0,0,0,0
2766,C3D8,0.327085,0,0,0,0,0,0,0,0,0,0,0,0
2767,C3D8,0.327086,0,0,0,0,0,0,0,0,0,0,0,0
2768,C3D8,0.327085,0,0,0,0,0,0,0,0,0,0,0,0
2769,C3D8,0.327086,0,0,0,0,0,0,0,0,0,0,0,0
2770,C3D8,0.327085,0,0,0,0,0,0,0,0,0,0,0,0
2771,C3D8,0.327086,0,0,0,0,0,0,0,0,0,0,0,0
2772,C3D8,0.327085,0,0,0,0,0,0,0,0,0,0,0,0
2773,C3D8,0.327085,0,0,0,0,0,0,0,0,0,0,0,0
2774,C3D8,0.327086,0,0,0,0,0,0,0,0,0,0,0,0
2775,C3D8,0.327085,0,0,0,0,0,0,0,0,0,0,0,0
2776,C3D8,0.327085,0,0,0,0,0,0,0,0,0,0,0,0
2777,C3D8,0.327086,0,0,0,0,0,0,0,0,0,0,0,0
2778,C3D8,0.327085,0,0,0,0,0,0,0,0,0,0,0,0
2779,C3D8,0.327085,0,0,0,0,0,0,0,0,0,0,0,0
2780,C3D8,0.327085,0,0,0,0,0,0,0,0,0,0,0,0
2781,C3D8,0.327086,0,0,0,0,0,0,0,0,0,0,0,0
2782,C3D8,0.327085,0,0,0,0,0,0,0,0,0,0,0,0
2783,C3D8,0.327085,0,0,0,0,0,0,0,0,0,0,0,0
2784,C3D8,0.327085,0,0,0,0,0,0,0,0,0,0,0,0
2785,C3D8,0.327086,0,0,0,0,0,0,0,0,0,0,0,0
2786,C3D8,0.327085,0,0,0,0,0,0,0,0,0,0,0,0
2787,C3D8,0.327085,0,0,0,0,0,0,0,0,0,0,0,0
2788,C3D8,0.327085,0,0,0,0,0,0,0,0,0,0,0,0
2789,C3D8,0.327086,0,0,0,0,0,0,0,0,0,0,0,0
2790,C3D8,0.327085,0,0,0,0,0,0,0,0,0,0,0,0
2791,C3D8,0.327085,0,0,0,0,0,0,0,0,0,0,0,0
2792,C3D8,0.327086,0,0,0,0,0,0,0,0,0,0,0,0
2793,C3D8,0.327085,0,0,0,0,0,0,0,0,0,0,0,0
2794,C3D8,0.327085,0,0,0,0,0,0,0,0,0,0,0,0
2795,C3D8,0.327085,0,0,0,0,0,0,0,0,0,0,0,0
2796,C3D8,0.327086,0,0,0,0,0,0,0,0,0,0,0,0
2797,C3D8,0.327085,0,0,0,0,0,0,0,0,0,0,0,0
2798,C3D8,0.327085,0,0,0,0,0,0,0,0,0,0,0,0
2799,C3D8,0.327085,0,0,0,0,0,0,0,0,0,0,0,0
2800,C3D8,0.327086,0,0,0,0,0,0,0,0,0,0,0,0
2801,C3D8,0.327085,0,0,0,0,0,0,0,0,0,0,0,0
2802,C3D8,0.327085,0,0,0,0,0,0,0,0,0,0,0,0
2803,C3D8,0.327085,0,0,0,0,0,0,0,0,0,0,0,0
2804,C3D8,0.327086,0,0,0,0,0,0,0,0,0,0,0,0
2805,C3D8,0.327084,0,0,0,0,0,0,0,0,0,0,0,0
2806,C3D8,0.327088,0,0,0,0,0,0,0,0,0,0,0,0
2807,C3D8,0.327085,0,0,0,0,0,0,0,0,0,0,0,0
2808,C3D8,0.327085,0,0,0,0,0,0,0,0,0,0,0,0
2809,C3D8,0.327085,0,0,0,0,0,0,0,0,0,0,0,0
2810,C3D8,0.327085,0,0,0,0,0,0,0,0,0,0,0,0
2811,C3D8,0.327085,0,0,0,0,0,0,0,0,0,0,0,0
2812,C3D8,0.327085,0,0,0,0,0,0,0,0,0,0,0,0
2813,C3D8,0.327085,0,0,0,0,0,0,0,0,0,0,0,0
2814,C3D8,0.327085,0,0,0,0,0,0,0,0,0,0,0,0
2815,C3D8,0.327085,0,0,0,0,0,0,0,0,0,0,0,0
2816,C3D8,0.327085,0,0,0,0,0,0,0,0,0,0,0,0
2817,C3D8,0.327085,0,0,0,0,0,0,0,0,0,0,0,0
2818,C3D8,0.327085,0,0,0,0,0,0,0,0,0,0,0,0
2819,C3D8,0.327085,0,0,0,0,0,0,0,0,0,0,0,0
2820,C3D8,0.327085,0,0,0,0,0,0,0,0,0,0,0,0
2821,C3D8,0.327085,0,0,0,0,0,0,0,0,0,0,0,0
2822,C3D8,0.327085,0,0,0,0,0,0,0,0,0,0,0,0
2823,C3D8,0.327085,0,0,0,0,0,0,0,0,0,0,0,0
2824,C3D8,0.327085,0,0,0,0,0,0,0,0,0,0,0,0
2825,C3D8,0.327085,0,0,0,0,0,0,0,0,0,0,0,0
2826,C3D8,0.327085,0,0,0,0,0,0,0,0,0,0,0,0
2827,C3D8,0.327086,0,0,0,0,0,0,0,0,0,0,0,0
2828,C3D8,0.327085,0,0,0,0,0,0,0,0,0,0,0,0
2829,C3D8,0.327085,0,0,0,0,0,0,0,0,0,0,0,0
2830,C3D8,0.327086,0,0,0,0,0,0,0,0,0,0,0,0
2831,C3D8,0.327085,0,0,0,0,0,0,0,0,0,0,0,0
2832,C3D8,0.327085,0,0,0,0,0,0,0,0,0,0,0,0
2833,C3D8,0.327085,0,0,0,0,0,0,0,0,0,0,0,0
2834,C3D8,0.327086,0,0,0,0,0,0,0,0,0,0,0,0
2835,C3D8,0.327085,0,0,0,0,0,0,0,0,0,0,0,0
2836,C3D8,0.327085,0,0,0,0,0,0,0,0,0,0,0,0
2837,C3D8,0.327085,0,0,0,0,0,0,0,0,0,0,0,0
2838,C3D8,0.327086,0,0,0,0,0,0,0,0,0,0,0,0
2839,C3D8,0.327085,0,0,0,0,0,0,0,0,0,0,0,0
2840,C3D8,0.327085,0,0,0,0,0,0,0,0,0,0,0,0
2841,C3D8,0.327085,0,0,0,0,0,0,0,0,0,0,0,0
2842,C3D8,0.327086,0,0,0,0,0,0,0,0,0,0,0,0
2843,C3D8,0.327085,0,0,0,0,0,0,0,0,0,0,0,0
2844,C3D8,0.327085,0,0,0,0,0,0,0,0,0,0,0,0
2845,C3D8,0.327086,0,0,0,0,0,0,0,0,0,0,0,0
2846,C3D8,0.327085,0,0,0,0,0,0,0,0,0,0,0,0
2847,C3D8,0.327085,0,0,0,0,0,0,0,0,0,0,0,0
2848,C3D8,0.327085,0,0,0,0,0,0,0,0,0,0,0,0
2849,C3D8,0.327086,0,0,0,0,0,0,0,0,0,0,0,0
2850,C3D8,0.327085,0,0,0,0,0,0,0,0,0,0,0,0
2851,C3D8,0.327085,0,0,0,0,0,0,0,0,0,0,0,0
2852,C3D8,0.327085,0,0,0,0,0,0,0,0,0,0,0,0
2853,C3D8,0.327086,0,0,0,0,0,0,0,0,0,0,0,0
2854,C3D8,0.327085,0,0,0,0,0,0,0,0,0,0,0,0
2855,C3D8,0.327085,0,0,0,0,0,0,0,0,0,0,0,0
2856,C3D8,0.327085,0,0,0,0,0,0,0,0,0,0,0,0
2857,C3D8,0.327086,0,0,0,0,0,0,0,0,0,0,0,0
2858,C3D8,0.327084,0,0,0,0,0,0,0,0,0,0,0,0
2859,C3D8,0.327087,0,0,0,0,0,0,0,0,0,0,0,0
2860,C3D8,0.327085,0,0,0,0,0,0,0,0,0,0,0,0
2861,C3D8,0.327085,0,0,0,0,0,0,0,0,0,0,0,0
2862,C3D8,0.327085,0,0,0,0,0,0,0,0,0,0,0,0
2863,C3D8,0.327086,0,0,0,0,0,0,0,0,0,0,0,0
2864,C3D8,0.327085,0,0,0,0,0,0,0,0,0,0,0,0
2865,C3D8,0.327086,0,0,0,0,0,0,0,0,0,0,0,0
2866,C3D8,0.327085,0,0,0,0,0,0,0,0,0,0,0,0
2867,C3D8,0.327086,0,0,0,0,0,0,0,0,0,0,0,0
2868,C3D8,0.327085,0,0,0,0,0,0,0,0,0,0,0,0
2869,C3D8,0.327086,0,0,0,0,0,0,0,0,0,0,0,0
2870,C3D8,0.327085,0,0,0,0,0,0,0,0,0,0,0,0
2871,C3D8,0.327086,0,0,0,0,0,0,0,0,0,0,0,0
2872,C3D8,0.327085,0,0,0,0,0,0,0,0,0,0,0,0
2873,C3D8,0.327086,0,0,0,0,0,0,0,0,0,0,0,0
2874,C3D8,0.327085,0,0,0,0,0,0,0,0,0,0,0,0
2875,C3D8,0.327086,0,0,0,0,0,0,0,0,0,0,0,0
2876,C3D8,0.327085,0,0,0,0,0,0,0,0,0,0,0,0
2877,C3D8,0.327086,0,0,0,0,0,0,0,0,0,0,0,0
2878,C3D8,0.327085,0,0,0,0,0,0,0,0,0,0,0,0
2879,C3D8,0.327085,0,0,0,0,0,0,0,0,0,0,0,0
2880,C3D8,0.327087,0,0,0,0,0,0,0,0,0,0,0,0
2881,C3D8,0.327085,0,0,0,0,0,0,0,0,0,0,0,0
2882,C3D8,0.327085,0,0,0,0,0,0,0,0,0,0,0,0
2883,C3D8,0.327087,0,0,0,0,0,0,0,0,0,0,0,0
2884,C3D8,0.327085,0,0,0,0,0,0,0,0,0,0,0,0
2885,C3D8,0.327085,0,0,0,0,0,0,0,0,0,0,0,0
2886,C3D8,0.327085,0,0,0,0,0,0,0,0,0,0,0,0
2887,C3D8,0.327087,0,0,0,0,0,0,0,0,0,0,0,0
2888,C3D8,0.327085,0,0,0,0,0,0,0,0,0,0,0,0
2889,C3D8,0.327085,0,0,0,0,0,0,0,0,0,0,0,0
2890,C3D8,0.327085,0,0,0,0,0,0,0,0,0,0,0,0
2891,C3D8,0.327087,0,0,0,0,0,0,0,0,0,0,0,0
2892,C3D8,0.327085,0,0,0,0,0,0,0,0,0,0,0,0
2893,C3D8,0.327085,0,0,0,0,0,0,0,0,0,0,0,0
2894,C3D8,0.327085,0,0,0,0,0,0,0,0,0,0,0,0
2895,C3D8,0.327087,0,0,0,0,0,0,0,0,0,0,0,0
2896,C3D8,0.327085,0,0,0,0,0,0,0,0,0,0,0,0
2897,C3D8,0.327085,0,0,0,0,0,0,0,0,0,0,0,0
2898,C3D8,0.327087,0,0,0,0,0,0,0,0,0,0,0,0
2899,C3D8,0.327085,0,0,0,0,0,0,0,0,0,0,0,0
2900,C3D8,0.327085,0,0,0,0,0,0,0,0,0,0,0,0
2901,C3D8,0.327085,0,0,0,0,0,0,0,0,0,0,0,0
2902,C3D8,0.327087,0,0,0,0,0,0,0,0,0,0,0,0
2903,C3D8,0.327085,0,0,0,0,0,0,0,0,0,0,0,0
2904,C3D8,0.327085,0,0,0,0,0,0,0,0,0,0,0,0
2905,C3D8,0.327085,0,0,0,0,0,0,0,0,0,0,0,0
2906,C3D8,0.327087,0,0,0,0,0,0,0,0,0,0,0,0
2907,C3D8,0.327085,0,0,0,0,0,0,0,0,0,0,0,0
2908,C3D8,0.327085,0,0,0,0,0,0,0,0,0,0,0,0
2909,C3D8,0.327085,0,0,0,0,0,0,0,0,0,0,0,0
2910,C3D8,0.327087,0,0,0,0,0,0,0,0,0,0,0,0
2911,C3D8,0.327084,0,0,0,0,0,0,0,0,0,0,0,0
2912,C3D8,0.327088,0,0,0,0,0,0,0,0,0,0,0,0
2913,C3D8,0.327085,0,0,0,0,0,0,0,0,0,0,0,0
2914,C3D8,0.327085,0,0,0,0,0,0,0,0,0,0,0,0
2915,C3D8,0.327085,0,0,0,0,0,0,0,0,0,0,0,0
2916,C3D8,0.327085,0,0,0,0,0,0,0,0,0,0,0,0
2917,C3D8,0.327085,0,0,0,0,0,0,0,0,0,0,0,0
2918,C3D8,0.327085,0,0,0,0,0,0,0,0,0,0,0,0
2919,C3D8,0.327085,0,0,0,0,0,0,0,0,0,0,0,0
2920,C3D8,0.327085,0,0,0,0,0,0,0,0,0,0,0,0
2921,C3D8,0.327085,0,0,0,0,0,0,0,0,0,0,0,0
2922,C3D8,0.327085,0,0,0,0,0,0,0,0,0,0,0,0
2923,C3D8,0.327085,0,0,0,0,0,0,0,0,0,0,0,0
2924,C3D8,0.327085,0,0,0,0,0,0,0,0,0,0,0,0
2925,C3D8,0.327085,0,0,0,0,0,0,0,0,0,0,0,0
2926,C3D8,0.327085,0,0,0,0,0,0,0,0,0,0,0,0
2927,C3D8,0.327085,0,0,0,0,0,0,0,0,0,0,0,0
2928,C3D8,0.327085,0,0,0,0,0,0,0,0,0,0,0,0
2929,C3D8,0.327085,0,0,0,0,0,0,0,0,0,0,0,0
2930,C3D8,0.327085,0,0,0,0,0,0,0,0,0,0,0,0
2931,C3D8,0.327085,0,0,0,0,0,0,0,0,0,0,0,0
2932,C3D8,0.327085,0,0,0,0,0,0,0,0,0,0,0,0
2933,C3D8,0.327086,0,0,0,0,0,0,0,0,0,0,0,0
2934,C3D8,0.327085,0,0,0,0,0,0,0,0,0,0,0,0
2935,C3D8,0.327085,0,0,0,0,0,0,0,0,0,0,0,0
2936,C3D8,0.327086,0,0,0,0,0,0,0,0,0,0,0,0
2937,C3D8,0.327085,0,0,0,0,0,0,0,0,0,0,0,0
2938,C3D8,0.327085,0,0,0,0,0,0,0,0,0,0,0,0
2939,C3D8,0.327085,0,0,0,0,0,0,0,0,0,0,0,0
2940,C3D8,0.327086,0,0,0,0,0,0,0,0,0,0,0,0
2941,C3D8,0.327085,0,0,0,0,0,0,0,0,0,0,0,0
2942,C3D8,0.327085,0,0,0,0,0,0,0,0,0,0,0,0
2943,C3D8,0.327085,0,0,0,0,0,0,0,0,0,0,0,0
2944,C3D8,0.327086,0,0,0,0,0,0,0,0,0,0,0,0
2945,C3D8,0.327085,0,0,0,0,0,0,0,0,0,0,0,0
2946,C3D8,0.327085,0,0,0,0,0,0,0,0,0,0,0,0
2947,C3D8,0.327085,0,0,0,0,0,0,0,0,0,0,0,0
2948,C3D8,0.327086,0,0,0,0,0,0,0,0,0,0,0,0
2949,C3D8,0.327085,0,0,0,0,0,0,0,0,0,0,0,0
2950,C3D8,0.327085,0,0,0,0,0,0,0,0,0,0,0,0
2951,C3D8,0.327086,0,0,0,0,0,0,0,0,0,0,0,0
2952,C3D8,0.327085,0,0,0,0,0,0,0,0,0,0,0,0
2953,C3D8,0.327085,0,0,0,0,0,0,0,0,0,0,0,0
2954,C3D8,0.327085,0,0,0,0,0,0,0,0,0,0,0,0
2955,C3D8,0.327086,0,0,0,0,0,0,0,0,0,0,0,0
2956,C3D8,0.327085,0,0,0,0,0,0,0,0,0,0,0,0
2957,C3D8,0.327085,0,0,0,0,0,0,0,0,0,0,0,0
2958,C3D8,0.327085,0,0,0,0,0,0,0,0,0,0,0,0
2959,C3D8,0.327086,0,0,0,0,0,0,0,0,0,0,0,0
2960,C3D8,0.327085,0,0,0,0,0,0,0,0,0,0,0,0
2961,C3D8,0.327085,0,0,0,0,0,0,0,0,0,0,0,0
2962,C3D8,0.327085,0,0,0,0,0,0,0,0,0,0,0,0
2963,C3D8,0.327086,0,0,0,0,0,0,0,0,0,0,0,0
2964,C3D8,0.327084,0,0,0,0,0,0,0,0,0,0,0,0
2965,C3D8,0.327087,0,0,0,0,0,0,0,0,0,0,0,0
2966,C3D8,0.327085,0,0,0,0,0,0,0,0,0,0,0,0
2967,C3D8,0.327085,0,0,0,0,0,0,0,0,0,0,0,0
2968,C3D8,0.327085,0,0,0,0,0,0,0,0,0,0,0,0
2969,C3D8,0.327085,0,0,0,0,0,0,0,0,0,0,0,0
2970,C3D8,0.327085,0,0,0,0,0,0,0,0,0,0,0,0
2971,C3D8,0.327085,0,0,0,0,0,0,0,0,0,0,0,0
2972,C3D8,0.327085,0,0,0,0,0,0,0,0,0,0,0,0
2973,C3D8,0.327085,0,0,0,0,0,0,0,0,0,0,0,0
2974,C3D8,0.327085,0,0,0,0,0,0,0,0,0,0,0,0
2975,C3D8,0.327085,0,0,0,0,0,0,0,0,0,0,0,0
2976,C3D8,0.327085,0,0,0,0,0,0,0,0,0,0,0,0
2977,C3D8,0.327085,0,0,0,0,0,0,0,0,0,0,0,0
2978,C3D8,0.327085,0,0,0,0,0,0,0,0,0,0,0,0
2979,C3D8,0.327085,0,0,0,0,0,0,0,0,0,0,0,0
2980,C3D8,0.327085,0,0,0,0,0,0,0,0,0,0,0,0
2981,C3D8,0.327085,0,0,0,0,0,0,0,0,0,0,0,0
2982,C3D8,0.327085,0,0,0,0,0,0,0,0,0,0,0,0
2983,C3D8,0.327085,0,0,0,0,0,0,0,0,0,0,0,0
2984,C3D8,0.327085,0,0,0,0,0,0,0,0,0,0,0,0
2985,C3D8,0.327085,0,0,0,0,0,0,0,0,0,0,0,0
2986,C3D8,0.327086,0,0,0,0,0,0,0,0,0,0,0,0
2987,C3D8,0.327085,0,0,0,0,0,0,0,0,0,0,0,0
2988,C3D8,0.327085,0,0,0,0,0,0,0,0,0,0,0,0
2989,C3D8,0.327086,0,0,0,0,0,0,0,0,0,0,0,0
2990,C3D8,0.327085,0,0,0,0,0,0,0,0,0,0,0,0
2991,C3D8,0.327085,0,0,0,0,0,0,0,0,0,0,0,0
2992,C3D8,0.327085,0,0,0,0,0,0,0,0,0,0,0,0
2993,C3D8,0.327086,0,0,0,0,0,0,0,0,0,0,0,0
2994,C3D8,0.327085,0,0,0,0,0,0,0,0,0,0,0,0
2995,C3D8,0.327085,0,0,0,0,0,0,0,0,0,0,0,0
2996,C3D8,0.327085,0,0,0,0,0,0,0,0,0,0,0,0
2997,C3D8,0.327086,0,0,0,0,0,0,0,0,0,0,0,0
2998,C3D8,0.327085,0,0,0,0,0,0,0,0,0,0,0,0
2999,C3D8,0.327085,0,0,0,0,0,0,0,0,0,0,0,0
3000,C3D8,0.327085,0,0,0,0,0,0,0,0,0,0,0,0
3001,C3D8,0.327086,0,0,0,0,0,0,0,0,0,0,0,0
3002,C3D8,0.327085,0,0,0,0,0,0,0,0,0,0,0,0
3003,C3D8,0.327085,0,0,0,0,0,0,0,0,0,0,0,0
3004,C3D8,0.327086,0,0,0,0,0,0,0,0,0,0,0,0
3005,C3D8,0.327085,0,0,0,0,0,0,0,0,0,0,0,0
3006,C3D8,0.327085,0,0,0,0,0,0,0,0,0,0,0,0
3007,C3D8,0.327085,0,0,0,0,0,0,0,0,0,0,0,0
3008,C3D8,0.327086,0,0,0,0,0,0,0,0,0,0,0,0
3009,C3D8,0.327085,0,0,0,0,0,0,0,0,0,0,0,0
3010,C3D8,0.327085,0,0,0,0,0,0,0,0,0,0,0,0
3011,C3D8,0.327085,0,0,0,0,0,0,0,0,0,0,0,0
3012,C3D8,0.327086,0,0,0,0,0,0,0,0,0,0,0,0
3013,C3D8,0.327085,0,0,0,0,0,0,0,0,0,0,0,0
3014,C3D8,0.327085,0,0,0,0,0,0,0,0,0,0,0,0
3015,C3D8,0.327085,0,0,0,0,0,0,0,0,0,0,0,0
3016,C3D8,0.327086,0,0,0,0,0,0,0,0,0,0,0,0
3017,C3D8,0.327084,0,0,0,0,0,0,0,0,0,0,0,0
3018,C3D8,0.327087,0,0,0,0,0,0,0,0,0,0,0,0
3019,C3D8,0.327085,0,0,0,0,0,0,0,0,0,0,0,0
3020,C3D8,0.327085,0,0,0,0,0,0,0,0,0,0,0,0
3021,C3D8,0.327085,0,0,0,0,0,0,0,0,0,0,0,0
3022,C3D8,0.327086,0,0,0,0,0,0,0,0,0,0,0,0
3023,C3D8,0.327085,0,0,0,0,0,0,0,0,0,0,0,0
3024,C3D8,0.327086,0,0,0,0,0,0,0,0,0,0,0,0
3025,C3D8,0.327085,0,0,0,0,0,0,0,0,0,0,0,0
3026,C3D8,0.327086,0,0,0,0,0,0,0,0,0,0,0,0
3027,C3D8,0.327085,0,0,0,0,0,0,0,0,0,0,0,0
3028,C3D8,0.327086,0,0,0,0,0,0,0,0,0,0,0,0
3029,C3D8,0.327085,0,0,0,0,0,0,0,0,0,0,0,0
3030,C3D8,0.327086,0,0,0,0,0,0,0,0,0,0,0,0
3031,C3D8,0.327085,0,0,0,0,0,0,0,0,0,0,0,0
3032,C3D8,0.327086,0,0,0,0,0,0,0,0,0,0,0,0
3033,C3D8,0.327085,0,0,0,0,0,0,0,0,0,0,0,0
3034,C3D8,0.327086,0,0,0,0,0,0,0,0,0,0,0,0
3035,C3D8,0.327085,0,0,0,0,0,0,0,0,0,0,0,0
3036,C3D8,0.327086,0,0,0,0,0,0,0,0,0,0,0,0
3037,C3D8,0.327085,0,0,0,0,0,0,0,0,0,0,0,0
3038,C3D8,0.327085,0,0,0,0,0,0,0,0,0,0,0,0
3039,C3D8,0.327086,0,0,0,0,0,0,0,0,0,0,0,0
3040,C3D8,0.327085,0,0,0,0,0,0,0,0,0,0,0,0
3041,C3D8,0.327085,0,0,0,0,0,0,0,0,0,0,0,0
3042,C3D8,0.327086,0,0,0,0,0,0,0,0,0,0,0,0
3043,C3D8,0.327085,0,0,0,0,0,0,0,0,0,0,0,0
3044,C3D8,0.327085,0,0,0,0,0,0,0,0,0,0,0,0
3045,C3D8,0.327085,0,0,0,0,0,0,0,0,0,0,0,0
3046,C3D8,0.327086,0,0,0,0,0,0,0,0,0,0,0,0
3047,C3D8,0.327085,0,0,0,0,0,0,0,0,0,0,0,0
3048,C3D8,0.327085,0,0,0,0,0,0,0,0,0,0,0,0
3049,C3D8,0.327085,0,0,0,0,0,0,0,0,0,0,0,0
3050,C3D8,0.327086,0,0,0,0,0,0,0,0,0,0,0,0
3051,C3D8,0.327085,0,0,0,0,0,0,0,0,0,0,0,0
3052,C3D8,0.327085,0,0,0,0,0,0,0,0,0,0,0,0
3053,C3D8,0.327085,0,0,0,0,0,0,0,0,0,0,0,0
3054,C3D8,0.327086,0,0,0,0,0,0,0,0,0,0,0,0
3055,C3D8,0.327085,0,0,0,0,0,0,0,0,0,0,0,0
3056,C3D8,0.327085,0,0,0,0,0,0,0,0,0,0,0,0
3057,C3D8,0.327086,0,0,0,0,0,0,0,0,0,0,0,0
3058,C3D8,0.327085,0,0,0,0,0,0,0,0,0,0,0,0
3059,C3D8,0.327085,0,0,0,0,0,0,0,0,0,0,0,0
3060,C3D8,0.327085,0,0,0,0,0,0,0,0,0,0,0,0
3061,C3D8,0.327086,0,0,0,0,0,0,0,0,0,0,0,0
3062,C3D8,0.327085,0,0,0,0,0,0,0,0,0,0,0,0
3063,C3D8,0.327085,0,0,0,0,0,0,0,0,0,0,0,0
3064,C3D8,0.327085,0,0,0,0,0,0,0,0,0,0,0,0
3065,C3D8,0.327086,0,0,0,0,0,0,0,0,0,0,0,0
3066,C3D8,0.327085,0,0,0,0,0,0,0,0,0,0,0,0
3067,C3D8,0.327085,0,0,0,0,0,0,0,0,0,0,0,0
3068,C3D8,0.327085,0,0,0,0,0,0,0,0,0,0,0,0
3069,C3D8,0.327086,0,0,0,0,0,0,0,0,0,0,0,0
3070,C3D8,0.327084,0,0,0,0,0,0,0,0,0,0,0,0
3071,C3D8,0.327088,0,0,0,0,0,0,0,0,0,0,0,0
3072,C3D8,0.327085,0,0,0,0,0,0,0,0,0,0,0,0
3073,C3D8,0.327085,0,0,0,0,0,0,0,0,0,0,0,0
3074,C3D8,0.327085,0,0,0,0,0,0,0,0,0,0,0,0
3075,C3D8,0.327086,0,0,0,0,0,0,0,0,0,0,0,0
3076,C3D8,0.327085,0,0,0,0,0,0,0,0,0,0,0,0
3077,C3D8,0.327086,0,0,0,0,0,0,0,0,0,0,0,0
3078,C3D8,0.327085,0,0,0,0,0,0,0,0,0,0,0,0
3079,C3D8,0.327086,0,0,0,0,0,0,0,0,0,0,0,0
3080,C3D8,0.327085,0,0,0,0,0,0,0,0,0,0,0,0
3081,C3D8,0.327086,0,0,0,0,0,0,0,0,0,0,0,0
3082,C3D8,0.327085,0,0,0,0,0,0,0,0,0,0,0,0
3083,C3D8,0.327086,0,0,0,0,0,0,0,0,0,0,0,0
3084,C3D8,0.327085,0,0,0,0,0,0,0,0,0,0,0,0
3085,C3D8,0.327086,0,0,0,0,0,0,0,0,0,0,0,0
3086,C3D8,0.327085,0,0,0,0,0,0,0,0,0,0,0,0
3087,C3D8,0.327086,0,0,0,0,0,0,0,0,0,0,0,0
3088,C3D8,0.327085,0,0,0,0,0,0,0,0,0,0,0,0
3089,C3D8,0.327086,0,0,0,0,0,0,0,0,0,0,0,0
3090,C3D8,0.327085,0,0,0,0,0,0,0,0,0,0,0,0
3091,C3D8,0.327085,0,0,0,0,0,0,0,0,0,0,0,0
3092,C3D8,0.327086,0,0,0,0,0,0,0,0,0,0,0,0
3093,C3D8,0.327085,0,0,0,0,0,0,0,0,0,0,0,0
3094,C3D8,0.327085,0,0,0,0,0,0,0,0,0,0,0,0
3095,C3D8,0.327086,0,0,0,0,0,0,0,0,0,0,0,0
3096,C3D8,0.327085,0,0,0,0,0,0,0,0,0,0,0,0
3097,C3D8,0.327085,0,0,0,0,0,0,0,0,0,0,0,0
3098,C3D8,0.327085,0,0,0,0,0,0,0,0,0,0,0,0
3099,C3D8,0.327086,0,0,0,0,0,0,0,0,0,0,0,0
3100,C3D8,0.327085,0,0,0,0,0,0,0,0,0,0,0,0
3101,C3D8,0.327085,0,0,0,0,0,0,0,0,0,0,0,0
3102,C3D8,0.327085,0,0,0,0,0,0,0,0,0,0,0,0
3103,C3D8,0.327086,0,0,0,0,0,0,0,0,0,0,0,0
3104,C3D8,0.327085,0,0,0,0,0,0,0,0,0,0,0,0
3105,C3D8,0.327085,0,0,0,0,0,0,0,0,0,0,0,0
3106,C3D8,0.327085,0,0,0,0,0,0,0,0,0,0,0,0
3107,C3D8,0.327086,0,0,0,0,0,0,0,0,0,0,0,0
3108,C3D8,0.327085,0,0,0,0,0,0,0,0,0,0,0,0
3109,C3D8,0.327085,0,0,0,0,0,0,0,0,0,0,0,0
3110,C3D8,0.327086,0,0,0,0,0,0,0,0,0,0,0,0
3111,C3D8,0.327085,0,0,0,0,0,0,0,0,0,0,0,0
3112,C3D8,0.327085,0,0,0,0,0,0,0,0,0,0,0,0
3113,C3D8,0.327085,0,0,0,0,0,0,0,0,0,0,0,0
3114,C3D8,0.327086,0,0,0,0,0,0,0,0,0,0,0,0
3115,C3D8,0.327085,0,0,0,0,0,0,0,0,0,0,0,0
3116,C3D8,0.327085,0,0,0,0,0,0,0,0,0,0,0,0
3117,C3D8,0.327085,0,0,0,0,0,0,0,0,0,0,0,0
3118,C3D8,0.327086,0,0,0,0,0,0,0,0,0,0,0,0
3119,C3D8,0.327085,0,0,0,0,0,0,0,0,0,0,0,0
3120,C3D8,0.327085,0,0,0,0,0,0,0,0,0,0,0,0
3121,C3D8,0.327085,0,0,0,0,0,0,0,0,0,0,0,0
3122,C3D8,0.327086,0,0,0,0,0,0,0,0,0,0,0,0
3123,C3D8,0.327084,0,0,0,0,0,0,0,0,0,0,0,0
3124,C3D8,0.327088,0,0,0,0,0,0,0,0,0,0,0,0
3125,C3D8,0.327085,0,0,0,0,0,0,0,0,0,0,0,0
3126,C3D8,0.327085,0,0,0,0,0,0,0,0,0,0,0,0
3127,C3D8,0.327085,0,0,0,0,0,0,0,0,0,0,0,0
3128,C3D8,0.327086,0,0,0,0,0,0,0,0,0,0,0,0
3129,C3D8,0.327085,0,0,0,0,0,0,0,0,0,0,0,0
3130,C3D8,0.327086,0,0,0,0,0,0,0,0,0,0,0,0
3131,C3D8,0.327085,0,0,0,0,0,0,0,0,0,0,0,0
3132,C3D8,0.327086,0,0,0,0,0,0,0,0,0,0,0,0
3133,C3D8,0.327085,0,0,0,0,0,0,0,0,0,0,0,0
3134,C3D8,0.327086,0,0,0,0,0,0,0,0,0,0,0,0
3135,C3D8,0.327085,0,0,0,0,0,0,0,0,0,0,0,0
3136,C3D8,0.327086,0,0,0,0,0,0,0,0,0,0,0,0
3137,C3D8,0.327085,0,0,0,0,0,0,0,0,0,0,0,0
3138,C3D8,0.327086,0,0,0,0,0,0,0,0,0,0,0,0
3139,C3D8,0.327085,0,0,0,0,0,0,0,0,0,0,0,0
3140,C3D8,0.327086,0,0,0,0,0,0,0,0,0,0,0,0
3141,C3D8,0.327085,0,0,0,0,0,0,0,0,0,0,0,0
3142,C3D8,0.327086,0,0,0,0,0,0,0,0,0,0,0,0
3143,C3D8,0.327085,0,0,0,0,0,0,0,0,0,0,0,0
3144,C3D8,0.327085,0,0,0,0,0,0,0,0,0,0,0,0
3145,C3D8,0.327086,0,0,0,0,0,0,0,0,0,0,0,0
3146,C3D8,0.327085,0,0,0,0,0,0,0,0,0,0,0,0
3147,C3D8,0.327085,0,0,0,0,0,0,0,0,0,0,0,0
3148,C3D8,0.327086,0,0,0,0,0,0,0,0,0,0,0,0
3149,C3D8,0.327085,0,0,0,0,0,0,0,0,0,0,0,0
3150,C3D8,0.327085,0,0,0,0,0,0,0,0,0,0,0,0
3151,C3D8,0.327085,0,0,0,0,0,0,0,0,0,0,0,0
3152,C3D8,0.327086,0,0,0,0,0,0,0,0,0,0,0,0
3153,C3D8,0.327085,0,0,0,0,0,0,0,0,0,0,0,0
3154,C3D8,0.327085,0,0,0,0,0,0,0,0,0,0,0,0
3155,C3D8,0.327085,0,0,0,0,0,0,0,0,0,0,0,0
3156,C3D8,0.327086,0,0,0,0,0,0,0,0,0,0,0,0
3157,C3D8,0.327085,0,0,0,0,0,0,0,0,0,0,0,0
3158,C3D8,0.327085,0,0,0,0,0,0,0,0,0,0,0,0
3159,C3D8,0.327085,0,0,0,0,0,0,0,0,0,0,0,0
3160,C3D8,0.327086,0,0,0,0,0,0,0,0,0,0,0,0
3161,C3D8,0.327085,0,0,0,0,0,0,0,0,0,0,0,0
3162,C3D8,0.327085,0,0,0,0,0,0,0,0,0,0,0,0
3163,C3D8,0.327086,0,0,0,0,0,0,0,0,0,0,0,0
3164,C3D8,0.327085,0,0,0,0,0,0,0,0,0,0,0,0
3165,C3D8,0.327085,0,0,0,0,0,0,0,0,0,0,0,0
3166,C3D8,0.327085,0,0,0,0,0,0,0,0,0,0,0,0
3167,C3D8,0.327086,0,0,0,0,0,0,0,0,0,0,0,0
3168,C3D8,0.327085,0,0,0,0,0,0,0,0,0,0,0,0
3169,C3D8,0.327085,0,0,0,0,0,0,0,0,0,0,0,0
3170,C3D8,0.327085,0,0,0,0,0,0,0,0,0,0,0,0
3171,C3D8,0.327086,0,0,0,0,0,0,0,0,0,0,0,0
3172,C3D8,0.327085,0,0,0,0,0,0,0,0,0,0,0,0
3173,C3D8,0.327085,0,0,0,0,0,0,0,0,0,0,0,0
3174,C3D8,0.327085,0,0,0,0,0,0,0,0,0,0,0,0
3175,C3D8,0.327086,0,0,0,0,0,0,0,0,0,0,0,0
3176,C3D8,0.327084,0,0,0,0,0,0,0,0,0,0,0,0
3177,C3D8,0.327088,0,0,0,0,0,0,0,0,0,0,0,0
3178,C3D8,0.327085,0,0,0,0,0,0,0,0,0,0,0,0
3179,C3D8,0.327085,0,0,0,0,0,0,0,0,0,0,0,0
3180,C3D8,0.327085,0,0,0,0,0,0,0,0,0,0,0,0
3181,C3D8,0.327086,0,0,0,0,0,0,0,0,0,0,0,0
3182,C3D8,0.327085,0,0,0,0,0,0,0,0,0,0,0,0
3183,C3D8,0.327086,0,0,0,0,0,0,0,0,0,0,0,0
3184,C3D8,0.327085,0,0,0,0,0,0,0,0,0,0,0,0
3185,C3D8,0.327086,0,0,0,0,0,0,0,0,0,0,0,0
3186,C3D8,0.327085,0,0,0,0,0,0,0,0,0,0,0,0
3187,C3D8,0.327086,0,0,0,0,0,0,0,0,0,0,0,0
3188,C3D8,0.327085,0,0,0,0,0,0,0,0,0,0,0,0
3189,C3D8,0.327086,0,0,0,0,0,0,0,0,0,0,0,0
3190,C3D8,0.327085,0,0,0,0,0,0,0,0,0,0,0,0
3191,C3D8,0.327086,0,0,0,0,0,0,0,0,0,0,0,0
3192,C3D8,0.327085,0,0,0,0,0,0,0,0,0,0,0,0
3193,C3D8,0.327086,0,0,0,0,0,0,0,0,0,0,0,0
3194,C3D8,0.327085,0,0,0,0,0,0,0,0,0,0,0,0
3195,C3D8,0.327086,0,0,0,0,0,0,0,0,0,0,0,0
3196,C3D8,0.327085,0,0,0,0,0,0,0,0,0,0,0,0
3197,C3D8,0.327085,0,0,0,0,0,0,0,0,0,0,0,0
3198,C3D8,0.327086,0,0,0,0,0,0,0,0,0,0,0,0
3199,C3D8,0.327085,0,0,0,0,0,0,0,0,0,0,0,0
3200,C3D8,0.327085,0,0,0,0,0,0,0,0,0,0,0,0
3201,C3D8,0.327086,0,0,0,0,0,0,0,0,0,0,0,0
3202,C3D8,0.327085,0,0,0,0,0,0,0,0,0,0,0,0
3203,C3D8,0.327085,0,0,0,0,0,0,0,0,0,0,0,0
3204,C3D8,0.327085,0,0,0,0,0,0,0,0,0,0,0,0
3205,C3D8,0.327086,0,0,0,0,0,0,0,0,0,0,0,0
3206,C3D8,0.327085,0,0,0,0,0,0,0,0,0,0,0,0
3207,C3D8,0.327085,0,0,0,0,0,0,0,0,0,0,0,0
3208,C3D8,0.327085,0,0,0,0,0,0,0,0,0,0,0,0
3209,C3D8,0.327086,0,0,0,0,0,0,0,0,0,0,0,0
3210,C3D8,0.327085,0,0,0,0,0,0,0,0,0,0,0,0
3211,C3D8,0.327085,0,0,0,0,0,0,0,0,0,0,0,0
3212,C3D8,0.327085,0,0,0,0,0,0,0,0,0,0,0,0
3213,C3D8,0.327086,0,0,0,0,0,0,0,0,0,0,0,0
3214,C3D8,0.327085,0,0,0,0,0,0,0,0,0,0,0,0
3215,C3D8,0.327085,0,0,0,0,0,0,0,0,0,0,0,0
3216,C3D8,0.327086,0,0,0,0,0,0,0,0,0,0,0,0
3217,C3D8,0.327085,0,0,0,0,0,0,0,0,0,0,0,0
3218,C3D8,0.327085,0,0,0,0,0,0,0,0,0,0,0,0
3219,C3D8,0.327085,0,0,0,0,0,0,0,0,0,0,0,0
3220,C3D8,0.327086,0,0,0,0,0,0,0,0,0,0,0,0
3221,C3D8,0.327085,0,0,0,0,0,0,0,0,0,0,0,0
3222,C3D8,0.327085,0,0,0,0,0,0,0,0,0,0,0,0
3223,C3D8,0.327085,0,0,0,0,0,0,0,0,0,0,0,0
3224,C3D8,0.327086,0,0,0,0,0,0,0,0,0,0,0,0
3225,C3D8,0.327085,0,0,0,0,0,0,0,0,0,0,0,0
3226,C3D8,0.327085,0,0,0,0,0,0,0,0,0,0,0,0
3227,C3D8,0.327085,0,0,0,0,0,0,0,0,0,0,0,0
3228,C3D8,0.327086,0,0,0,0,0,0,0,0,0,0,0,0
3229,C3D8,0.327084,0,0,0,0,0,0,0,0,0,0,0,0
3230,C3D8,0.327088,0,0,0,0,0,0,0,0,0,0,0,0
3231,C3D8,0.327085,0,0,0,0,0,0,0,0,0,0,0,0
3232,C3D8,0.327085,0,0,0,0,0,0,0,0,0,0,0,0
3233,C3D8,0.327085,0,0,0,0,0,0,0,0,0,0,0,0
3234,C3D8,0.327086,0,0,0,0,0,0,0,0,0,0,0,0
3235,C3D8,0.327085,0,0,0,0,0,0,0,0,0,0,0,0
3236,C3D8,0.327086,0,0,0,0,0,0,0,0,0,0,0,0
3237,C3D8,0.327085,0,0,0,0,0,0,0,0,0,0,0,0
3238,C3D8,0.327086,0,0,0,0,0,0,0,0,0,0,0,0
3239,C3D8,0.327085,0,0,0,0,0,0,0,0,0,0,0,0
3240,C3D8,0.327086,0,0,0,0,0,0,0,0,0,0,0,0
3241,C3D8,0.327085,0,0,0,0,0,0,0,0,0,0,0,0
3242,C3D8,0.327086,0,0,0,0,0,0,0,0,0,0,0,0
3243,C3D8,0.327085,0,0,0,0,0,0,0,0,0,0,0,0
3244,C3D8,0.327086,0,0,0,0,0,0,0,0,0,0,0,0
3245,C3D8,0.327085,0,0,0,0,0,0,0,0,0,0,0,0
3246,C3D8,0.327086,0,0,0,0,0,0,0,0,0,0,0,0
3247,C3D8,0.327085,0,0,0,0,0,0,0,0,0,0,0,0
3248,C3D8,0.327086,0,0,0,0,0,0,0,0,0,0,0,0
3249,C3D8,0.327085,0,0,0,0,0,0,0,0,0,0,0,0
3250,C3D8,0.327085,0,0,0,0,0,0,0,0,0,0,0,0
3251,C3D8,0.327086,0,0,0,0,0,0,0,0,0,0,0,0
3252,C3D8,0.327085,0,0,0,0,0,0,0,0,0,0,0,0
3253,C3D8,0.327085,0,0,0,0,0,0,0,0,0,0,0,0
3254,C3D8,0.327086,0,0,0,0,0,0,0,0,0,0,0,0
3255,C3D8,0.327085,0,0,0,0,0,0,0,0,0,0,0,0
3256,C3D8,0.327085,0,0,0,0,0,0,0,0,0,0,0,0
3257,C3D8,0.327085,0,0,0,0,0,0,0,0,0,0,0,0
3258,C3D8,0.327086,0,0,0,0,0,0,0,0,0,0,0,0
3259,C3D8,0.327085,0,0,0,0,0,0,0,0,0,0,0,0
3260,C3D8,0.327085,0,0,0,0,0,0,0,0,0,0,0,0
3261,C3D8,0.327085,0,0,0,0,0,0,0,0,0,0,0,0
3262,C3D8,0.327086,0,0,0,0,0,0,0,0,0,0,0,0
3263,C3D8,0.327085,0,0,0,0,0,0,0,0,0,0,0,0
3264,C3D8,0.327085,0,0,0,0,0,0,0,0,0,0,0,0
3265,C3D8,0.327085,0,0,0,0,0,0,0,0,0,0,0,0
3266,C3D8,0.327086,0,0,0,0,0,0,0,0,0,0,0,0
3267,C3D8,0.327085,0,0,0,0,0,0,0,0,0,0,0,0
3268,C3D8,0.327085,0,0,0,0,0,0,0,0,0,0,0,0
3269,C3D8,0.327086,0,0,0,0,0,0,0,0,0,0,0,0
3270,C3D8,0.327085,0,0,0,0,0,0,0,0,0,0,0,0
3271,C3D8,0.327085,0,0,0,0,0,0,0,0,0,0,0,0
3272,C3D8,0.327085,0,0,0,0,0,0,0,0,0,0,0,0
3273,C3D8,0.327086,0,0,0,0,0,0,0,0,0,0,0,0
3274,C3D8,0.327085,0,0,0,0,0,0,0,0,0,0,0,0
3275,C3D8,0.327085,0,0,0,0,0,0,0,0,0,0,0,0
3276,C3D8,0.327085,0,0,0,0,0,0,0,0,0,0,0,0
3277,C3D8,0.327086,0,0,0,0,0,0,0,0,0,0,0,0
3278,C3D8,0.327085,0,0,0,0,0,0,0,0,0,0,0,0
3279,C3D8,0.327085,0,0,0,0,0,0,0,0,0,0,0,0
3280,C3D8,0.327085,0,0,0,0,0,0,0,0,0,0,0,0
3281,C3D8,0.327086,0,0,0,0,0,0,0,0,0,0,0,0
3282,C3D8,0.327084,0,0,0,0,0,0,0,0,0,0,0,0
3283,C3D8,0.327088,0,0,0,0,0,0,0,0,0,0,0,0
3284,C3D8,0.327085,0,0,0,0,0,0,0,0,0,0,0,0
3285,C3D8,0.327085,0,0,0,0,0,0,0,0,0,0,0,0
3286,C3D8,0.327085,0,0,0,0,0,0,0,0,0,0,0,0
3287,C3D8,0.327086,0,0,0,0,0,0,0,0,0,0,0,0
3288,C3D8,0.327085,0,0,0,0,0,0,0,0,0,0,0,0
3289,C3D8,0.327086,0,0,0,0,0,0,0,0,0,0,0,0
3290,C3D8,0.327085,0,0,0,0,0,0,0,0,0,0,0,0
3291,C3D8,0.327086,0,0,0,0,0,0,0,0,0,0,0,0
3292,C3D8,0.327085,0,0,0,0,0,0,0,0,0,0,0,0
3293,C3D8,0.327086,0,0,0,0,0,0,0,0,0,0,0,0
3294,C3D8,0.327085,0,0,0,0,0,0,0,0,0,0,0,0
3295,C3D8,0.327086,0,0,0,0,0,0,0,0,0,0,0,0
3296,C3D8,0.327085,0,0,0,0,0,0,0,0,0,0,0,0
3297,C3D8,0.327086,0,0,0,0,0,0,0,0,0,0,0,0
3298,C3D8,0.327085,0,0,0,0,0,0,0,0,0,0,0,0
3299,C3D8,0.327086,0,0,0,0,0,0,0,0,0,0,0,0
3300,C3D8,0.327085,0,0,0,0,0,0,0,0,0,0,0,0
3301,C3D8,0.327086,0,0,0,0,0,0,0,0,0,0,0,0
3302,C3D8,0.327085,0,0,0,0,0,0,0,0,0,0,0,0
3303,C3D8,0.327085,0,0,0,0,0,0,0,0,0,0,0,0
3304,C3D8,0.327086,0,0,0,0,0,0,0,0,0,0,0,0
3305,C3D8,0.327085,0,0,0,0,0,0,0,0,0,0,0,0
3306,C3D8,0.327085,0,0,0,0,0,0,0,0,0,0,0,0
3307,C3D8,0.327086,0,0,0,0,0,0,0,0,0,0,0,0
3308,C3D8,0.327085,0,0,0,0,0,0,0,0,0,0,0,0
3309,C3D8,0.327085,0,0,0,0,0,0,0,0,0,0,0,0
3310,C3D8,0.327085,0,0,0,0,0,0,0,0,0,0,0,0
3311,C3D8,0.327086,0,0,0,0,0,0,0,0,0,0,0,0
3312,C3D8,0.327085,0,0,0,0,0,0,0,0,0,0,0,0
3313,C3D8,0.327085,0,0,0,0,0,0,0,0,0,0,0,0
3314,C3D8,0.327085,0,0,0,0,0,0,0,0,0,0,0,0
3315,C3D8,0.327086,0,0,0,0,0,0,0,0,0,0,0,0
3316,C3D8,0.327085,0,0,0,0,0,0,0,0,0,0,0,0
3317,C3D8,0.327085,0,0,0,0,0,0,0,0,0,0,0,0
3318,C3D8,0.327085,0,0,0,0,0,0,0,0,0,0,0,0
3319,C3D8,0.327086,0,0,0,0,0,0,0,0,0,0,0,0
3320,C3D8,0.327085,0,0,0,0,0,0,0,0,0,0,0,0
3321,C3D8,0.327085,0,0,0,0,0,0,0,0,0,0,0,0
3322,C3D8,0.327086,0,0,0,0,0,0,0,0,0,0,0,0
3323,C3D8,0.327085,0,0,0,0,0,0,0,0,0,0,0,0
3324,C3D8,0.327085,0,0,0,0,0,0,0,0,0,0,0,0
3325,C3D8,0.327085,0,0,0,0,0,0,0,0,0,0,0,0
3326,C3D8,0.327086,0,0,0,0,0,0,0,0,0,0,0,0
3327,C3D8,0.327085,0,0,0,0,0,0,0,0,0,0,0,0
3328,C3D8,0.327085,0,0,0,0,0,0,0,0,0,0,0,0
3329,C3D8,0.327085,0,0,0,0,0,0,0,0,0,0,0,0
3330,C3D8,0.327086,0,0,0,0,0,0,0,0,0,0,0,0
3331,C3D8,0.327085,0,0,0,0,0,0,0,0,0,0,0,0
3332,C3D8,0.327085,0,0,0,0,0,0,0,0,0,0,0,0
3333,C3D8,0.327085,0,0,0,0,0,0,0,0,0,0,0,0
3334,C3D8,0.327086,0,0,0,0,0,0,0,0,0,0,0,0
3335,C3D8,0.327084,0,0,0,0,0,0,0,0,0,0,0,0
3336,C3D8,0.327088,0,0,0,0,0,0,0,0,0,0,0,0
3337,C3D8,0.327085,0,0,0,0,0,0,0,0,0,0,0,0
3338,C3D8,0.327085,0,0,0,0,0,0,0,0,0,0,0,0
3339,C3D8,0.327085,0,0,0,0,0,0,0,0,0,0,0,0
3340,C3D8,0.327086,0,0,0,0,0,0,0,0,0,0,0,0
3341,C3D8,0.327085,0,0,0,0,0,0,0,0,0,0,0,0
3342,C3D8,0.327086,0,0,0,0,0,0,0,0,0,0,0,0
3343,C3D8,0.327085,0,0,0,0,0,0,0,0,0,0,0,0
3344,C3D8,0.327086,0,0,0,0,0,0,0,0,0,0,0,0
3345,C3D8,0.327085,0,0,0,0,0,0,0,0,0,0,0,0
3346,C3D8,0.327086,0,0,0,0,0,0,0,0,0,0,0,0
3347,C3D8,0.327085,0,0,0,0,0,0,0,0,0,0,0,0
3348,C3D8,0.327086,0,0,0,0,0,0,0,0,0,0,0,0
3349,C3D8,0.327085,0,0,0,0,0,0,0,0,0,0,0,0
3350,C3D8,0.327086,0,0,0,0,0,0,0,0,0,0,0,0
3351,C3D8,0.327085,0,0,0,0,0,0,0,0,0,0,0,0
3352,C3D8,0.327086,0,0,0,0,0,0,0,0,0,0,0,0
3353,C3D8,0.327085,0,0,0,0,0,0,0,0,0,0,0,0
3354,C3D8,0.327086,0,0,0,0,0,0,0,0,0,0,0,0
3355,C3D8,0.327085,0,0,0,0,0,0,0,0,0,0,0,0
3356,C3D8,0.327085,0,0,0,0,0,0,0,0,0,0,0,0
3357,C3D8,0.327086,0,0,0,0,0,0,0,0,0,0,0,0
3358,C3D8,0.327085,0,0,0,0,0,0,0,0,0,0,0,0
3359,C3D8,0.327085,0,0,0,0,0,0,0,0,0,0,0,0
3360,C3D8,0.327086,0,0,0,0,0,0,0,0,0,0,0,0
3361,C3D8,0.327085,0,0,0,0,0,0,0,0,0,0,0,0
3362,C3D8,0.327085,0,0,0,0,0,0,0,0,0,0,0,0
3363,C3D8,0.327085,0,0,0,0,0,0,0,0,0,0,0,0
3364,C3D8,0.327086,0,0,0,0,0,0,0,0,0,0,0,0
3365,C3D8,0.327085,0,0,0,0,0,0,0,0,0,0,0,0
3366,C3D8,0.327085,0,0,0,0,0,0,0,0,0,0,0,0
3367,C3D8,0.327085,0,0,0,0,0,0,0,0,0,0,0,0
3368,C3D8,0.327086,0,0,0,0,0,0,0,0,0,0,0,0
3369,C3D8,0.327085,0,0,0,0,0,0,0,0,0,0,0,0
3370,C3D8,0.327085,0,0,0,0,0,0,0,0,0,0,0,0
3371,C3D8,0.327085,0,0,0,0,0,0,0,0,0,0,0,0
3372,C3D8,0.327086,0,0,0,0,0,0,0,0,0,0,0,0
3373,C3D8,0.327085,0,0,0,0,0,0,0,0,0,0,0,0
3374,C3D8,0.327085,0,0,0,0,0,0,0,0,0,0,0,0
3375,C3D8,0.327086,0,0,0,0,0,0,0,0,0,0,0,0
3376,C3D8,0.327085,0,0,0,0,0,0,0,0,0,0,0,0
3377,C3D8,0.327085,0,0,0,0,0,0,0,0,0,0,0,0
3378,C3D8,0.327085,0,0,0,0,0,0,0,0,0,0,0,0
3379,C3D8,0.327086,0,0,0,0,0,0,0,0,0,0,0,0
3380,C3D8,0.327085,0,0,0,0,0,0,0,0,0,0,0,0
3381,C3D8,0.327085,0,0,0,0,0,0,0,0,0,0,0,0
3382,C3D8,0.327085,0,0,0,0,0,0,0,0,0,0,0,0
3383,C3D8,0.327086,0,0,0,0,0,0,0,0,0,0,0,0
3384,C3D8,0.327085,0,0,0,0,0,0,0,0,0,0,0,0
3385,C3D8,0.327085,0,0,0,0,0,0,0,0,0,0,0,0
3386,C3D8,0.327085,0,0,0,0,0,0,0,0,0,0,0,0
3387,C3D8,0.327086,0,0,0,0,0,0,0,0,0,0,0,0
3388,C3D8,0.327084,0,0,0,0,0,0,0,0,0,0,0,0
3389,C3D8,0.327088,0,0,0,0,0,0,0,0,0,0,0,0
3390,C3D8,0.327085,0,0,0,0,0,0,0,0,0,0,0,0
3391,C3D8,0.327085,0,0,0,0,0,0,0,0,0,0,0,0
3392,C3D8,0.327085,0,0,0,0,0,0,0,0,0,0,0,0
3393,C3D8,0.327086,0,0,0,0,0,0,0,0,0,0,0,0
3394,C3D8,0.327085,0,0,0,0,0,0,0,0,0,0,0,0
3395,C3D8,0.327086,0,0,0,0,0,0,0,0,0,0,0,0
3396,C3D8,0.327085,0,0,0,0,0,0,0,0,0,0,0,0
3397,C3D8,0.327086,0,0,0,0,0,0,0,0,0,0,0,0
3398,C3D8,0.327085,0,0,0,0,0,0,0,0,0,0,0,0
3399,C3D8,0.327086,0,0,0,0,0,0,0,0,0,0,0,0
3400,C3D8,0.327085,0,0,0,0,0,0,0,0,0,0,0,0
3401,C3D8,0.327086,0,0,0,0,0,0,0,0,0,0,0,0
3402,C3D8,0.327085,0,0,0,0,0,0,0,0,0,0,0,0
3403,C3D8,0.327086,0,0,0,0,0,0,0,0,0,0,0,0
3404,C3D8,0.327085,0,0,0,0,0,0,0,0,0,0,0,0
3405,C3D8,0.327086,0,0,0,0,0,0,0,0,0,0,0,0
3406,C3D8,0.327085,0,0,0,0,0,0,0,0,0,0,0,0
3407,C3D8,0.327086,0,0,0,0,0,0,0,0,0,0,0,0
3408,C3D8,0.327085,0,0,0,0,0,0,0,0,0,0,0,0
3409,C3D8,0.327085,0,0,0,0,0,0,0,0,0,0,0,0
3410,C3D8,0.327086,0,0,0,0,0,0,0,0,0,0,0,0
3411,C3D8,0.327085,0,0,0,0,0,0,0,0,0,0,0,0
3412,C3D8,0.327085,0,0,0,0,0,0,0,0,0,0,0,0
3413,C3D8,0.327086,0,0,0,0,0,0,0,0,0,0,0,0
3414,C3D8,0.327085,0,0,0,0,0,0,0,0,0,0,0,0
3415,C3D8,0.327085,0,0,0,0,0,0,0,0,0,0,0,0
3416,C3D8,0.327085,0,0,0,0,0,0,0,0,0,0,0,0
3417,C3D8,0.327086,0,0,0,0,0,0,0,0,0,0,0,0
3418,C3D8,0.327085,0,0,0,0,0,0,0,0,0,0,0,0
3419,C3D8,0.327085,0,0,0,0,0,0,0,0,0,0,0,0
3420,C3D8,0.327085,0,0,0,0,0,0,0,0,0,0,0,0
3421,C3D8,0.327086,0,0,0,0,0,0,0,0,0,0,0,0
3422,C3D8,0.327085,0,0,0,0,0,0,0,0,0,0,0,0
3423,C3D8,0.327085,0,0,0,0,0,0,0,0,0,0,0,0
3424,C3D8,0.327085,0,0,0,0,0,0,0,0,0,0,0,0
3425,C3D8,0.327086,0,0,0,0,0,0,0,0,0,0,0,0
3426,C3D8,0.327085,0,0,0,0,0,0,0,0,0,0,0,0
3427,C3D8,0.327085,0,0,0,0,0,0,0,0,0,0,0,0
3428,C3D8,0.327086,0,0,0,0,0,0,0,0,0,0,0,0
3429,C3D8,0.327085,0,0,0,0,0,0,0,0,0,0,0,0
3430,C3D8,0.327085,0,0,0,0,0,0,0,0,0,0,0,0
3431,C3D8,0.327085,0,0,0,0,0,0,0,0,0,0,0,0
3432,C3D8,0.327086,0,0,0,0,0,0,0,0,0,0,0,0
3433,C3D8,0.327085,0,0,0,0,0,0,0,0,0,0,0,0
3434,C3D8,0.327085,0,0,0,0,0,0,0,0,0,0,0,0
3435,C3D8,0.327085,0,0,0,0,0,0,0,0,0,0,0,0
3436,C3D8,0.327086,0,0,0,0,0,0,0,0,0,0,0,0
3437,C3D8,0.327085,0,0,0,0,0,0,0,0,0,0,0,0
3438,C3D8,0.327085,0,0,0,0,0,0,0,0,0,0,0,0
3439,C3D8,0.327085,0,0,0,0,0,0,0,0,0,0,0,0
3440,C3D8,0.327086,0,0,0,0,0,0,0,0,0,0,0,0
3441,C3D8,0.327084,0,0,0,0,0,0,0,0,0,0,0,0
3442,C3D8,0.327088,0,0,0,0,0,0,0,0,0,0,0,0
3443,C3D8,0.327085,0,0,0,0,0,0,0,0,0,0,0,0
3444,C3D8,0.327085,0,0,0,0,0,0,0,0,0,0,0,0
3445,C3D8,0.327085,0,0,0,0,0,0,0,0,0,0,0,0
3446,C3D8,0.327086,0,0,0,0,0,0,0,0,0,0,0,0
3447,C3D8,0.327085,0,0,0,0,0,0,0,0,0,0,0,0
3448,C3D8,0.327086,0,0,0,0,0,0,0,0,0,0,0,0
3449,C3D8,0.327085,0,0,0,0,0,0,0,0,0,0,0,0
3450,C3D8,0.327086,0,0,0,0,0,0,0,0,0,0,0,0
3451,C3D8,0.327085,0,0,0,0,0,0,0,0,0,0,0,0
3452,C3D8,0.327086,0,0,0,0,0,0,0,0,0,0,0,0
3453,C3D8,0.327085,0,0,0,0,0,0,0,0,0,0,0,0
3454,C3D8,0.327086,0,0,0,0,0,0,0,0,0,0,0,0
3455,C3D8,0.327085,0,0,0,0,0,0,0,0,0,0,0,0
3456,C3D8,0.327086,0,0,0,0,0,0,0,0,0,0,0,0
3457,C3D8,0.327085,0,0,0,0,0,0,0,0,0,0,0,0
3458,C3D8,0.327086,0,0,0,0,0,0,0,0,0,0,0,0
3459,C3D8,0.327085,0,0,0,0,0,0,0,0,0,0,0,0
3460,C3D8,0.327086,0,0,0,0,0,0,0,0,0,0,0,0
3461,C3D8,0.327085,0,0,0,0,0,0,0,0,0,0,0,0
3462,C3D8,0.327085,0,0,0,0,0,0,0,0,0,0,0,0
3463,C3D8,0.327086,0,0,0,0,0,0,0,0,0,0,0,0
3464,C3D8,0.327085,0,0,0,0,0,0,0,0,0,0,0,0
3465,C3D8,0.327085,0,0,0,0,0,0,0,0,0,0,0,0
3466,C3D8,0.327086,0,0,0,0,0,0,0,0,0,0,0,0
3467,C3D8,0.327085,0,0,0,0,0,0,0,0,0,0,0,0
3468,C3D8,0.327085,0,0,0,0,0,0,0,0,0,0,0,0
3469,C3D8,0.327085,0,0,0,0,0,0,0,0,0,0,0,0
3470,C3D8,0.327086,0,0,0,0,0,0,0,0,0,0,0,0
3471,C3D8,0.327085,0,0,0,0,0,0,0,0,0,0,0,0
3472,C3D8,0.327085,0,0,0,0,0,0,0,0,0,0,0,0
3473,C3D8,0.327085,0,0,0,0,0,0,0,0,0,0,0,0
3474,C3D8,0.327086,0,0,0,0,0,0,0,0,0,0,0,0
3475,C3D8,0.327085,0,0,0,0,0,0,0,0,0,0,0,0
3476,C3D8,0.327085,0,0,0,0,0,0,0,0,0,0,0,0
3477,C3D8,0.327085,0,0,0,0,0,0,0,0,0,0,0,0
3478,C3D8,0.327086,0,0,0,0,0,0,0,0,0,0,0,0
3479,C3D8,0.327085,0,0,0,0,0,0,0,0,0,0,0,0
3480,C3D8,0.327085,0,0,0,0,0,0,0,0,0,0,0,0
3481,C3D8,0.327086,0,0,0,0,0,0,0,0,0,0,0,0
3482,C3D8,0.327085,0,0,0,0,0,0,0,0,0,0,0,0
3483,C3D8,0.327085,0,0,0,0,0,0,0,0,0,0,0,0
3484,C3D8,0.327085,0,0,0,0,0,0,0,0,0,0,0,0
3485,C3D8,0.327086,0,0,0,0,0,0,0,0,0,0,0,0
3486,C3D8,0.327085,0,0,0,0,0,0,0,0,0,0,0,0
3487,C3D8,0.327085,0,0,0,0,0,0,0,0,0,0,0,0
3488,C3D8,0.327085,0,0,0,0,0,0,0,0,0,0,0,0
3489,C3D8,0.327086,0,0,0,0,0,0,0,0,0,0,0,0
3490,C3D8,0.327085,0,0,0,0,0,0,0,0,0,0,0,0
3491,C3D8,0.327085,0,0,0,0,0,0,0,0,0,0,0,0
3492,C3D8,0.327085,0,0,0,0,0,0,0,0,0,0,0,0
3493,C3D8,0.327086,0,0,0,0,0,0,0,0,0,0,0,0
3494,C3D8,0.327084,0,0,0,0,0,0,0,0,0,0,0,0
3495,C3D8,0.327088,0,0,0,0,0,0,0,0,0,0,0,0
3496,C3D8,0.327085,0,0,0,0,0,0,0,0,0,0,0,0
3497,C3D8,0.327085,0,0,0,0,0,0,0,0,0,0,0,0
3498,C3D8,0.327085,0,0,0,0,0,0,0,0,0,0,0,0
3499,C3D8,0.327085,0,0,0,0,0,0,0,0,0,0,0,0
3500,C3D8,0.327085,0,0,0,0,0,0,0,0,0,0,0,0
3501,C3D8,0.327085,0,0,0,0,0,0,0,0,0,0,0,0
3502,C3D8,0.327085,0,0,0,0,0,0,0,0,0,0,0,0
3503,C3D8,0.327085,0,0,0,0,0,0,0,0,0,0,0,0
3504,C3D8,0.327085,0,0,0,0,0,0,0,0,0,0,0,0
3505,C3D8,0.327085,0,0,0,0,0,0,0,0,0,0,0,0
3506,C3D8,0.327085,0,0,0,0,0,0,0,0,0,0,0,0
3507,C3D8,0.327085,0,0,0,0,0,0,0,0,0,0,0,0
3508,C3D8,0.327085,0,0,0,0,0,0,0,0,0,0,0,0
3509,C3D8,0.327085,0,0,0,0,0,0,0,0,0,0,0,0
3510,C3D8,0.327085,0,0,0,0,0,0,0,0,0,0,0,0
3511,C3D8,0.327085,0,0,0,0,0,0,0,0,0,0,0,0
3512,C3D8,0.327085,0,0,0,0,0,0,0,0,0,0,0,0
3513,C3D8,0.327085,0,0,0,0,0,0,0,0,0,0,0,0
3514,C3D8,0.327085,0,0,0,0,0,0,0,0,0,0,0,0
3515,C3D8,0.327085,0,0,0,0,0,0,0,0,0,0,0,0
3516,C3D8,0.327086,0,0,0,0,0,0,0,0,0,0,0,0
3517,C3D8,0.327085,0,0,0,0,0,0,0,0,0,0,0,0
3518,C3D8,0.327085,0,0,0,0,0,0,0,0,0,0,0,0
3519,C3D8,0.327086,0,0,0,0,0,0,0,0,0,0,0,0
3520,C3D8,0.327085,0,0,0,0,0,0,0,0,0,0,0,0
3521,C3D8,0.327085,0,0,0,0,0,0,0,0,0,0,0,0
3522,C3D8,0.327085,0,0,0,0,0,0,0,0,0,0,0,0
3523,C3D8,0.327086,0,0,0,0,0,0,0,0,0,0,0,0
3524,C3D8,0.327085,0,0,0,0,0,0,0,0,0,0,0,0
3525,C3D8,0.327085,0,0,0,0,0,0,0,0,0,0,0,0
3526,C3D8,0.327085,0,0,0,0,0,0,0,0,0,0,0,0
3527,C3D8,0.327086,0,0,0,0,0,0,0,0,0,0,0,0
3528,C3D8,0.327085,0,0,0,0,0,0,0,0,0,0,0,0
3529,C3D8,0.327085,0,0,0,0,0,0,0,0,0,0,0,0
3530,C3D8,0.327085,0,0,0,0,0,0,0,0,0,0,0,0
3531,C3D8,0.327086,0,0,0,0,0,0,0,0,0,0,0,0
3532,C3D8,0.327085,0,0,0,0,0,0,0,0,0,0,0,0
3533,C3D8,0.327085,0,0,0,0,0,0,0,0,0,0,0,0
3534,C3D8,0.327086,0,0,0,0,0,0,0,0,0,0,0,0
3535,C3D8,0.327085,0,0,0,0,0,0,0,0,0,0,0,0
3536,C3D8,0.327085,0,0,0,0,0,0,0,0,0,0,0,0
3537,C3D8,0.327085,0,0,0,0,0,0,0,0,0,0,0,0
3538,C3D8,0.327086,0,0,0,0,0,0,0,0,0,0,0,0
3539,C3D8,0.327085,0,0,0,0,0,0,0,0,0,0,0,0
3540,C3D8,0.327085,0,0,0,0,0,0,0,0,0,0,0,0
3541,C3D8,0.327085,0,0,0,0,0,0,0,0,0,0,0,0
3542,C3D8,0.327086,0,0,0,0,0,0,0,0,0,0,0,0
3543,C3D8,0.327085,0,0,0,0,0,0,0,0,0,0,0,0
3544,C3D8,0.327085,0,0,0,0,0,0,0,0,0,0,0,0
3545,C3D8,0.327085,0,0,0,0,0,0,0,0,0,0,0,0
3546,C3D8,0.327086,0,0,0,0,0,0,0,0,0,0,0,0
3547,C3D8,0.327084,0,0,0,0,0,0,0,0,0,0,0,0
3548,C3D8,0.327087,0,0,0,0,0,0,0,0,0,0,0,0
3549,C3D8,0.327085,0,0,0,0,0,0,0,0,0,0,0,0
3550,C3D8,0.327085,0,0,0,0,0,0,0,0,0,0,0,0
3551,C3D8,0.327085,0,0,0,0,0,0,0,0,0,0,0,0
3552,C3D8,0.327086,0,0,0,0,0,0,0,0,0,0,0,0
3553,C3D8,0.327085,0,0,0,0,0,0,0,0,0,0,0,0
3554,C3D8,0.327086,0,0,0,0,0,0,0,0,0,0,0,0
3555,C3D8,0.327085,0,0,0,0,0,0,0,0,0,0,0,0
3556,C3D8,0.327086,0,0,0,0,0,0,0,0,0,0,0,0
3557,C3D8,0.327085,0,0,0,0,0,0,0,0,0,0,0,0
3558,C3D8,0.327086,0,0,0,0,0,0,0,0,0,0,0,0
3559,C3D8,0.327085,0,0,0,0,0,0,0,0,0,0,0,0
3560,C3D8,0.327086,0,0,0,0,0,0,0,0,0,0,0,0
3561,C3D8,0.327085,0,0,0,0,0,0,0,0,0,0,0,0
3562,C3D8,0.327086,0,0,0,0,0,0,0,0,0,0,0,0
3563,C3D8,0.327085,0,0,0,0,0,0,0,0,0,0,0,0
3564,C3D8,0.327086,0,0,0,0,0,0,0,0,0,0,0,0
3565,C3D8,0.327085,0,0,0,0,0,0,0,0,0,0,0,0
3566,C3D8,0.327086,0,0,0,0,0,0,0,0,0,0,0,0
3567,C3D8,0.327085,0,0,0,0,0,0,0,0,0,0,0,0
3568,C3D8,0.327085,0,0,0,0,0,0,0,0,0,0,0,0
3569,C3D8,0.327086,0,0,0,0,0,0,0,0,0,0,0,0
3570,C3D8,0.327085,0,0,0,0,0,0,0,0,0,0,0,0
3571,C3D8,0.327085,0,0,0,0,0,0,0,0,0,0,0,0
3572,C3D8,0.327086,0,0,0,0,0,0,0,0,0,0,0,0
3573,C3D8,0.327085,0,0,0,0,0,0,0,0,0,0,0,0
3574,C3D8,0.327085,0,0,0,0,0,0,0,0,0,0,0,0
3575,C3D8,0.327085,0,0,0,0,0,0,0,0,0,0,0,0
3576,C3D8,0.327086,0,0,0,0,0,0,0,0,0,0,0,0
3577,C3D8,0.327085,0,0,0,0,0,0,0,0,0,0,0,0
3578,C3D8,0.327085,0,0,0,0,0,0,0,0,0,0,0,0
3579,C3D8,0.327085,0,0,0,0,0,0,0,0,0,0,0,0
3580,C3D8,0.327086,0,0,0,0,0,0,0,0,0,0,0,0
3581,C3D8,0.327085,0,0,0,0,0,0,0,0,0,0,0,0
3582,C3D8,0.327085,0,0,0,0,0,0,0,0,0,0,0,0
3583,C3D8,0.327085,0,0,0,0,0,0,0,0,0,0,0,0
3584,C3D8,0.327086,0,0,0,0,0,0,0,0,0,0,0,0
3585,C3D8,0.327085,0,0,0,0,0,0,0,0,0,0,0,0
3586,C3D8,0.327085,0,0,0,0,0,0,0,0,0,0,0,0
3587,C3D8,0.327086,0,0,0,0,0,0,0,0,0,0,0,0
3588,C3D8,0.327085,0,0,0,0,0,0,0,0,0,0,0,0
3589,C3D8,0.327085,0,0,0,0,0,0,0,0,0,0,0,0
3590,C3D8,0.327085,0,0,0,0,0,0,0,0,0,0,0,0
3591,C3D8,0.327086,0,0,0,0,0,0,0,0,0,0,0,0
3592,C3D8,0.327085,0,0,0,0,0,0,0,0,0,0,0,0
3593,C3D8,0.327085,0,0,0,0,0,0,0,0,0,0,0,0
3594,C3D8,0.327085,0,0,0,0,0,0,0,0,0,0,0,0
3595,C3D8,0.327086,0,0,0,0,0,0,0,0,0,0,0,0
3596,C3D8,0.327085,0,0,0,0,0,0,0,0,0,0,0,0
3597,C3D8,0.327085,0,0,0,0,0,0,0,0,0,0,0,0
3598,C3D8,0.327085,0,0,0,0,0,0,0,0,0,0,0,0
3599,C3D8,0.327086,0,0,0,0,0,0,0,0,0,0,0,0
3600,C3D8,0.327084,0,0,0,0,0,0,0,0,0,0,0,0
3601,C3D8,0.327088,0,0,0,0,0,0,0,0,0,0,0,0
3602,C3D8,0.327085,0,0,0,0,0,0,0,0,0,0,0,0
3603,C3D8,0.327085,0,0,0,0,0,0,0,0,0,0,0,0
3604,C3D8,0.327085,0,0,0,0,0,0,0,0,0,0,0,0
3605,C3D8,0.327086,0,0,0,0,0,0,0,0,0,0,0,0
3606,C3D8,0.327085,0,0,0,0,0,0,0,0,0,0,0,0
3607,C3D8,0.327086,0,0,0,0,0,0,0,0,0,0,0,0
3608,C3D8,0.327085,0,0,0,0,0,0,0,0,0,0,0,0
3609,C3D8,0.327086,0,0,0,0,0,0,0,0,0,0,0,0
3610,C3D8,0.327085,0,0,0,0,0,0,0,0,0,0,0,0
3611,C3D8,0.327086,0,0,0,0,0,0,0,0,0,0,0,0
3612,C3D8,0.327085,0,0,0,0,0,0,0,0,0,0,0,0
3613,C3D8,0.327086,0,0,0,0,0,0,0,0,0,0,0,0
3614,C3D8,0.327085,0,0,0,0,0,0,0,0,0,0,0,0
3615,C3D8,0.327086,0,0,0,0,0,0,0,0,0,0,0,0
3616,C3D8,0.327085,0,0,0,0,0,0,0,0,0,0,0,0
3617,C3D8,0.327086,0,0,0,0,0,0,0,0,0,0,0,0
3618,C3D8,0.327085,0,0,0,0,0,0,0,0,0,0,0,0
3619,C3D8,0.327086,0,0,0,0,0,0,0,0,0,0,0,0
3620,C3D8,0.327085,0,0,0,0,0,0,0,0,0,0,0,0
3621,C3D8,0.327085,0,0,0,0,0,0,0,0,0,0,0,0
3622,C3D8,0.327086,0,0,0,0,0,0,0,0,0,0,0,0
3623,C3D8,0.327085,0,0,0,0,0,0,0,0,0,0,0,0
3624,C3D8,0.327085,0,0,0,0,0,0,0,0,0,0,0,0
3625,C3D8,0.327086,0,0,0,0,0,0,0,0,0,0,0,0
3626,C3D8,0.327085,0,0,0,0,0,0,0,0,0,0,0,0
3627,C3D8,0.327085,0,0,0,0,0,0,0,0,0,0,0,0
3628,C3D8,0.327085,0,0,0,0,0,0,0,0,0,0,0,0
3629,C3D8,0.327086,0,0,0,0,0,0,0,0,0,0,0,0
3630,C3D8,0.327085,0,0,0,0,0,0,0,0,0,0,0,0
3631,C3D8,0.327085,0,0,0,0,0,0,0,0,0,0,0,0
3632,C3D8,0.327085,0,0,0,0,0,0,0,0,0,0,0,0
3633,C3D8,0.327086,0,0,0,0,0,0,0,0,0,0,0,0
3634,C3D8,0.327085,0,0,0,0,0,0,0,0,0,0,0,0
3635,C3D8,0.327085,0,0,0,0,0,0,0,0,0,0,0,0
3636,C3D8,0.327085,0,0,0,0,0,0,0,0,0,0,0,0
3637,C3D8,0.327086,0,0,0,0,0,0,0,0,0,0,0,0
3638,C3D8,0.327085,0,0,0,0,0,0,0,0,0,0,0,0
3639,C3D8,0.327085,0,0,0,0,0,0,0,0,0,0,0,0
3640,C3D8,0.327086,0,0,0,0,0,0,0,0,0,0,0,0
3641,C3D8,0.327085,0,0,0,0,0,0,0,0,0,0,0,0
3642,C3D8,0.327085,0,0,0,0,0,0,0,0,0,0,0,0
3643,C3D8,0.327085,0,0,0,0,0,0,0,0,0,0,0,0
3644,C3D8,0.327086,0,0,0,0,0,0,0,0,0,0,0,0
3645,C3D8,0.327085,0,0,0,0,0,0,0,0,0,0,0,0
3646,C3D8,0.327085,0,0,0,0,0,0,0,0,0,0,0,0
3647,C3D8,0.327085,0,0,0,0,0,0,0,0,0,0,0,0
3648,C3D8,0.327086,0,0,0,0,0,0,0,0,0,0,0,0
3649,C3D8,0.327085,0,0,0,0,0,0,0,0,0,0,0,0
3650,C3D8,0.327085,0,0,0,0,0,0,0,0,0,0,0,0
3651,C3D8,0.327085,0,0,0,0,0,0,0,0,0,0,0,0
3652,C3D8,0.327086,0,0,0,0,0,0,0,0,0,0,0,0
3653,C3D8,0.327084,0,0,0,0,0,0,0,0,0,0,0,0
3654,C3D8,0.327088,0,0,0,0,0,0,0,0,0,0,0,0
3655,C3D8,0.327085,0,0,0,0,0,0,0,0,0,0,0,0
3656,C3D8,0.327085,0,0,0,0,0,0,0,0,0,0,0,0
3657,C3D8,0.327085,0,0,0,0,0,0,0,0,0,0,0,0
3658,C3D8,0.327086,0,0,0,0,0,0,0,0,0,0,0,0
3659,C3D8,0.327085,0,0,0,0,0,0,0,0,0,0,0,0
3660,C3D8,0.327086,0,0,0,0,0,0,0,0,0,0,0,0
3661,C3D8,0.327085,0,0,0,0,0,0,0,0,0,0,0,0
3662,C3D8,0.327086,0,0,0,0,0,0,0,0,0,0,0,0
3663,C3D8,0.327085,0,0,0,0,0,0,0,0,0,0,0,0
3664,C3D8,0.327086,0,0,0,0,0,0,0,0,0,0,0,0
3665,C3D8,0.327085,0,0,0,0,0,0,0,0,0,0,0,0
3666,C3D8,0.327086,0,0,0,0,0,0,0,0,0,0,0,0
3667,C3D8,0.327085,0,0,0,0,0,0,0,0,0,0,0,0
3668,C3D8,0.327086,0,0,0,0,0,0,0,0,0,0,0,0
3669,C3D8,0.327085,0,0,0,0,0,0,0,0,0,0,0,0
3670,C3D8,0.327086,0,0,0,0,0,0,0,0,0,0,0,0
3671,C3D8,0.327085,0,0,0,0,0,0,0,0,0,0,0,0
3672,C3D8,0.327086,0,0,0,0,0,0,0,0,0,0,0,0
3673,C3D8,0.327085,0,0,0,0,0,0,0,0,0,0,0,0
3674,C3D8,0.327085,0,0,0,0,0,0,0,0,0,0,0,0
3675,C3D8,0.327086,0,0,0,0,0,0,0,0,0,0,0,0
3676,C3D8,0.327085,0,0,0,0,0,0,0,0,0,0,0,0
3677,C3D8,0.327085,0,0,0,0,0,0,0,0,0,0,0,0
3678,C3D8,0.327086,0,0,0,0,0,0,0,0,0,0,0,0
3679,C3D8,0.327085,0,0,0,0,0,0,0,0,0,0,0,0
3680,C3D8,0.327085,0,0,0,0,0,0,0,0,0,0,0,0
3681,C3D8,0.327085,0,0,0,0,0,0,0,0,0,0,0,0
3682,C3D8,0.327086,0,0,0,0,0,0,0,0,0,0,0,0
3683,C3D8,0.327085,0,0,0,0,0,0,0,0,0,0,0,0
3684,C3D8,0.327085,0,0,0,0,0,0,0,0,0,0,0,0
3685,C3D8,0.327085,0,0,0,0,0,0,0,0,0,0,0,0
3686,C3D8,0.327086,0,0,0,0,0,0,0,0,0,0,0,0
3687,C3D8,0.327085,0,0,0,0,0,0,0,0,0,0,0,0
3688,C3D8,0.327085,0,0,0,0,0,0,0,0,0,0,0,0
3689,C3D8,0.327085,0,0,0,0,0,0,0,0,0,0,0,0
3690,C3D8,0.327086,0,0,0,0,0,0,0,0,0,0,0,0
3691,C3D8,0.327085,0,0,0,0,0,0,0,0,0,0,0,0
3692,C3D8,0.327085,0,0,0,0,0,0,0,0,0,0,0,0
3693,C3D8,0.327086,0,0,0,0,0,0,0,0,0,0,0,0
3694,C3D8,0.327085,0,0,0,0,0,0,0,0,0,0,0,0
3695,C3D8,0.327085,0,0,0,0,0,0,0,0,0,0,0,0
3696,C3D8,0.327085,0,0,0,0,0,0,0,0,0,0,0,0
3697,C3D8,0.327086,0,0,0,0,0,0,0,0,0,0,0,0
3698,C3D8,0.327085,0,0,0,0,0,0,0,0,0,0,0,0
3699,C3D8,0.327085,0,0,0,0,0,0,0,0,0,0,0,0
3700,C3D8,0.327085,0,0,0,0,0,0,0,0,0,0,0,0
3701,C3D8,0.327086,0,0,0,0,0,0,0,0,0,0,0,0
3702,C3D8,0.327085,0,0,0,0,0,0,0,0,0,0,0,0
3703,C3D8,0.327085,0,0,0,0,0,0,0,0,0,0,0,0
3704,C3D8,0.327085,0,0,0,0,0,0,0,0,0,0,0,0
3705,C3D8,0.327086,0,0,0,0,0,0,0,0,0,0,0,0
3706,C3D8,0.327084,0,0,0,0,0,0,0,0,0,0,0,0
3707,C3D8,0.327088,0,0,0,0,0,0,0,0,0,0,0,0
3708,C3D8,0.327085,0,0,0,0,0,0,0,0,0,0,0,0
3709,C3D8,0.327085,0,0,0,0,0,0,0,0,0,0,0,0
3710,C3D8,0.327085,0,0,0,0,0,0,0,0,0,0,0,0
3711,C3D8,0.327085,0,0,0,0,0,0,0,0,0,0,0,0
3712,C3D8,0.327085,0,0,0,0,0,0,0,0,0,0,0,0
3713,C3D8,0.327085,0,0,0,0,0,0,0,0,0,0,0,0
3714,C3D8,0.327085,0,0,0,0,0,0,0,0,0,0,0,0
3715,C3D8,0.327085,0,0,0,0,0,0,0,0,0,0,0,0
3716,C3D8,0.327085,0,0,0,0,0,0,0,0,0,0,0,0
3717,C3D8,0.327085,0,0,0,0,0,0,0,0,0,0,0,0
3718,C3D8,0.327085,0,0,0,0,0,0,0,0,0,0,0,0
3719,C3D8,0.327085,0,0,0,0,0,0,0,0,0,0,0,0
3720,C3D8,0.327085,0,0,0,0,0,0,0,0,0,0,0,0
3721,C3D8,0.327085,0,0,0,0,0,0,0,0,0,0,0,0
3722,C3D8,0.327085,0,0,0,0,0,0,0,0,0,0,0,0
3723,C3D8,0.327085,0,0,0,0,0,0,0,0,0,0,0,0
3724,C3D8,0.327085,0,0,0,0,0,0,0,0,0,0,0,0
3725,C3D8,0.327085,0,0,0,0,0,0,0,0,0,0,0,0
3726,C3D8,0.327085,0,0,0,0,0,0,0,0,0,0,0,0
3727,C3D8,0.327085,0,0,0,0,0,0,0,0,0,0,0,0
3728,C3D8,0.327086,0,0,0,0,0,0,0,0,0,0,0,0
3729,C3D8,0.327085,0,0,0,0,0,0,0,0,0,0,0,0
3730,C3D8,0.327085,0,0,0,0,0,0,0,0,0,0,0,0
3731,C3D8,0.327086,0,0,0,0,0,0,0,0,0,0,0,0
3732,C3D8,0.327085,0,0,0,0,0,0,0,0,0,0,0,0
3733,C3D8,0.327085,0,0,0,0,0,0,0,0,0,0,0,0
3734,C3D8,0.327085,0,0,0,0,0,0,0,0,0,0,0,0
3735,C3D8,0.327086,0,0,0,0,0,0,0,0,0,0,0,0
3736,C3D8,0.327085,0,0,0,0,0,0,0,0,0,0,0,0
3737,C3D8,0.327085,0,0,0,0,0,0,0,0,0,0,0,0
3738,C3D8,0.327085,0,0,0,0,0,0,0,0,0,0,0,0
3739,C3D8,0.327086,0,0,0,0,0,0,0,0,0,0,0,0
3740,C3D8,0.327085,0,0,0,0,0,0,0,0,0,0,0,0
3741,C3D8,0.327085,0,0,0,0,0,0,0,0,0,0,0,0
3742,C3D8,0.327085,0,0,0,0,0,0,0,0,0,0,0,0
3743,C3D8,0.327086,0,0,0,0,0,0,0,0,0,0,0,0
3744,C3D8,0.327085,0,0,0,0,0,0,0,0,0,0,0,0
3745,C3D8,0.327085,0,0,0,0,0,0,0,0,0,0,0,0
3746,C3D8,0.327086,0,0,0,0,0,0,0,0,0,0,0,0
3747,C3D8,0.327085,0,0,0,0,0,0,0,0,0,0,0,0
3748,C3D8,0.327085,0,0,0,0,0,0,0,0,0,0,0,0
3749,C3D8,0.327085,0,0,0,0,0,0,0,0,0,0,0,0
3750,C3D8,0.327086,0,0,0,0,0,0,0,0,0,0,0,0
3751,C3D8,0.327085,0,0,0,0,0,0,0,0,0,0,0,0
3752,C3D8,0.327085,0,0,0,0,0,0,0,0,0,0,0,0
3753,C3D8,0.327085,0,0,0,0,0,0,0,0,0,0,0,0
3754,C3D8,0.327086,0,0,0,0,0,0,0,0,0,0,0,0
3755,C3D8,0.327085,0,0,0,0,0,0,0,0,0,0,0,0
3756,C3D8,0.327085,0,0,0,0,0,0,0,0,0,0,0,0
3757,C3D8,0.327085,0,0,0,0,0,0,0,0,0,0,0,0
3758,C3D8,0.327086,0,0,0,0,0,0,0,0,0,0,0,0
3759,C3D8,0.327084,0,0,0,0,0,0,0,0,0,0,0,0
3760,C3D8,0.327087,0,0,0,0,0,0,0,0,0,0,0,0
3761,C3D8,0.327085,0,0,0,0,0,0,0,0,0,0,0,0
3762,C3D8,0.327085,0,0,0,0,0,0,0,0,0,0,0,0
3763,C3D8,0.327085,0,0,0,0,0,0,0,0,0,0,0,0
3764,C3D8,0.327086,0,0,0,0,0,0,0,0,0,0,0,0
3765,C3D8,0.327085,0,0,0,0,0,0,0,0,0,0,0,0
3766,C3D8,0.327086,0,0,0,0,0,0,0,0,0,0,0,0
3767,C3D8,0.327085,0,0,0,0,0,0,0,0,0,0,0,0
3768,C3D8,0.327086,0,0,0,0,0,0,0,0,0,0,0,0
3769,C3D8,0.327085,0,0,0,0,0,0,0,0,0,0,0,0
3770,C3D8,0.327086,0,0,0,0,0,0,0,0,0,0,0,0
3771,C3D8,0.327085,0,0,0,0,0,0,0,0,0,0,0,0
3772,C3D8,0.327086,0,0,0,0,0,0,0,0,0,0,0,0
3773,C3D8,0.327085,0,0,0,0,0,0,0,0,0,0,0,0
3774,C3D8,0.327086,0,0,0,0,0,0,0,0,0,0,0,0
3775,C3D8,0.327085,0,0,0,0,0,0,0,0,0,0,0,0
3776,C3D8,0.327086,0,0,0,0,0,0,0,0,0,0,0,0
3777,C3D8,0.327085,0,0,0,0,0,0,0,0,0,0,0,0
3778,C3D8,0.327086,0,0,0,0,0,0,0,0,0,0,0,0
3779,C3D8,0.327085,0,0,0,0,0,0,0,0,0,0,0,0
3780,C3D8,0.327085,0,0,0,0,0,0,0,0,0,0,0,0
3781,C3D8,0.327086,0,0,0,0,0,0,0,0,0,0,0,0
3782,C3D8,0.327085,0,0,0,0,0,0,0,0,0,0,0,0
3783,C3D8,0.327085,0,0,0,0,0,0,0,0,0,0,0,0
3784,C3D8,0.327086,0,0,0,0,0,0,0,0,0,0,0,0
3785,C3D8,0.327085,0,0,0,0,0,0,0,0,0,0,0,0
3786,C3D8,0.327085,0,0,0,0,0,0,0,0,0,0,0,0
3787,C3D8,0.327085,0,0,0,0,0,0,0,0,0,0,0,0
3788,C3D8,0.327086,0,0,0,0,0,0,0,0,0,0,0,0
3789,C3D8,0.327085,0,0,0,0,0,0,0,0,0,0,0,0
3790,C3D8,0.327085,0,0,0,0,0,0,0,0,0,0,0,0
3791,C3D8,0.327085,0,0,0,0,0,0,0,0,0,0,0,0
3792,C3D8,0.327086,0,0,0,0,0,0,0,0,0,0,0,0
3793,C3D8,0.327085,0,0,0,0,0,0,0,0,0,0,0,0
3794,C3D8,0.327085,0,0,0,0,0,0,0,0,0,0,0,0
3795,C3D8,0.327085,0,0,0,0,0,0,0,0,0,0,0,0
3796,C3D8,0.327086,0,0,0,0,0,0,0,0,0,0,0,0
3797,C3D8,0.327085,0,0,0,0,0,0,0,0,0,0,0,0
3798,C3D8,0.327085,0,0,0,0,0,0,0,0,0,0,0,0
3799,C3D8,0.327086,0,0,0,0,0,0,0,0,0,0,0,0
3800,C3D8,0.327085,0,0,0,0,0,0,0,0,0,0,0,0
3801,C3D8,0.327085,0,0,0,0,0,0,0,0,0,0,0,0
3802,C3D8,0.327085,0,0,0,0,0,0,0,0,0,0,0,0
3803,C3D8,0.327086,0,0,0,0,0,0,0,0,0,0,0,0
3804,C3D8,0.327085,0,0,0,0,0,0,0,0,0,0,0,0
3805,C3D8,0.327085,0,0,0,0,0,0,0,0,0,0,0,0
3806,C3D8,0.327085,0,0,0,0,0,0,0,0,0,0,0,0
3807,C3D8,0.327086,0,0,0,0,0,0,0,0,0,0,0,0
3808,C3D8,0.327085,0,0,0,0,0,0,0,0,0,0,0,0
3809,C3D8,0.327085,0,0,0,0,0,0,0,0,0,0,0,0
3810,C3D8,0.327085,0,0,0,0,0,0,0,0,0,0,0,0
3811,C3D8,0.327086,0,0,0,0,0,0,0,0,0,0,0,0
3812,C3D8,0.327084,0,0,0,0,0,0,0,0,0,0,0,0
3813,C3D8,0.327088,0,0,0,0,0,0,0,0,0,0,0,0
3814,C3D8,0.327085,0,0,0,0,0,0,0,0,0,0,0,0
3815,C3D8,0.327085,0,0,0,0,0,0,0,0,0,0,0,0
3816,C3D8,0.327085,0,0,0,0,0,0,0,0,0,0,0,0
3817,C3D8,0.327085,0,0,0,0,0,0,0,0,0,0,0,0
3818,C3D8,0.327085,0,0,0,0,0,0,0,0,0,0,0,0
3819,C3D8,0.327085,0,0,0,0,0,0,0,0,0,0,0,0
3820,C3D8,0.327085,0,0,0,0,0,0,0,0,0,0,0,0
3821,C3D8,0.327085,0,0,0,0,0,0,0,0,0,0,0,0
3822,C3D8,0.327085,0,0,0,0,0,0,0,0,0,0,0,0
3823,C3D8,0.327085,0,0,0,0,0,0,0,0,0,0,0,0
3824,C3D8,0.327085,0,0,0,0,0,0,0,0,0,0,0,0
3825,C3D8,0.327085,0,0,0,0,0,0,0,0,0,0,0,0
3826,C3D8,0.327085,0,0,0,0,0,0,0,0,0,0,0,0
3827,C3D8,0.327085,0,0,0,0,0,0,0,0,0,0,0,0
3828,C3D8,0.327085,0,0,0,0,0,0,0,0,0,0,0,0
3829,C3D8,0.327085,0,0,0,0,0,0,0,0,0,0,0,0
3830,C3D8,0.327085,0,0,0,0,0,0,0,0,0,0,0,0
3831,C3D8,0.327085,0,0,0,0,0,0,0,0,0,0,0,0
3832,C3D8,0.327085,0,0,0,0,0,0,0,0,0,0,0,0
3833,C3D8,0.327085,0,0,0,0,0,0,0,0,0,0,0,0
3834,C3D8,0.327086,0,0,0,0,0,0,0,0,0,0,0,0
3835,C3D8,0.327085,0,0,0,0,0,0,0,0,0,0,0,0
3836,C3D8,0.327085,0,0,0,0,0,0,0,0,0,0,0,0
3837,C3D8,0.327086,0,0,0,0,0,0,0,0,0,0,0,0
3838,C3D8,0.327085,0,0,0,0,0,0,0,0,0,0,0,0
3839,C3D8,0.327085,0,0,0,0,0,0,0,0,0,0,0,0
3840,C3D8,0.327085,0,0,0,0,0,0,0,0,0,0,0,0
3841,C3D8,0.327086,0,0,0,0,0,0,0,0,0,0,0,0
3842,C3D8,0.327085,0,0,0,0,0,0,0,0,0,0,0,0
3843,C3D8,0.327085,0,0,0,0,0,0,0,0,0,0,0,0
3844,C3D8,0.327085,0,0,0,0,0,0,0,0,0,0,0,0
3845,C3D8,0.327086,0,0,0,0,0,0,0,0,0,0,0,0
3846,C3D8,0.327085,0,0,0,0,0,0,0,0,0,0,0,0
3847,C3D8,0.327085,0,0,0,0,0,0,0,0,0,0,0,0
3848,C3D8,0.327085,0,0,0,0,0,0,0,0,0,0,0,0
3849,C3D8,0.327086,0,0,0,0,0,0,0,0,0,0,0,0
3850,C3D8,0.327085,0,0,0,0,0,0,0,0,0,0,0,0
3851,C3D8,0.327085,0,0,0,0,0,0,0,0,0,0,0,0
3852,C3D8,0.327086,0,0,0,0,0,0,0,0,0,0,0,0
3853,C3D8,0.327085,0,0,0,0,0,0,0,0,0,0,0,0
3854,C3D8,0.327085,0,0,0,0,0,0,0,0,0,0,0,0
3855,C3D8,0.327085,0,0,0,0,0,0,0,0,0,0,0,0
3856,C3D8,0.327086,0,0,0,0,0,0,0,0,0,0,0,0
3857,C3D8,0.327085,0,0,0,0,0,0,0,0,0,0,0,0
3858,C3D8,0.327085,0,0,0,0,0,0,0,0,0,0,0,0
3859,C3D8,0.327085,0,0,0,0,0,0,0,0,0,0,0,0
3860,C3D8,0.327086,0,0,0,0,0,0,0,0,0,0,0,0
3861,C3D8,0.327085,0,0,0,0,0,0,0,0,0,0,0,0
3862,C3D8,0.327085,0,0,0,0,0,0,0,0,0,0,0,0
3863,C3D8,0.327085,0,0,0,0,0,0,0,0,0,0,0,0
3864,C3D8,0.327086,0,0,0,0,0,0,0,0,0,0,0,0
3865,C3D8,0.327084,0,0,0,0,0,0,0,0,0,0,0,0
3866,C3D8,0.327087,0,0,0,0,0,0,0,0,0,0,0,0
3867,C3D8,0.327085,0,0,0,0,0,0,0,0,0,0,0,0
3868,C3D8,0.327085,0,0,0,0,0,0,0,0,0,0,0,0
3869,C3D8,0.327085,0,0,0,0,0,0,0,0,0,0,0,0
3870,C3D8,0.327086,0,0,0,0,0,0,0,0,0,0,0,0
3871,C3D8,0.327085,0,0,0,0,0,0,0,0,0,0,0,0
3872,C3D8,0.327086,0,0,0,0,0,0,0,0,0,0,0,0
3873,C3D8,0.327085,0,0,0,0,0,0,0,0,0,0,0,0
3874,C3D8,0.327086,0,0,0,0,0,0,0,0,0,0,0,0
3875,C3D8,0.327085,0,0,0,0,0,0,0,0,0,0,0,0
3876,C3D8,0.327086,0,0,0,0,0,0,0,0,0,0,0,0
3877,C3D8,0.327085,0,0,0,0,0,0,0,0,0,0,0,0
3878,C3D8,0.327086,0,0,0,0,0,0,0,0,0,0,0,0
3879,C3D8,0.327085,0,0,0,0,0,0,0,0,0,0,0,0
3880,C3D8,0.327086,0,0,0,0,0,0,0,0,0,0,0,0
3881,C3D8,0.327085,0,0,0,0,0,0,0,0,0,0,0,0
3882,C3D8,0.327086,0,0,0,0,0,0,0,0,0,0,0,0
3883,C3D8,0.327085,0,0,0,0,0,0,0,0,0,0,0,0
3884,C3D8,0.327086,0,0,0,0,0,0,0,0,0,0,0,0
3885,C3D8,0.327085,0,0,0,0,0,0,0,0,0,0,0,0
3886,C3D8,0.327085,0,0,0,0,0,0,0,0,0,0,0,0
3887,C3D8,0.327087,0,0,0,0,0,0,0,0,0,0,0,0
3888,C3D8,0.327085,0,0,0,0,0,0,0,0,0,0,0,0
3889,C3D8,0.327085,0,0,0,0,0,0,0,0,0,0,0,0
3890,C3D8,0.327087,0,0,0,0,0,0,0,0,0,0,0,0
3891,C3D8,0.327085,0,0,0,0,0,0,0,0,0,0,0,0
3892,C3D8,0.327085,0,0,0,0,0,0,0,0,0,0,0,0
3893,C3D8,0.327085,0,0,0,0,0,0,0,0,0,0,0,0
3894,C3D8,0.327087,0,0,0,0,0,0,0,0,0,0,0,0
3895,C3D8,0.327085,0,0,0,0,0,0,0,0,0,0,0,0
3896,C3D8,0.327085,0,0,0,0,0,0,0,0,0,0,0,0
3897,C3D8,0.327085,0,0,0,0,0,0,0,0,0,0,0,0
3898,C3D8,0.327087,0,0,0,0,0,0,0,0,0,0,0,0
3899,C3D8,0.327085,0,0,0,0,0,0,0,0,0,0,0,0
3900,C3D8,0.327085,0,0,0,0,0,0,0,0,0,0,0,0
3901,C3D8,0.327085,0,0,0,0,0,0,0,0,0,0,0,0
3902,C3D8,0.327087,0,0,0,0,0,0,0,0,0,0,0,0
3903,C3D8,0.327085,0,0,0,0,0,0,0,0,0,0,0,0
3904,C3D8,0.327085,0,0,0,0,0,0,0,0,0,0,0,0
3905,C3D8,0.327087,0,0,0,0,0,0,0,0,0,0,0,0
3906,C3D8,0.327085,0,0,0,0,0,0,0,0,0,0,0,0
3907,C3D8,0.327085,0,0,0,0,0,0,0,0,0,0,0,0
3908,C3D8,0.327085,0,0,0,0,0,0,0,0,0,0,0,0
3909,C3D8,0.327087,0,0,0,0,0,0,0,0,0,0,0,0
3910,C3D8,0.327085,0,0,0,0,0,0,0,0,0,0,0,0
3911,C3D8,0.327085,0,0,0,0,0,0,0,0,0,0,0,0
3912,C3D8,0.327085,0,0,0,0,0,0,0,0,0,0,0,0
3913,C3D8,0.327087,0,0,0,0,0,0,0,0,0,0,0,0
3914,C3D8,0.327085,0,0,0,0,0,0,0,0,0,0,0,0
3915,C3D8,0.327085,0,0,0,0,0,0,0,0,0,0,0,0
3916,C3D8,0.327085,0,0,0,0,0,0,0,0,0,0,0,0
3917,C3D8,0.327087,0,0,0,0,0,0,0,0,0,0,0,0
3918,C3D8,0.327084,0,0,0,0,0,0,0,0,0,0,0,0
3919,C3D8,0.327088,0,0,0,0,0,0,0,0,0,0,0,0
3920,C3D8,0.327085,0,0,0,0,0,0,0,0,0,0,0,0
3921,C3D8,0.327085,0,0,0,0,0,0,0,0,0,0,0,0
3922,C3D8,0.327085,0,0,0,0,0,0,0,0,0,0,0,0
3923,C3D8,0.327085,0,0,0,0,0,0,0,0,0,0,0,0
3924,C3D8,0.327085,0,0,0,0,0,0,0,0,0,0,0,0
3925,C3D8,0.327085,0,0,0,0,0,0,0,0,0,0,0,0
3926,C3D8,0.327085,0,0,0,0,0,0,0,0,0,0,0,0
3927,C3D8,0.327085,0,0,0,0,0,0,0,0,0,0,0,0
3928,C3D8,0.327085,0,0,0,0,0,0,0,0,0,0,0,0
3929,C3D8,0.327085,0,0,0,0,0,0,0,0,0,0,0,0
3930,C3D8,0.327085,0,0,0,0,0,0,0,0,0,0,0,0
3931,C3D8,0.327085,0,0,0,0,0,0,0,0,0,0,0,0
3932,C3D8,0.327085,0,0,0,0,0,0,0,0,0,0,0,0
3933,C3D8,0.327085,0,0,0,0,0,0,0,0,0,0,0,0
3934,C3D8,0.327085,0,0,0,0,0,0,0,0,0,0,0,0
3935,C3D8,0.327085,0,0,0,0,0,0,0,0,0,0,0,0
3936,C3D8,0.327085,0,0,0,0,0,0,0,0,0,0,0,0
3937,C3D8,0.327085,0,0,0,0,0,0,0,0,0,0,0,0
3938,C3D8,0.327085,0,0,0,0,0,0,0,0,0,0,0,0
3939,C3D8,0.327085,0,0,0,0,0,0,0,0,0,0,0,0
3940,C3D8,0.327086,0,0,0,0,0,0,0,0,0,0,0,0
3941,C3D8,0.327085,0,0,0,0,0,0,0,0,0,0,0,0
3942,C3D8,0.327085,0,0,0,0,0,0,0,0,0,0,0,0
3943,C3D8,0.327086,0,0,0,0,0,0,0,0,0,0,0,0
3944,C3D8,0.327085,0,0,0,0,0,0,0,0,0,0,0,0
3945,C3D8,0.327085,0,0,0,0,0,0,0,0,0,0,0,0
3946,C3D8,0.327085,0,0,0,0,0,0,0,0,0,0,0,0
3947,C3D8,0.327086,0,0,0,0,0,0,0,0,0,0,0,0
3948,C3D8,0.327085,0,0,0,0,0,0,0,0,0,0,0,0
3949,C3D8,0.327085,0,0,0,0,0,0,0,0,0,0,0,0
3950,C3D8,0.327085,0,0,0,0,0,0,0,0,0,0,0,0
3951,C3D8,0.327086,0,0,0,0,0,0,0,0,0,0,0,0
3952,C3D8,0.327085,0,0,0,0,0,0,0,0,0,0,0,0
3953,C3D8,0.327085,0,0,0,0,0,0,0,0,0,0,0,0
3954,C3D8,0.327085,0,0,0,0,0,0,0,0,0,0,0,0
3955,C3D8,0.327086,0,0,0,0,0,0,0,0,0,0,0,0
3956,C3D8,0.327085,0,0,0,0,0,0,0,0,0,0,0,0
3957,C3D8,0.327085,0,0,0,0,0,0,0,0,0,0,0,0
3958,C3D8,0.327086,0,0,0,0,0,0,0,0,0,0,0,0
3959,C3D8,0.327085,0,0,0,0,0,0,0,0,0,0,0,0
3960,C3D8,0.327085,0,0,0,0,0,0,0,0,0,0,0,0
3961,C3D8,0.327085,0,0,0,0,0,0,0,0,0,0,0,0
3962,C3D8,0.327086,0,0,0,0,0,0,0,0,0,0,0,0
3963,C3D8,0.327085,0,0,0,0,0,0,0,0,0,0,0,0
3964,C3D8,0.327085,0,0,0,0,0,0,0,0,0,0,0,0
3965,C3D8,0.327085,0,0,0,0,0,0,0,0,0,0,0,0
3966,C3D8,0.327086,0,0,0,0,0,0,0,0,0,0,0,0
3967,C3D8,0.327085,0,0,0,0,0,0,0,0,0,0,0,0
3968,C3D8,0.327085,0,0,0,0,0,0,0,0,0,0,0,0
3969,C3D8,0.327085,0,0,0,0,0,0,0,0,0,0,0,0
3970,C3D8,0.327086,0,0,0,0,0,0,0,0,0,0,0,0
3971,C3D8,0.327084,0,0,0,0,0,0,0,0,0,0,0,0
3972,C3D8,0.327087,0,0,0,0,0,0,0,0,0,0,0,0
3973,C3D8,0.327085,0,0,0,0,0,0,0,0,0,0,0,0
3974,C3D8,0.327085,0,0,0,0,0,0,0,0,0,0,0,0
3975,C3D8,0.327085,0,0,0,0,0,0,0,0,0,0,0,0
3976,C3D8,0.327085,0,0,0,0,0,0,0,0,0,0,0,0
3977,C3D8,0.327085,0,0,0,0,0,0,0,0,0,0,0,0
3978,C3D8,0.327085,0,0,0,0,0,0,0,0,0,0,0,0
3979,C3D8,0.327085,0,0,0,0,0,0,0,0,0,0,0,0
3980,C3D8,0.327085,0,0,0,0,0,0,0,0,0,0,0,0
3981,C3D8,0.327085,0,0,0,0,0,0,0,0,0,0,0,0
3982,C3D8,0.327085,0,0,0,0,0,0,0,0,0,0,0,0
3983,C3D8,0.327085,0,0,0,0,0,0,0,0,0,0,0,0
3984,C3D8,0.327085,0,0,0,0,0,0,0,0,0,0,0,0
3985,C3D8,0.327085,0,0,0,0,0,0,0,0,0,0,0,0
3986,C3D8,0.327085,0,0,0,0,0,0,0,0,0,0,0,0
3987,C3D8,0.327085,0,0,0,0,0,0,0,0,0,0,0,0
3988,C3D8,0.327085,0,0,0,0,0,0,0,0,0,0,0,0
3989,C3D8,0.327085,0,0,0,0,0,0,0,0,0,0,0,0
3990,C3D8,0.327085,0,0,0,0,0,0,0,0,0,0,0,0
3991,C3D8,0.327085,0,0,0,0,0,0,0,0,0,0,0,0
3992,C3D8,0.327085,0,0,0,0,0,0,0,0,0,0,0,0
3993,C3D8,0.327086,0,0,0,0,0,0,0,0,0,0,0,0
3994,C3D8,0.327085,0,0,0,0,0,0,0,0,0,0,0,0
3995,C3D8,0.327085,0,0,0,0,0,0,0,0,0,0,0,0
3996,C3D8,0.327086,0,0,0,0,0,0,0,0,0,0,0,0
3997,C3D8,0.327085,0,0,0,0,0,0,0,0,0,0,0,0
3998,C3D8,0.327085,0,0,0,0,0,0,0,0,0,0,0,0
3999,C3D8,0.327085,0,0,0,0,0,0,0,0,0,0,0,0
4000,C3D8,0.327086,0,0,0,0,0,0,0,0,0,0,0,0
4001,C3D8,0.327085,0,0,0,0,0,0,0,0,0,0,0,0
4002,C3D8,0.327085,0,0,0,0,0,0,0,0,0,0,0,0
4003,C3D8,0.327085,0,0,0,0,0,0,0,0,0,0,0,0
4004,C3D8,0.327086,0,0,0,0,0,0,0,0,0,0,0,0
4005,C3D8,0.327085,0,0,0,0,0,0,0,0,0,0,0,0
4006,C3D8,0.327085,0,0,0,0,0,0,0,0,0,0,0,0
4007,C3D8,0.327085,0,0,0,0,0,0,0,0,0,0,0,0
4008,C3D8,0.327086,0,0,0,0,0,0,0,0,0,0,0,0
4009,C3D8,0.327085,0,0,0,0,0,0,0,0,0,0,0,0
4010,C3D8,0.327085,0,0,0,0,0,0,0,0,0,0,0,0
4011,C3D8,0.327086,0,0,0,0,0,0,0,0,0,0,0,0
4012,C3D8,0.327085,0,0,0,0,0,0,0,0,0,0,0,0
4013,C3D8,0.327085,0,0,0,0,0,0,0,0,0,0,0,0
4014,C3D8,0.327085,0,0,0,0,0,0,0,0,0,0,0,0
4015,C3D8,0.327086,0,0,0,0,0,0,0,0,0,0,0,0
4016,C3D8,0.327085,0,0,0,0,0,0,0,0,0,0,0,0
4017,C3D8,0.327085,0,0,0,0,0,0,0,0,0,0,0,0
4018,C3D8,0.327085,0,0,0,0,0,0,0,0,0,0,0,0
4019,C3D8,0.327086,0,0,0,0,0,0,0,0,0,0,0,0
4020,C3D8,0.327085,0,0,0,0,0,0,0,0,0,0,0,0
4021,C3D8,0.327085,0,0,0,0,0,0,0,0,0,0,0,0
4022,C3D8,0.327085,0,0,0,0,0,0,0,0,0,0,0,0
4023,C3D8,0.327086,0,0,0,0,0,0,0,0,0,0,0,0
4024,C3D8,0.327084,0,0,0,0,0,0,0,0,0,0,0,0
4025,C3D8,0.327087,0,0,0,0,0,0,0,0,0,0,0,0
4026,C3D8,0.327085,0,0,0,0,0,0,0,0,0,0,0,0
4027,C3D8,0.327085,0,0,0,0,0,0,0,0,0,0,0,0
4028,C3D8,0.327085,0,0,0,0,0,0,0,0,0,0,0,0
4029,C3D8,0.327086,0,0,0,0,0,0,0,0,0,0,0,0
4030,C3D8,0.327085,0,0,0,0,0,0,0,0,0,0,0,0
4031,C3D8,0.327086,0,0,0,0,0,0,0,0,0,0,0,0
4032,C3D8,0.327085,0,0,0,0,0,0,0,0,0,0,0,0
4033,C3D8,0.327086,0,0,0,0,0,0,0,0,0,0,0,0
4034,C3D8,0.327085,0,0,0,0,0,0,0,0,0,0,0,0
4035,C3D8,0.327086,0,0,0,0,0,0,0,0,0,0,0,0
4036,C3D8,0.327085,0,0,0,0,0,0,0,0,0,0,0,0
4037,C3D8,0.327086,0,0,0,0,0,0,0,0,0,0,0,0
4038,C3D8,0.327085,0,0,0,0,0,0,0,0,0,0,0,0
4039,C3D8,0.327086,0,0,0,0,0,0,0,0,0,0,0,0
4040,C3D8,0.327085,0,0,0,0,0,0,0,0,0,0,0,0
4041,C3D8,0.327086,0,0,0,0,0,0,0,0,0,0,0,0
4042,C3D8,0.327085,0,0,0,0,0,0,0,0,0,0,0,0
4043,C3D8,0.327086,0,0,0,0,0,0,0,0,0,0,0,0
4044,C3D8,0.327085,0,0,0,0,0,0,0,0,0,0,0,0
4045,C3D8,0.327085,0,0,0,0,0,0,0,0,0,0,0,0
4046,C3D8,0.327086,0,0,0,0,0,0,0,0,0,0,0,0
4047,C3D8,0.327085,0,0,0,0,0,0,0,0,0,0,0,0
4048,C3D8,0.327085,0,0,0,0,0,0,0,0,0,0,0,0
4049,C3D8,0.327086,0,0,0,0,0,0,0,0,0,0,0,0
4050,C3D8,0.327085,0,0,0,0,0,0,0,0,0,0,0,0
4051,C3D8,0.327085,0,0,0,0,0,0,0,0,0,0,0,0
4052,C3D8,0.327085,0,0,0,0,0,0,0,0,0,0,0,0
4053,C3D8,0.327086,0,0,0,0,0,0,0,0,0,0,0,0
4054,C3D8,0.327085,0,0,0,0,0,0,0,0,0,0,0,0
4055,C3D8,0.327085,0,0,0,0,0,0,0,0,0,0,0,0
4056,C3D8,0.327085,0,0,0,0,0,0,0,0,0,0,0,0
4057,C3D8,0.327086,0,0,0,0,0,0,0,0,0,0,0,0
4058,C3D8,0.327085,0,0,0,0,0,0,0,0,0,0,0,0
4059,C3D8,0.327085,0,0,0,0,0,0,0,0,0,0,0,0
4060,C3D8,0.327085,0,0,0,0,0,0,0,0,0,0,0,0
4061,C3D8,0.327086,0,0,0,0,0,0,0,0,0,0,0,0
4062,C3D8,0.327085,0,0,0,0,0,0,0,0,0,0,0,0
4063,C3D8,0.327085,0,0,0,0,0,0,0,0,0,0,0,0
4064,C3D8,0.327086,0,0,0,0,0,0,0,0,0,0,0,0
4065,C3D8,0.327085,0,0,0,0,0,0,0,0,0,0,0,0
4066,C3D8,0.327085,0,0,0,0,0,0,0,0,0,0,0,0
4067,C3D8,0.327085,0,0,0,0,0,0,0,0,0,0,0,0
4068,C3D8,0.327086,0,0,0,0,0,0,0,0,0,0,0,0
4069,C3D8,0.327085,0,0,0,0,0,0,0,0,0,0,0,0
4070,C3D8,0.327085,0,0,0,0,0,0,0,0,0,0,0,0
4071,C3D8,0.327085,0,0,0,0,0,0,0,0,0,0,0,0
4072,C3D8,0.327086,0,0,0,0,0,0,0,0,0,0,0,0
4073,C3D8,0.327085,0,0,0,0,0,0,0,0,0,0,0,0
4074,C3D8,0.327085,0,0,0,0,0,0,0,0,0,0,0,0
4075,C3D8,0.327085,0,0,0,0,0,0,0,0,0,0,0,0
4076,C3D8,0.327086,0,0,0,0,0,0,0,0,0,0,0,0
4077,C3D8,0.327084,0,0,0,0,0,0,0,0,0,0,0,0
4078,C3D8,0.327088,0,0,0,0,0,0,0,0,0,0,0,0
4079,C3D8,0.327085,0,0,0,0,0,0,0,0,0,0,0,0
4080,C3D8,0.327085,0,0,0,0,0,0,0,0,0,0,0,0
4081,C3D8,0.327085,0,0,0,0,0,0,0,0,0,0,0,0
4082,C3D8,0.327086,0,0,0,0,0,0,0,0,0,0,0,0
4083,C3D8,0.327085,0,0,0,0,0,0,0,0,0,0,0,0
4084,C3D8,0.327086,0,0,0,0,0,0,0,0,0,0,0,0
4085,C3D8,0.327085,0,0,0,0,0,0,0,0,0,0,0,0
4086,C3D8,0.327086,0,0,0,0,0,0,0,0,0,0,0,0
4087,C3D8,0.327085,0,0,0,0,0,0,0,0,0,0,0,0
4088,C3D8,0.327086,0,0,0,0,0,0,0,0,0,0,0,0
4089,C3D8,0.327085,0,0,0,0,0,0,0,0,0,0,0,0
4090,C3D8,0.327086,0,0,0,0,0,0,0,0,0,0,0,0
4091,C3D8,0.327085,0,0,0,0,0,0,0,0,0,0,0,0
4092,C3D8,0.327086,0,0,0,0,0,0,0,0,0,0,0,0
4093,C3D8,0.327085,0,0,0,0,0,0,0,0,0,0,0,0
4094,C3D8,0.327086,0,0,0,0,0,0,0,0,0,0,0,0
4095,C3D8,0.327085,0,0,0,0,0,0,0,0,0,0,0,0
4096,C3D8,0.327086,0,0,0,0,0,0,0,0,0,0,0,0
4097,C3D8,0.327085,0,0,0,0,0,0,0,0,0,0,0,0
4098,C3D8,0.327085,0,0,0,0,0,0,0,0,0,0,0,0
4099,C3D8,0.327086,0,0,0,0,0,0,0,0,0,0,0,0
4100,C3D8,0.327085,0,0,0,0,0,0,0,0,0,0,0,0
4101,C3D8,0.327085,0,0,0,0,0,0,0,0,0,0,0,0
4102,C3D8,0.327086,0,0,0,0,0,0,0,0,0,0,0,0
4103,C3D8,0.327085,0,0,0,0,0,0,0,0,0,0,0,0
4104,C3D8,0.327085,0,0,0,0,0,0,0,0,0,0,0,0
4105,C3D8,0.327085,0,0,0,0,0,0,0,0,0,0,0,0
4106,C3D8,0.327086,0,0,0,0,0,0,0,0,0,0,0,0
4107,C3D8,0.327085,0,0,0,0,0,0,0,0,0,0,0,0
4108,C3D8,0.327085,0,0,0,0,0,0,0,0,0,0,0,0
4109,C3D8,0.327085,0,0,0,0,0,0,0,0,0,0,0,0
4110,C3D8,0.327086,0,0,0,0,0,0,0,0,0,0,0,0
4111,C3D8,0.327085,0,0,0,0,0,0,0,0,0,0,0,0
4112,C3D8,0.327085,0,0,0,0,0,0,0,0,0,0,0,0
4113,C3D8,0.327085,0,0,0,0,0,0,0,0,0,0,0,0
4114,C3D8,0.327086,0,0,0,0,0,0,0,0,0,0,0,0
4115,C3D8,0.327085,0,0,0,0,0,0,0,0,0,0,0,0
4116,C3D8,0.327085,0,0,0,0,0,0,0,0,0,0,0,0
4117,C3D8,0.327086,0,0,0,0,0,0,0,0,0,0,0,0
4118,C3D8,0.327085,0,0,0,0,0,0,0,0,0,0,0,0
4119,C3D8,0.327085,0,0,0,0,0,0,0,0,0,0,0,0
4120,C3D8,0.327085,0,0,0,0,0,0,0,0,0,0,0,0
4121,C3D8,0.327086,0,0,0,0,0,0,0,0,0,0,0,0
4122,C3D8,0.327085,0,0,0,0,0,0,0,0,0,0,0,0
4123,C3D8,0.327085,0,0,0,0,0,0,0,0,0,0,0,0
4124,C3D8,0.327085,0,0,0,0,0,0,0,0,0,0,0,0
4125,C3D8,0.327086,0,0,0,0,0,0,0,0,0,0,0,0
4126,C3D8,0.327085,0,0,0,0,0,0,0,0,0,0,0,0
4127,C3D8,0.327085,0,0,0,0,0,0,0,0,0,0,0,0
4128,C3D8,0.327085,0,0,0,0,0,0,0,0,0,0,0,0
4129,C3D8,0.327086,0,0,0,0,0,0,0,0,0,0,0,0
4130,C3D8,0.327084,0,0,0,0,0,0,0,0,0,0,0,0
4131,C3D8,0.327088,0,0,0,0,0,0,0,0,0,0,0,0
4132,C3D8,0.327085,0,0,0,0,0,0,0,0,0,0,0,0
4133,C3D8,0.327085,0,0,0,0,0,0,0,0,0,0,0,0
4134,C3D8,0.327085,0,0,0,0,0,0,0,0,0,0,0,0
4135,C3D8,0.327086,0,0,0,0,0,0,0,0,0,0,0,0
4136,C3D8,0.327085,0,0,0,0,0,0,0,0,0,0,0,0
4137,C3D8,0.327086,0,0,0,0,0,0,0,0,0,0,0,0
4138,C3D8,0.327085,0,0,0,0,0,0,0,0,0,0,0,0
4139,C3D8,0.327086,0,0,0,0,0,0,0,0,0,0,0,0
4140,C3D8,0.327085,0,0,0,0,0,0,0,0,0,0,0,0
4141,C3D8,0.327086,0,0,0,0,0,0,0,0,0,0,0,0
4142,C3D8,0.327085,0,0,0,0,0,0,0,0,0,0,0,0
4143,C3D8,0.327086,0,0,0,0,0,0,0,0,0,0,0,0
4144,C3D8,0.327085,0,0,0,0,0,0,0,0,0,0,0,0
4145,C3D8,0.327086,0,0,0,0,0,0,0,0,0,0,0,0
4146,C3D8,0.327085,0,0,0,0,0,0,0,0,0,0,0,0
4147,C3D8,0.327086,0,0,0,0,0,0,0,0,0,0,0,0
4148,C3D8,0.327085,0,0,0,0,0,0,0,0,0,0,0,0
4149,C3D8,0.327086,0,0,0,0,0,0,0,0,0,0,0,0
4150,C3D8,0.327085,0,0,0,0,0,0,0,0,0,0,0,0
4151,C3D8,0.327085,0,0,0,0,0,0,0,0,0,0,0,0
4152,C3D8,0.327086,0,0,0,0,0,0,0,0,0,0,0,0
4153,C3D8,0.327085,0,0,0,0,0,0,0,0,0,0,0,0
4154,C3D8,0.327085,0,0,0,0,0,0,0,0,0,0,0,0
4155,C3D8,0.327086,0,0,0,0,0,0,0,0,0,0,0,0
4156,C3D8,0.327085,0,0,0,0,0,0,0,0,0,0,0,0
4157,C3D8,0.327085,0,0,0,0,0,0,0,0,0,0,0,0
4158,C3D8,0.327085,0,0,0,0,0,0,0,0,0,0,0,0
4159,C3D8,0.327086,0,0,0,0,0,0,0,0,0,0,0,0
4160,C3D8,0.327085,0,0,0,0,0,0,0,0,0,0,0,0
4161,C3D8,0.327085,0,0,0,0,0,0,0,0,0,0,0,0
4162,C3D8,0.327085,0,0,0,0,0,0,0,0,0,0,0,0
4163,C3D8,0.327086,0,0,0,0,0,0,0,0,0,0,0,0
4164,C3D8,0.327085,0,0,0,0,0,0,0,0,0,0,0,0
4165,C3D8,0.327085,0,0,0,0,0,0,0,0,0,0,0,0
4166,C3D8,0.327085,0,0,0,0,0,0,0,0,0,0,0,0
4167,C3D8,0.327086,0,0,0,0,0,0,0,0,0,0,0,0
4168,C3D8,0.327085,0,0,0,0,0,0,0,0,0,0,0,0
4169,C3D8,0.327085,0,0,0,0,0,0,0,0,0,0,0,0
4170,C3D8,0.327086,0,0,0,0,0,0,0,0,0,0,0,0
4171,C3D8,0.327085,0,0,0,0,0,0,0,0,0,0,0,0
4172,C3D8,0.327085,0,0,0,0,0,0,0,0,0,0,0,0
4173,C3D8,0.327085,0,0,0,0,0,0,0,0,0,0,0,0
4174,C3D8,0.327086,0,0,0,0,0,0,0,0,0,0,0,0
4175,C3D8,0.327085,0,0,0,0,0,0,0,0,0,0,0,0
4176,C3D8,0.327085,0,0,0,0,0,0,0,0,0,0,0,0
4177,C3D8,0.327085,0,0,0,0,0,0,0,0,0,0,0,0
4178,C3D8,0.327086,0,0,0,0,0,0,0,0,0,0,0,0
4179,C3D8,0.327085,0,0,0,0,0,0,0,0,0,0,0,0
4180,C3D8,0.327085,0,0,0,0,0,0,0,0,0,0,0,0
4181,C3D8,0.327085,0,0,0,0,0,0,0,0,0,0,0,0
4182,C3D8,0.327086,0,0,0,0,0,0,0,0,0,0,0,0
4183,C3D8,0.327084,0,0,0,0,0,0,0,0,0,0,0,0
4184,C3D8,0.327088,0,0,0,0,0,0,0,0,0,0,0,0
4185,C3D8,0.327085,0,0,0,0,0,0,0,0,0,0,0,0
4186,C3D8,0.327085,0,0,0,0,0,0,0,0,0,0,0,0
4187,C3D8,0.327085,0,0,0,0,0,0,0,0,0,0,0,0
4188,C3D8,0.327086,0,0,0,0,0,0,0,0,0,0,0,0
4189,C3D8,0.327085,0,0,0,0,0,0,0,0,0,0,0,0
4190,C3D8,0.327086,0,0,0,0,0,0,0,0,0,0,0,0
4191,C3D8,0.327085,0,0,0,0,0,0,0,0,0,0,0,0
4192,C3D8,0.327086,0,0,0,0,0,0,0,0,0,0,0,0
4193,C3D8,0.327085,0,0,0,0,0,0,0,0,0,0,0,0
4194,C3D8,0.327086,0,0,0,0,0,0,0,0,0,0,0,0
4195,C3D8,0.327085,0,0,0,0,0,0,0,0,0,0,0,0
4196,C3D8,0.327086,0,0,0,0,0,0,0,0,0,0,0,0
4197,C3D8,0.327085,0,0,0,0,0,0,0,0,0,0,0,0
4198,C3D8,0.327086,0,0,0,0,0,0,0,0,0,0,0,0
4199,C3D8,0.327085,0,0,0,0,0,0,0,0,0,0,0,0
4200,C3D8,0.327086,0,0,0,0,0,0,0,0,0,0,0,0
4201,C3D8,0.327085,0,0,0,0,0,0,0,0,0,0,0,0
4202,C3D8,0.327086,0,0,0,0,0,0,0,0,0,0,0,0
4203,C3D8,0.327085,0,0,0,0,0,0,0,0,0,0,0,0
4204,C3D8,0.327085,0,0,0,0,0,0,0,0,0,0,0,0
4205,C3D8,0.327086,0,0,0,0,0,0,0,0,0,0,0,0
4206,C3D8,0.327085,0,0,0,0,0,0,0,0,0,0,0,0
4207,C3D8,0.327085,0,0,0,0,0,0,0,0,0,0,0,0
4208,C3D8,0.327086,0,0,0,0,0,0,0,0,0,0,0,0
4209,C3D8,0.327085,0,0,0,0,0,0,0,0,0,0,0,0
4210,C3D8,0.327085,0,0,0,0,0,0,0,0,0,0,0,0
4211,C3D8,0.327085,0,0,0,0,0,0,0,0,0,0,0,0
4212,C3D8,0.327086,0,0,0,0,0,0,0,0,0,0,0,0
4213,C3D8,0.327085,0,0,0,0,0,0,0,0,0,0,0,0
4214,C3D8,0.327085,0,0,0,0,0,0,0,0,0,0,0,0
4215,C3D8,0.327085,0,0,0,0,0,0,0,0,0,0,0,0
4216,C3D8,0.327086,0,0,0,0,0,0,0,0,0,0,0,0
4217,C3D8,0.327085,0,0,0,0,0,0,0,0,0,0,0,0
4218,C3D8,0.327085,0,0,0,0,0,0,0,0,0,0,0,0
4219,C3D8,0.327085,0,0,0,0,0,0,0,0,0,0,0,0
4220,C3D8,0.327086,0,0,0,0,0,0,0,0,0,0,0,0
4221,C3D8,0.327085,0,0,0,0,0,0,0,0,0,0,0,0
4222,C3D8,0.327085,0,0,0,0,0,0,0,0,0,0,0,0
4223,C3D8,0.327086,0,0,0,0,0,0,0,0,0,0,0,0
4224,C3D8,0.327085,0,0,0,0,0,0,0,0,0,0,0,0
4225,C3D8,0.327085,0,0,0,0,0,0,0,0,0,0,0,0
4226,C3D8,0.327085,0,0,0,0,0,0,0,0,0,0,0,0
4227,C3D8,0.327086,0,0,0,0,0,0,0,0,0,0,0,0
4228,C3D8,0.327085,0,0,0,0,0,0,0,0,0,0,0,0
4229,C3D8,0.327085,0,0,0,0,0,0,0,0,0,0,0,0
4230,C3D8,0.327085,0,0,0,0,0,0,0,0,0,0,0,0
4231,C3D8,0.327086,0,0,0,0,0,0,0,0,0,0,0,0
4232,C3D8,0.327085,0,0,0,0,0,0,0,0,0,0,0,0
4233,C3D8,0.327085,0,0,0,0,0,0,0,0,0,0,0,0
4234,C3D8,0.327085,0,0,0,0,0,0,0,0,0,0,0,0
4235,C3D8,0.327086,0,0,0,0,0,0,0,0,0,0,0,0
4236,C3D8,0.327084,0,0,0,0,0,0,0,0,0,0,0,0
4237,C3D8,0.327088,0,0,0,0,0,0,0,0,0,0,0,0
4238,C3D8,0.327085,0,0,0,0,0,0,0,0,0,0,0,0
4239,C3D8,0.327085,0,0,0,0,0,0,0,0,0,0,0,0
4240,C3D8,0.327085,0,0,0,0,0,0,0,0,0,0,0,0
4241,C3D8,0.327086,0,0,0,0,0,0,0,0,0,0,0,0
4242,C3D8,0.327085,0,0,0,0,0,0,0,0,0,0,0,0
4243,C3D8,0.327086,0,0,0,0,0,0,0,0,0,0,0,0
4244,C3D8,0.327085,0,0,0,0,0,0,0,0,0,0,0,0
4245,C3D8,0.327086,0,0,0,0,0,0,0,0,0,0,0,0
4246,C3D8,0.327085,0,0,0,0,0,0,0,0,0,0,0,0
4247,C3D8,0.327086,0,0,0,0,0,0,0,0,0,0,0,0
4248,C3D8,0.327085,0,0,0,0,0,0,0,0,0,0,0,0
4249,C3D8,0.327086,0,0,0,0,0,0,0,0,0,0,0,0
4250,C3D8,0.327085,0,0,0,0,0,0,0,0,0,0,0,0
4251,C3D8,0.327086,0,0,0,0,0,0,0,0,0,0,0,0
4252,C3D8,0.327085,0,0,0,0,0,0,0,0,0,0,0,0
4253,C3D8,0.327086,0,0,0,0,0,0,0,0,0,0,0,0
4254,C3D8,0.327085,0,0,0,0,0,0,0,0,0,0,0,0
4255,C3D8,0.327086,0,0,0,0,0,0,0,0,0,0,0,0
4256,C3D8,0.327085,0,0,0,0,0,0,0,0,0,0,0,0
4257,C3D8,0.327085,0,0,0,0,0,0,0,0,0,0,0,0
4258,C3D8,0.327086,0,0,0,0,0,0,0,0,0,0,0,0
4259,C3D8,0.327085,0,0,0,0,0,0,0,0,0,0,0,0
4260,C3D8,0.327085,0,0,0,0,0,0,0,0,0,0,0,0
4261,C3D8,0.327086,0,0,0,0,0,0,0,0,0,0,0,0
4262,C3D8,0.327085,0,0,0,0,0,0,0,0,0,0,0,0
4263,C3D8,0.327085,0,0,0,0,0,0,0,0,0,0,0,0
4264,C3D8,0.327085,0,0,0,0,0,0,0,0,0,0,0,0
4265,C3D8,0.327086,0,0,0,0,0,0,0,0,0,0,0,0
4266,C3D8,0.327085,0,0,0,0,0,0,0,0,0,0,0,0
4267,C3D8,0.327085,0,0,0,0,0,0,0,0,0,0,0,0
4268,C3D8,0.327085,0,0,0,0,0,0,0,0,0,0,0,0
4269,C3D8,0.327086,0,0,0,0,0,0,0,0,0,0,0,0
4270,C3D8,0.327085,0,0,0,0,0,0,0,0,0,0,0,0
4271,C3D8,0.327085,0,0,0,0,0,0,0,0,0,0,0,0
4272,C3D8,0.327085,0,0,0,0,0,0,0,0,0,0,0,0
4273,C3D8,0.327086,0,0,0,0,0,0,0,0,0,0,0,0
4274,C3D8,0.327085,0,0,0,0,0,0,0,0,0,0,0,0
4275,C3D8,0.327085,0,0,0,0,0,0,0,0,0,0,0,0
4276,C3D8,0.327086,0,0,0,0,0,0,0,0,0,0,0,0
4277,C3D8,0.327085,0,0,0,0,0,0,0,0,0,0,0,0
4278,C3D8,0.327085,0,0,0,0,0,0,0,0,0,0,0,0
4279,C3D8,0.327085,0,0,0,0,0,0,0,0,0,0,0,0
4280,C3D8,0.327086,0,0,0,0,0,0,0,0,0,0,0,0
4281,C3D8,0.327085,0,0,0,0,0,0,0,0,0,0,0,0
4282,C3D8,0.327085,0,0,0,0,0,0,0,0,0,0,0,0
4283,C3D8,0.327085,0,0,0,0,0,0,0,0,0,0,0,0
4284,C3D8,0.327086,0,0,0,0,0,0,0,0,0,0,0,0
4285,C3D8,0.327085,0,0,0,0,0,0,0,0,0,0,0,0
4286,C3D8,0.327085,0,0,0,0,0,0,0,0,0,0,0,0
4287,C3D8,0.327085,0,0,0,0,0,0,0,0,0,0,0,0
4288,C3D8,0.327086,0,0,0,0,0,0,0,0,0,0,0,0
4289,C3D8,0.327084,0,0,0,0,0,0,0,0,0,0,0,0
4290,C3D8,0.327088,0,0,0,0,0,0,0,0,0,0,0,0
4291,C3D8,0.327085,0,0,0,0,0,0,0,0,0,0,0,0
4292,C3D8,0.327085,0,0,0,0,0,0,0,0,0,0,0,0
4293,C3D8,0.327085,0,0,0,0,0,0,0,0,0,0,0,0
4294,C3D8,0.327086,0,0,0,0,0,0,0,0,0,0,0,0
4295,C3D8,0.327085,0,0,0,0,0,0,0,0,0,0,0,0
4296,C3D8,0.327086,0,0,0,0,0,0,0,0,0,0,0,0
4297,C3D8,0.327085,0,0,0,0,0,0,0,0,0,0,0,0
4298,C3D8,0.327086,0,0,0,0,0,0,0,0,0,0,0,0
4299,C3D8,0.327085,0,0,0,0,0,0,0,0,0,0,0,0
4300,C3D8,0.327086,0,0,0,0,0,0,0,0,0,0,0,0
4301,C3D8,0.327085,0,0,0,0,0,0,0,0,0,0,0,0
4302,C3D8,0.327086,0,0,0,0,0,0,0,0,0,0,0,0
4303,C3D8,0.327085,0,0,0,0,0,0,0,0,0,0,0,0
4304,C3D8,0.327086,0,0,0,0,0,0,0,0,0,0,0,0
4305,C3D8,0.327085,0,0,0,0,0,0,0,0,0,0,0,0
4306,C3D8,0.327086,0,0,0,0,0,0,0,0,0,0,0,0
4307,C3D8,0.327085,0,0,0,0,0,0,0,0,0,0,0,0
4308,C3D8,0.327086,0,0,0,0,0,0,0,0,0,0,0,0
4309,C3D8,0.327085,0,0,0,0,0,0,0,0,0,0,0,0
4310,C3D8,0.327085,0,0,0,0,0,0,0,0,0,0,0,0
4311,C3D8,0.327086,0,0,0,0,0,0,0,0,0,0,0,0
4312,C3D8,0.327085,0,0,0,0,0,0,0,0,0,0,0,0
4313,C3D8,0.327085,0,0,0,0,0,0,0,0,0,0,0,0
4314,C3D8,0.327086,0,0,0,0,0,0,0,0,0,0,0,0
4315,C3D8,0.327085,0,0,0,0,0,0,0,0,0,0,0,0
4316,C3D8,0.327085,0,0,0,0,0,0,0,0,0,0,0,0
4317,C3D8,0.327085,0,0,0,0,0,0,0,0,0,0,0,0
4318,C3D8,0.327086,0,0,0,0,0,0,0,0,0,0,0,0
4319,C3D8,0.327085,0,0,0,0,0,0,0,0,0,0,0,0
4320,C3D8,0.327085,0,0,0,0,0,0,0,0,0,0,0,0
4321,C3D8,0.327085,0,0,0,0,0,0,0,0,0,0,0,0
4322,C3D8,0.327086,0,0,0,0,0,0,0,0,0,0,0,0
4323,C3D8,0.327085,0,0,0,0,0,0,0,0,0,0,0,0
4324,C3D8,0.327085,0,0,0,0,0,0,0,0,0,0,0,0
4325,C3D8,0.327085,0,0,0,0,0,0,0,0,0,0,0,0
4326,C3D8,0.327086,0,0,0,0,0,0,0,0,0,0,0,0
4327,C3D8,0.327085,0,0,0,0,0,0,0,0,0,0,0,0
4328,C3D8,0.327085,0,0,0,0,0,0,0,0,0,0,0,0
4329,C3D8,0.327086,0,0,0,0,0,0,0,0,0,0,0,0
4330,C3D8,0.327085,0,0,0,0,0,0,0,0,0,0,0,0
4331,C3D8,0.327085,0,0,0,0,0,0,0,0,0,0,0,0
4332,C3D8,0.327085,0,0,0,0,0,0,0,0,0,0,0,0
4333,C3D8,0.327086,0,0,0,0,0,0,0,0,0,0,0,0
4334,C3D8,0.327085,0,0,0,0,0,0,0,0,0,0,0,0
4335,C3D8,0.327085,0,0,0,0,0,0,0,0,0,0,0,0
4336,C3D8,0.327085,0,0,0,0,0,0,0,0,0,0,0,0
4337,C3D8,0.327086,0,0,0,0,0,0,0,0,0,0,0,0
4338,C3D8,0.327085,0,0,0,0,0,0,0,0,0,0,0,0
4339,C3D8,0.327085,0,0,0,0,0,0,0,0,0,0,0,0
4340,C3D8,0.327085,0,0,0,0,0,0,0,0,0,0,0,0
4341,C3D8,0.327086,0,0,0,0,0,0,0,0,0,0,0,0
4342,C3D8,0.327084,0,0,0,0,0,0,0,0,0,0,0,0
4343,C3D8,0.327088,0,0,0,0,0,0,0,0,0,0,0,0
4344,C3D8,0.327085,0,0,0,0,0,0,0,0,0,0,0,0
4345,C3D8,0.327085,0,0,0,0,0,0,0,0,0,0,0,0
4346,C3D8,0.327085,0,0,0,0,0,0,0,0,0,0,0,0
4347,C3D8,0.327086,0,0,0,0,0,0,0,0,0,0,0,0
4348,C3D8,0.327085,0,0,0,0,0,0,0,0,0,0,0,0
4349,C3D8,0.327086,0,0,0,0,0,0,0,0,0,0,0,0
4350,C3D8,0.327085,0,0,0,0,0,0,0,0,0,0,0,0
4351,C3D8,0.327086,0,0,0,0,0,0,0,0,0,0,0,0
4352,C3D8,0.327085,0,0,0,0,0,0,0,0,0,0,0,0
4353,C3D8,0.327086,0,0,0,0,0,0,0,0,0,0,0,0
4354,C3D8,0.327085,0,0,0,0,0,0,0,0,0,0,0,0
4355,C3D8,0.327086,0,0,0,0,0,0,0,0,0,0,0,0
4356,C3D8,0.327085,0,0,0,0,0,0,0,0,0,0,0,0
4357,C3D8,0.327086,0,0,0,0,0,0,0,0,0,0,0,0
4358,C3D8,0.327085,0,0,0,0,0,0,0,0,0,0,0,0
4359,C3D8,0.327086,0,0,0,0,0,0,0,0,0,0,0,0
4360,C3D8,0.327085,0,0,0,0,0,0,0,0,0,0,0,0
4361,C3D8,0.327086,0,0,0,0,0,0,0,0,0,0,0,0
4362,C3D8,0.327085,0,0,0,0,0,0,0,0,0,0,0,0
4363,C3D8,0.327085,0,0,0,0,0,0,0,0,0,0,0,0
4364,C3D8,0.327086,0,0,0,0,0,0,0,0,0,0,0,0
4365,C3D8,0.327085,0,0,0,0,0,0,0,0,0,0,0,0
4366,C3D8,0.327085,0,0,0,0,0,0,0,0,0,0,0,0
4367,C3D8,0.327086,0,0,0,0,0,0,0,0,0,0,0,0
4368,C3D8,0.327085,0,0,0,0,0,0,0,0,0,0,0,0
4369,C3D8,0.327085,0,0,0,0,0,0,0,0,0,0,0,0
4370,C3D8,0.327085,0,0,0,0,0,0,0,0,0,0,0,0
4371,C3D8,0.327086,0,0,0,0,0,0,0,0,0,0,0,0
4372,C3D8,0.327085,0,0,0,0,0,0,0,0,0,0,0,0
4373,C3D8,0.327085,0,0,0,0,0,0,0,0,0,0,0,0
4374,C3D8,0.327085,0,0,0,0,0,0,0,0,0,0,0,0
4375,C3D8,0.327086,0,0,0,0,0,0,0,0,0,0,0,0
4376,C3D8,0.327085,0,0,0,0,0,0,0,0,0,0,0,0
4377,C3D8,0.327085,0,0,0,0,0,0,0,0,0,0,0,0
4378,C3D8,0.327085,0,0,0,0,0,0,0,0,0,0,0,0
4379,C3D8,0.327086,0,0,0,0,0,0,0,0,0,0,0,0
4380,C3D8,0.327085,0,0,0,0,0,0,0,0,0,0,0,0
4381,C3D8,0.327085,0,0,0,0,0,0,0,0,0,0,0,0
4382,C3D8,0.327086,0,0,0,0,0,0,0,0,0,0,0,0
4383,C3D8,0.327085,0,0,0,0,0,0,0,0,0,0,0,0
4384,C3D8,0.327085,0,0,0,0,0,0,0,0,0,0,0,0
4385,C3D8,0.327085,0,0,0,0,0,0,0,0,0,0,0,0
4386,C3D8,0.327086,0,0,0,0,0,0,0,0,0,0,0,0
4387,C3D8,0.327085,0,0,0,0,0,0,0,0,0,0,0,0
4388,C3D8,0.327085,0,0,0,0,0,0,0,0,0,0,0,0
4389,C3D8,0.327085,0,0,0,0,0,0,0,0,0,0,0,0
4390,C3D8,0.327086,0,0,0,0,0,0,0,0,0,0,0,0
4391,C3D8,0.327085,0,0,0,0,0,0,0,0,0,0,0,0
4392,C3D8,0.327085,0,0,0,0,0,0,0,0,0,0,0,0
4393,C3D8,0.327085,0,0,0,0,0,0,0,0,0,0,0,0
4394,C3D8,0.327086,0,0,0,0,0,0,0,0,0,0,0,0
4395,C3D8,0.327084,0,0,0,0,0,0,0,0,0,0,0,0
4396,C3D8,0.327088,0,0,0,0,0,0,0,0,0,0,0,0
4397,C3D8,0.327085,0,0,0,0,0,0,0,0,0,0,0,0
4398,C3D8,0.327085,0,0,0,0,0,0,0,0,0,0,0,0
4399,C3D8,0.327085,0,0,0,0,0,0,0,0,0,0,0,0
4400,C3D8,0.327086,0,0,0,0,0,0,0,0,0,0,0,0
4401,C3D8,0.327085,0,0,0,0,0,0,0,0,0,0,0,0
4402,C3D8,0.327086,0,0,0,0,0,0,0,0,0,0,0,0
4403,C3D8,0.327085,0,0,0,0,0,0,0,0,0,0,0,0
4404,C3D8,0.327086,0,0,0,0,0,0,0,0,0,0,0,0
4405,C3D8,0.327085,0,0,0,0,0,0,0,0,0,0,0,0
4406,C3D8,0.327086,0,0,0,0,0,0,0,0,0,0,0,0
4407,C3D8,0.327085,0,0,0,0,0,0,0,0,0,0,0,0
4408,C3D8,0.327086,0,0,0,0,0,0,0,0,0,0,0,0
4409,C3D8,0.327085,0,0,0,0,0,0,0,0,0,0,0,0
4410,C3D8,0.327086,0,0,0,0,0,0,0,0,0,0,0,0
4411,C3D8,0.327085,0,0,0,0,0,0,0,0,0,0,0,0
4412,C3D8,0.327086,0,0,0,0,0,0,0,0,0,0,0,0
4413,C3D8,0.327085,0,0,0,0,0,0,0,0,0,0,0,0
4414,C3D8,0.327086,0,0,0,0,0,0,0,0,0,0,0,0
4415,C3D8,0.327085,0,0,0,0,0,0,0,0,0,0,0,0
4416,C3D8,0.327085,0,0,0,0,0,0,0,0,0,0,0,0
4417,C3D8,0.327086,0,0,0,0,0,0,0,0,0,0,0,0
4418,C3D8,0.327085,0,0,0,0,0,0,0,0,0,0,0,0
4419,C3D8,0.327085,0,0,0,0,0,0,0,0,0,0,0,0
4420,C3D8,0.327086,0,0,0,0,0,0,0,0,0,0,0,0
4421,C3D8,0.327085,0,0,0,0,0,0,0,0,0,0,0,0
4422,C3D8,0.327085,0,0,0,0,0,0,0,0,0,0,0,0
4423,C3D8,0.327085,0,0,0,0,0,0,0,0,0,0,0,0
4424,C3D8,0.327086,0,0,0,0,0,0,0,0,0,0,0,0
4425,C3D8,0.327085,0,0,0,0,0,0,0,0,0,0,0,0
4426,C3D8,0.327085,0,0,0,0,0,0,0,0,0,0,0,0
4427,C3D8,0.327085,0,0,0,0,0,0,0,0,0,0,0,0
4428,C3D8,0.327086,0,0,0,0,0,0,0,0,0,0,0,0
4429,C3D8,0.327085,0,0,0,0,0,0,0,0,0,0,0,0
4430,C3D8,0.327085,0,0,0,0,0,0,0,0,0,0,0,0
4431,C3D8,0.327085,0,0,0,0,0,0,0,0,0,0,0,0
4432,C3D8,0.327086,0,0,0,0,0,0,0,0,0,0,0,0
4433,C3D8,0.327085,0,0,0,0,0,0,0,0,0,0,0,0
4434,C3D8,0.327085,0,0,0,0,0,0,0,0,0,0,0,0
4435,C3D8,0.327086,0,0,0,0,0,0,0,0,0,0,0,0
4436,C3D8,0.327085,0,0,0,0,0,0,0,0,0,0,0,0
4437,C3D8,0.327085,0,0,0,0,0,0,0,0,0,0,0,0
4438,C3D8,0.327085,0,0,0,0,0,0,0,0,0,0,0,0
4439,C3D8,0.327086,0,0,0,0,0,0,0,0,0,0,0,0
4440,C3D8,0.327085,0,0,0,0,0,0,0,0,0,0,0,0
4441,C3D8,0.327085,0,0,0,0,0,0,0,0,0,0,0,0
4442,C3D8,0.327085,0,0,0,0,0,0,0,0,0,0,0,0
4443,C3D8,0.327086,0,0,0,0,0,0,0,0,0,0,0,0
4444,C3D8,0.327085,0,0,0,0,0,0,0,0,0,0,0,0
4445,C3D8,0.327085,0,0,0,0,0,0,0,0,0,0,0,0
4446,C3D8,0.327085,0,0,0,0,0,0,0,0,0,0,0,0
4447,C3D8,0.327086,0,0,0,0,0,0,0,0,0,0,0,0
4448,C3D8,0.327084,0,0,0,0,0,0,0,0,0,0,0,0
4449,C3D8,0.327088,0,0,0,0,0,0,0,0,0,0,0,0
4450,C3D8,0.327085,0,0,0,0,0,0,0,0,0,0,0,0
4451,C3D8,0.327085,0,0,0,0,0,0,0,0,0,0,0,0
4452,C3D8,0.327085,0,0,0,0,0,0,0,0,0,0,0,0
4453,C3D8,0.327086,0,0,0,0,0,0,0,0,0,0,0,0
4454,C3D8,0.327085,0,0,0,0,0,0,0,0,0,0,0,0
4455,C3D8,0.327086,0,0,0,0,0,0,0,0,0,0,0,0
4456,C3D8,0.327085,0,0,0,0,0,0,0,0,0,0,0,0
4457,C3D8,0.327086,0,0,0,0,0,0,0,0,0,0,0,0
4458,C3D8,0.327085,0,0,0,0,0,0,0,0,0,0,0,0
4459,C3D8,0.327086,0,0,0,0,0,0,0,0,0,0,0,0
4460,C3D8,0.327085,0,0,0,0,0,0,0,0,0,0,0,0
4461,C3D8,0.327086,0,0,0,0,0,0,0,0,0,0,0,0
4462,C3D8,0.327085,0,0,0,0,0,0,0,0,0,0,0,0
4463,C3D8,0.327086,0,0,0,0,0,0,0,0,0,0,0,0
4464,C3D8,0.327085,0,0,0,0,0,0,0,0,0,0,0,0
4465,C3D8,0.327086,0,0,0,0,0,0,0,0,0,0,0,0
4466,C3D8,0.327085,0,0,0,0,0,0,0,0,0,0,0,0
4467,C3D8,0.327086,0,0,0,0,0,0,0,0,0,0,0,0
4468,C3D8,0.327085,0,0,0,0,0,0,0,0,0,0,0,0
4469,C3D8,0.327085,0,0,0,0,0,0,0,0,0,0,0,0
4470,C3D8,0.327086,0,0,0,0,0,0,0,0,0,0,0,0
4471,C3D8,0.327085,0,0,0,0,0,0,0,0,0,0,0,0
4472,C3D8,0.327085,0,0,0,0,0,0,0,0,0,0,0,0
4473,C3D8,0.327086,0,0,0,0,0,0,0,0,0,0,0,0
4474,C3D8,0.327085,0,0,0,0,0,0,0,0,0,0,0,0
4475,C3D8,0.327085,0,0,0,0,0,0,0,0,0,0,0,0
4476,C3D8,0.327085,0,0,0,0,0,0,0,0,0,0,0,0
4477,C3D8,0.327086,0,0,0,0,0,0,0,0,0,0,0,0
4478,C3D8,0.327085,0,0,0,0,0,0,0,0,0,0,0,0
4479,C3D8,0.327085,0,0,0,0,0,0,0,0,0,0,0,0
4480,C3D8,0.327085,0,0,0,0,0,0,0,0,0,0,0,0
4481,C3D8,0.327086,0,0,0,0,0,0,0,0,0,0,0,0
4482,C3D8,0.327085,0,0,0,0,0,0,0,0,0,0,0,0
4483,C3D8,0.327085,0,0,0,0,0,0,0,0,0,0,0,0
4484,C3D8,0.327085,0,0,0,0,0,0,0,0,0,0,0,0
4485,C3D8,0.327086,0,0,0,0,0,0,0,0,0,0,0,0
4486,C3D8,0.327085,0,0,0,0,0,0,0,0,0,0,0,0
4487,C3D8,0.327085,0,0,0,0,0,0,0,0,0,0,0,0
4488,C3D8,0.327086,0,0,0,0,0,0,0,0,0,0,0,0
4489,C3D8,0.327085,0,0,0,0,0,0,0,0,0,0,0,0
4490,C3D8,0.327085,0,0,0,0,0,0,0,0,0,0,0,0
4491,C3D8,0.327085,0,0,0,0,0,0,0,0,0,0,0,0
4492,C3D8,0.327086,0,0,0,0,0,0,0,0,0,0,0,0
4493,C3D8,0.327085,0,0,0,0,0,0,0,0,0,0,0,0
4494,C3D8,0.327085,0,0,0,0,0,0,0,0,0,0,0,0
4495,C3D8,0.327085,0,0,0,0,0,0,0,0,0,0,0,0
4496,C3D8,0.327086,0,0,0,0,0,0,0,0,0,0,0,0
4497,C3D8,0.327085,0,0,0,0,0,0,0,0,0,0,0,0
4498,C3D8,0.327085,0,0,0,0,0,0,0,0,0,0,0,0
4499,C3D8,0.327085,0,0,0,0,0,0,0,0,0,0,0,0
4500,C3D8,0.327086,0,0,0,0,0,0,0,0,0,0,0,0
4501,C3D8,0.327084,0,0,0,0,0,0,0,0,0,0,0,0
4502,C3D8,0.327088,0,0,0,0,0,0,0,0,0,0,0,0
4503,C3D8,0.327085,0,0,0,0,0,0,0,0,0,0,0,0
4504,C3D8,0.327085,0,0,0,0,0,0,0,0,0,0,0,0
4505,C3D8,0.327085,0,0,0,0,0,0,0,0,0,0,0,0
4506,C3D8,0.327085,0,0,0,0,0,0,0,0,0,0,0,0
4507,C3D8,0.327085,0,0,0,0,0,0,0,0,0,0,0,0
4508,C3D8,0.327085,0,0,0,0,0,0,0,0,0,0,0,0
4509,C3D8,0.327085,0,0,0,0,0,0,0,0,0,0,0,0
4510,C3D8,0.327085,0,0,0,0,0,0,0,0,0,0,0,0
4511,C3D8,0.327085,0,0,0,0,0,0,0,0,0,0,0,0
4512,C3D8,0.327085,0,0,0,0,0,0,0,0,0,0,0,0
4513,C3D8,0.327085,0,0,0,0,0,0,0,0,0,0,0,0
4514,C3D8,0.327085,0,0,0,0,0,0,0,0,0,0,0,0
4515,C3D8,0.327085,0,0,0,0,0,0,0,0,0,0,0,0
4516,C3D8,0.327085,0,0,0,0,0,0,0,0,0,0,0,0
4517,C3D8,0.327085,0,0,0,0,0,0,0,0,0,0,0,0
4518,C3D8,0.327085,0,0,0,0,0,0,0,0,0,0,0,0
4519,C3D8,0.327085,0,0,0,0,0,0,0,0,0,0,0,0
4520,C3D8,0.327085,0,0,0,0,0,0,0,0,0,0,0,0
4521,C3D8,0.327085,0,0,0,0,0,0,0,0,0,0,0,0
4522,C3D8,0.327085,0,0,0,0,0,0,0,0,0,0,0,0
4523,C3D8,0.327086,0,0,0,0,0,0,0,0,0,0,0,0
4524,C3D8,0.327085,0,0,0,0,0,0,0,0,0,0,0,0
4525,C3D8,0.327085,0,0,0,0,0,0,0,0,0,0,0,0
4526,C3D8,0.327086,0,0,0,0,0,0,0,0,0,0,0,0
4527,C3D8,0.327085,0,0,0,0,0,0,0,0,0,0,0,0
4528,C3D8,0.327085,0,0,0,0,0,0,0,0,0,0,0,0
4529,C3D8,0.327085,0,0,0,0,0,0,0,0,0,0,0,0
4530,C3D8,0.327086,0,0,0,0,0,0,0,0,0,0,0,0
4531,C3D8,0.327085,0,0,0,0,0,0,0,0,0,0,0,0
4532,C3D8,0.327085,0,0,0,0,0,0,0,0,0,0,0,0
4533,C3D8,0.327085,0,0,0,0,0,0,0,0,0,0,0,0
4534,C3D8,0.327086,0,0,0,0,0,0,0,0,0,0,0,0
4535,C3D8,0.327085,0,0,0,0,0,0,0,0,0,0,0,0
4536,C3D8,0.327085,0,0,0,0,0,0,0,0,0,0,0,0
4537,C3D8,0.327085,0,0,0,0,0,0,0,0,0,0,0,0
4538,C3D8,0.327086,0,0,0,0,0,0,0,0,0,0,0,0
4539,C3D8,0.327085,0,0,0,0,0,0,0,0,0,0,0,0
4540,C3D8,0.327085,0,0,0,0,0,0,0,0,0,0,0,0
4541,C3D8,0.327086,0,0,0,0,0,0,0,0,0,0,0,0
4542,C3D8,0.327085,0,0,0,0,0,0,0,0,0,0,0,0
4543,C3D8,0.327085,0,0,0,0,0,0,0,0,0,0,0,0
4544,C3D8,0.327085,0,0,0,0,0,0,0,0,0,0,0,0
4545,C3D8,0.327086,0,0,0,0,0,0,0,0,0,0,0,0
4546,C3D8,0.327085,0,0,0,0,0,0,0,0,0,0,0,0
4547,C3D8,0.327085,0,0,0,0,0,0,0,0,0,0,0,0
4548,C3D8,0.327085,0,0,0,0,0,0,0,0,0,0,0,0
4549,C3D8,0.327086,0,0,0,0,0,0,0,0,0,0,0,0
4550,C3D8,0.327085,0,0,0,0,0,0,0,0,0,0,0,0
4551,C3D8,0.327085,0,0,0,0,0,0,0,0,0,0,0,0
4552,C3D8,0.327085,0,0,0,0,0,0,0,0,0,0,0,0
4553,C3D8,0.327086,0,0,0,0,0,0,0,0,0,0,0,0
4554,C3D8,0.327084,0,0,0,0,0,0,0,0,0,0,0,0
4555,C3D8,0.327087,0,0,0,0,0,0,0,0,0,0,0,0
4556,C3D8,0.327085,0,0,0,0,0,0,0,0,0,0,0,0
4557,C3D8,0.327085,0,0,0,0,0,0,0,0,0,0,0,0
4558,C3D8,0.327085,0,0,0,0,0,0,0,0,0,0,0,0
4559,C3D8,0.327086,0,0,0,0,0,0,0,0,0,0,0,0
4560,C3D8,0.327085,0,0,0,0,0,0,0,0,0,0,0,0
4561,C3D8,0.327086,0,0,0,0,0,0,0,0,0,0,0,0
4562,C3D8,0.327085,0,0,0,0,0,0,0,0,0,0,0,0
4563,C3D8,0.327086,0,0,0,0,0,0,0,0,0,0,0,0
4564,C3D8,0.327085,0,0,0,0,0,0,0,0,0,0,0,0
4565,C3D8,0.327086,0,0,0,0,0,0,0,0,0,0,0,0
4566,C3D8,0.327085,0,0,0,0,0,0,0,0,0,0,0,0
4567,C3D8,0.327086,0,0,0,0,0,0,0,0,0,0,0,0
4568,C3D8,0.327085,0,0,0,0,0,0,0,0,0,0,0,0
4569,C3D8,0.327086,0,0,0,0,0,0,0,0,0,0,0,0
4570,C3D8,0.327085,0,0,0,0,0,0,0,0,0,0,0,0
4571,C3D8,0.327086,0,0,0,0,0,0,0,0,0,0,0,0
4572,C3D8,0.327085,0,0,0,0,0,0,0,0,0,0,0,0
4573,C3D8,0.327086,0,0,0,0,0,0,0,0,0,0,0,0
4574,C3D8,0.327085,0,0,0,0,0,0,0,0,0,0,0,0
4575,C3D8,0.327085,0,0,0,0,0,0,0,0,0,0,0,0
4576,C3D8,0.327086,0,0,0,0,0,0,0,0,0,0,0,0
4577,C3D8,0.327085,0,0,0,0,0,0,0,0,0,0,0,0
4578,C3D8,0.327085,0,0,0,0,0,0,0,0,0,0,0,0
4579,C3D8,0.327086,0,0,0,0,0,0,0,0,0,0,0,0
4580,C3D8,0.327085,0,0,0,0,0,0,0,0,0,0,0,0
4581,C3D8,0.327085,0,0,0,0,0,0,0,0,0,0,0,0
4582,C3D8,0.327085,0,0,0,0,0,0,0,0,0,0,0,0
4583,C3D8,0.327086,0,0,0,0,0,0,0,0,0,0,0,0
4584,C3D8,0.327085,0,0,0,0,0,0,0,0,0,0,0,0
4585,C3D8,0.327085,0,0,0,0,0,0,0,0,0,0,0,0
4586,C3D8,0.327085,0,0,0,0,0,0,0,0,0,0,0,0
4587,C3D8,0.327086,0,0,0,0,0,0,0,0,0,0,0,0
4588,C3D8,0.327085,0,0,0,0,0,0,0,0,0,0,0,0
4589,C3D8,0.327085,0,0,0,0,0,0,0,0,0,0,0,0
4590,C3D8,0.327085,0,0,0,0,0,0,0,0,0,0,0,0
4591,C3D8,0.327086,0,0,0,0,0,0,0,0,0,0,0,0
4592,C3D8,0.327085,0,0,0,0,0,0,0,0,0,0,0,0
4593,C3D8,0.327085,0,0,0,0,0,0,0,0,0,0,0,0
4594,C3D8,0.327086,0,0,0,0,0,0,0,0,0,0,0,0
4595,C3D8,0.327085,0,0,0,0,0,0,0,0,0,0,0,0
4596,C3D8,0.327085,0,0,0,0,0,0,0,0,0,0,0,0
4597,C3D8,0.327085,0,0,0,0,0,0,0,0,0,0,0,0
4598,C3D8,0.327086,0,0,0,0,0,0,0,0,0,0,0,0
4599,C3D8,0.327085,0,0,0,0,0,0,0,0,0,0,0,0
4600,C3D8,0.327085,0,0,0,0,0,0,0,0,0,0,0,0
4601,C3D8,0.327085,0,0,0,0,0,0,0,0,0,0,0,0
4602,C3D8,0.327086,0,0,0,0,0,0,0,0,0,0,0,0
4603,C3D8,0.327085,0,0,0,0,0,0,0,0,0,0,0,0
4604,C3D8,0.327085,0,0,0,0,0,0,0,0,0,0,0,0
4605,C3D8,0.327085,0,0,0,0,0,0,0,0,0,0,0,0
4606,C3D8,0.327086,0,0,0,0,0,0,0,0,0,0,0,0
4607,C3D8,0.327084,0,0,0,0,0,0,0,0,0,0,0,0
4608,C3D8,0.327088,0,0,0,0,0,0,0,0,0,0,0,0
4609,C3D8,0.327085,0,0,0,0,0,0,0,0,0,0,0,0
4610,C3D8,0.327085,0,0,0,0,0,0,0,0,0,0,0,0
4611,C3D8,0.327085,0,0,0,0,0,0,0,0,0,0,0,0
4612,C3D8,0.327086,0,0,0,0,0,0,0,0,0,0,0,0
4613,C3D8,0.327085,0,0,0,0,0,0,0,0,0,0,0,0
4614,C3D8,0.327086,0,0,0,0,0,0,0,0,0,0,0,0
4615,C3D8,0.327085,0,0,0,0,0,0,0,0,0,0,0,0
4616,C3D8,0.327086,0,0,0,0,0,0,0,0,0,0,0,0
4617,C3D8,0.327085,0,0,0,0,0,0,0,0,0,0,0,0
4618,C3D8,0.327086,0,0,0,0,0,0,0,0,0,0,0,0
4619,C3D8,0.327085,0,0,0,0,0,0,0,0,0,0,0,0
4620,C3D8,0.327086,0,0,0,0,0,0,0,0,0,0,0,0
4621,C3D8,0.327085,0,0,0,0,0,0,0,0,0,0,0,0
4622,C3D8,0.327086,0,0,0,0,0,0,0,0,0,0,0,0
4623,C3D8,0.327085,0,0,0,0,0,0,0,0,0,0,0,0
4624,C3D8,0.327086,0,0,0,0,0,0,0,0,0,0,0,0
4625,C3D8,0.327085,0,0,0,0,0,0,0,0,0,0,0,0
4626,C3D8,0.327086,0,0,0,0,0,0,0,0,0,0,0,0
4627,C3D8,0.327085,0,0,0,0,0,0,0,0,0,0,0,0
4628,C3D8,0.327085,0,0,0,0,0,0,0,0,0,0,0,0
4629,C3D8,0.327086,0,0,0,0,0,0,0,0,0,0,0,0
4630,C3D8,0.327085,0,0,0,0,0,0,0,0,0,0,0,0
4631,C3D8,0.327085,0,0,0,0,0,0,0,0,0,0,0,0
4632,C3D8,0.327086,0,0,0,0,0,0,0,0,0,0,0,0
4633,C3D8,0.327085,0,0,0,0,0,0,0,0,0,0,0,0
4634,C3D8,0.327085,0,0,0,0,0,0,0,0,0,0,0,0
4635,C3D8,0.327085,0,0,0,0,0,0,0,0,0,0,0,0
4636,C3D8,0.327086,0,0,0,0,0,0,0,0,0,0,0,0
4637,C3D8,0.327085,0,0,0,0,0,0,0,0,0,0,0,0
4638,C3D8,0.327085,0,0,0,0,0,0,0,0,0,0,0,0
4639,C3D8,0.327085,0,0,0,0,0,0,0,0,0,0,0,0
4640,C3D8,0.327086,0,0,0,0,0,0,0,0,0,0,0,0
4641,C3D8,0.327085,0,0,0,0,0,0,0,0,0,0,0,0
4642,C3D8,0.327085,0,0,0,0,0,0,0,0,0,0,0,0
4643,C3D8,0.327085,0,0,0,0,0,0,0,0,0,0,0,0
4644,C3D8,0.327086,0,0,0,0,0,0,0,0,0,0,0,0
4645,C3D8,0.327085,0,0,0,0,0,0,0,0,0,0,0,0
4646,C3D8,0.327085,0,0,0,0,0,0,0,0,0,0,0,0
4647,C3D8,0.327086,0,0,0,0,0,0,0,0,0,0,0,0
4648,C3D8,0.327085,0,0,0,0,0,0,0,0,0,0,0,0
4649,C3D8,0.327085,0,0,0,0,0,0,0,0,0,0,0,0
4650,C3D8,0.327085,0,0,0,0,0,0,0,0,0,0,0,0
4651,C3D8,0.327086,0,0,0,0,0,0,0,0,0,0,0,0
4652,C3D8,0.327085,0,0,0,0,0,0,0,0,0,0,0,0
4653,C3D8,0.327085,0,0,0,0,0,0,0,0,0,0,0,0
4654,C3D8,0.327085,0,0,0,0,0,0,0,0,0,0,0,0
4655,C3D8,0.327086,0,0,0,0,0,0,0,0,0,0,0,0
4656,C3D8,0.327085,0,0,0,0,0,0,0,0,0,0,0,0
4657,C3D8,0.327085,0,0,0,0,0,0,0,0,0,0,0,0
4658,C3D8,0.327085,0,0,0,0,0,0,0,0,0,0,0,0
4659,C3D8,0.327086,0,0,0,0,0,0,0,0,0,0,0,0
4660,C3D8,0.327084,0,0,0,0,0,0,0,0,0,0,0,0
4661,C3D8,0.327088,0,0,0,0,0,0,0,0,0,0,0,0
4662,C3D8,0.327085,0,0,0,0,0,0,0,0,0,0,0,0
4663,C3D8,0.327085,0,0,0,0,0,0,0,0,0,0,0,0
4664,C3D8,0.327085,0,0,0,0,0,0,0,0,0,0,0,0
4665,C3D8,0.327086,0,0,0,0,0,0,0,0,0,0,0,0
4666,C3D8,0.327085,0,0,0,0,0,0,0,0,0,0,0,0
4667,C3D8,0.327086,0,0,0,0,0,0,0,0,0,0,0,0
4668,C3D8,0.327085,0,0,0,0,0,0,0,0,0,0,0,0
4669,C3D8,0.327086,0,0,0,0,0,0,0,0,0,0,0,0
4670,C3D8,0.327085,0,0,0,0,0,0,0,0,0,0,0,0
4671,C3D8,0.327086,0,0,0,0,0,0,0,0,0,0,0,0
4672,C3D8,0.327085,0,0,0,0,0,0,0,0,0,0,0,0
4673,C3D8,0.327086,0,0,0,0,0,0,0,0,0,0,0,0
4674,C3D8,0.327085,0,0,0,0,0,0,0,0,0,0,0,0
4675,C3D8,0.327086,0,0,0,0,0,0,0,0,0,0,0,0
4676,C3D8,0.327085,0,0,0,0,0,0,0,0,0,0,0,0
4677,C3D8,0.327086,0,0,0,0,0,0,0,0,0,0,0,0
4678,C3D8,0.327085,0,0,0,0,0,0,0,0,0,0,0,0
4679,C3D8,0.327086,0,0,0,0,0,0,0,0,0,0,0,0
4680,C3D8,0.327085,0,0,0,0,0,0,0,0,0,0,0,0
4681,C3D8,0.327085,0,0,0,0,0,0,0,0,0,0,0,0
4682,C3D8,0.327086,0,0,0,0,0,0,0,0,0,0,0,0
4683,C3D8,0.327085,0,0,0,0,0,0,0,0,0,0,0,0
4684,C3D8,0.327085,0,0,0,0,0,0,0,0,0,0,0,0
4685,C3D8,0.327086,0,0,0,0,0,0,0,0,0,0,0,0
4686,C3D8,0.327085,0,0,0,0,0,0,0,0,0,0,0,0
4687,C3D8,0.327085,0,0,0,0,0,0,0,0,0,0,0,0
4688,C3D8,0.327085,0,0,0,0,0,0,0,0,0,0,0,0
4689,C3D8,0.327086,0,0,0,0,0,0,0,0,0,0,0,0
4690,C3D8,0.327085,0,0,0,0,0,0,0,0,0,0,0,0
4691,C3D8,0.327085,0,0,0,0,0,0,0,0,0,0,0,0
4692,C3D8,0.327085,0,0,0,0,0,0,0,0,0,0,0,0
4693,C3D8,0.327086,0,0,0,0,0,0,0,0,0,0,0,0
4694,C3D8,0.327085,0,0,0,0,0,0,0,0,0,0,0,0
4695,C3D8,0.327085,0,0,0,0,0,0,0,0,0,0,0,0
4696,C3D8,0.327085,0,0,0,0,0,0,0,0,0,0,0,0
4697,C3D8,0.327086,0,0,0,0,0,0,0,0,0,0,0,0
4698,C3D8,0.327085,0,0,0,0,0,0,0,0,0,0,0,0
4699,C3D8,0.327085,0,0,0,0,0,0,0,0,0,0,0,0
4700,C3D8,0.327086,0,0,0,0,0,0,0,0,0,0,0,0
4701,C3D8,0.327085,0,0,0,0,0,0,0,0,0,0,0,0
4702,C3D8,0.327085,0,0,0,0,0,0,0,0,0,0,0,0
4703,C3D8,0.327085,0,0,0,0,0,0,0,0,0,0,0,0
4704,C3D8,0.327086,0,0,0,0,0,0,0,0,0,0,0,0
4705,C3D8,0.327085,0,0,0,0,0,0,0,0,0,0,0,0
4706,C3D8,0.327085,0,0,0,0,0,0,0,0,0,0,0,0
4707,C3D8,0.327085,0,0,0,0,0,0,0,0,0,0,0,0
4708,C3D8,0.327086,0,0,0,0,0,0,0,0,0,0,0,0
4709,C3D8,0.327085,0,0,0,0,0,0,0,0,0,0,0,0
4710,C3D8,0.327085,0,0,0,0,0,0,0,0,0,0,0,0
4711,C3D8,0.327085,0,0,0,0,0,0,0,0,0,0,0,0
4712,C3D8,0.327086,0,0,0,0,0,0,0,0,0,0,0,0
4713,C3D8,0.327084,0,0,0,0,0,0,0,0,0,0,0,0
4714,C3D8,0.327088,0,0,0,0,0,0,0,0,0,0,0,0
4715,C3D8,0.327085,0,0,0,0,0,0,0,0,0,0,0,0
4716,C3D8,0.327085,0,0,0,0,0,0,0,0,0,0,0,0
4717,C3D8,0.327085,0,0,0,0,0,0,0,0,0,0,0,0
4718,C3D8,0.327085,0,0,0,0,0,0,0,0,0,0,0,0
4719,C3D8,0.327085,0,0,0,0,0,0,0,0,0,0,0,0
4720,C3D8,0.327085,0,0,0,0,0,0,0,0,0,0,0,0
4721,C3D8,0.327085,0,0,0,0,0,0,0,0,0,0,0,0
4722,C3D8,0.327085,0,0,0,0,0,0,0,0,0,0,0,0
4723,C3D8,0.327085,0,0,0,0,0,0,0,0,0,0,0,0
4724,C3D8,0.327085,0,0,0,0,0,0,0,0,0,0,0,0
4725,C3D8,0.327085,0,0,0,0,0,0,0,0,0,0,0,0
4726,C3D8,0.327085,0,0,0,0,0,0,0,0,0,0,0,0
4727,C3D8,0.327085,0,0,0,0,0,0,0,0,0,0,0,0
4728,C3D8,0.327085,0,0,0,0,0,0,0,0,0,0,0,0
4729,C3D8,0.327085,0,0,0,0,0,0,0,0,0,0,0,0
4730,C3D8,0.327085,0,0,0,0,0,0,0,0,0,0,0,0
4731,C3D8,0.327085,0,0,0,0,0,0,0,0,0,0,0,0
4732,C3D8,0.327085,0,0,0,0,0,0,0,0,0,0,0,0
4733,C3D8,0.327085,0,0,0,0,0,0,0,0,0,0,0,0
4734,C3D8,0.327085,0,0,0,0,0,0,0,0,0,0,0,0
4735,C3D8,0.327086,0,0,0,0,0,0,0,0,0,0,0,0
4736,C3D8,0.327085,0,0,0,0,0,0,0,0,0,0,0,0
4737,C3D8,0.327085,0,0,0,0,0,0,0,0,0,0,0,0
4738,C3D8,0.327086,0,0,0,0,0,0,0,0,0,0,0,0
4739,C3D8,0.327085,0,0,0,0,0,0,0,0,0,0,0,0
4740,C3D8,0.327085,0,0,0,0,0,0,0,0,0,0,0,0
4741,C3D8,0.327085,0,0,0,0,0,0,0,0,0,0,0,0
4742,C3D8,0.327086,0,0,0,0,0,0,0,0,0,0,0,0
4743,C3D8,0.327085,0,0,0,0,0,0,0,0,0,0,0,0
4744,C3D8,0.327085,0,0,0,0,0,0,0,0,0,0,0,0
4745,C3D8,0.327085,0,0,0,0,0,0,0,0,0,0,0,0
4746,C3D8,0.327086,0,0,0,0,0,0,0,0,0,0,0,0
4747,C3D8,0.327085,0,0,0,0,0,0,0,0,0,0,0,0
4748,C3D8,0.327085,0,0,0,0,0,0,0,0,0,0,0,0
4749,C3D8,0.327085,0,0,0,0,0,0,0,0,0,0,0,0
4750,C3D8,0.327086,0,0,0,0,0,0,0,0,0,0,0,0
4751,C3D8,0.327085,0,0,0,0,0,0,0,0,0,0,0,0
4752,C3D8,0.327085,0,0,0,0,0,0,0,0,0,0,0,0
4753,C3D8,0.327086,0,0,0,0,0,0,0,0,0,0,0,0
4754,C3D8,0.327085,0,0,0,0,0,0,0,0,0,0,0,0
4755,C3D8,0.327085,0,0,0,0,0,0,0,0,0,0,0,0
4756,C3D8,0.327085,0,0,0,0,0,0,0,0,0,0,0,0
4757,C3D8,0.327086,0,0,0,0,0,0,0,0,0,0,0,0
4758,C3D8,0.327085,0,0,0,0,0,0,0,0,0,0,0,0
4759,C3D8,0.327085,0,0,0,0,0,0,0,0,0,0,0,0
4760,C3D8,0.327085,0,0,0,0,0,0,0,0,0,0,0,0
4761,C3D8,0.327086,0,0,0,0,0,0,0,0,0,0,0,0
4762,C3D8,0.327085,0,0,0,0,0,0,0,0,0,0,0,0
4763,C3D8,0.327085,0,0,0,0,0,0,0,0,0,0,0,0
4764,C3D8,0.327085,0,0,0,0,0,0,0,0,0,0,0,0
4765,C3D8,0.327086,0,0,0,0,0,0,0,0,0,0,0,0
4766,C3D8,0.327084,0,0,0,0,0,0,0,0,0,0,0,0
4767,C3D8,0.327087,0,0,0,0,0,0,0,0,0,0,0,0
4768,C3D8,0.327085,0,0,0,0,0,0,0,0,0,0,0,0
4769,C3D8,0.327085,0,0,0,0,0,0,0,0,0,0,0,0
4770,C3D8,0.327085,0,0,0,0,0,0,0,0,0,0,0,0
4771,C3D8,0.327086,0,0,0,0,0,0,0,0,0,0,0,0
4772,C3D8,0.327085,0,0,0,0,0,0,0,0,0,0,0,0
4773,C3D8,0.327086,0,0,0,0,0,0,0,0,0,0,0,0
4774,C3D8,0.327085,0,0,0,0,0,0,0,0,0,0,0,0
4775,C3D8,0.327086,0,0,0,0,0,0,0,0,0,0,0,0
4776,C3D8,0.327085,0,0,0,0,0,0,0,0,0,0,0,0
4777,C3D8,0.327086,0,0,0,0,0,0,0,0,0,0,0,0
4778,C3D8,0.327085,0,0,0,0,0,0,0,0,0,0,0,0
4779,C3D8,0.327086,0,0,0,0,0,0,0,0,0,0,0,0
4780,C3D8,0.327085,0,0,0,0,0,0,0,0,0,0,0,0
4781,C3D8,0.327086,0,0,0,0,0,0,0,0,0,0,0,0
4782,C3D8,0.327085,0,0,0,0,0,0,0,0,0,0,0,0
4783,C3D8,0.327086,0,0,0,0,0,0,0,0,0,0,0,0
4784,C3D8,0.327085,0,0,0,0,0,0,0,0,0,0,0,0
4785,C3D8,0.327086,0,0,0,0,0,0,0,0,0,0,0,0
4786,C3D8,0.327085,0,0,0,0,0,0,0,0,0,0,0,0
4787,C3D8,0.327085,0,0,0,0,0,0,0,0,0,0,0,0
4788,C3D8,0.327086,0,0,0,0,0,0,0,0,0,0,0,0
4789,C3D8,0.327085,0,0,0,0,0,0,0,0,0,0,0,0
4790,C3D8,0.327085,0,0,0,0,0,0,0,0,0,0,0,0
4791,C3D8,0.327086,0,0,0,0,0,0,0,0,0,0,0,0
4792,C3D8,0.327085,0,0,0,0,0,0,0,0,0,0,0,0
4793,C3D8,0.327085,0,0,0,0,0,0,0,0,0,0,0,0
4794,C3D8,0.327085,0,0,0,0,0,0,0,0,0,0,0,0
4795,C3D8,0.327086,0,0,0,0,0,0,0,0,0,0,0,0
4796,C3D8,0.327085,0,0,0,0,0,0,0,0,0,0,0,0
4797,C3D8,0.327085,0,0,0,0,0,0,0,0,0,0,0,0
4798,C3D8,0.327085,0,0,0,0,0,0,0,0,0,0,0,0
4799,C3D8,0.327086,0,0,0,0,0,0,0,0,0,0,0,0
4800,C3D8,0.327085,0,0,0,0,0,0,0,0,0,0,0,0
4801,C3D8,0.327085,0,0,0,0,0,0,0,0,0,0,0,0
4802,C3D8,0.327085,0,0,0,0,0,0,0,0,0,0,0,0
4803,C3D8,0.327086,0,0,0,0,0,0,0,0,0,0,0,0
4804,C3D8,0.327085,0,0,0,0,0,0,0,0,0,0,0,0
4805,C3D8,0.327085,0,0,0,0,0,0,0,0,0,0,0,0
4806,C3D8,0.327086,0,0,0,0,0,0,0,0,0,0,0,0
4807,C3D8,0.327085,0,0,0,0,0,0,0,0,0,0,0,0
4808,C3D8,0.327085,0,0,0,0,0,0,0,0,0,0,0,0
4809,C3D8,0.327085,0,0,0,0,0,0,0,0,0,0,0,0
4810,C3D8,0.327086,0,0,0,0,0,0,0,0,0,0,0,0
4811,C3D8,0.327085,0,0,0,0,0,0,0,0,0,0,0,0
4812,C3D8,0.327085,0,0,0,0,0,0,0,0,0,0,0,0
4813,C3D8,0.327085,0,0,0,0,0,0,0,0,0,0,0,0
4814,C3D8,0.327086,0,0,0,0,0,0,0,0,0,0,0,0
4815,C3D8,0.327085,0,0,0,0,0,0,0,0,0,0,0,0
4816,C3D8,0.327085,0,0,0,0,0,0,0,0,0,0,0,0
4817,C3D8,0.327085,0,0,0,0,0,0,0,0,0,0,0,0
4818,C3D8,0.327086,0,0,0,0,0,0,0,0,0,0,0,0
4819,C3D8,0.327084,0,0,0,0,0,0,0,0,0,0,0,0
4820,C3D8,0.327088,0,0,0,0,0,0,0,0,0,0,0,0
4821,C3D8,0.327085,0,0,0,0,0,0,0,0,0,0,0,0
4822,C3D8,0.327085,0,0,0,0,0,0,0,0,0,0,0,0
4823,C3D8,0.327085,0,0,0,0,0,0,0,0,0,0,0,0
4824,C3D8,0.327085,0,0,0,0,0,0,0,0,0,0,0,0
4825,C3D8,0.327085,0,0,0,0,0,0,0,0,0,0,0,0
4826,C3D8,0.327085,0,0,0,0,0,0,0,0,0,0,0,0
4827,C3D8,0.327085,0,0,0,0,0,0,0,0,0,0,0,0
4828,C3D8,0.327085,0,0,0,0,0,0,0,0,0,0,0,0
4829,C3D8,0.327085,0,0,0,0,0,0,0,0,0,0,0,0
4830,C3D8,0.327085,0,0,0,0,0,0,0,0,0,0,0,0
4831,C3D8,0.327085,0,0,0,0,0,0,0,0,0,0,0,0
4832,C3D8,0.327085,0,0,0,0,0,0,0,0,0,0,0,0
4833,C3D8,0.327085,0,0,0,0,0,0,0,0,0,0,0,0
4834,C3D8,0.327085,0,0,0,0,0,0,0,0,0,0,0,0
4835,C3D8,0.327085,0,0,0,0,0,0,0,0,0,0,0,0
4836,C3D8,0.327085,0,0,0,0,0,0,0,0,0,0,0,0
4837,C3D8,0.327085,0,0,0,0,0,0,0,0,0,0,0,0
4838,C3D8,0.327085,0,0,0,0,0,0,0,0,0,0,0,0
4839,C3D8,0.327085,0,0,0,0,0,0,0,0,0,0,0,0
4840,C3D8,0.327085,0,0,0,0,0,0,0,0,0,0,0,0
4841,C3D8,0.327086,0,0,0,0,0,0,0,0,0,0,0,0
4842,C3D8,0.327085,0,0,0,0,0,0,0,0,0,0,0,0
4843,C3D8,0.327085,0,0,0,0,0,0,0,0,0,0,0,0
4844,C3D8,0.327086,0,0,0,0,0,0,0,0,0,0,0,0
4845,C3D8,0.327085,0,0,0,0,0,0,0,0,0,0,0,0
4846,C3D8,0.327085,0,0,0,0,0,0,0,0,0,0,0,0
4847,C3D8,0.327085,0,0,0,0,0,0,0,0,0,0,0,0
4848,C3D8,0.327086,0,0,0,0,0,0,0,0,0,0,0,0
4849,C3D8,0.327085,0,0,0,0,0,0,0,0,0,0,0,0
4850,C3D8,0.327085,0,0,0,0,0,0,0,0,0,0,0,0
4851,C3D8,0.327085,0,0,0,0,0,0,0,0,0,0,0,0
4852,C3D8,0.327086,0,0,0,0,0,0,0,0,0,0,0,0
4853,C3D8,0.327085,0,0,0,0,0,0,0,0,0,0,0,0
4854,C3D8,0.327085,0,0,0,0,0,0,0,0,0,0,0,0
4855,C3D8,0.327085,0,0,0,0,0,0,0,0,0,0,0,0
4856,C3D8,0.327086,0,0,0,0,0,0,0,0,0,0,0,0
4857,C3D8,0.327085,0,0,0,0,0,0,0,0,0,0,0,0
4858,C3D8,0.327085,0,0,0,0,0,0,0,0,0,0,0,0
4859,C3D8,0.327086,0,0,0,0,0,0,0,0,0,0,0,0
4860,C3D8,0.327085,0,0,0,0,0,0,0,0,0,0,0,0
4861,C3D8,0.327085,0,0,0,0,0,0,0,0,0,0,0,0
4862,C3D8,0.327085,0,0,0,0,0,0,0,0,0,0,0,0
4863,C3D8,0.327086,0,0,0,0,0,0,0,0,0,0,0,0
4864,C3D8,0.327085,0,0,0,0,0,0,0,0,0,0,0,0
4865,C3D8,0.327085,0,0,0,0,0,0,0,0,0,0,0,0
4866,C3D8,0.327085,0,0,0,0,0,0,0,0,0,0,0,0
4867,C3D8,0.327086,0,0,0,0,0,0,0,0,0,0,0,0
4868,C3D8,0.327085,0,0,0,0,0,0,0,0,0,0,0,0
4869,C3D8,0.327085,0,0,0,0,0,0,0,0,0,0,0,0
4870,C3D8,0.327085,0,0,0,0,0,0,0,0,0,0,0,0
4871,C3D8,0.327086,0,0,0,0,0,0,0,0,0,0,0,0
4872,C3D8,0.327084,0,0,0,0,0,0,0,0,0,0,0,0
4873,C3D8,0.327087,0,0,0,0,0,0,0,0,0,0,0,0
4874,C3D8,0.327085,0,0,0,0,0,0,0,0,0,0,0,0
4875,C3D8,0.327085,0,0,0,0,0,0,0,0,0,0,0,0
4876,C3D8,0.327085,0,0,0,0,0,0,0,0,0,0,0,0
4877,C3D8,0.327086,0,0,0,0,0,0,0,0,0,0,0,0
4878,C3D8,0.327086,0,0,0,0,0,0,0,0,0,0,0,0
4879,C3D8,0.327086,0,0,0,0,0,0,0,0,0,0,0,0
4880,C3D8,0.327085,0,0,0,0,0,0,0,0,0,0,0,0
4881,C3D8,0.327086,0,0,0,0,0,0,0,0,0,0,0,0
4882,C3D8,0.327086,0,0,0,0,0,0,0,0,0,0,0,0
4883,C3D8,0.327086,0,0,0,0,0,0,0,0,0,0,0,0
4884,C3D8,0.327086,0,0,0,0,0,0,0,0,0,0,0,0
4885,C3D8,0.327086,0,0,0,0,0,0,0,0,0,0,0,0
4886,C3D8,0.327086,0,0,0,0,0,0,0,0,0,0,0,0
4887,C3D8,0.327086,0,0,0,0,0,0,0,0,0,0,0,0
4888,C3D8,0.327085,0,0,0,0,0,0,0,0,0,0,0,0
4889,C3D8,0.327086,0,0,0,0,0,0,0,0,0,0,0,0
4890,C3D8,0.327086,0,0,0,0,0,0,0,0,0,0,0,0
4891,C3D8,0.327086,0,0,0,0,0,0,0,0,0,0,0,0
4892,C3D8,0.327086,0,0,0,0,0,0,0,0,0,0,0,0
4893,C3D8,0.327086,0,0,0,0,0,0,0,0,0,0,0,0
4894,C3D8,0.327087,0,0,0,0,0,0,0,0,0,0,0,0
4895,C3D8,0.327085,0,0,0,0,0,0,0,0,0,0,0,0
4896,C3D8,0.327086,0,0,0,0,0,0,0,0,0,0,0,0
4897,C3D8,0.327087,0,0,0,0,0,0,0,0,0,0,0,0
4898,C3D8,0.327086,0,0,0,0,0,0,0,0,0,0,0,0
4899,C3D8,0.327086,0,0,0,0,0,0,0,0,0,0,0,0
4900,C3D8,0.327086,0,0,0,0,0,0,0,0,0,0,0,0
4901,C3D8,0.327087,0,0,0,0,0,0,0,0,0,0,0,0
4902,C3D8,0.327086,0,0,0,0,0,0,0,0,0,0,0,0
4903,C3D8,0.327085,0,0,0,0,0,0,0,0,0,0,0,0
4904,C3D8,0.327086,0,0,0,0,0,0,0,0,0,0,0,0
4905,C3D8,0.327087,0,0,0,0,0,0,0,0,0,0,0,0
4906,C3D8,0.327086,0,0,0,0,0,0,0,0,0,0,0,0
4907,C3D8,0.327086,0,0,0,0,0,0,0,0,0,0,0,0
4908,C3D8,0.327086,0,0,0,0,0,0,0,0,0,0,0,0
4909,C3D8,0.327087,0,0,0,0,0,0,0,0,0,0,0,0
4910,C3D8,0.327086,0,0,0,0,0,0,0,0,0,0,0,0
4911,C3D8,0.327085,0,0,0,0,0,0,0,0,0,0,0,0
4912,C3D8,0.327087,0,0,0,0,0,0,0,0,0,0,0,0
4913,C3D8,0.327086,0,0,0,0,0,0,0,0,0,0,0,0
4914,C3D8,0.327086,0,0,0,0,0,0,0,0,0,0,0,0
4915,C3D8,0.327086,0,0,0,0,0,0,0,0,0,0,0,0
4916,C3D8,0.327087,0,0,0,0,0,0,0,0,0,0,0,0
4917,C3D8,0.327086,0,0,0,0,0,0,0,0,0,0,0,0
4918,C3D8,0.327085,0,0,0,0,0,0,0,0,0,0,0,0
4919,C3D8,0.327086,0,0,0,0,0,0,0,0,0,0,0,0
4920,C3D8,0.327087,0,0,0,0,0,0,0,0,0,0,0,0
4921,C3D8,0.327086,0,0,0,0,0,0,0,0,0,0,0,0
4922,C3D8,0.327086,0,0,0,0,0,0,0,0,0,0,0,0
4923,C3D8,0.327086,0,0,0,0,0,0,0,0,0,0,0,0
4924,C3D8,0.327087,0,0,0,0,0,0,0,0,0,0,0,0
4925,C3D8,0.327084,0,0,0,0,0,0,0,0,0,0,0,0
4926,C3D8,0.327088,0,0,0,0,0,0,0,0,0,0,0,0
4927,C3D8,0.327085,0,0,0,0,0,0,0,0,0,0,0,0
4928,C3D8,0.327086,0,0,0,0,0,0,0,0,0,0,0,0
4929,C3D8,0.327086,0,0,0,0,0,0,0,0,0,0,0,0
4930,C3D8,0.327085,0,0,0,0,0,0,0,0,0,0,0,0
4931,C3D8,0.327085,0,0,0,0,0,0,0,0,0,0,0,0
4932,C3D8,0.327085,0,0,0,0,0,0,0,0,0,0,0,0
4933,C3D8,0.327085,0,0,0,0,0,0,0,0,0,0,0,0
4934,C3D8,0.327085,0,0,0,0,0,0,0,0,0,0,0,0
4935,C3D8,0.327085,0,0,0,0,0,0,0,0,0,0,0,0
4936,C3D8,0.327085,0,0,0,0,0,0,0,0,0,0,0,0
4937,C3D8,0.327085,0,0,0,0,0,0,0,0,0,0,0,0
4938,C3D8,0.327085,0,0,0,0,0,0,0,0,0,0,0,0
4939,C3D8,0.327085,0,0,0,0,0,0,0,0,0,0,0,0
4940,C3D8,0.327085,0,0,0,0,0,0,0,0,0,0,0,0
4941,C3D8,0.327085,0,0,0,0,0,0,0,0,0,0,0,0
4942,C3D8,0.327085,0,0,0,0,0,0,0,0,0,0,0,0
4943,C3D8,0.327085,0,0,0,0,0,0,0,0,0,0,0,0
4944,C3D8,0.327085,0,0,0,0,0,0,0,0,0,0,0,0
4945,C3D8,0.327085,0,0,0,0,0,0,0,0,0,0,0,0
4946,C3D8,0.327085,0,0,0,0,0,0,0,0,0,0,0,0
4947,C3D8,0.327086,0,0,0,0,0,0,0,0,0,0,0,0
4948,C3D8,0.327085,0,0,0,0,0,0,0,0,0,0,0,0
4949,C3D8,0.327085,0,0,0,0,0,0,0,0,0,0,0,0
4950,C3D8,0.327086,0,0,0,0,0,0,0,0,0,0,0,0
4951,C3D8,0.327085,0,0,0,0,0,0,0,0,0,0,0,0
4952,C3D8,0.327085,0,0,0,0,0,0,0,0,0,0,0,0
4953,C3D8,0.327085,0,0,0,0,0,0,0,0,0,0,0,0
4954,C3D8,0.327086,0,0,0,0,0,0,0,0,0,0,0,0
4955,C3D8,0.327085,0,0,0,0,0,0,0,0,0,0,0,0
4956,C3D8,0.327085,0,0,0,0,0,0,0,0,0,0,0,0
4957,C3D8,0.327085,0,0,0,0,0,0,0,0,0,0,0,0
4958,C3D8,0.327086,0,0,0,0,0,0,0,0,0,0,0,0
4959,C3D8,0.327085,0,0,0,0,0,0,0,0,0,0,0,0
4960,C3D8,0.327085,0,0,0,0,0,0,0,0,0,0,0,0
4961,C3D8,0.327085,0,0,0,0,0,0,0,0,0,0,0,0
4962,C3D8,0.327086,0,0,0,0,0,0,0,0,0,0,0,0
4963,C3D8,0.327085,0,0,0,0,0,0,0,0,0,0,0,0
4964,C3D8,0.327085,0,0,0,0,0,0,0,0,0,0,0,0
4965,C3D8,0.327086,0,0,0,0,0,0,0,0,0,0,0,0
4966,C3D8,0.327085,0,0,0,0,0,0,0,0,0,0,0,0
4967,C3D8,0.327085,0,0,0,0,0,0,0,0,0,0,0,0
4968,C3D8,0.327085,0,0,0,0,0,0,0,0,0,0,0,0
4969,C3D8,0.327086,0,0,0,0,0,0,0,0,0,0,0,0
4970,C3D8,0.327085,0,0,0,0,0,0,0,0,0,0,0,0
4971,C3D8,0.327085,0,0,0,0,0,0,0,0,0,0,0,0
4972,C3D8,0.327085,0,0,0,0,0,0,0,0,0,0,0,0
4973,C3D8,0.327086,0,0,0,0,0,0,0,0,0,0,0,0
4974,C3D8,0.327085,0,0,0,0,0,0,0,0,0,0,0,0
4975,C3D8,0.327085,0,0,0,0,0,0,0,0,0,0,0,0
4976,C3D8,0.327085,0,0,0,0,0,0,0,0,0,0,0,0
4977,C3D8,0.327086,0,0,0,0,0,0,0,0,0,0,0,0
4978,C3D8,0.327084,0,0,0,0,0,0,0,0,0,0,0,0
4979,C3D8,0.327087,0,0,0,0,0,0,0,0,0,0,0,0
4980,C3D8,0.327085,0,0,0,0,0,0,0,0,0,0,0,0
4981,C3D8,0.327085,0,0,0,0,0,0,0,0,0,0,0,0
4982,C3D8,0.327085,0,0,0,0,0,0,0,0,0,0,0,0
4983,C3D8,0.327085,0,0,0,0,0,0,0,0,0,0,0,0
4984,C3D8,0.327085,0,0,0,0,0,0,0,0,0,0,0,0
4985,C3D8,0.327085,0,0,0,0,0,0,0,0,0,0,0,0
4986,C3D8,0.327085,0,0,0,0,0,0,0,0,0,0,0,0
4987,C3D8,0.327085,0,0,0,0,0,0,0,0,0,0,0,0
4988,C3D8,0.327085,0,0,0,0,0,0,0,0,0,0,0,0
4989,C3D8,0.327085,0,0,0,0,0,0,0,0,0,0,0,0
4990,C3D8,0.327085,0,0,0,0,0,0,0,0,0,0,0,0
4991,C3D8,0.327085,0,0,0,0,0,0,0,0,0,0,0,0
4992,C3D8,0.327085,0,0,0,0,0,0,0,0,0,0,0,0
4993,C3D8,0.327085,0,0,0,0,0,0,0,0,0,0,0,0
4994,C3D8,0.327085,0,0,0,0,0,0,0,0,0,0,0,0
4995,C3D8,0.327085,0,0,0,0,0,0,0,0,0,0,0,0
4996,C3D8,0.327085,0,0,0,0,0,0,0,0,0,0,0,0
4997,C3D8,0.327085,0,0,0,0,0,0,0,0,0,0,0,0
4998,C3D8,0.327085,0,0,0,0,0,0,0,0,0,0,0,0
4999,C3D8,0.327085,0,0,0,0,0,0,0,0,0,0,0,0
5000,C3D8,0.327086,0,0,0,0,0,0,0,0,0,0,0,0
5001,C3D8,0.327085,0,0,0,0,0,0,0,0,0,0,0,0
5002,C3D8,0.327085,0,0,0,0,0,0,0,0,0,0,0,0
5003,C3D8,0.327086,0,0,0,0,0,0,0,0,0,0,0,0
5004,C3D8,0.327085,0,0,0,0,0,0,0,0,0,0,0,0
5005,C3D8,0.327085,0,0,0,0,0,0,0,0,0,0,0,0
5006,C3D8,0.327085,0,0,0,0,0,0,0,0,0,0,0,0
5007,C3D8,0.327086,0,0,0,0,0,0,0,0,0,0,0,0
5008,C3D8,0.327085,0,0,0,0,0,0,0,0,0,0,0,0
5009,C3D8,0.327085,0,0,0,0,0,0,0,0,0,0,0,0
5010,C3D8,0.327085,0,0,0,0,0,0,0,0,0,0,0,0
5011,C3D8,0.327086,0,0,0,0,0,0,0,0,0,0,0,0
5012,C3D8,0.327085,0,0,0,0,0,0,0,0,0,0,0,0
5013,C3D8,0.327085,0,0,0,0,0,0,0,0,0,0,0,0
5014,C3D8,0.327085,0,0,0,0,0,0,0,0,0,0,0,0
5015,C3D8,0.327086,0,0,0,0,0,0,0,0,0,0,0,0
5016,C3D8,0.327085,0,0,0,0,0,0,0,0,0,0,0,0
5017,C3D8,0.327085,0,0,0,0,0,0,0,0,0,0,0,0
5018,C3D8,0.327086,0,0,0,0,0,0,0,0,0,0,0,0
5019,C3D8,0.327085,0,0,0,0,0,0,0,0,0,0,0,0
5020,C3D8,0.327085,0,0,0,0,0,0,0,0,0,0,0,0
5021,C3D8,0.327085,0,0,0,0,0,0,0,0,0,0,0,0
5022,C3D8,0.327086,0,0,0,0,0,0,0,0,0,0,0,0
5023,C3D8,0.327085,0,0,0,0,0,0,0,0,0,0,0,0
5024,C3D8,0.327085,0,0,0,0,0,0,0,0,0,0,0,0
5025,C3D8,0.327085,0,0,0,0,0,0,0,0,0,0,0,0
5026,C3D8,0.327086,0,0,0,0,0,0,0,0,0,0,0,0
5027,C3D8,0.327085,0,0,0,0,0,0,0,0,0,0,0,0
5028,C3D8,0.327085,0,0,0,0,0,0,0,0,0,0,0,0
5029,C3D8,0.327085,0,0,0,0,0,0,0,0,0,0,0,0
5030,C3D8,0.327086,0,0,0,0,0,0,0,0,0,0,0,0
5031,C3D8,0.327084,0,0,0,0,0,0,0,0,0,0,0,0
5032,C3D8,0.327087,0,0,0,0,0,0,0,0,0,0,0,0
5033,C3D8,0.327085,0,0,0,0,0,0,0,0,0,0,0,0
5034,C3D8,0.327085,0,0,0,0,0,0,0,0,0,0,0,0
5035,C3D8,0.327085,0,0,0,0,0,0,0,0,0,0,0,0
5036,C3D8,0.327086,0,0,0,0,0,0,0,0,0,0,0,0
5037,C3D8,0.327085,0,0,0,0,0,0,0,0,0,0,0,0
5038,C3D8,0.327086,0,0,0,0,0,0,0,0,0,0,0,0
5039,C3D8,0.327085,0,0,0,0,0,0,0,0,0,0,0,0
5040,C3D8,0.327086,0,0,0,0,0,0,0,0,0,0,0,0
5041,C3D8,0.327085,0,0,0,0,0,0,0,0,0,0,0,0
5042,C3D8,0.327086,0,0,0,0,0,0,0,0,0,0,0,0
5043,C3D8,0.327085,0,0,0,0,0,0,0,0,0,0,0,0
5044,C3D8,0.327086,0,0,0,0,0,0,0,0,0,0,0,0
5045,C3D8,0.327085,0,0,0,0,0,0,0,0,0,0,0,0
5046,C3D8,0.327086,0,0,0,0,0,0,0,0,0,0,0,0
5047,C3D8,0.327085,0,0,0,0,0,0,0,0,0,0,0,0
5048,C3D8,0.327086,0,0,0,0,0,0,0,0,0,0,0,0
5049,C3D8,0.327085,0,0,0,0,0,0,0,0,0,0,0,0
5050,C3D8,0.327086,0,0,0,0,0,0,0,0,0,0,0,0
5051,C3D8,0.327085,0,0,0,0,0,0,0,0,0,0,0,0
5052,C3D8,0.327085,0,0,0,0,0,0,0,0,0,0,0,0
5053,C3D8,0.327086,0,0,0,0,0,0,0,0,0,0,0,0
5054,C3D8,0.327085,0,0,0,0,0,0,0,0,0,0,0,0
5055,C3D8,0.327085,0,0,0,0,0,0,0,0,0,0,0,0
5056,C3D8,0.327086,0,0,0,0,0,0,0,0,0,0,0,0
5057,C3D8,0.327085,0,0,0,0,0,0,0,0,0,0,0,0
5058,C3D8,0.327085,0,0,0,0,0,0,0,0,0,0,0,0
5059,C3D8,0.327085,0,0,0,0,0,0,0,0,0,0,0,0
5060,C3D8,0.327086,0,0,0,0,0,0,0,0,0,0,0,0
5061,C3D8,0.327085,0,0,0,0,0,0,0,0,0,0,0,0
5062,C3D8,0.327085,0,0,0,0,0,0,0,0,0,0,0,0
5063,C3D8,0.327085,0,0,0,0,0,0,0,0,0,0,0,0
5064,C3D8,0.327086,0,0,0,0,0,0,0,0,0,0,0,0
5065,C3D8,0.327085,0,0,0,0,0,0,0,0,0,0,0,0
5066,C3D8,0.327085,0,0,0,0,0,0,0,0,0,0,0,0
5067,C3D8,0.327085,0,0,0,0,0,0,0,0,0,0,0,0
5068,C3D8,0.327086,0,0,0,0,0,0,0,0,0,0,0,0
5069,C3D8,0.327085,0,0,0,0,0,0,0,0,0,0,0,0
5070,C3D8,0.327085,0,0,0,0,0,0,0,0,0,0,0,0
5071,C3D8,0.327086,0,0,0,0,0,0,0,0,0,0,0,0
5072,C3D8,0.327085,0,0,0,0,0,0,0,0,0,0,0,0
5073,C3D8,0.327085,0,0,0,0,0,0,0,0,0,0,0,0
5074,C3D8,0.327085,0,0,0,0,0,0,0,0,0,0,0,0
5075,C3D8,0.327086,0,0,0,0,0,0,0,0,0,0,0,0
5076,C3D8,0.327085,0,0,0,0,0,0,0,0,0,0,0,0
5077,C3D8,0.327085,0,0,0,0,0,0,0,0,0,0,0,0
5078,C3D8,0.327085,0,0,0,0,0,0,0,0,0,0,0,0
5079,C3D8,0.327086,0,0,0,0,0,0,0,0,0,0,0,0
5080,C3D8,0.327085,0,0,0,0,0,0,0,0,0,0,0,0
5081,C3D8,0.327085,0,0,0,0,0,0,0,0,0,0,0,0
5082,C3D8,0.327085,0,0,0,0,0,0,0,0,0,0,0,0
5083,C3D8,0.327086,0,0,0,0,0,0,0,0,0,0,0,0
5084,C3D8,0.327084,0,0,0,0,0,0,0,0,0,0,0,0
5085,C3D8,0.327088,0,0,0,0,0,0,0,0,0,0,0,0
5086,C3D8,0.327085,0,0,0,0,0,0,0,0,0,0,0,0
5087,C3D8,0.327085,0,0,0,0,0,0,0,0,0,0,0,0
5088,C3D8,0.327085,0,0,0,0,0,0,0,0,0,0,0,0
5089,C3D8,0.327086,0,0,0,0,0,0,0,0,0,0,0,0
5090,C3D8,0.327085,0,0,0,0,0,0,0,0,0,0,0,0
5091,C3D8,0.327086,0,0,0,0,0,0,0,0,0,0,0,0
5092,C3D8,0.327085,0,0,0,0,0,0,0,0,0,0,0,0
5093,C3D8,0.327086,0,0,0,0,0,0,0,0,0,0,0,0
5094,C3D8,0.327085,0,0,0,0,0,0,0,0,0,0,0,0
5095,C3D8,0.327086,0,0,0,0,0,0,0,0,0,0,0,0
5096,C3D8,0.327085,0,0,0,0,0,0,0,0,0,0,0,0
5097,C3D8,0.327086,0,0,0,0,0,0,0,0,0,0,0,0
5098,C3D8,0.327085,0,0,0,0,0,0,0,0,0,0,0,0
5099,C3D8,0.327086,0,0,0,0,0,0,0,0,0,0,0,0
5100,C3D8,0.327085,0,0,0,0,0,0,0,0,0,0,0,0
5101,C3D8,0.327086,0,0,0,0,0,0,0,0,0,0,0,0
5102,C3D8,0.327085,0,0,0,0,0,0,0,0,0,0,0,0
5103,C3D8,0.327086,0,0,0,0,0,0,0,0,0,0,0,0
5104,C3D8,0.327085,0,0,0,0,0,0,0,0,0,0,0,0
5105,C3D8,0.327085,0,0,0,0,0,0,0,0,0,0,0,0
5106,C3D8,0.327086,0,0,0,0,0,0,0,0,0,0,0,0
5107,C3D8,0.327085,0,0,0,0,0,0,0,0,0,0,0,0
5108,C3D8,0.327085,0,0,0,0,0,0,0,0,0,0,0,0
5109,C3D8,0.327086,0,0,0,0,0,0,0,0,0,0,0,0
5110,C3D8,0.327085,0,0,0,0,0,0,0,0,0,0,0,0
5111,C3D8,0.327085,0,0,0,0,0,0,0,0,0,0,0,0
5112,C3D8,0.327085,0,0,0,0,0,0,0,0,0,0,0,0
5113,C3D8,0.327086,0,0,0,0,0,0,0,0,0,0,0,0
5114,C3D8,0.327085,0,0,0,0,0,0,0,0,0,0,0,0
5115,C3D8,0.327085,0,0,0,0,0,0,0,0,0,0,0,0
5116,C3D8,0.327085,0,0,0,0,0,0,0,0,0,0,0,0
5117,C3D8,0.327086,0,0,0,0,0,0,0,0,0,0,0,0
5118,C3D8,0.327085,0,0,0,0,0,0,0,0,0,0,0,0
5119,C3D8,0.327085,0,0,0,0,0,0,0,0,0,0,0,0
5120,C3D8,0.327085,0,0,0,0,0,0,0,0,0,0,0,0
5121,C3D8,0.327086,0,0,0,0,0,0,0,0,0,0,0,0
5122,C3D8,0.327085,0,0,0,0,0,0,0,0,0,0,0,0
5123,C3D8,0.327085,0,0,0,0,0,0,0,0,0,0,0,0
5124,C3D8,0.327086,0,0,0,0,0,0,0,0,0,0,0,0
5125,C3D8,0.327085,0,0,0,0,0,0,0,0,0,0,0,0
5126,C3D8,0.327085,0,0,0,0,0,0,0,0,0,0,0,0
5127,C3D8,0.327085,0,0,0,0,0,0,0,0,0,0,0,0
5128,C3D8,0.327086,0,0,0,0,0,0,0,0,0,0,0,0
5129,C3D8,0.327085,0,0,0,0,0,0,0,0,0,0,0,0
5130,C3D8,0.327085,0,0,0,0,0,0,0,0,0,0,0,0
5131,C3D8,0.327085,0,0,0,0,0,0,0,0,0,0,0,0
5132,C3D8,0.327086,0,0,0,0,0,0,0,0,0,0,0,0
5133,C3D8,0.327085,0,0,0,0,0,0,0,0,0,0,0,0
5134,C3D8,0.327085,0,0,0,0,0,0,0,0,0,0,0,0
5135,C3D8,0.327085,0,0,0,0,0,0,0,0,0,0,0,0
5136,C3D8,0.327086,0,0,0,0,0,0,0,0,0,0,0,0
5137,C3D8,0.327084,0,0,0,0,0,0,0,0,0,0,0,0
5138,C3D8,0.327088,0,0,0,0,0,0,0,0,0,0,0,0
5139,C3D8,0.327085,0,0,0,0,0,0,0,0,0,0,0,0
5140,C3D8,0.327085,0,0,0,0,0,0,0,0,0,0,0,0
5141,C3D8,0.327085,0,0,0,0,0,0,0,0,0,0,0,0
5142,C3D8,0.327086,0,0,0,0,0,0,0,0,0,0,0,0
5143,C3D8,0.327085,0,0,0,0,0,0,0,0,0,0,0,0
5144,C3D8,0.327086,0,0,0,0,0,0,0,0,0,0,0,0
5145,C3D8,0.327085,0,0,0,0,0,0,0,0,0,0,0,0
5146,C3D8,0.327086,0,0,0,0,0,0,0,0,0,0,0,0
5147,C3D8,0.327085,0,0,0,0,0,0,0,0,0,0,0,0
5148,C3D8,0.327086,0,0,0,0,0,0,0,0,0,0,0,0
5149,C3D8,0.327085,0,0,0,0,0,0,0,0,0,0,0,0
5150,C3D8,0.327086,0,0,0,0,0,0,0,0,0,0,0,0
5151,C3D8,0.327085,0,0,0,0,0,0,0,0,0,0,0,0
5152,C3D8,0.327086,0,0,0,0,0,0,0,0,0,0,0,0
5153,C3D8,0.327085,0,0,0,0,0,0,0,0,0,0,0,0
5154,C3D8,0.327086,0,0,0,0,0,0,0,0,0,0,0,0
5155,C3D8,0.327085,0,0,0,0,0,0,0,0,0,0,0,0
5156,C3D8,0.327086,0,0,0,0,0,0,0,0,0,0,0,0
5157,C3D8,0.327085,0,0,0,0,0,0,0,0,0,0,0,0
5158,C3D8,0.327085,0,0,0,0,0,0,0,0,0,0,0,0
5159,C3D8,0.327086,0,0,0,0,0,0,0,0,0,0,0,0
5160,C3D8,0.327085,0,0,0,0,0,0,0,0,0,0,0,0
5161,C3D8,0.327085,0,0,0,0,0,0,0,0,0,0,0,0
5162,C3D8,0.327086,0,0,0,0,0,0,0,0,0,0,0,0
5163,C3D8,0.327085,0,0,0,0,0,0,0,0,0,0,0,0
5164,C3D8,0.327085,0,0,0,0,0,0,0,0,0,0,0,0
5165,C3D8,0.327085,0,0,0,0,0,0,0,0,0,0,0,0
5166,C3D8,0.327086,0,0,0,0,0,0,0,0,0,0,0,0
5167,C3D8,0.327085,0,0,0,0,0,0,0,0,0,0,0,0
5168,C3D8,0.327085,0,0,0,0,0,0,0,0,0,0,0,0
5169,C3D8,0.327085,0,0,0,0,0,0,0,0,0,0,0,0
5170,C3D8,0.327086,0,0,0,0,0,0,0,0,0,0,0,0
5171,C3D8,0.327085,0,0,0,0,0,0,0,0,0,0,0,0
5172,C3D8,0.327085,0,0,0,0,0,0,0,0,0,0,0,0
5173,C3D8,0.327085,0,0,0,0,0,0,0,0,0,0,0,0
5174,C3D8,0.327086,0,0,0,0,0,0,0,0,0,0,0,0
5175,C3D8,0.327085,0,0,0,0,0,0,0,0,0,0,0,0
5176,C3D8,0.327085,0,0,0,0,0,0,0,0,0,0,0,0
5177,C3D8,0.327086,0,0,0,0,0,0,0,0,0,0,0,0
5178,C3D8,0.327085,0,0,0,0,0,0,0,0,0,0,0,0
5179,C3D8,0.327085,0,0,0,0,0,0,0,0,0,0,0,0
5180,C3D8,0.327085,0,0,0,0,0,0,0,0,0,0,0,0
5181,C3D8,0.327086,0,0,0,0,0,0,0,0,0,0,0,0
5182,C3D8,0.327085,0,0,0,0,0,0,0,0,0,0,0,0
5183,C3D8,0.327085,0,0,0,0,0,0,0,0,0,0,0,0
5184,C3D8,0.327085,0,0,0,0,0,0,0,0,0,0,0,0
5185,C3D8,0.327086,0,0,0,0,0,0,0,0,0,0,0,0
5186,C3D8,0.327085,0,0,0,0,0,0,0,0,0,0,0,0
5187,C3D8,0.327085,0,0,0,0,0,0,0,0,0,0,0,0
5188,C3D8,0.327085,0,0,0,0,0,0,0,0,0,0,0,0
5189,C3D8,0.327086,0,0,0,0,0,0,0,0,0,0,0,0
5190,C3D8,0.327084,0,0,0,0,0,0,0,0,0,0,0,0
5191,C3D8,0.327088,0,0,0,0,0,0,0,0,0,0,0,0
5192,C3D8,0.327085,0,0,0,0,0,0,0,0,0,0,0,0
5193,C3D8,0.327085,0,0,0,0,0,0,0,0,0,0,0,0
5194,C3D8,0.327085,0,0,0,0,0,0,0,0,0,0,0,0
5195,C3D8,0.327086,0,0,0,0,0,0,0,0,0,0,0,0
5196,C3D8,0.327085,0,0,0,0,0,0,0,0,0,0,0,0
5197,C3D8,0.327086,0,0,0,0,0,0,0,0,0,0,0,0
5198,C3D8,0.327085,0,0,0,0,0,0,0,0,0,0,0,0
5199,C3D8,0.327086,0,0,0,0,0,0,0,0,0,0,0,0
5200,C3D8,0.327085,0,0,0,0,0,0,0,0,0,0,0,0
5201,C3D8,0.327086,0,0,0,0,0,0,0,0,0,0,0,0
5202,C3D8,0.327085,0,0,0,0,0,0,0,0,0,0,0,0
5203,C3D8,0.327086,0,0,0,0,0,0,0,0,0,0,0,0
5204,C3D8,0.327085,0,0,0,0,0,0,0,0,0,0,0,0
5205,C3D8,0.327086,0,0,0,0,0,0,0,0,0,0,0,0
5206,C3D8,0.327085,0,0,0,0,0,0,0,0,0,0,0,0
5207,C3D8,0.327086,0,0,0,0,0,0,0,0,0,0,0,0
5208,C3D8,0.327085,0,0,0,0,0,0,0,0,0,0,0,0
5209,C3D8,0.327086,0,0,0,0,0,0,0,0,0,0,0,0
5210,C3D8,0.327085,0,0,0,0,0,0,0,0,0,0,0,0
5211,C3D8,0.327085,0,0,0,0,0,0,0,0,0,0,0,0
5212,C3D8,0.327086,0,0,0,0,0,0,0,0,0,0,0,0
5213,C3D8,0.327085,0,0,0,0,0,0,0,0,0,0,0,0
5214,C3D8,0.327085,0,0,0,0,0,0,0,0,0,0,0,0
5215,C3D8,0.327086,0,0,0,0,0,0,0,0,0,0,0,0
5216,C3D8,0.327085,0,0,0,0,0,0,0,0,0,0,0,0
5217,C3D8,0.327085,0,0,0,0,0,0,0,0,0,0,0,0
5218,C3D8,0.327085,0,0,0,0,0,0,0,0,0,0,0,0
5219,C3D8,0.327086,0,0,0,0,0,0,0,0,0,0,0,0
5220,C3D8,0.327085,0,0,0,0,0,0,0,0,0,0,0,0
5221,C3D8,0.327085,0,0,0,0,0,0,0,0,0,0,0,0
5222,C3D8,0.327085,0,0,0,0,0,0,0,0,0,0,0,0
5223,C3D8,0.327086,0,0,0,0,0,0,0,0,0,0,0,0
5224,C3D8,0.327085,0,0,0,0,0,0,0,0,0,0,0,0
5225,C3D8,0.327085,0,0,0,0,0,0,0,0,0,0,0,0
5226,C3D8,0.327085,0,0,0,0,0,0,0,0,0,0,0,0
5227,C3D8,0.327086,0,0,0,0,0,0,0,0,0,0,0,0
5228,C3D8,0.327085,0,0,0,0,0,0,0,0,0,0,0,0
5229,C3D8,0.327085,0,0,0,0,0,0,0,0,0,0,0,0
5230,C3D8,0.327086,0,0,0,0,0,0,0,0,0,0,0,0
5231,C3D8,0.327085,0,0,0,0,0,0,0,0,0,0,0,0
5232,C3D8,0.327085,0,0,0,0,0,0,0,0,0,0,0,0
5233,C3D8,0.327085,0,0,0,0,0,0,0,0,0,0,0,0
5234,C3D8,0.327086,0,0,0,0,0,0,0,0,0,0,0,0
5235,C3D8,0.327085,0,0,0,0,0,0,0,0,0,0,0,0
5236,C3D8,0.327085,0,0,0,0,0,0,0,0,0,0,0,0
5237,C3D8,0.327085,0,0,0,0,0,0,0,0,0,0,0,0
5238,C3D8,0.327086,0,0,0,0,0,0,0,0,0,0,0,0
5239,C3D8,0.327085,0,0,0,0,0,0,0,0,0,0,0,0
5240,C3D8,0.327085,0,0,0,0,0,0,0,0,0,0,0,0
5241,C3D8,0.327085,0,0,0,0,0,0,0,0,0,0,0,0
5242,C3D8,0.327086,0,0,0,0,0,0,0,0,0,0,0,0
5243,C3D8,0.327084,0,0,0,0,0,0,0,0,0,0,0,0
5244,C3D8,0.327088,0,0,0,0,0,0,0,0,0,0,0,0
5245,C3D8,0.327085,0,0,0,0,0,0,0,0,0,0,0,0
5246,C3D8,0.327085,0,0,0,0,0,0,0,0,0,0,0,0
5247,C3D8,0.327085,0,0,0,0,0,0,0,0,0,0,0,0
5248,C3D8,0.327086,0,0,0,0,0,0,0,0,0,0,0,0
5249,C3D8,0.327085,0,0,0,0,0,0,0,0,0,0,0,0
5250,C3D8,0.327086,0,0,0,0,0,0,0,0,0,0,0,0
5251,C3D8,0.327085,0,0,0,0,0,0,0,0,0,0,0,0
5252,C3D8,0.327086,0,0,0,0,0,0,0,0,0,0,0,0
5253,C3D8,0.327085,0,0,0,0,0,0,0,0,0,0,0,0
5254,C3D8,0.327086,0,0,0,0,0,0,0,0,0,0,0,0
5255,C3D8,0.327085,0,0,0,0,0,0,0,0,0,0,0,0
5256,C3D8,0.327086,0,0,0,0,0,0,0,0,0,0,0,0
5257,C3D8,0.327085,0,0,0,0,0,0,0,0,0,0,0,0
5258,C3D8,0.327086,0,0,0,0,0,0,0,0,0,0,0,0
5259,C3D8,0.327085,0,0,0,0,0,0,0,0,0,0,0,0
5260,C3D8,0.327086,0,0,0,0,0,0,0,0,0,0,0,0
5261,C3D8,0.327085,0,0,0,0,0,0,0,0,0,0,0,0
5262,C3D8,0.327086,0,0,0,0,0,0,0,0,0,0,0,0
5263,C3D8,0.327085,0,0,0,0,0,0,0,0,0,0,0,0
5264,C3D8,0.327085,0,0,0,0,0,0,0,0,0,0,0,0
5265,C3D8,0.327086,0,0,0,0,0,0,0,0,0,0,0,0
5266,C3D8,0.327085,0,0,0,0,0,0,0,0,0,0,0,0
5267,C3D8,0.327085,0,0,0,0,0,0,0,0,0,0,0,0
5268,C3D8,0.327086,0,0,0,0,0,0,0,0,0,0,0,0
5269,C3D8,0.327085,0,0,0,0,0,0,0,0,0,0,0,0
5270,C3D8,0.327085,0,0,0,0,0,0,0,0,0,0,0,0
5271,C3D8,0.327085,0,0,0,0,0,0,0,0,0,0,0,0
5272,C3D8,0.327086,0,0,0,0,0,0,0,0,0,0,0,0
5273,C3D8,0.327085,0,0,0,0,0,0,0,0,0,0,0,0
5274,C3D8,0.327085,0,0,0,0,0,0,0,0,0,0,0,0
5275,C3D8,0.327085,0,0,0,0,0,0,0,0,0,0,0,0
5276,C3D8,0.327086,0,0,0,0,0,0,0,0,0,0,0,0
5277,C3D8,0.327085,0,0,0,0,0,0,0,0,0,0,0,0
5278,C3D8,0.327085,0,0,0,0,0,0,0,0,0,0,0,0
5279,C3D8,0.327085,0,0,0,0,0,0,0,0,0,0,0,0
5280,C3D8,0.327086,0,0,0,0,0,0,0,0,0,0,0,0
5281,C3D8,0.327085,0,0,0,0,0,0,0,0,0,0,0,0
5282,C3D8,0.327085,0,0,0,0,0,0,0,0,0,0,0,0
5283,C3D8,0.327086,0,0,0,0,0,0,0,0,0,0,0,0
5284,C3D8,0.327085,0,0,0,0,0,0,0,0,0,0,0,0
5285,C3D8,0.327085,0,0,0,0,0,0,0,0,0,0,0,0
5286,C3D8,0.327085,0,0,0,0,0,0,0,0,0,0,0,0
5287,C3D8,0.327086,0,0,0,0,0,0,0,0,0,0,0,0
5288,C3D8,0.327085,0,0,0,0,0,0,0,0,0,0,0,0
5289,C3D8,0.327085,0,0,0,0,0,0,0,0,0,0,0,0
5290,C3D8,0.327085,0,0,0,0,0,0,0,0,0,0,0,0
5291,C3D8,0.327086,0,0,0,0,0,0,0,0,0,0,0,0
5292,C3D8,0.327085,0,0,0,0,0,0,0,0,0,0,0,0
5293,C3D8,0.327085,0,0,0,0,0,0,0,0,0,0,0,0
5294,C3D8,0.327085,0,0,0,0,0,0,0,0,0,0,0,0
5295,C3D8,0.327086,0,0,0,0,0,0,0,0,0,0,0,0
5296,C3D8,0.327084,0,0,0,0,0,0,0,0,0,0,0,0
5297,C3D8,0.327088,0,0,0,0,0,0,0,0,0,0,0,0
5298,C3D8,0.327085,0,0,0,0,0,0,0,0,0,0,0,0
5299,C3D8,0.327085,0,0,0,0,0,0,0,0,0,0,0,0
5300,C3D8,0.327085,0,0,0,0,0,0,0,0,0,0,0,0
5301,C3D8,0.327086,0,0,0,0,0,0,0,0,0,0,0,0
5302,C3D8,0.327085,0,0,0,0,0,0,0,0,0,0,0,0
5303,C3D8,0.327086,0,0,0,0,0,0,0,0,0,0,0,0
5304,C3D8,0.327085,0,0,0,0,0,0,0,0,0,0,0,0
5305,C3D8,0.327086,0,0,0,0,0,0,0,0,0,0,0,0
5306,C3D8,0.327085,0,0,0,0,0,0,0,0,0,0,0,0
5307,C3D8,0.327086,0,0,0,0,0,0,0,0,0,0,0,0
5308,C3D8,0.327085,0,0,0,0,0,0,0,0,0,0,0,0
5309,C3D8,0.327086,0,0,0,0,0,0,0,0,0,0,0,0
5310,C3D8,0.327085,0,0,0,0,0,0,0,0,0,0,0,0
5311,C3D8,0.327086,0,0,0,0,0,0,0,0,0,0,0,0
5312,C3D8,0.327085,0,0,0,0,0,0,0,0,0,0,0,0
5313,C3D8,0.327086,0,0,0,0,0,0,0,0,0,0,0,0
5314,C3D8,0.327085,0,0,0,0,0,0,0,0,0,0,0,0
5315,C3D8,0.327086,0,0,0,0,0,0,0,0,0,0,0,0
5316,C3D8,0.327085,0,0,0,0,0,0,0,0,0,0,0,0
5317,C3D8,0.327085,0,0,0,0,0,0,0,0,0,0,0,0
5318,C3D8,0.327086,0,0,0,0,0,0,0,0,0,0,0,0
5319,C3D8,0.327085,0,0,0,0,0,0,0,0,0,0,0,0
5320,C3D8,0.327085,0,0,0,0,0,0,0,0,0,0,0,0
5321,C3D8,0.327086,0,0,0,0,0,0,0,0,0,0,0,0
5322,C3D8,0.327085,0,0,0,0,0,0,0,0,0,0,0,0
5323,C3D8,0.327085,0,0,0,0,0,0,0,0,0,0,0,0
5324,C3D8,0.327085,0,0,0,0,0,0,0,0,0,0,0,0
5325,C3D8,0.327086,0,0,0,0,0,0,0,0,0,0,0,0
5326,C3D8,0.327085,0,0,0,0,0,0,0,0,0,0,0,0
5327,C3D8,0.327085,0,0,0,0,0,0,0,0,0,0,0,0
5328,C3D8,0.327085,0,0,0,0,0,0,0,0,0,0,0,0
5329,C3D8,0.327086,0,0,0,0,0,0,0,0,0,0,0,0
5330,C3D8,0.327085,0,0,0,0,0,0,0,0,0,0,0,0
5331,C3D8,0.327085,0,0,0,0,0,0,0,0,0,0,0,0
5332,C3D8,0.327085,0,0,0,0,0,0,0,0,0,0,0,0
5333,C3D8,0.327086,0,0,0,0,0,0,0,0,0,0,0,0
5334,C3D8,0.327085,0,0,0,0,0,0,0,0,0,0,0,0
5335,C3D8,0.327085,0,0,0,0,0,0,0,0,0,0,0,0
5336,C3D8,0.327086,0,0,0,0,0,0,0,0,0,0,0,0
5337,C3D8,0.327085,0,0,0,0,0,0,0,0,0,0,0,0
5338,C3D8,0.327085,0,0,0,0,0,0,0,0,0,0,0,0
5339,C3D8,0.327085,0,0,0,0,0,0,0,0,0,0,0,0
5340,C3D8,0.327086,0,0,0,0,0,0,0,0,0,0,0,0
5341,C3D8,0.327085,0,0,0,0,0,0,0,0,0,0,0,0
5342,C3D8,0.327085,0,0,0,0,0,0,0,0,0,0,0,0
5343,C3D8,0.327085,0,0,0,0,0,0,0,0,0,0,0,0
5344,C3D8,0.327086,0,0,0,0,0,0,0,0,0,0,0,0
5345,C3D8,0.327085,0,0,0,0,0,0,0,0,0,0,0,0
5346,C3D8,0.327085,0,0,0,0,0,0,0,0,0,0,0,0
5347,C3D8,0.327085,0,0,0,0,0,0,0,0,0,0,0,0
5348,C3D8,0.327086,0,0,0,0,0,0,0,0,0,0,0,0
5349,C3D8,0.327084,0,0,0,0,0,0,0,0,0,0,0,0
5350,C3D8,0.327088,0,0,0,0,0,0,0,0,0,0,0,0
5351,C3D8,0.327085,0,0,0,0,0,0,0,0,0,0,0,0
5352,C3D8,0.327085,0,0,0,0,0,0,0,0,0,0,0,0
5353,C3D8,0.327085,0,0,0,0,0,0,0,0,0,0,0,0
5354,C3D8,0.327086,0,0,0,0,0,0,0,0,0,0,0,0
5355,C3D8,0.327085,0,0,0,0,0,0,0,0,0,0,0,0
5356,C3D8,0.327086,0,0,0,0,0,0,0,0,0,0,0,0
5357,C3D8,0.327085,0,0,0,0,0,0,0,0,0,0,0,0
5358,C3D8,0.327086,0,0,0,0,0,0,0,0,0,0,0,0
5359,C3D8,0.327085,0,0,0,0,0,0,0,0,0,0,0,0
5360,C3D8,0.327086,0,0,0,0,0,0,0,0,0,0,0,0
5361,C3D8,0.327085,0,0,0,0,0,0,0,0,0,0,0,0
5362,C3D8,0.327086,0,0,0,0,0,0,0,0,0,0,0,0
5363,C3D8,0.327085,0,0,0,0,0,0,0,0,0,0,0,0
5364,C3D8,0.327086,0,0,0,0,0,0,0,0,0,0,0,0
5365,C3D8,0.327085,0,0,0,0,0,0,0,0,0,0,0,0
5366,C3D8,0.327086,0,0,0,0,0,0,0,0,0,0,0,0
5367,C3D8,0.327085,0,0,0,0,0,0,0,0,0,0,0,0
5368,C3D8,0.327086,0,0,0,0,0,0,0,0,0,0,0,0
5369,C3D8,0.327085,0,0,0,0,0,0,0,0,0,0,0,0
5370,C3D8,0.327085,0,0,0,0,0,0,0,0,0,0,0,0
5371,C3D8,0.327086,0,0,0,0,0,0,0,0,0,0,0,0
5372,C3D8,0.327085,0,0,0,0,0,0,0,0,0,0,0,0
5373,C3D8,0.327085,0,0,0,0,0,0,0,0,0,0,0,0
5374,C3D8,0.327086,0,0,0,0,0,0,0,0,0,0,0,0
5375,C3D8,0.327085,0,0,0,0,0,0,0,0,0,0,0,0
5376,C3D8,0.327085,0,0,0,0,0,0,0,0,0,0,0,0
5377,C3D8,0.327085,0,0,0,0,0,0,0,0,0,0,0,0
5378,C3D8,0.327086,0,0,0,0,0,0,0,0,0,0,0,0
5379,C3D8,0.327085,0,0,0,0,0,0,0,0,0,0,0,0
5380,C3D8,0.327085,0,0,0,0,0,0,0,0,0,0,0,0
5381,C3D8,0.327085,0,0,0,0,0,0,0,0,0,0,0,0
5382,C3D8,0.327086,0,0,0,0,0,0,0,0,0,0,0,0
5383,C3D8,0.327085,0,0,0,0,0,0,0,0,0,0,0,0
5384,C3D8,0.327085,0,0,0,0,0,0,0,0,0,0,0,0
5385,C3D8,0.327085,0,0,0,0,0,0,0,0,0,0,0,0
5386,C3D8,0.327086,0,0,0,0,0,0,0,0,0,0,0,0
5387,C3D8,0.327085,0,0,0,0,0,0,0,0,0,0,0,0
5388,C3D8,0.327085,0,0,0,0,0,0,0,0,0,0,0,0
5389,C3D8,0.327086,0,0,0,0,0,0,0,0,0,0,0,0
5390,C3D8,0.327085,0,0,0,0,0,0,0,0,0,0,0,0
5391,C3D8,0.327085,0,0,0,0,0,0,0,0,0,0,0,0
5392,C3D8,0.327085,0,0,0,0,0,0,0,0,0,0,0,0
5393,C3D8,0.327086,0,0,0,0,0,0,0,0,0,0,0,0
5394,C3D8,0.327085,0,0,0,0,0,0,0,0,0,0,0,0
5395,C3D8,0.327085,0,0,0,0,0,0,0,0,0,0,0,0
5396,C3D8,0.327085,0,0,0,0,0,0,0,0,0,0,0,0
5397,C3D8,0.327086,0,0,0,0,0,0,0,0,0,0,0,0
5398,C3D8,0.327085,0,0,0,0,0,0,0,0,0,0,0,0
5399,C3D8,0.327085,0,0,0,0,0,0,0,0,0,0,0,0
5400,C3D8,0.327085,0,0,0,0,0,0,0,0,0,0,0,0
5401,C3D8,0.327086,0,0,0,0,0,0,0,0,0,0,0,0
5402,C3D8,0.327084,0,0,0,0,0,0,0,0,0,0,0,0
5403,C3D8,0.327088,0,0,0,0,0,0,0,0,0,0,0,0
5404,C3D8,0.327085,0,0,0,0,0,0,0,0,0,0,0,0
5405,C3D8,0.327085,0,0,0,0,0,0,0,0,0,0,0,0
5406,C3D8,0.327085,0,0,0,0,0,0,0,0,0,0,0,0
5407,C3D8,0.327086,0,0,0,0,0,0,0,0,0,0,0,0
5408,C3D8,0.327085,0,0,0,0,0,0,0,0,0,0,0,0
5409,C3D8,0.327086,0,0,0,0,0,0,0,0,0,0,0,0
5410,C3D8,0.327085,0,0,0,0,0,0,0,0,0,0,0,0
5411,C3D8,0.327086,0,0,0,0,0,0,0,0,0,0,0,0
5412,C3D8,0.327085,0,0,0,0,0,0,0,0,0,0,0,0
5413,C3D8,0.327086,0,0,0,0,0,0,0,0,0,0,0,0
5414,C3D8,0.327085,0,0,0,0,0,0,0,0,0,0,0,0
5415,C3D8,0.327086,0,0,0,0,0,0,0,0,0,0,0,0
5416,C3D8,0.327085,0,0,0,0,0,0,0,0,0,0,0,0
5417,C3D8,0.327086,0,0,0,0,0,0,0,0,0,0,0,0
5418,C3D8,0.327085,0,0,0,0,0,0,0,0,0,0,0,0
5419,C3D8,0.327086,0,0,0,0,0,0,0,0,0,0,0,0
5420,C3D8,0.327085,0,0,0,0,0,0,0,0,0,0,0,0
5421,C3D8,0.327086,0,0,0,0,0,0,0,0,0,0,0,0
5422,C3D8,0.327085,0,0,0,0,0,0,0,0,0,0,0,0
5423,C3D8,0.327085,0,0,0,0,0,0,0,0,0,0,0,0
5424,C3D8,0.327086,0,0,0,0,0,0,0,0,0,0,0,0
5425,C3D8,0.327085,0,0,0,0,0,0,0,0,0,0,0,0
5426,C3D8,0.327085,0,0,0,0,0,0,0,0,0,0,0,0
5427,C3D8,0.327086,0,0,0,0,0,0,0,0,0,0,0,0
5428,C3D8,0.327085,0,0,0,0,0,0,0,0,0,0,0,0
5429,C3D8,0.327085,0,0,0,0,0,0,0,0,0,0,0,0
5430,C3D8,0.327085,0,0,0,0,0,0,0,0,0,0,0,0
5431,C3D8,0.327086,0,0,0,0,0,0,0,0,0,0,0,0
5432,C3D8,0.327085,0,0,0,0,0,0,0,0,0,0,0,0
5433,C3D8,0.327085,0,0,0,0,0,0,0,0,0,0,0,0
5434,C3D8,0.327085,0,0,0,0,0,0,0,0,0,0,0,0
5435,C3D8,0.327086,0,0,0,0,0,0,0,0,0,0,0,0
5436,C3D8,0.327085,0,0,0,0,0,0,0,0,0,0,0,0
5437,C3D8,0.327085,0,0,0,0,0,0,0,0,0,0,0,0
5438,C3D8,0.327085,0,0,0,0,0,0,0,0,0,0,0,0
5439,C3D8,0.327086,0,0,0,0,0,0,0,0,0,0,0,0
5440,C3D8,0.327085,0,0,0,0,0,0,0,0,0,0,0,0
5441,C3D8,0.327085,0,0,0,0,0,0,0,0,0,0,0,0
5442,C3D8,0.327086,0,0,0,0,0,0,0,0,0,0,0,0
5443,C3D8,0.327085,0,0,0,0,0,0,0,0,0,0,0,0
5444,C3D8,0.327085,0,0,0,0,0,0,0,0,0,0,0,0
5445,C3D8,0.327085,0,0,0,0,0,0,0,0,0,0,0,0
5446,C3D8,0.327086,0,0,0,0,0,0,0,0,0,0,0,0
5447,C3D8,0.327085,0,0,0,0,0,0,0,0,0,0,0,0
5448,C3D8,0.327085,0,0,0,0,0,0,0,0,0,0,0,0
5449,C3D8,0.327085,0,0,0,0,0,0,0,0,0,0,0,0
5450,C3D8,0.327086,0,0,0,0,0,0,0,0,0,0,0,0
5451,C3D8,0.327085,0,0,0,0,0,0,0,0,0,0,0,0
5452,C3D8,0.327085,0,0,0,0,0,0,0,0,0,0,0,0
5453,C3D8,0.327085,0,0,0,0,0,0,0,0,0,0,0,0
5454,C3D8,0.327086,0,0,0,0,0,0,0,0,0,0,0,0
5455,C3D8,0.327084,0,0,0,0,0,0,0,0,0,0,0,0
5456,C3D8,0.327088,0,0,0,0,0,0,0,0,0,0,0,0
5457,C3D8,0.327085,0,0,0,0,0,0,0,0,0,0,0,0
5458,C3D8,0.327085,0,0,0,0,0,0,0,0,0,0,0,0
5459,C3D8,0.327085,0,0,0,0,0,0,0,0,0,0,0,0
5460,C3D8,0.327086,0,0,0,0,0,0,0,0,0,0,0,0
5461,C3D8,0.327085,0,0,0,0,0,0,0,0,0,0,0,0
5462,C3D8,0.327086,0,0,0,0,0,0,0,0,0,0,0,0
5463,C3D8,0.327085,0,0,0,0,0,0,0,0,0,0,0,0
5464,C3D8,0.327086,0,0,0,0,0,0,0,0,0,0,0,0
5465,C3D8,0.327085,0,0,0,0,0,0,0,0,0,0,0,0
5466,C3D8,0.327086,0,0,0,0,0,0,0,0,0,0,0,0
5467,C3D8,0.327085,0,0,0,0,0,0,0,0,0,0,0,0
5468,C3D8,0.327086,0,0,0,0,0,0,0,0,0,0,0,0
5469,C3D8,0.327085,0,0,0,0,0,0,0,0,0,0,0,0
5470,C3D8,0.327086,0,0,0,0,0,0,0,0,0,0,0,0
5471,C3D8,0.327085,0,0,0,0,0,0,0,0,0,0,0,0
5472,C3D8,0.327086,0,0,0,0,0,0,0,0,0,0,0,0
5473,C3D8,0.327085,0,0,0,0,0,0,0,0,0,0,0,0
5474,C3D8,0.327086,0,0,0,0,0,0,0,0,0,0,0,0
5475,C3D8,0.327085,0,0,0,0,0,0,0,0,0,0,0,0
5476,C3D8,0.327085,0,0,0,0,0,0,0,0,0,0,0,0
5477,C3D8,0.327086,0,0,0,0,0,0,0,0,0,0,0,0
5478,C3D8,0.327085,0,0,0,0,0,0,0,0,0,0,0,0
5479,C3D8,0.327085,0,0,0,0,0,0,0,0,0,0,0,0
5480,C3D8,0.327086,0,0,0,0,0,0,0,0,0,0,0,0
5481,C3D8,0.327085,0,0,0,0,0,0,0,0,0,0,0,0
5482,C3D8,0.327085,0,0,0,0,0,0,0,0,0,0,0,0
5483,C3D8,0.327085,0,0,0,0,0,0,0,0,0,0,0,0
5484,C3D8,0.327086,0,0,0,0,0,0,0,0,0,0,0,0
5485,C3D8,0.327085,0,0,0,0,0,0,0,0,0,0,0,0
5486,C3D8,0.327085,0,0,0,0,0,0,0,0,0,0,0,0
5487,C3D8,0.327085,0,0,0,0,0,0,0,0,0,0,0,0
5488,C3D8,0.327086,0,0,0,0,0,0,0,0,0,0,0,0
5489,C3D8,0.327085,0,0,0,0,0,0,0,0,0,0,0,0
5490,C3D8,0.327085,0,0,0,0,0,0,0,0,0,0,0,0
5491,C3D8,0.327085,0,0,0,0,0,0,0,0,0,0,0,0
5492,C3D8,0.327086,0,0,0,0,0,0,0,0,0,0,0,0
5493,C3D8,0.327085,0,0,0,0,0,0,0,0,0,0,0,0
5494,C3D8,0.327085,0,0,0,0,0,0,0,0,0,0,0,0
5495,C3D8,0.327086,0,0,0,0,0,0,0,0,0,0,0,0
5496,C3D8,0.327085,0,0,0,0,0,0,0,0,0,0,0,0
5497,C3D8,0.327085,0,0,0,0,0,0,0,0,0,0,0,0
5498,C3D8,0.327085,0,0,0,0,0,0,0,0,0,0,0,0
5499,C3D8,0.327086,0,0,0,0,0,0,0,0,0,0,0,0
5500,C3D8,0.327085,0,0,0,0,0,0,0,0,0,0,0,0
5501,C3D8,0.327085,0,0,0,0,0,0,0,0,0,0,0,0
5502,C3D8,0.327085,0,0,0,0,0,0,0,0,0,0,0,0
5503,C3D8,0.327086,0,0,0,0,0,0,0,0,0,0,0,0
5504,C3D8,0.327085,0,0,0,0,0,0,0,0,0,0,0,0
5505,C3D8,0.327085,0,0,0,0,0,0,0,0,0,0,0,0
5506,C3D8,0.327085,0,0,0,0,0,0,0,0,0,0,0,0
5507,C3D8,0.327086,0,0,0,0,0,0,0,0,0,0,0,0
5508,C3D8,0.327084,0,0,0,0,0,0,0,0,0,0,0,0
5509,C3D8,0.327088,0,0,0,0,0,0,0,0,0,0,0,0
5510,C3D8,0.327085,0,0,0,0,0,0,0,0,0,0,0,0
5511,C3D8,0.327085,0,0,0,0,0,0,0,0,0,0,0,0
5512,C3D8,0.327085,0,0,0,0,0,0,0,0,0,0,0,0
5513,C3D8,0.327085,0,0,0,0,0,0,0,0,0,0,0,0
5514,C3D8,0.327085,0,0,0,0,0,0,0,0,0,0,0,0
5515,C3D8,0.327085,0,0,0,0,0,0,0,0,0,0,0,0
5516,C3D8,0.327085,0,0,0,0,0,0,0,0,0,0,0,0
5517,C3D8,0.327085,0,0,0,0,0,0,0,0,0,0,0,0
5518,C3D8,0.327085,0,0,0,0,0,0,0,0,0,0,0,0
5519,C3D8,0.327085,0,0,0,0,0,0,0,0,0,0,0,0
5520,C3D8,0.327085,0,0,0,0,0,0,0,0,0,0,0,0
5521,C3D8,0.327085,0,0,0,0,0,0,0,0,0,0,0,0
5522,C3D8,0.327085,0,0,0,0,0,0,0,0,0,0,0,0
5523,C3D8,0.327085,0,0,0,0,0,0,0,0,0,0,0,0
5524,C3D8,0.327085,0,0,0,0,0,0,0,0,0,0,0,0
5525,C3D8,0.327085,0,0,0,0,0,0,0,0,0,0,0,0
5526,C3D8,0.327085,0,0,0,0,0,0,0,0,0,0,0,0
5527,C3D8,0.327085,0,0,0,0,0,0,0,0,0,0,0,0
5528,C3D8,0.327085,0,0,0,0,0,0,0,0,0,0,0,0
5529,C3D8,0.327085,0,0,0,0,0,0,0,0,0,0,0,0
5530,C3D8,0.327086,0,0,0,0,0,0,0,0,0,0,0,0
5531,C3D8,0.327085,0,0,0,0,0,0,0,0,0,0,0,0
5532,C3D8,0.327085,0,0,0,0,0,0,0,0,0,0,0,0
5533,C3D8,0.327086,0,0,0,0,0,0,0,0,0,0,0,0
5534,C3D8,0.327085,0,0,0,0,0,0,0,0,0,0,0,0
5535,C3D8,0.327085,0,0,0,0,0,0,0,0,0,0,0,0
5536,C3D8,0.327085,0,0,0,0,0,0,0,0,0,0,0,0
5537,C3D8,0.327086,0,0,0,0,0,0,0,0,0,0,0,0
5538,C3D8,0.327085,0,0,0,0,0,0,0,0,0,0,0,0
5539,C3D8,0.327085,0,0,0,0,0,0,0,0,0,0,0,0
5540,C3D8,0.327085,0,0,0,0,0,0,0,0,0,0,0,0
5541,C3D8,0.327086,0,0,0,0,0,0,0,0,0,0,0,0
5542,C3D8,0.327085,0,0,0,0,0,0,0,0,0,0,0,0
5543,C3D8,0.327085,0,0,0,0,0,0,0,0,0,0,0,0
5544,C3D8,0.327085,0,0,0,0,0,0,0,0,0,0,0,0
5545,C3D8,0.327086,0,0,0,0,0,0,0,0,0,0,0,0
5546,C3D8,0.327085,0,0,0,0,0,0,0,0,0,0,0,0
5547,C3D8,0.327085,0,0,0,0,0,0,0,0,0,0,0,0
5548,C3D8,0.327086,0,0,0,0,0,0,0,0,0,0,0,0
5549,C3D8,0.327085,0,0,0,0,0,0,0,0,0,0,0,0
5550,C3D8,0.327085,0,0,0,0,0,0,0,0,0,0,0,0
5551,C3D8,0.327085,0,0,0,0,0,0,0,0,0,0,0,0
5552,C3D8,0.327086,0,0,0,0,0,0,0,0,0,0,0,0
5553,C3D8,0.327085,0,0,0,0,0,0,0,0,0,0,0,0
5554,C3D8,0.327085,0,0,0,0,0,0,0,0,0,0,0,0
5555,C3D8,0.327085,0,0,0,0,0,0,0,0,0,0,0,0
5556,C3D8,0.327086,0,0,0,0,0,0,0,0,0,0,0,0
5557,C3D8,0.327085,0,0,0,0,0,0,0,0,0,0,0,0
5558,C3D8,0.327085,0,0,0,0,0,0,0,0,0,0,0,0
5559,C3D8,0.327085,0,0,0,0,0,0,0,0,0,0,0,0
5560,C3D8,0.327086,0,0,0,0,0,0,0,0,0,0,0,0
5561,C3D8,0.327084,0,0,0,0,0,0,0,0,0,0,0,0
5562,C3D8,0.327087,0,0,0,0,0,0,0,0,0,0,0,0
5563,C3D8,0.327085,0,0,0,0,0,0,0,0,0,0,0,0
5564,C3D8,0.327085,0,0,0,0,0,0,0,0,0,0,0,0
5565,C3D8,0.327085,0,0,0,0,0,0,0,0,0,0,0,0
5566,C3D8,0.327086,0,0,0,0,0,0,0,0,0,0,0,0
5567,C3D8,0.327085,0,0,0,0,0,0,0,0,0,0,0,0
5568,C3D8,0.327086,0,0,0,0,0,0,0,0,0,0,0,0
5569,C3D8,0.327085,0,0,0,0,0,0,0,0,0,0,0,0
5570,C3D8,0.327086,0,0,0,0,0,0,0,0,0,0,0,0
5571,C3D8,0.327085,0,0,0,0,0,0,0,0,0,0,0,0
5572,C3D8,0.327086,0,0,0,0,0,0,0,0,0,0,0,0
5573,C3D8,0.327085,0,0,0,0,0,0,0,0,0,0,0,0
5574,C3D8,0.327086,0,0,0,0,0,0,0,0,0,0,0,0
5575,C3D8,0.327085,0,0,0,0,0,0,0,0,0,0,0,0
5576,C3D8,0.327086,0,0,0,0,0,0,0,0,0,0,0,0
5577,C3D8,0.327085,0,0,0,0,0,0,0,0,0,0,0,0
5578,C3D8,0.327086,0,0,0,0,0,0,0,0,0,0,0,0
5579,C3D8,0.327085,0,0,0,0,0,0,0,0,0,0,0,0
5580,C3D8,0.327086,0,0,0,0,0,0,0,0,0,0,0,0
5581,C3D8,0.327085,0,0,0,0,0,0,0,0,0,0,0,0
5582,C3D8,0.327085,0,0,0,0,0,0,0,0,0,0,0,0
5583,C3D8,0.327086,0,0,0,0,0,0,0,0,0,0,0,0
5584,C3D8,0.327085,0,0,0,0,0,0,0,0,0,0,0,0
5585,C3D8,0.327085,0,0,0,0,0,0,0,0,0,0,0,0
5586,C3D8,0.327086,0,0,0,0,0,0,0,0,0,0,0,0
5587,C3D8,0.327085,0,0,0,0,0,0,0,0,0,0,0,0
5588,C3D8,0.327085,0,0,0,0,0,0,0,0,0,0,0,0
5589,C3D8,0.327085,0,0,0,0,0,0,0,0,0,0,0,0
5590,C3D8,0.327086,0,0,0,0,0,0,0,0,0,0,0,0
5591,C3D8,0.327085,0,0,0,0,0,0,0,0,0,0,0,0
5592,C3D8,0.327085,0,0,0,0,0,0,0,0,0,0,0,0
5593,C3D8,0.327085,0,0,0,0,0,0,0,0,0,0,0,0
5594,C3D8,0.327086,0,0,0,0,0,0,0,0,0,0,0,0
5595,C3D8,0.327085,0,0,0,0,0,0,0,0,0,0,0,0
5596,C3D8,0.327085,0,0,0,0,0,0,0,0,0,0,0,0
5597,C3D8,0.327085,0,0,0,0,0,0,0,0,0,0,0,0
5598,C3D8,0.327086,0,0,0,0,0,0,0,0,0,0,0,0
5599,C3D8,0.327085,0,0,0,0,0,0,0,0,0,0,0,0
5600,C3D8,0.327085,0,0,0,0,0,0,0,0,0,0,0,0
5601,C3D8,0.327086,0,0,0,0,0,0,0,0,0,0,0,0
5602,C3D8,0.327085,0,0,0,0,0,0,0,0,0,0,0,0
5603,C3D8,0.327085,0,0,0,0,0,0,0,0,0,0,0,0
5604,C3D8,0.327085,0,0,0,0,0,0,0,0,0,0,0,0
5605,C3D8,0.327086,0,0,0,0,0,0,0,0,0,0,0,0
5606,C3D8,0.327085,0,0,0,0,0,0,0,0,0,0,0,0
5607,C3D8,0.327085,0,0,0,0,0,0,0,0,0,0,0,0
5608,C3D8,0.327085,0,0,0,0,0,0,0,0,0,0,0,0
5609,C3D8,0.327086,0,0,0,0,0,0,0,0,0,0,0,0
5610,C3D8,0.327085,0,0,0,0,0,0,0,0,0,0,0,0
5611,C3D8,0.327085,0,0,0,0,0,0,0,0,0,0,0,0
5612,C3D8,0.327085,0,0,0,0,0,0,0,0,0,0,0,0
5613,C3D8,0.327086,0,0,0,0,0,0,0,0,0,0,0,0
5614,C3D8,0.327084,0,0,0,0,0,0,0,0,0,0,0,0
5615,C3D8,0.327088,0,0,0,0,0,0,0,0,0,0,0,0
5616,C3D8,0.327085,0,0,0,0,0,0,0,0,0,0,0,0
5617,C3D8,0.327085,0,0,0,0,0,0,0,0,0,0,0,0
5618,C3D8,0.327085,0,0,0,0,0,0,0,0,0,0,0,0
5619,C3D8,0.327086,0,0,0,0,0,0,0,0,0,0,0,0
5620,C3D8,0.327085,0,0,0,0,0,0,0,0,0,0,0,0
5621,C3D8,0.327086,0,0,0,0,0,0,0,0,0,0,0,0
5622,C3D8,0.327085,0,0,0,0,0,0,0,0,0,0,0,0
5623,C3D8,0.327086,0,0,0,0,0,0,0,0,0,0,0,0
5624,C3D8,0.327085,0,0,0,0,0,0,0,0,0,0,0,0
5625,C3D8,0.327086,0,0,0,0,0,0,0,0,0,0,0,0
5626,C3D8,0.327085,0,0,0,0,0,0,0,0,0,0,0,0
5627,C3D8,0.327086,0,0,0,0,0,0,0,0,0,0,0,0
5628,C3D8,0.327085,0,0,0,0,0,0,0,0,0,0,0,0
5629,C3D8,0.327086,0,0,0,0,0,0,0,0,0,0,0,0
5630,C3D8,0.327085,0,0,0,0,0,0,0,0,0,0,0,0
5631,C3D8,0.327086,0,0,0,0,0,0,0,0,0,0,0,0
5632,C3D8,0.327085,0,0,0,0,0,0,0,0,0,0,0,0
5633,C3D8,0.327086,0,0,0,0,0,0,0,0,0,0,0,0
5634,C3D8,0.327085,0,0,0,0,0,0,0,0,0,0,0,0
5635,C3D8,0.327085,0,0,0,0,0,0,0,0,0,0,0,0
5636,C3D8,0.327086,0,0,0,0,0,0,0,0,0,0,0,0
5637,C3D8,0.327085,0,0,0,0,0,0,0,0,0,0,0,0
5638,C3D8,0.327085,0,0,0,0,0,0,0,0,0,0,0,0
5639,C3D8,0.327086,0,0,0,0,0,0,0,0,0,0,0,0
5640,C3D8,0.327085,0,0,0,0,0,0,0,0,0,0,0,0
5641,C3D8,0.327085,0,0,0,0,0,0,0,0,0,0,0,0
5642,C3D8,0.327085,0,0,0,0,0,0,0,0,0,0,0,0
5643,C3D8,0.327086,0,0,0,0,0,0,0,0,0,0,0,0
5644,C3D8,0.327085,0,0,0,0,0,0,0,0,0,0,0,0
5645,C3D8,0.327085,0,0,0,0,0,0,0,0,0,0,0,0
5646,C3D8,0.327085,0,0,0,0,0,0,0,0,0,0,0,0
5647,C3D8,0.327086,0,0,0,0,0,0,0,0,0,0,0,0
5648,C3D8,0.327085,0,0,0,0,0,0,0,0,0,0,0,0
5649,C3D8,0.327085,0,0,0,0,0,0,0,0,0,0,0,0
5650,C3D8,0.327085,0,0,0,0,0,0,0,0,0,0,0,0
5651,C3D8,0.327086,0,0,0,0,0,0,0,0,0,0,0,0
5652,C3D8,0.327085,0,0,0,0,0,0,0,0,0,0,0,0
5653,C3D8,0.327085,0,0,0,0,0,0,0,0,0,0,0,0
5654,C3D8,0.327086,0,0,0,0,0,0,0,0,0,0,0,0
5655,C3D8,0.327085,0,0,0,0,0,0,0,0,0,0,0,0
5656,C3D8,0.327085,0,0,0,0,0,0,0,0,0,0,0,0
5657,C3D8,0.327085,0,0,0,0,0,0,0,0,0,0,0,0
5658,C3D8,0.327086,0,0,0,0,0,0,0,0,0,0,0,0
5659,C3D8,0.327085,0,0,0,0,0,0,0,0,0,0,0,0
5660,C3D8,0.327085,0,0,0,0,0,0,0,0,0,0,0,0
5661,C3D8,0.327085,0,0,0,0,0,0,0,0,0,0,0,0
5662,C3D8,0.327086,0,0,0,0,0,0,0,0,0,0,0,0
5663,C3D8,0.327085,0,0,0,0,0,0,0,0,0,0,0,0
5664,C3D8,0.327085,0,0,0,0,0,0,0,0,0,0,0,0
5665,C3D8,0.327085,0,0,0,0,0,0,0,0,0,0,0,0
5666,C3D8,0.327086,0,0,0,0,0,0,0,0,0,0,0,0
5667,C3D8,0.327084,0,0,0,0,0,0,0,0,0,0,0,0
5668,C3D8,0.327088,0,0,0,0,0,0,0,0,0,0,0,0
5669,C3D8,0.327085,0,0,0,0,0,0,0,0,0,0,0,0
5670,C3D8,0.327085,0,0,0,0,0,0,0,0,0,0,0,0
5671,C3D8,0.327085,0,0,0,0,0,0,0,0,0,0,0,0
5672,C3D8,0.327086,0,0,0,0,0,0,0,0,0,0,0,0
5673,C3D8,0.327085,0,0,0,0,0,0,0,0,0,0,0,0
5674,C3D8,0.327086,0,0,0,0,0,0,0,0,0,0,0,0
5675,C3D8,0.327085,0,0,0,0,0,0,0,0,0,0,0,0
5676,C3D8,0.327086,0,0,0,0,0,0,0,0,0,0,0,0
5677,C3D8,0.327085,0,0,0,0,0,0,0,0,0,0,0,0
5678,C3D8,0.327086,0,0,0,0,0,0,0,0,0,0,0,0
5679,C3D8,0.327085,0,0,0,0,0,0,0,0,0,0,0,0
5680,C3D8,0.327086,0,0,0,0,0,0,0,0,0,0,0,0
5681,C3D8,0.327085,0,0,0,0,0,0,0,0,0,0,0,0
5682,C3D8,0.327086,0,0,0,0,0,0,0,0,0,0,0,0
5683,C3D8,0.327085,0,0,0,0,0,0,0,0,0,0,0,0
5684,C3D8,0.327086,0,0,0,0,0,0,0,0,0,0,0,0
5685,C3D8,0.327085,0,0,0,0,0,0,0,0,0,0,0,0
5686,C3D8,0.327086,0,0,0,0,0,0,0,0,0,0,0,0
5687,C3D8,0.327085,0,0,0,0,0,0,0,0,0,0,0,0
5688,C3D8,0.327085,0,0,0,0,0,0,0,0,0,0,0,0
5689,C3D8,0.327086,0,0,0,0,0,0,0,0,0,0,0,0
5690,C3D8,0.327085,0,0,0,0,0,0,0,0,0,0,0,0
5691,C3D8,0.327085,0,0,0,0,0,0,0,0,0,0,0,0
5692,C3D8,0.327086,0,0,0,0,0,0,0,0,0,0,0,0
5693,C3D8,0.327085,0,0,0,0,0,0,0,0,0,0,0,0
5694,C3D8,0.327085,0,0,0,0,0,0,0,0,0,0,0,0
5695,C3D8,0.327085,0,0,0,0,0,0,0,0,0,0,0,0
5696,C3D8,0.327086,0,0,0,0,0,0,0,0,0,0,0,0
5697,C3D8,0.327085,0,0,0,0,0,0,0,0,0,0,0,0
5698,C3D8,0.327085,0,0,0,0,0,0,0,0,0,0,0,0
5699,C3D8,0.327085,0,0,0,0,0,0,0,0,0,0,0,0
5700,C3D8,0.327086,0,0,0,0,0,0,0,0,0,0,0,0
5701,C3D8,0.327085,0,0,0,0,0,0,0,0,0,0,0,0
5702,C3D8,0.327085,0,0,0,0,0,0,0,0,0,0,0,0
5703,C3D8,0.327085,0,0,0,0,0,0,0,0,0,0,0,0
5704,C3D8,0.327086,0,0,0,0,0,0,0,0,0,0,0,0
5705,C3D8,0.327085,0,0,0,0,0,0,0,0,0,0,0,0
5706,C3D8,0.327085,0,0,0,0,0,0,0,0,0,0,0,0
5707,C3D8,0.327086,0,0,0,0,0,0,0,0,0,0,0,0
5708,C3D8,0.327085,0,0,0,0,0,0,0,0,0,0,0,0
5709,C3D8,0.327085,0,0,0,0,0,0,0,0,0,0,0,0
5710,C3D8,0.327085,0,0,0,0,0,0,0,0,0,0,0,0
5711,C3D8,0.327086,0,0,0,0,0,0,0,0,0,0,0,0
5712,C3D8,0.327085,0,0,0,0,0,0,0,0,0,0,0,0
5713,C3D8,0.327085,0,0,0,0,0,0,0,0,0,0,0,0
5714,C3D8,0.327085,0,0,0,0,0,0,0,0,0,0,0,0
5715,C3D8,0.327086,0,0,0,0,0,0,0,0,0,0,0,0
5716,C3D8,0.327085,0,0,0,0,0,0,0,0,0,0,0,0
5717,C3D8,0.327085,0,0,0,0,0,0,0,0,0,0,0,0
5718,C3D8,0.327085,0,0,0,0,0,0,0,0,0,0,0,0
5719,C3D8,0.327086,0,0,0,0,0,0,0,0,0,0,0,0
5720,C3D8,0.327084,0,0,0,0,0,0,0,0,0,0,0,0
5721,C3D8,0.327088,0,0,0,0,0,0,0,0,0,0,0,0
5722,C3D8,0.327085,0,0,0,0,0,0,0,0,0,0,0,0
5723,C3D8,0.327085,0,0,0,0,0,0,0,0,0,0,0,0
5724,C3D8,0.327085,0,0,0,0,0,0,0,0,0,0,0,0
5725,C3D8,0.327085,0,0,0,0,0,0,0,0,0,0,0,0
5726,C3D8,0.327085,0,0,0,0,0,0,0,0,0,0,0,0
5727,C3D8,0.327085,0,0,0,0,0,0,0,0,0,0,0,0
5728,C3D8,0.327085,0,0,0,0,0,0,0,0,0,0,0,0
5729,C3D8,0.327085,0,0,0,0,0,0,0,0,0,0,0,0
5730,C3D8,0.327085,0,0,0,0,0,0,0,0,0,0,0,0
5731,C3D8,0.327085,0,0,0,0,0,0,0,0,0,0,0,0
5732,C3D8,0.327085,0,0,0,0,0,0,0,0,0,0,0,0
5733,C3D8,0.327085,0,0,0,0,0,0,0,0,0,0,0,0
5734,C3D8,0.327085,0,0,0,0,0,0,0,0,0,0,0,0
5735,C3D8,0.327085,0,0,0,0,0,0,0,0,0,0,0,0
5736,C3D8,0.327085,0,0,0,0,0,0,0,0,0,0,0,0
5737,C3D8,0.327085,0,0,0,0,0,0,0,0,0,0,0,0
5738,C3D8,0.327085,0,0,0,0,0,0,0,0,0,0,0,0
5739,C3D8,0.327085,0,0,0,0,0,0,0,0,0,0,0,0
5740,C3D8,0.327085,0,0,0,0,0,0,0,0,0,0,0,0
5741,C3D8,0.327085,0,0,0,0,0,0,0,0,0,0,0,0
5742,C3D8,0.327086,0,0,0,0,0,0,0,0,0,0,0,0
5743,C3D8,0.327085,0,0,0,0,0,0,0,0,0,0,0,0
5744,C3D8,0.327085,0,0,0,0,0,0,0,0,0,0,0,0
5745,C3D8,0.327086,0,0,0,0,0,0,0,0,0,0,0,0
5746,C3D8,0.327085,0,0,0,0,0,0,0,0,0,0,0,0
5747,C3D8,0.327085,0,0,0,0,0,0,0,0,0,0,0,0
5748,C3D8,0.327085,0,0,0,0,0,0,0,0,0,0,0,0
5749,C3D8,0.327086,0,0,0,0,0,0,0,0,0,0,0,0
5750,C3D8,0.327085,0,0,0,0,0,0,0,0,0,0,0,0
5751,C3D8,0.327085,0,0,0,0,0,0,0,0,0,0,0,0
5752,C3D8,0.327085,0,0,0,0,0,0,0,0,0,0,0,0
5753,C3D8,0.327086,0,0,0,0,0,0,0,0,0,0,0,0
5754,C3D8,0.327085,0,0,0,0,0,0,0,0,0,0,0,0
5755,C3D8,0.327085,0,0,0,0,0,0,0,0,0,0,0,0
5756,C3D8,0.327085,0,0,0,0,0,0,0,0,0,0,0,0
5757,C3D8,0.327086,0,0,0,0,0,0,0,0,0,0,0,0
5758,C3D8,0.327085,0,0,0,0,0,0,0,0,0,0,0,0
5759,C3D8,0.327085,0,0,0,0,0,0,0,0,0,0,0,0
5760,C3D8,0.327086,0,0,0,0,0,0,0,0,0,0,0,0
5761,C3D8,0.327085,0,0,0,0,0,0,0,0,0,0,0,0
5762,C3D8,0.327085,0,0,0,0,0,0,0,0,0,0,0,0
5763,C3D8,0.327085,0,0,0,0,0,0,0,0,0,0,0,0
5764,C3D8,0.327086,0,0,0,0,0,0,0,0,0,0,0,0
5765,C3D8,0.327085,0,0,0,0,0,0,0,0,0,0,0,0
5766,C3D8,0.327085,0,0,0,0,0,0,0,0,0,0,0,0
5767,C3D8,0.327085,0,0,0,0,0,0,0,0,0,0,0,0
5768,C3D8,0.327086,0,0,0,0,0,0,0,0,0,0,0,0
5769,C3D8,0.327085,0,0,0,0,0,0,0,0,0,0,0,0
5770,C3D8,0.327085,0,0,0,0,0,0,0,0,0,0,0,0
5771,C3D8,0.327085,0,0,0,0,0,0,0,0,0,0,0,0
5772,C3D8,0.327086,0,0,0,0,0,0,0,0,0,0,0,0
5773,C3D8,0.327084,0,0,0,0,0,0,0,0,0,0,0,0
5774,C3D8,0.327087,0,0,0,0,0,0,0,0,0,0,0,0
5775,C3D8,0.327085,0,0,0,0,0,0,0,0,0,0,0,0
5776,C3D8,0.327085,0,0,0,0,0,0,0,0,0,0,0,0
5777,C3D8,0.327085,0,0,0,0,0,0,0,0,0,0,0,0
5778,C3D8,0.327086,0,0,0,0,0,0,0,0,0,0,0,0
5779,C3D8,0.327085,0,0,0,0,0,0,0,0,0,0,0,0
5780,C3D8,0.327086,0,0,0,0,0,0,0,0,0,0,0,0
5781,C3D8,0.327085,0,0,0,0,0,0,0,0,0,0,0,0
5782,C3D8,0.327086,0,0,0,0,0,0,0,0,0,0,0,0
5783,C3D8,0.327085,0,0,0,0,0,0,0,0,0,0,0,0
5784,C3D8,0.327086,0,0,0,0,0,0,0,0,0,0,0,0
5785,C3D8,0.327085,0,0,0,0,0,0,0,0,0,0,0,0
5786,C3D8,0.327086,0,0,0,0,0,0,0,0,0,0,0,0
5787,C3D8,0.327085,0,0,0,0,0,0,0,0,0,0,0,0
5788,C3D8,0.327086,0,0,0,0,0,0,0,0,0,0,0,0
5789,C3D8,0.327085,0,0,0,0,0,0,0,0,0,0,0,0
5790,C3D8,0.327086,0,0,0,0,0,0,0,0,0,0,0,0
5791,C3D8,0.327085,0,0,0,0,0,0,0,0,0,0,0,0
5792,C3D8,0.327086,0,0,0,0,0,0,0,0,0,0,0,0
5793,C3D8,0.327085,0,0,0,0,0,0,0,0,0,0,0,0
5794,C3D8,0.327085,0,0,0,0,0,0,0,0,0,0,0,0
5795,C3D8,0.327086,0,0,0,0,0,0,0,0,0,0,0,0
5796,C3D8,0.327085,0,0,0,0,0,0,0,0,0,0,0,0
5797,C3D8,0.327085,0,0,0,0,0,0,0,0,0,0,0,0
5798,C3D8,0.327086,0,0,0,0,0,0,0,0,0,0,0,0
5799,C3D8,0.327085,0,0,0,0,0,0,0,0,0,0,0,0
5800,C3D8,0.327085,0,0,0,0,0,0,0,0,0,0,0,0
5801,C3D8,0.327085,0,0,0,0,0,0,0,0,0,0,0,0
5802,C3D8,0.327086,0,0,0,0,0,0,0,0,0,0,0,0
5803,C3D8,0.327085,0,0,0,0,0,0,0,0,0,0,0,0
5804,C3D8,0.327085,0,0,0,0,0,0,0,0,0,0,0,0
5805,C3D8,0.327085,0,0,0,0,0,0,0,0,0,0,0,0
5806,C3D8,0.327086,0,0,0,0,0,0,0,0,0,0,0,0
5807,C3D8,0.327085,0,0,0,0,0,0,0,0,0,0,0,0
5808,C3D8,0.327085,0,0,0,0,0,0,0,0,0,0,0,0
5809,C3D8,0.327085,0,0,0,0,0,0,0,0,0,0,0,0
5810,C3D8,0.327086,0,0,0,0,0,0,0,0,0,0,0,0
5811,C3D8,0.327085,0,0,0,0,0,0,0,0,0,0,0,0
5812,C3D8,0.327085,0,0,0,0,0,0,0,0,0,0,0,0
5813,C3D8,0.327086,0,0,0,0,0,0,0,0,0,0,0,0
5814,C3D8,0.327085,0,0,0,0,0,0,0,0,0,0,0,0
5815,C3D8,0.327085,0,0,0,0,0,0,0,0,0,0,0,0
5816,C3D8,0.327085,0,0,0,0,0,0,0,0,0,0,0,0
5817,C3D8,0.327086,0,0,0,0,0,0,0,0,0,0,0,0
5818,C3D8,0.327085,0,0,0,0,0,0,0,0,0,0,0,0
5819,C3D8,0.327085,0,0,0,0,0,0,0,0,0,0,0,0
5820,C3D8,0.327085,0,0,0,0,0,0,0,0,0,0,0,0
5821,C3D8,0.327086,0,0,0,0,0,0,0,0,0,0,0,0
5822,C3D8,0.327085,0,0,0,0,0,0,0,0,0,0,0,0
5823,C3D8,0.327085,0,0,0,0,0,0,0,0,0,0,0,0
5824,C3D8,0.327085,0,0,0,0,0,0,0,0,0,0,0,0
5825,C3D8,0.327086,0,0,0,0,0,0,0,0,0,0,0,0
5826,C3D8,0.327084,0,0,0,0,0,0,0,0,0,0,0,0
5827,C3D8,0.327088,0,0,0,0,0,0,0,0,0,0,0,0
5828,C3D8,0.327085,0,0,0,0,0,0,0,0,0,0,0,0
5829,C3D8,0.327085,0,0,0,0,0,0,0,0,0,0,0,0
5830,C3D8,0.327085,0,0,0,0,0,0,0,0,0,0,0,0
5831,C3D8,0.327085,0,0,0,0,0,0,0,0,0,0,0,0
5832,C3D8,0.327085,0,0,0,0,0,0,0,0,0,0,0,0
5833,C3D8,0.327085,0,0,0,0,0,0,0,0,0,0,0,0
5834,C3D8,0.327085,0,0,0,0,0,0,0,0,0,0,0,0
5835,C3D8,0.327085,0,0,0,0,0,0,0,0,0,0,0,0
5836,C3D8,0.327085,0,0,0,0,0,0,0,0,0,0,0,0
5837,C3D8,0.327085,0,0,0,0,0,0,0,0,0,0,0,0
5838,C3D8,0.327085,0,0,0,0,0,0,0,0,0,0,0,0
5839,C3D8,0.327085,0,0,0,0,0,0,0,0,0,0,0,0
5840,C3D8,0.327085,0,0,0,0,0,0,0,0,0,0,0,0
5841,C3D8,0.327085,0,0,0,0,0,0,0,0,0,0,0,0
5842,C3D8,0.327085,0,0,0,0,0,0,0,0,0,0,0,0
5843,C3D8,0.327085,0,0,0,0,0,0,0,0,0,0,0,0
5844,C3D8,0.327085,0,0,0,0,0,0,0,0,0,0,0,0
5845,C3D8,0.327085,0,0,0,0,0,0,0,0,0,0,0,0
5846,C3D8,0.327085,0,0,0,0,0,0,0,0,0,0,0,0
5847,C3D8,0.327085,0,0,0,0,0,0,0,0,0,0,0,0
5848,C3D8,0.327086,0,0,0,0,0,0,0,0,0,0,0,0
5849,C3D8,0.327085,0,0,0,0,0,0,0,0,0,0,0,0
5850,C3D8,0.327085,0,0,0,0,0,0,0,0,0,0,0,0
5851,C3D8,0.327086,0,0,0,0,0,0,0,0,0,0,0,0
5852,C3D8,0.327085,0,0,0,0,0,0,0,0,0,0,0,0
5853,C3D8,0.327085,0,0,0,0,0,0,0,0,0,0,0,0
5854,C3D8,0.327085,0,0,0,0,0,0,0,0,0,0,0,0
5855,C3D8,0.327086,0,0,0,0,0,0,0,0,0,0,0,0
5856,C3D8,0.327085,0,0,0,0,0,0,0,0,0,0,0,0
5857,C3D8,0.327085,0,0,0,0,0,0,0,0,0,0,0,0
5858,C3D8,0.327085,0,0,0,0,0,0,0,0,0,0,0,0
5859,C3D8,0.327086,0,0,0,0,0,0,0,0,0,0,0,0
5860,C3D8,0.327085,0,0,0,0,0,0,0,0,0,0,0,0
5861,C3D8,0.327085,0,0,0,0,0,0,0,0,0,0,0,0
5862,C3D8,0.327085,0,0,0,0,0,0,0,0,0,0,0,0
5863,C3D8,0.327086,0,0,0,0,0,0,0,0,0,0,0,0
5864,C3D8,0.327085,0,0,0,0,0,0,0,0,0,0,0,0
5865,C3D8,0.327085,0,0,0,0,0,0,0,0,0,0,0,0
5866,C3D8,0.327086,0,0,0,0,0,0,0,0,0,0,0,0
5867,C3D8,0.327085,0,0,0,0,0,0,0,0,0,0,0,0
5868,C3D8,0.327085,0,0,0,0,0,0,0,0,0,0,0,0
5869,C3D8,0.327085,0,0,0,0,0,0,0,0,0,0,0,0
5870,C3D8,0.327086,0,0,0,0,0,0,0,0,0,0,0,0
5871,C3D8,0.327085,0,0,0,0,0,0,0,0,0,0,0,0
5872,C3D8,0.327085,0,0,0,0,0,0,0,0,0,0,0,0
5873,C3D8,0.327085,0,0,0,0,0,0,0,0,0,0,0,0
5874,C3D8,0.327086,0,0,0,0,0,0,0,0,0,0,0,0
5875,C3D8,0.327085,0,0,0,0,0,0,0,0,0,0,0,0
5876,C3D8,0.327085,0,0,0,0,0,0,0,0,0,0,0,0
5877,C3D8,0.327085,0,0,0,0,0,0,0,0,0,0,0,0
5878,C3D8,0.327086,0,0,0,0,0,0,0,0,0,0,0,0
5879,C3D8,0.327084,0,0,0,0,0,0,0,0,0,0,0,0
5880,C3D8,0.327087,0,0,0,0,0,0,0,0,0,0,0,0
5881,C3D8,0.327085,0,0,0,0,0,0,0,0,0,0,0,0
5882,C3D8,0.327085,0,0,0,0,0,0,0,0,0,0,0,0
5883,C3D8,0.327085,0,0,0,0,0,0,0,0,0,0,0,0
5884,C3D8,0.327086,0,0,0,0,0,0,0,0,0,0,0,0
5885,C3D8,0.327085,0,0,0,0,0,0,0,0,0,0,0,0
5886,C3D8,0.327086,0,0,0,0,0,0,0,0,0,0,0,0
5887,C3D8,0.327085,0,0,0,0,0,0,0,0,0,0,0,0
5888,C3D8,0.327086,0,0,0,0,0,0,0,0,0,0,0,0
5889,C3D8,0.327085,0,0,0,0,0,0,0,0,0,0,0,0
5890,C3D8,0.327086,0,0,0,0,0,0,0,0,0,0,0,0
5891,C3D8,0.327085,0,0,0,0,0,0,0,0,0,0,0,0
5892,C3D8,0.327086,0,0,0,0,0,0,0,0,0,0,0,0
5893,C3D8,0.327085,0,0,0,0,0,0,0,0,0,0,0,0
5894,C3D8,0.327086,0,0,0,0,0,0,0,0,0,0,0,0
5895,C3D8,0.327085,0,0,0,0,0,0,0,0,0,0,0,0
5896,C3D8,0.327086,0,0,0,0,0,0,0,0,0,0,0,0
5897,C3D8,0.327085,0,0,0,0,0,0,0,0,0,0,0,0
5898,C3D8,0.327086,0,0,0,0,0,0,0,0,0,0,0,0
5899,C3D8,0.327085,0,0,0,0,0,0,0,0,0,0,0,0
5900,C3D8,0.327085,0,0,0,0,0,0,0,0,0,0,0,0
5901,C3D8,0.327087,0,0,0,0,0,0,0,0,0,0,0,0
5902,C3D8,0.327085,0,0,0,0,0,0,0,0,0,0,0,0
5903,C3D8,0.327085,0,0,0,0,0,0,0,0,0,0,0,0
5904,C3D8,0.327087,0,0,0,0,0,0,0,0,0,0,0,0
5905,C3D8,0.327085,0,0,0,0,0,0,0,0,0,0,0,0
5906,C3D8,0.327085,0,0,0,0,0,0,0,0,0,0,0,0
5907,C3D8,0.327085,0,0,0,0,0,0,0,0,0,0,0,0
5908,C3D8,0.327087,0,0,0,0,0,0,0,0,0,0,0,0
5909,C3D8,0.327085,0,0,0,0,0,0,0,0,0,0,0,0
5910,C3D8,0.327085,0,0,0,0,0,0,0,0,0,0,0,0
5911,C3D8,0.327085,0,0,0,0,0,0,0,0,0,0,0,0
5912,C3D8,0.327087,0,0,0,0,0,0,0,0,0,0,0,0
5913,C3D8,0.327085,0,0,0,0,0,0,0,0,0,0,0,0
5914,C3D8,0.327085,0,0,0,0,0,0,0,0,0,0,0,0
5915,C3D8,0.327085,0,0,0,0,0,0,0,0,0,0,0,0
5916,C3D8,0.327087,0,0,0,0,0,0,0,0,0,0,0,0
5917,C3D8,0.327085,0,0,0,0,0,0,0,0,0,0,0,0
5918,C3D8,0.327085,0,0,0,0,0,0,0,0,0,0,0,0
5919,C3D8,0.327087,0,0,0,0,0,0,0,0,0,0,0,0
5920,C3D8,0.327085,0,0,0,0,0,0,0,0,0,0,0,0
5921,C3D8,0.327085,0,0,0,0,0,0,0,0,0,0,0,0
5922,C3D8,0.327085,0,0,0,0,0,0,0,0,0,0,0,0
5923,C3D8,0.327087,0,0,0,0,0,0,0,0,0,0,0,0
5924,C3D8,0.327085,0,0,0,0,0,0,0,0,0,0,0,0
5925,C3D8,0.327085,0,0,0,0,0,0,0,0,0,0,0,0
5926,C3D8,0.327085,0,0,0,0,0,0,0,0,0,0,0,0
5927,C3D8,0.327087,0,0,0,0,0,0,0,0,0,0,0,0
5928,C3D8,0.327085,0,0,0,0,0,0,0,0,0,0,0,0
5929,C3D8,0.327085,0,0,0,0,0,0,0,0,0,0,0,0
5930,C3D8,0.327085,0,0,0,0,0,0,0,0,0,0,0,0
5931,C3D8,0.327087,0,0,0,0,0,0,0,0,0,0,0,0
5932,C3D8,0.327084,0,0,0,0,0,0,0,0,0,0,0,0
5933,C3D8,0.327088,0,0,0,0,0,0,0,0,0,0,0,0
5934,C3D8,0.327085,0,0,0,0,0,0,0,0,0,0,0,0
5935,C3D8,0.327085,0,0,0,0,0,0,0,0,0,0,0,0
5936,C3D8,0.327085,0,0,0,0,0,0,0,0,0,0,0,0
5937,C3D8,0.327085,0,0,0,0,0,0,0,0,0,0,0,0
5938,C3D8,0.327085,0,0,0,0,0,0,0,0,0,0,0,0
5939,C3D8,0.327085,0,0,0,0,0,0,0,0,0,0,0,0
5940,C3D8,0.327085,0,0,0,0,0,0,0,0,0,0,0,0
5941,C3D8,0.327085,0,0,0,0,0,0,0,0,0,0,0,0
5942,C3D8,0.327085,0,0,0,0,0,0,0,0,0,0,0,0
5943,C3D8,0.327085,0,0,0,0,0,0,0,0,0,0,0,0
5944,C3D8,0.327085,0,0,0,0,0,0,0,0,0,0,0,0
5945,C3D8,0.327085,0,0,0,0,0,0,0,0,0,0,0,0
5946,C3D8,0.327085,0,0,0,0,0,0,0,0,0,0,0,0
5947,C3D8,0.327085,0,0,0,0,0,0,0,0,0,0,0,0
5948,C3D8,0.327085,0,0,0,0,0,0,0,0,0,0,0,0
5949,C3D8,0.327085,0,0,0,0,0,0,0,0,0,0,0,0
5950,C3D8,0.327085,0,0,0,0,0,0,0,0,0,0,0,0
5951,C3D8,0.327085,0,0,0,0,0,0,0,0,0,0,0,0
5952,C3D8,0.327085,0,0,0,0,0,0,0,0,0,0,0,0
5953,C3D8,0.327085,0,0,0,0,0,0,0,0,0,0,0,0
5954,C3D8,0.327086,0,0,0,0,0,0,0,0,0,0,0,0
5955,C3D8,0.327085,0,0,0,0,0,0,0,0,0,0,0,0
5956,C3D8,0.327085,0,0,0,0,0,0,0,0,0,0,0,0
5957,C3D8,0.327086,0,0,0,0,0,0,0,0,0,0,0,0
5958,C3D8,0.327085,0,0,0,0,0,0,0,0,0,0,0,0
5959,C3D8,0.327085,0,0,0,0,0,0,0,0,0,0,0,0
5960,C3D8,0.327085,0,0,0,0,0,0,0,0,0,0,0,0
5961,C3D8,0.327086,0,0,0,0,0,0,0,0,0,0,0,0
5962,C3D8,0.327085,0,0,0,0,0,0,0,0,0,0,0,0
5963,C3D8,0.327085,0,0,0,0,0,0,0,0,0,0,0,0
5964,C3D8,0.327085,0,0,0,0,0,0,0,0,0,0,0,0
5965,C3D8,0.327086,0,0,0,0,0,0,0,0,0,0,0,0
5966,C3D8,0.327085,0,0,0,0,0,0,0,0,0,0,0,0
5967,C3D8,0.327085,0,0,0,0,0,0,0,0,0,0,0,0
5968,C3D8,0.327085,0,0,0,0,0,0,0,0,0,0,0,0
5969,C3D8,0.327086,0,0,0,0,0,0,0,0,0,0,0,0
5970,C3D8,0.327085,0,0,0,0,0,0,0,0,0,0,0,0
5971,C3D8,0.327085,0,0,0,0,0,0,0,0,0,0,0,0
5972,C3D8,0.327086,0,0,0,0,0,0,0,0,0,0,0,0
5973,C3D8,0.327085,0,0,0,0,0,0,0,0,0,0,0,0
5974,C3D8,0.327085,0,0,0,0,0,0,0,0,0,0,0,0
5975,C3D8,0.327085,0,0,0,0,0,0,0,0,0,0,0,0
5976,C3D8,0.327086,0,0,0,0,0,0,0,0,0,0,0,0
5977,C3D8,0.327085,0,0,0,0,0,0,0,0,0,0,0,0
5978,C3D8,0.327085,0,0,0,0,0,0,0,0,0,0,0,0
5979,C3D8,0.327085,0,0,0,0,0,0,0,0,0,0,0,0
5980,C3D8,0.327086,0,0,0,0,0,0,0,0,0,0,0,0
5981,C3D8,0.327085,0,0,0,0,0,0,0,0,0,0,0,0
5982,C3D8,0.327085,0,0,0,0,0,0,0,0,0,0,0,0
5983,C3D8,0.327085,0,0,0,0,0,0,0,0,0,0,0,0
5984,C3D8,0.327086,0,0,0,0,0,0,0,0,0,0,0,0
5985,C3D8,0.327084,0,0,0,0,0,0,0,0,0,0,0,0
5986,C3D8,0.327087,0,0,0,0,0,0,0,0,0,0,0,0
5987,C3D8,0.327085,0,0,0,0,0,0,0,0,0,0,0,0
5988,C3D8,0.327085,0,0,0,0,0,0,0,0,0,0,0,0
5989,C3D8,0.327085,0,0,0,0,0,0,0,0,0,0,0,0
5990,C3D8,0.327085,0,0,0,0,0,0,0,0,0,0,0,0
5991,C3D8,0.327085,0,0,0,0,0,0,0,0,0,0,0,0
5992,C3D8,0.327085,0,0,0,0,0,0,0,0,0,0,0,0
5993,C3D8,0.327085,0,0,0,0,0,0,0,0,0,0,0,0
5994,C3D8,0.327085,0,0,0,0,0,0,0,0,0,0,0,0
5995,C3D8,0.327085,0,0,0,0,0,0,0,0,0,0,0,0
5996,C3D8,0.327085,0,0,0,0,0,0,0,0,0,0,0,0
5997,C3D8,0.327085,0,0,0,0,0,0,0,0,0,0,0,0
5998,C3D8,0.327085,0,0,0,0,0,0,0,0,0,0,0,0
5999,C3D8,0.327085,0,0,0,0,0,0,0,0,0,0,0,0
6000,C3D8,0.327085,0,0,0,0,0,0,0,0,0,0,0,0
6001,C3D8,0.327085,0,0,0,0,0,0,0,0,0,0,0,0
6002,C3D8,0.327085,0,0,0,0,0,0,0,0,0,0,0,0
6003,C3D8,0.327085,0,0,0,0,0,0,0,0,0,0,0,0
6004,C3D8,0.327085,0,0,0,0,0,0,0,0,0,0,0,0
6005,C3D8,0.327085,0,0,0,0,0,0,0,0,0,0,0,0
6006,C3D8,0.327085,0,0,0,0,0,0,0,0,0,0,0,0
6007,C3D8,0.327086,0,0,0,0,0,0,0,0,0,0,0,0
6008,C3D8,0.327085,0,0,0,0,0,0,0,0,0,0,0,0
6009,C3D8,0.327085,0,0,0,0,0,0,0,0,0,0,0,0
6010,C3D8,0.327086,0,0,0,0,0,0,0,0,0,0,0,0
6011,C3D8,0.327085,0,0,0,0,0,0,0,0,0,0,0,0
6012,C3D8,0.327085,0,0,0,0,0,0,0,0,0,0,0,0
6013,C3D8,0.327085,0,0,0,0,0,0,0,0,0,0,0,0
6014,C3D8,0.327086,0,0,0,0,0,0,0,0,0,0,0,0
6015,C3D8,0.327085,0,0,0,0,0,0,0,0,0,0,0,0
6016,C3D8,0.327085,0,0,0,0,0,0,0,0,0,0,0,0
6017,C3D8,0.327085,0,0,0,0,0,0,0,0,0,0,0,0
6018,C3D8,0.327086,0,0,0,0,0,0,0,0,0,0,0,0
6019,C3D8,0.327085,0,0,0,0,0,0,0,0,0,0,0,0
6020,C3D8,0.327085,0,0,0,0,0,0,0,0,0,0,0,0
6021,C3D8,0.327085,0,0,0,0,0,0,0,0,0,0,0,0
6022,C3D8,0.327086,0,0,0,0,0,0,0,0,0,0,0,0
6023,C3D8,0.327085,0,0,0,0,0,0,0,0,0,0,0,0
6024,C3D8,0.327085,0,0,0,0,0,0,0,0,0,0,0,0
6025,C3D8,0.327086,0,0,0,0,0,0,0,0,0,0,0,0
6026,C3D8,0.327085,0,0,0,0,0,0,0,0,0,0,0,0
6027,C3D8,0.327085,0,0,0,0,0,0,0,0,0,0,0,0
6028,C3D8,0.327085,0,0,0,0,0,0,0,0,0,0,0,0
6029,C3D8,0.327086,0,0,0,0,0,0,0,0,0,0,0,0
6030,C3D8,0.327085,0,0,0,0,0,0,0,0,0,0,0,0
6031,C3D8,0.327085,0,0,0,0,0,0,0,0,0,0,0,0
6032,C3D8,0.327085,0,0,0,0,0,0,0,0,0,0,0,0
6033,C3D8,0.327086,0,0,0,0,0,0,0,0,0,0,0,0
6034,C3D8,0.327085,0,0,0,0,0,0,0,0,0,0,0,0
6035,C3D8,0.327085,0,0,0,0,0,0,0,0,0,0,0,0
6036,C3D8,0.327085,0,0,0,0,0,0,0,0,0,0,0,0
6037,C3D8,0.327086,0,0,0,0,0,0,0,0,0,0,0,0
6038,C3D8,0.327084,0,0,0,0,0,0,0,0,0,0,0,0
6039,C3D8,0.327087,0,0,0,0,0,0,0,0,0,0,0,0
6040,C3D8,0.327085,0,0,0,0,0,0,0,0,0,0,0,0
6041,C3D8,0.327085,0,0,0,0,0,0,0,0,0,0,0,0
6042,C3D8,0.327085,0,0,0,0,0,0,0,0,0,0,0,0
6043,C3D8,0.0455076,0,0,0,0,0,0,0,0,0,0,0,0
6044,C3D8,0.0455076,0,0,0,0,0,0,0,0,0,0,0,0
6045,C3D8,0.0455076,0,0,0,0,0,0,0,0,0,0,0,0
6046,C3D8,0.04552,0,0,0,0,0,0,0,0,0,0,0,0
6047,C3D8,0.04552,0,0,0,0,0,0,0,0,0,0,0,0
6048,C3D8,0.04552,0,0,0,0,0,0,0,0,0,0,0,0
6049,C3D8,0.0455318,0,0,0,0,0,0,0,0,0,0,0,0
6050,C3D8,0.0455318,0,0,0,0,0,0,0,0,0,0,0,0
6051,C3D8,0.0455318,0,0,0,0,0,0,0,0,0,0,0,0
6052,C3D8,0.0455428,0,0,0,0,0,0,0,0,0,0,0,0
6053,C3D8,0.0455428,0,0,0,0,0,0,0,0,0,0,0,0
6054,C3D8,0.0455428,0,0,0,0,0,0,0,0,0,0,0,0
6055,C3D8,0.0455527,0,0,0,0,0,0,0,0,0,0,0,0
6056,C3D8,0.0455527,0,0,0,0,0,0,0,0,0,0,0,0
6057,C3D8,0.0455527,0,0,0,0,0,0,0,0,0,0,0,0
6058,C3D8,0.0455619,0,0,0,0,0,0,0,0,0,0,0,0
6059,C3D8,0.0455619,0,0,0,0,0,0,0,0,0,0,0,0
6060,C3D8,0.0455619,0,0,0,0,0,0,0,0,0,0,0,0
6061,C3D8,0.0455704,0,0,0,0,0,0,0,0,0,0,0,0
6062,C3D8,0.0455704,0,0,0,0,0,0,0,0,0,0,0,0
6063,C3D8,0.0455704,0,0,0,0,0,0,0,0,0,0,0,0
6064,C3D8,0.0455779,0,0,0,0,0,0,0,0,0,0,0,0
6065,C3D8,0.0455779,0,0,0,0,0,0,0,0,0,0,0,0
6066,C3D8,0.0455779,0,0,0,0,0,0,0,0,0,0,0,0
6067,C3D8,0.0455845,0,0,0,0,0,0,0,0,0,0,0,0
6068,C3D8,0.0455845,0,0,0,0,0,0,0,0,0,0,0,0
6069,C3D8,0.0455845,0,0,0,0,0,0,0,0,0,0,0,0
6070,C3D8,0.0455904,0,0,0,0,0,0,0,0,0,0,0,0
6071,C3D8,0.0455904,0,0,0,0,0,0,0,0,0,0,0,0
6072,C3D8,0.0455904,0,0,0,0,0,0,0,0,0,0,0,0
6073,C3D8,0.0455955,0,0,0,0,0,0,0,0,0,0,0,0
6074,C3D8,0.0455955,0,0,0,0,0,0,0,0,0,0,0,0
6075,C3D8,0.0455955,0,0,0,0,0,0,0,0,0,0,0,0
6076,C3D8,0.0455997,0,0,0,0,0,0,0,0,0,0,0,0
6077,C3D8,0.0455997,0,0,0,0,0,0,0,0,0,0,0,0
6078,C3D8,0.0455997,0,0,0,0,0,0,0,0,0,0,0,0
6079,C3D8,0.045603,0,0,0,0,0,0,0,0,0,0,0,0
6080,C3D8,0.045603,0,0,0,0,0,0,0,0,0,0,0,0
6081,C3D8,0.045603,0,0,0,0,0,0,0,0,0,0,0,0
6082,C3D8,0.0456055,0,0,0,0,0,0,0,0,0,0,0,0
6083,C3D8,0.0456055,0,0,0,0,0,0,0,0,0,0,0,0
6084,C3D8,0.0456055,0,0,0,0,0,0,0,0,0,0,0,0
6085,C3D8,0.0456072,0,0,0,0,0,0,0,0,0,0,0,0
6086,C3D8,0.0456072,0,0,0,0,0,0,0,0,0,0,0,0
6087,C3D8,0.0456072,0,0,0,0,0,0,0,0,0,0,0,0
6088,C3D8,0.045608,0,0,0,0,0,0,0,0,0,0,0,0
6089,C3D8,0.045608,0,0,0,0,0,0,0,0,0,0,0,0
6090,C3D8,0.045608,0,0,0,0,0,0,0,0,0,0,0,0
6091,C3D8,0.0543417,0,0,0,0,0,0,0,0,0,0,0,0
6092,C3D8,0.0543417,0,0,0,0,0,0,0,0,0,0,0,0
6093,C3D8,0.0543417,0,0,0,0,0,0,0,0,0,0,0,0
6094,C3D8,0.0543463,0,0,0,0,0,0,0,0,0,0,0,0
6095,C3D8,0.0543463,0,0,0,0,0,0,0,0,0,0,0,0
6096,C3D8,0.0543462,0,0,0,0,0,0,0,0,0,0,0,0
6097,C3D8,0.0543505,0,0,0,0,0,0,0,0,0,0,0,0
6098,C3D8,0.0543505,0,0,0,0,0,0,0,0,0,0,0,0
6099,C3D8,0.0543505,0,0,0,0,0,0,0,0,0,0,0,0
6100,C3D8,0.0543545,0,0,0,0,0,0,0,0,0,0,0,0
6101,C3D8,0.0543545,0,0,0,0,0,0,0,0,0,0,0,0
6102,C3D8,0.0543545,0,0,0,0,0,0,0,0,0,0,0,0
6103,C3D8,0.0543582,0,0,0,0,0,0,0,0,0,0,0,0
6104,C3D8,0.0543581,0,0,0,0,0,0,0,0,0,0,0,0
6105,C3D8,0.0543581,0,0,0,0,0,0,0,0,0,0,0,0
6106,C3D8,0.0543615,0,0,0,0,0,0,0,0,0,0,0,0
6107,C3D8,0.0543615,0,0,0,0,0,0,0,0,0,0,0,0
6108,C3D8,0.0543615,0,0,0,0,0,0,0,0,0,0,0,0
6109,C3D8,0.0543646,0,0,0,0,0,0,0,0,0,0,0,0
6110,C3D8,0.0543646,0,0,0,0,0,0,0,0,0,0,0,0
6111,C3D8,0.0543646,0,0,0,0,0,0,0,0,0,0,0,0
6112,C3D8,0.0543673,0,0,0,0,0,0,0,0,0,0,0,0
6113,C3D8,0.0543673,0,0,0,0,0,0,0,0,0,0,0,0
6114,C3D8,0.0543673,0,0,0,0,0,0,0,0,0,0,0,0
6115,C3D8,0.0543698,0,0,0,0,0,0,0,0,0,0,0,0
6116,C3D8,0.0543698,0,0,0,0,0,0,0,0,0,0,0,0
6117,C3D8,0.0543698,0,0,0,0,0,0,0,0,0,0,0,0
6118,C3D8,0.0543719,0,0,0,0,0,0,0,0,0,0,0,0
6119,C3D8,0.0543719,0,0,0,0,0,0,0,0,0,0,0,0
6120,C3D8,0.0543719,0,0,0,0,0,0,0,0,0,0,0,0
6121,C3D8,0.0543738,0,0,0,0,0,0,0,0,0,0,0,0
6122,C3D8,0.0543738,0,0,0,0,0,0,0,0,0,0,0,0
6123,C3D8,0.0543738,0,0,0,0,0,0,0,0,0,0,0,0
6124,C3D8,0.0543753,0,0,0,0,0,0,0,0,0,0,0,0
6125,C3D8,0.0543753,0,0,0,0,0,0,0,0,0,0,0,0
6126,C3D8,0.0543753,0,0,0,0,0,0,0,0,0,0,0,0
6127,C3D8,0.0543765,0,0,0,0,0,0,0,0,0,0,0,0
6128,C3D8,0.0543765,0,0,0,0,0,0,0,0,0,0,0,0
6129,C3D8,0.0543765,0,0,0,0,0,0,0,0,0,0,0,0
6130,C3D8,0.0543774,0,0,0,0,0,0,0,0,0,0,0,0
6131,C3D8,0.0543774,0,0,0,0,0,0,0,0,0,0,0,0
6132,C3D8,0.0543774,0,0,0,0,0,0,0,0,0,0,0,0
6133,C3D8,0.0543781,0,0,0,0,0,0,0,0,0,0,0,0
6134,C3D8,0.0543781,0,0,0,0,0,0,0,0,0,0,0,0
6135,C3D8,0.0543781,0,0,0,0,0,0,0,0,0,0,0,0
6136,C3D8,0.0543784,0,0,0,0,0,0,0,0,0,0,0,0
6137,C3D8,0.0543784,0,0,0,0,0,0,0,0,0,0,0,0
6138,C3D8,0.0543784,0,0,0,0,0,0,0,0,0,0,0,0
6139,C3D8,0.0631756,0,0,0,0,0,0,0,0,0,0,0,0
6140,C3D8,0.0631757,0,0,0,0,0,0,0,0,0,0,0,0
6141,C3D8,0.0631756,0,0,0,0,0,0,0,0,0,0,0,0
6142,C3D8,0.0631724,0,0,0,0,0,0,0,0,0,0,0,0
6143,C3D8,0.0631724,0,0,0,0,0,0,0,0,0,0,0,0
6144,C3D8,0.0631724,0,0,0,0,0,0,0,0,0,0,0,0
6145,C3D8,0.0631691,0,0,0,0,0,0,0,0,0,0,0,0
6146,C3D8,0.0631691,0,0,0,0,0,0,0,0,0,0,0,0
6147,C3D8,0.0631691,0,0,0,0,0,0,0,0,0,0,0,0
6148,C3D8,0.0631663,0,0,0,0,0,0,0,0,0,0,0,0
6149,C3D8,0.0631663,0,0,0,0,0,0,0,0,0,0,0,0
6150,C3D8,0.0631663,0,0,0,0,0,0,0,0,0,0,0,0
6151,C3D8,0.0631635,0,0,0,0,0,0,0,0,0,0,0,0
6152,C3D8,0.0631636,0,0,0,0,0,0,0,0,0,0,0,0
6153,C3D8,0.0631635,0,0,0,0,0,0,0,0,0,0,0,0
6154,C3D8,0.063161,0,0,0,0,0,0,0,0,0,0,0,0
6155,C3D8,0.063161,0,0,0,0,0,0,0,0,0,0,0,0
6156,C3D8,0.063161,0,0,0,0,0,0,0,0,0,0,0,0
6157,C3D8,0.0631589,0,0,0,0,0,0,0,0,0,0,0,0
6158,C3D8,0.0631589,0,0,0,0,0,0,0,0,0,0,0,0
6159,C3D8,0.0631589,0,0,0,0,0,0,0,0,0,0,0,0
6160,C3D8,0.0631568,0,0,0,0,0,0,0,0,0,0,0,0
6161,C3D8,0.0631569,0,0,0,0,0,0,0,0,0,0,0,0
6162,C3D8,0.0631568,0,0,0,0,0,0,0,0,0,0,0,0
6163,C3D8,0.0631551,0,0,0,0,0,0,0,0,0,0,0,0
6164,C3D8,0.0631551,0,0,0,0,0,0,0,0,0,0,0,0
6165,C3D8,0.0631551,0,0,0,0,0,0,0,0,0,0,0,0
6166,C3D8,0.0631535,0,0,0,0,0,0,0,0,0,0,0,0
6167,C3D8,0.0631535,0,0,0,0,0,0,0,0,0,0,0,0
6168,C3D8,0.0631535,0,0,0,0,0,0,0,0,0,0,0,0
6169,C3D8,0.0631521,0,0,0,0,0,0,0,0,0,0,0,0
6170,C3D8,0.0631521,0,0,0,0,0,0,0,0,0,0,0,0
6171,C3D8,0.0631521,0,0,0,0,0,0,0,0,0,0,0,0
6172,C3D8,0.063151,0,0,0,0,0,0,0,0,0,0,0,0
6173,C3D8,0.063151,0,0,0,0,0,0,0,0,0,0,0,0
6174,C3D8,0.063151,0,0,0,0,0,0,0,0,0,0,0,0
6175,C3D8,0.0631501,0,0,0,0,0,0,0,0,0,0,0,0
6176,C3D8,0.0631501,0,0,0,0,0,0,0,0,0,0,0,0
6177,C3D8,0.0631501,0,0,0,0,0,0,0,0,0,0,0,0
6178,C3D8,0.0631495,0,0,0,0,0,0,0,0,0,0,0,0
6179,C3D8,0.0631495,0,0,0,0,0,0,0,0,0,0,0,0
6180,C3D8,0.0631495,0,0,0,0,0,0,0,0,0,0,0,0
6181,C3D8,0.063149,0,0,0,0,0,0,0,0,0,0,0,0
6182,C3D8,0.063149,0,0,0,0,0,0,0,0,0,0,0,0
6183,C3D8,0.063149,0,0,0,0,0,0,0,0,0,0,0,0
6184,C3D8,0.0631488,0,0,0,0,0,0,0,0,0,0,0,0
6185,C3D8,0.0631488,0,0,0,0,0,0,0,0,0,0,0,0
6186,C3D8,0.0631488,0,0,0,0,0,0,0,0,0,0,0,0
6187,C3D8,0.0720097,0,0,0,0,0,0,0,0,0,0,0,0
6188,C3D8,0.0720097,0,0,0,0,0,0,0,0,0,0,0,0
6189,C3D8,0.0720097,0,0,0,0,0,0,0,0,0,0,0,0
6190,C3D8,0.0719985,0,0,0,0,0,0,0,0,0,0,0,0
6191,C3D8,0.0719985,0,0,0,0,0,0,0,0,0,0,0,0
6192,C3D8,0.0719985,0,0,0,0,0,0,0,0,0,0,0,0
6193,C3D8,0.0719878,0,0,0,0,0,0,0,0,0,0,0,0
6194,C3D8,0.0719878,0,0,0,0,0,0,0,0,0,0,0,0
6195,C3D8,0.0719878,0,0,0,0,0,0,0,0,0,0,0,0
6196,C3D8,0.0719781,0,0,0,0,0,0,0,0,0,0,0,0
6197,C3D8,0.0719781,0,0,0,0,0,0,0,0,0,0,0,0
6198,C3D8,0.0719781,0,0,0,0,0,0,0,0,0,0,0,0
6199,C3D8,0.0719689,0,0,0,0,0,0,0,0,0,0,0,0
6200,C3D8,0.0719689,0,0,0,0,0,0,0,0,0,0,0,0
6201,C3D8,0.0719689,0,0,0,0,0,0,0,0,0,0,0,0
6202,C3D8,0.0719606,0,0,0,0,0,0,0,0,0,0,0,0
6203,C3D8,0.0719606,0,0,0,0,0,0,0,0,0,0,0,0
6204,C3D8,0.0719606,0,0,0,0,0,0,0,0,0,0,0,0
6205,C3D8,0.0719532,0,0,0,0,0,0,0,0,0,0,0,0
6206,C3D8,0.0719532,0,0,0,0,0,0,0,0,0,0,0,0
6207,C3D8,0.0719532,0,0,0,0,0,0,0,0,0,0,0,0
6208,C3D8,0.0719463,0,0,0,0,0,0,0,0,0,0,0,0
6209,C3D8,0.0719463,0,0,0,0,0,0,0,0,0,0,0,0
6210,C3D8,0.0719463,0,0,0,0,0,0,0,0,0,0,0,0
6211,C3D8,0.0719404,0,0,0,0,0,0,0,0,0,0,0,0
6212,C3D8,0.0719404,0,0,0,0,0,0,0,0,0,0,0,0
6213,C3D8,0.0719403,0,0,0,0,0,0,0,0,0,0,0,0
6214,C3D8,0.0719349,0,0,0,0,0,0,0,0,0,0,0,0
6215,C3D8,0.0719349,0,0,0,0,0,0,0,0,0,0,0,0
6216,C3D8,0.0719349,0,0,0,0,0,0,0,0,0,0,0,0
6217,C3D8,0.0719305,0,0,0,0,0,0,0,0,0,0,0,0
6218,C3D8,0.0719305,0,0,0,0,0,0,0,0,0,0,0,0
6219,C3D8,0.0719305,0,0,0,0,0,0,0,0,0,0,0,0
6220,C3D8,0.0719267,0,0,0,0,0,0,0,0,0,0,0,0
6221,C3D8,0.0719267,0,0,0,0,0,0,0,0,0,0,0,0
6222,C3D8,0.0719267,0,0,0,0,0,0,0,0,0,0,0,0
6223,C3D8,0.0719236,0,0,0,0,0,0,0,0,0,0,0,0
6224,C3D8,0.0719236,0,0,0,0,0,0,0,0,0,0,0,0
6225,C3D8,0.0719236,0,0,0,0,0,0,0,0,0,0,0,0
6226,C3D8,0.0719213,0,0,0,0,0,0,0,0,0,0,0,0
6227,C3D8,0.0719213,0,0,0,0,0,0,0,0,0,0,0,0
6228,C3D8,0.0719213,0,0,0,0,0,0,0,0,0,0,0,0
6229,C3D8,0.0719198,0,0,0,0,0,0,0,0,0,0,0,0
6230,C3D8,0.0719198,0,0,0,0,0,0,0,0,0,0,0,0
6231,C3D8,0.0719198,0,0,0,0,0,0,0,0,0,0,0,0
6232,C3D8,0.0719191,0,0,0,0,0,0,0,0,0,0,0,0
6233,C3D8,0.0719191,0,0,0,0,0,0,0,0,0,0,0,0
6234,C3D8,0.0719191,0,0,0,0,0,0,0,0,0,0,0,0
6235,C3D8,0.0392307,0,0,0,0,0,0,0,0,0,0,0,0
6236,C3D8,0.0392307,0,0,0,0,0,0,0,0,0,0,0,0
6237,C3D8,0.0392307,0,0,0,0,0,0,0,0,0,0,0,0
6238,C3D8,0.039233,0,0,0,0,0,0,0,0,0,0,0,0
6239,C3D8,0.039233,0,0,0,0,0,0,0,0,0,0,0,0
6240,C3D8,0.0392329,0,0,0,0,0,0,0,0,0,0,0,0
6241,C3D8,0.039235,0,0,0,0,0,0,0,0,0,0,0,0
6242,C3D8,0.039235,0,0,0,0,0,0,0,0,0,0,0,0
6243,C3D8,0.039235,0,0,0,0,0,0,0,0,0,0,0,0
6244,C3D8,0.0392369,0,0,0,0,0,0,0,0,0,0,0,0
6245,C3D8,0.0392369,0,0,0,0,0,0,0,0,0,0,0,0
6246,C3D8,0.0392369,0,0,0,0,0,0,0,0,0,0,0,0
6247,C3D8,0.0392387,0,0,0,0,0,0,0,0,0,0,0,0
6248,C3D8,0.0392387,0,0,0,0,0,0,0,0,0,0,0,0
6249,C3D8,0.0392387,0,0,0,0,0,0,0,0,0,0,0,0
6250,C3D8,0.0392404,0,0,0,0,0,0,0,0,0,0,0,0
6251,C3D8,0.0392404,0,0,0,0,0,0,0,0,0,0,0,0
6252,C3D8,0.0392404,0,0,0,0,0,0,0,0,0,0,0,0
6253,C3D8,0.0392419,0,0,0,0,0,0,0,0,0,0,0,0
6254,C3D8,0.0392419,0,0,0,0,0,0,0,0,0,0,0,0
6255,C3D8,0.0392419,0,0,0,0,0,0,0,0,0,0,0,0
6256,C3D8,0.0392431,0,0,0,0,0,0,0,0,0,0,0,0
6257,C3D8,0.0392431,0,0,0,0,0,0,0,0,0,0,0,0
6258,C3D8,0.0392431,0,0,0,0,0,0,0,0,0,0,0,0
6259,C3D8,0.0392443,0,0,0,0,0,0,0,0,0,0,0,0
6260,C3D8,0.0392443,0,0,0,0,0,0,0,0,0,0,0,0
6261,C3D8,0.0392443,0,0,0,0,0,0,0,0,0,0,0,0
6262,C3D8,0.0392454,0,0,0,0,0,0,0,0,0,0,0,0
6263,C3D8,0.0392454,0,0,0,0,0,0,0,0,0,0,0,0
6264,C3D8,0.0392454,0,0,0,0,0,0,0,0,0,0,0,0
6265,C3D8,0.0392463,0,0,0,0,0,0,0,0,0,0,0,0
6266,C3D8,0.0392463,0,0,0,0,0,0,0,0,0,0,0,0
6267,C3D8,0.0392463,0,0,0,0,0,0,0,0,0,0,0,0
6268,C3D8,0.039247,0,0,0,0,0,0,0,0,0,0,0,0
6269,C3D8,0.039247,0,0,0,0,0,0,0,0,0,0,0,0
6270,C3D8,0.039247,0,0,0,0,0,0,0,0,0,0,0,0
6271,C3D8,0.0392476,0,0,0,0,0,0,0,0,0,0,0,0
6272,C3D8,0.0392476,0,0,0,0,0,0,0,0,0,0,0,0
6273,C3D8,0.0392476,0,0,0,0,0,0,0,0,0,0,0,0
6274,C3D8,0.0392481,0,0,0,0,0,0,0,0,0,0,0,0
6275,C3D8,0.0392481,0,0,0,0,0,0,0,0,0,0,0,0
6276,C3D8,0.0392481,0,0,0,0,0,0,0,0,0,0,0,0
6277,C3D8,0.0392484,0,0,0,0,0,0,0,0,0,0,0,0
6278,C3D8,0.0392484,0,0,0,0,0,0,0,0,0,0,0,0
6279,C3D8,0.0392484,0,0,0,0,0,0,0,0,0,0,0,0
6280,C3D8,0.0392485,0,0,0,0,0,0,0,0,0,0,0,0
6281,C3D8,0.0392485,0,0,0,0,0,0,0,0,0,0,0,0
6282,C3D8,0.0392485,0,0,0,0,0,0,0,0,0,0,0,0
6283,C3D8,0.0414289,0,0,0,0,0,0,0,0,0,0,0,0
6284,C3D8,0.0414289,0,0,0,0,0,0,0,0,0,0,0,0
6285,C3D8,0.0414289,0,0,0,0,0,0,0,0,0,0,0,0
6286,C3D8,0.0414304,0,0,0,0,0,0,0,0,0,0,0,0
6287,C3D8,0.0414304,0,0,0,0,0,0,0,0,0,0,0,0
6288,C3D8,0.0414304,0,0,0,0,0,0,0,0,0,0,0,0
6289,C3D8,0.0414319,0,0,0,0,0,0,0,0,0,0,0,0
6290,C3D8,0.0414319,0,0,0,0,0,0,0,0,0,0,0,0
6291,C3D8,0.0414319,0,0,0,0,0,0,0,0,0,0,0,0
6292,C3D8,0.0414333,0,0,0,0,0,0,0,0,0,0,0,0
6293,C3D8,0.0414333,0,0,0,0,0,0,0,0,0,0,0,0
6294,C3D8,0.0414333,0,0,0,0,0,0,0,0,0,0,0,0
6295,C3D8,0.0414346,0,0,0,0,0,0,0,0,0,0,0,0
6296,C3D8,0.0414346,0,0,0,0,0,0,0,0,0,0,0,0
6297,C3D8,0.0414346,0,0,0,0,0,0,0,0,0,0,0,0
6298,C3D8,0.0414358,0,0,0,0,0,0,0,0,0,0,0,0
6299,C3D8,0.0414358,0,0,0,0,0,0,0,0,0,0,0,0
6300,C3D8,0.0414358,0,0,0,0,0,0,0,0,0,0,0,0
6301,C3D8,0.0414369,0,0,0,0,0,0,0,0,0,0,0,0
6302,C3D8,0.0414369,0,0,0,0,0,0,0,0,0,0,0,0
6303,C3D8,0.0414369,0,0,0,0,0,0,0,0,0,0,0,0
6304,C3D8,0.0414378,0,0,0,0,0,0,0,0,0,0,0,0
6305,C3D8,0.0414378,0,0,0,0,0,0,0,0,0,0,0,0
6306,C3D8,0.0414378,0,0,0,0,0,0,0,0,0,0,0,0
6307,C3D8,0.0414387,0,0,0,0,0,0,0,0,0,0,0,0
6308,C3D8,0.0414387,0,0,0,0,0,0,0,0,0,0,0,0
6309,C3D8,0.0414387,0,0,0,0,0,0,0,0,0,0,0,0
6310,C3D8,0.0414394,0,0,0,0,0,0,0,0,0,0,0,0
6311,C3D8,0.0414394,0,0,0,0,0,0,0,0,0,0,0,0
6312,C3D8,0.0414394,0,0,0,0,0,0,0,0,0,0,0,0
6313,C3D8,0.0414401,0,0,0,0,0,0,0,0,0,0,0,0
6314,C3D8,0.0414401,0,0,0,0,0,0,0,0,0,0,0,0
6315,C3D8,0.04144,0,0,0,0,0,0,0,0,0,0,0,0
6316,C3D8,0.0414406,0,0,0,0,0,0,0,0,0,0,0,0
6317,C3D8,0.0414406,0,0,0,0,0,0,0,0,0,0,0,0
6318,C3D8,0.0414406,0,0,0,0,0,0,0,0,0,0,0,0
6319,C3D8,0.041441,0,0,0,0,0,0,0,0,0,0,0,0
6320,C3D8,0.041441,0,0,0,0,0,0,0,0,0,0,0,0
6321,C3D8,0.041441,0,0,0,0,0,0,0,0,0,0,0,0
6322,C3D8,0.0414413,0,0,0,0,0,0,0,0,0,0,0,0
6323,C3D8,0.0414413,0,0,0,0,0,0,0,0,0,0,0,0
6324,C3D8,0.0414413,0,0,0,0,0,0,0,0,0,0,0,0
6325,C3D8,0.0414415,0,0,0,0,0,0,0,0,0,0,0,0
6326,C3D8,0.0414415,0,0,0,0,0,0,0,0,0,0,0,0
6327,C3D8,0.0414415,0,0,0,0,0,0,0,0,0,0,0,0
6328,C3D8,0.0414416,0,0,0,0,0,0,0,0,0,0,0,0
6329,C3D8,0.0414416,0,0,0,0,0,0,0,0,0,0,0,0
6330,C3D8,0.0414416,0,0,0,0,0,0,0,0,0,0,0,0
6331,C3D8,0.043627,0,0,0,0,0,0,0,0,0,0,0,0
6332,C3D8,0.043627,0,0,0,0,0,0,0,0,0,0,0,0
6333,C3D8,0.043627,0,0,0,0,0,0,0,0,0,0,0,0
6334,C3D8,0.0436279,0,0,0,0,0,0,0,0,0,0,0,0
6335,C3D8,0.0436279,0,0,0,0,0,0,0,0,0,0,0,0
6336,C3D8,0.0436279,0,0,0,0,0,0,0,0,0,0,0,0
6337,C3D8,0.0436289,0,0,0,0,0,0,0,0,0,0,0,0
6338,C3D8,0.0436289,0,0,0,0,0,0,0,0,0,0,0,0
6339,C3D8,0.0436289,0,0,0,0,0,0,0,0,0,0,0,0
6340,C3D8,0.0436297,0,0,0,0,0,0,0,0,0,0,0,0
6341,C3D8,0.0436297,0,0,0,0,0,0,0,0,0,0,0,0
6342,C3D8,0.0436297,0,0,0,0,0,0,0,0,0,0,0,0
6343,C3D8,0.0436305,0,0,0,0,0,0,0,0,0,0,0,0
6344,C3D8,0.0436305,0,0,0,0,0,0,0,0,0,0,0,0
6345,C3D8,0.0436305,0,0,0,0,0,0,0,0,0,0,0,0
6346,C3D8,0.0436311,0,0,0,0,0,0,0,0,0,0,0,0
6347,C3D8,0.0436311,0,0,0,0,0,0,0,0,0,0,0,0
6348,C3D8,0.0436311,0,0,0,0,0,0,0,0,0,0,0,0
6349,C3D8,0.0436318,0,0,0,0,0,0,0,0,0,0,0,0
6350,C3D8,0.0436318,0,0,0,0,0,0,0,0,0,0,0,0
6351,C3D8,0.0436318,0,0,0,0,0,0,0,0,0,0,0,0
6352,C3D8,0.0436324,0,0,0,0,0,0,0,0,0,0,0,0
6353,C3D8,0.0436324,0,0,0,0,0,0,0,0,0,0,0,0
6354,C3D8,0.0436324,0,0,0,0,0,0,0,0,0,0,0,0
6355,C3D8,0.0436329,0,0,0,0,0,0,0,0,0,0,0,0
6356,C3D8,0.0436329,0,0,0,0,0,0,0,0,0,0,0,0
6357,C3D8,0.0436329,0,0,0,0,0,0,0,0,0,0,0,0
6358,C3D8,0.0436333,0,0,0,0,0,0,0,0,0,0,0,0
6359,C3D8,0.0436333,0,0,0,0,0,0,0,0,0,0,0,0
6360,C3D8,0.0436333,0,0,0,0,0,0,0,0,0,0,0,0
6361,C3D8,0.0436337,0,0,0,0,0,0,0,0,0,0,0,0
6362,C3D8,0.0436337,0,0,0,0,0,0,0,0,0,0,0,0
6363,C3D8,0.0436337,0,0,0,0,0,0,0,0,0,0,0,0
6364,C3D8,0.0436341,0,0,0,0,0,0,0,0,0,0,0,0
6365,C3D8,0.0436341,0,0,0,0,0,0,0,0,0,0,0,0
6366,C3D8,0.0436341,0,0,0,0,0,0,0,0,0,0,0,0
6367,C3D8,0.0436343,0,0,0,0,0,0,0,0,0,0,0,0
6368,C3D8,0.0436343,0,0,0,0,0,0,0,0,0,0,0,0
6369,C3D8,0.0436343,0,0,0,0,0,0,0,0,0,0,0,0
6370,C3D8,0.0436345,0,0,0,0,0,0,0,0,0,0,0,0
6371,C3D8,0.0436345,0,0,0,0,0,0,0,0,0,0,0,0
6372,C3D8,0.0436345,0,0,0,0,0,0,0,0,0,0,0,0
6373,C3D8,0.0436347,0,0,0,0,0,0,0,0,0,0,0,0
6374,C3D8,0.0436347,0,0,0,0,0,0,0,0,0,0,0,0
6375,C3D8,0.0436347,0,0,0,0,0,0,0,0,0,0,0,0
6376,C3D8,0.0436348,0,0,0,0,0,0,0,0,0,0,0,0
6377,C3D8,0.0436348,0,0,0,0,0,0,0,0,0,0,0,0
6378,C3D8,0.0436348,0,0,0,0,0,0,0,0,0,0,0,0
6379,C3D8,0.0458251,0,0,0,0,0,0,0,0,0,0,0,0
6380,C3D8,0.0458251,0,0,0,0,0,0,0,0,0,0,0,0
6381,C3D8,0.0458251,0,0,0,0,0,0,0,0,0,0,0,0
6382,C3D8,0.0458254,0,0,0,0,0,0,0,0,0,0,0,0
6383,C3D8,0.0458254,0,0,0,0,0,0,0,0,0,0,0,0
6384,C3D8,0.0458254,0,0,0,0,0,0,0,0,0,0,0,0
6385,C3D8,0.0458258,0,0,0,0,0,0,0,0,0,0,0,0
6386,C3D8,0.0458258,0,0,0,0,0,0,0,0,0,0,0,0
6387,C3D8,0.0458257,0,0,0,0,0,0,0,0,0,0,0,0
6388,C3D8,0.045826,0,0,0,0,0,0,0,0,0,0,0,0
6389,C3D8,0.0458261,0,0,0,0,0,0,0,0,0,0,0,0
6390,C3D8,0.045826,0,0,0,0,0,0,0,0,0,0,0,0
6391,C3D8,0.0458263,0,0,0,0,0,0,0,0,0,0,0,0
6392,C3D8,0.0458264,0,0,0,0,0,0,0,0,0,0,0,0
6393,C3D8,0.0458263,0,0,0,0,0,0,0,0,0,0,0,0
6394,C3D8,0.0458265,0,0,0,0,0,0,0,0,0,0,0,0
6395,C3D8,0.0458265,0,0,0,0,0,0,0,0,0,0,0,0
6396,C3D8,0.0458265,0,0,0,0,0,0,0,0,0,0,0,0
6397,C3D8,0.0458268,0,0,0,0,0,0,0,0,0,0,0,0
6398,C3D8,0.0458268,0,0,0,0,0,0,0,0,0,0,0,0
6399,C3D8,0.0458268,0,0,0,0,0,0,0,0,0,0,0,0
6400,C3D8,0.0458271,0,0,0,0,0,0,0,0,0,0,0,0
6401,C3D8,0.0458271,0,0,0,0,0,0,0,0,0,0,0,0
6402,C3D8,0.0458271,0,0,0,0,0,0,0,0,0,0,0,0
6403,C3D8,0.0458272,0,0,0,0,0,0,0,0,0,0,0,0
6404,C3D8,0.0458272,0,0,0,0,0,0,0,0,0,0,0,0
6405,C3D8,0.0458272,0,0,0,0,0,0,0,0,0,0,0,0
6406,C3D8,0.0458274,0,0,0,0,0,0,0,0,0,0,0,0
6407,C3D8,0.0458274,0,0,0,0,0,0,0,0,0,0,0,0
6408,C3D8,0.0458274,0,0,0,0,0,0,0,0,0,0,0,0
6409,C3D8,0.0458275,0,0,0,0,0,0,0,0,0,0,0,0
6410,C3D8,0.0458275,0,0,0,0,0,0,0,0,0,0,0,0
6411,C3D8,0.0458275,0,0,0,0,0,0,0,0,0,0,0,0
6412,C3D8,0.0458276,0,0,0,0,0,0,0,0,0,0,0,0
6413,C3D8,0.0458276,0,0,0,0,0,0,0,0,0,0,0,0
6414,C3D8,0.0458276,0,0,0,0,0,0,0,0,0,0,0,0
6415,C3D8,0.0458277,0,0,0,0,0,0,0,0,0,0,0,0
6416,C3D8,0.0458277,0,0,0,0,0,0,0,0,0,0,0,0
6417,C3D8,0.0458277,0,0,0,0,0,0,0,0,0,0,0,0
6418,C3D8,0.0458278,0,0,0,0,0,0,0,0,0,0,0,0
6419,C3D8,0.0458278,0,0,0,0,0,0,0,0,0,0,0,0
6420,C3D8,0.0458278,0,0,0,0,0,0,0,0,0,0,0,0
6421,C3D8,0.0458278,0,0,0,0,0,0,0,0,0,0,0,0
6422,C3D8,0.0458278,0,0,0,0,0,0,0,0,0,0,0,0
6423,C3D8,0.0458278,0,0,0,0,0,0,0,0,0,0,0,0
6424,C3D8,0.0458278,0,0,0,0,0,0,0,0,0,0,0,0
6425,C3D8,0.0458278,0,0,0,0,0,0,0,0,0,0,0,0
6426,C3D8,0.0458278,0,0,0,0,0,0,0,0,0,0,0,0
6427,C3D8,0.0480231,0,0,0,0,0,0,0,0,0,0,0,0
6428,C3D8,0.0480231,0,0,0,0,0,0,0,0,0,0,0,0
6429,C3D8,0.0480231,0,0,0,0,0,0,0,0,0,0,0,0
6430,C3D8,0.0480229,0,0,0,0,0,0,0,0,0,0,0,0
6431,C3D8,0.0480229,0,0,0,0,0,0,0,0,0,0,0,0
6432,C3D8,0.0480229,0,0,0,0,0,0,0,0,0,0,0,0
6433,C3D8,0.0480227,0,0,0,0,0,0,0,0,0,0,0,0
6434,C3D8,0.0480227,0,0,0,0,0,0,0,0,0,0,0,0
6435,C3D8,0.0480227,0,0,0,0,0,0,0,0,0,0,0,0
6436,C3D8,0.0480224,0,0,0,0,0,0,0,0,0,0,0,0
6437,C3D8,0.0480224,0,0,0,0,0,0,0,0,0,0,0,0
6438,C3D8,0.0480224,0,0,0,0,0,0,0,0,0,0,0,0
6439,C3D8,0.0480222,0,0,0,0,0,0,0,0,0,0,0,0
6440,C3D8,0.0480222,0,0,0,0,0,0,0,0,0,0,0,0
6441,C3D8,0.0480222,0,0,0,0,0,0,0,0,0,0,0,0
6442,C3D8,0.048022,0,0,0,0,0,0,0,0,0,0,0,0
6443,C3D8,0.048022,0,0,0,0,0,0,0,0,0,0,0,0
6444,C3D8,0.048022,0,0,0,0,0,0,0,0,0,0,0,0
6445,C3D8,0.0480217,0,0,0,0,0,0,0,0,0,0,0,0
6446,C3D8,0.0480217,0,0,0,0,0,0,0,0,0,0,0,0
6447,C3D8,0.0480217,0,0,0,0,0,0,0,0,0,0,0,0
6448,C3D8,0.0480216,0,0,0,0,0,0,0,0,0,0,0,0
6449,C3D8,0.0480216,0,0,0,0,0,0,0,0,0,0,0,0
6450,C3D8,0.0480216,0,0,0,0,0,0,0,0,0,0,0,0
6451,C3D8,0.0480214,0,0,0,0,0,0,0,0,0,0,0,0
6452,C3D8,0.0480214,0,0,0,0,0,0,0,0,0,0,0,0
6453,C3D8,0.0480214,0,0,0,0,0,0,0,0,0,0,0,0
6454,C3D8,0.0480213,0,0,0,0,0,0,0,0,0,0,0,0
6455,C3D8,0.0480213,0,0,0,0,0,0,0,0,0,0,0,0
6456,C3D8,0.0480213,0,0,0,0,0,0,0,0,0,0,0,0
6457,C3D8,0.0480212,0,0,0,0,0,0,0,0,0,0,0,0
6458,C3D8,0.0480213,0,0,0,0,0,0,0,0,0,0,0,0
6459,C3D8,0.0480212,0,0,0,0,0,0,0,0,0,0,0,0
6460,C3D8,0.0480211,0,0,0,0,0,0,0,0,0,0,0,0
6461,C3D8,0.0480211,0,0,0,0,0,0,0,0,0,0,0,0
6462,C3D8,0.0480211,0,0,0,0,0,0,0,0,0,0,0,0
6463,C3D8,0.0480211,0,0,0,0,0,0,0,0,0,0,0,0
6464,C3D8,0.0480211,0,0,0,0,0,0,0,0,0,0,0,0
6465,C3D8,0.0480211,0,0,0,0,0,0,0,0,0,0,0,0
6466,C3D8,0.048021,0,0,0,0,0,0,0,0,0,0,0,0
6467,C3D8,0.048021,0,0,0,0,0,0,0,0,0,0,0,0
6468,C3D8,0.048021,0,0,0,0,0,0,0,0,0,0,0,0
6469,C3D8,0.048021,0,0,0,0,0,0,0,0,0,0,0,0
6470,C3D8,0.048021,0,0,0,0,0,0,0,0,0,0,0,0
6471,C3D8,0.048021,0,0,0,0,0,0,0,0,0,0,0,0
6472,C3D8,0.048021,0,0,0,0,0,0,0,0,0,0,0,0
6473,C3D8,0.048021,0,0,0,0,0,0,0,0,0,0,0,0
6474,C3D8,0.048021,0,0,0,0,0,0,0,0,0,0,0,0
6475,C3D8,0.0502213,0,0,0,0,0,0,0,0,0,0,0,0
6476,C3D8,0.0502213,0,0,0,0,0,0,0,0,0,0,0,0
6477,C3D8,0.0502213,0,0,0,0,0,0,0,0,0,0,0,0
6478,C3D8,0.0502204,0,0,0,0,0,0,0,0,0,0,0,0
6479,C3D8,0.0502204,0,0,0,0,0,0,0,0,0,0,0,0
6480,C3D8,0.0502204,0,0,0,0,0,0,0,0,0,0,0,0
6481,C3D8,0.0502195,0,0,0,0,0,0,0,0,0,0,0,0
6482,C3D8,0.0502195,0,0,0,0,0,0,0,0,0,0,0,0
6483,C3D8,0.0502195,0,0,0,0,0,0,0,0,0,0,0,0
6484,C3D8,0.0502187,0,0,0,0,0,0,0,0,0,0,0,0
6485,C3D8,0.0502187,0,0,0,0,0,0,0,0,0,0,0,0
6486,C3D8,0.0502187,0,0,0,0,0,0,0,0,0,0,0,0
6487,C3D8,0.050218,0,0,0,0,0,0,0,0,0,0,0,0
6488,C3D8,0.050218,0,0,0,0,0,0,0,0,0,0,0,0
6489,C3D8,0.050218,0,0,0,0,0,0,0,0,0,0,0,0
6490,C3D8,0.0502174,0,0,0,0,0,0,0,0,0,0,0,0
6491,C3D8,0.0502174,0,0,0,0,0,0,0,0,0,0,0,0
6492,C3D8,0.0502174,0,0,0,0,0,0,0,0,0,0,0,0
6493,C3D8,0.0502168,0,0,0,0,0,0,0,0,0,0,0,0
6494,C3D8,0.0502168,0,0,0,0,0,0,0,0,0,0,0,0
6495,C3D8,0.0502168,0,0,0,0,0,0,0,0,0,0,0,0
6496,C3D8,0.0502163,0,0,0,0,0,0,0,0,0,0,0,0
6497,C3D8,0.0502163,0,0,0,0,0,0,0,0,0,0,0,0
6498,C3D8,0.0502163,0,0,0,0,0,0,0,0,0,0,0,0
6499,C3D8,0.0502158,0,0,0,0,0,0,0,0,0,0,0,0
6500,C3D8,0.0502158,0,0,0,0,0,0,0,0,0,0,0,0
6501,C3D8,0.0502158,0,0,0,0,0,0,0,0,0,0,0,0
6502,C3D8,0.0502154,0,0,0,0,0,0,0,0,0,0,0,0
6503,C3D8,0.0502154,0,0,0,0,0,0,0,0,0,0,0,0
6504,C3D8,0.0502154,0,0,0,0,0,0,0,0,0,0,0,0
6505,C3D8,0.050215,0,0,0,0,0,0,0,0,0,0,0,0
6506,C3D8,0.050215,0,0,0,0,0,0,0,0,0,0,0,0
6507,C3D8,0.050215,0,0,0,0,0,0,0,0,0,0,0,0
6508,C3D8,0.0502146,0,0,0,0,0,0,0,0,0,0,0,0
6509,C3D8,0.0502146,0,0,0,0,0,0,0,0,0,0,0,0
6510,C3D8,0.0502146,0,0,0,0,0,0,0,0,0,0,0,0
6511,C3D8,0.0502144,0,0,0,0,0,0,0,0,0,0,0,0
6512,C3D8,0.0502144,0,0,0,0,0,0,0,0,0,0,0,0
6513,C3D8,0.0502144,0,0,0,0,0,0,0,0,0,0,0,0
6514,C3D8,0.0502143,0,0,0,0,0,0,0,0,0,0,0,0
6515,C3D8,0.0502143,0,0,0,0,0,0,0,0,0,0,0,0
6516,C3D8,0.0502143,0,0,0,0,0,0,0,0,0,0,0,0
6517,C3D8,0.0502141,0,0,0,0,0,0,0,0,0,0,0,0
6518,C3D8,0.0502141,0,0,0,0,0,0,0,0,0,0,0,0
6519,C3D8,0.0502141,0,0,0,0,0,0,0,0,0,0,0,0
6520,C3D8,0.050214,0,0,0,0,0,0,0,0,0,0,0,0
6521,C3D8,0.050214,0,0,0,0,0,0,0,0,0,0,0,0
6522,C3D8,0.050214,0,0,0,0,0,0,0,0,0,0,0,0
6523,C3D8,0.0524194,0,0,0,0,0,0,0,0,0,0,0,0
6524,C3D8,0.0524194,0,0,0,0,0,0,0,0,0,0,0,0
6525,C3D8,0.0524194,0,0,0,0,0,0,0,0,0,0,0,0
6526,C3D8,0.0524179,0,0,0,0,0,0,0,0,0,0,0,0
6527,C3D8,0.0524179,0,0,0,0,0,0,0,0,0,0,0,0
6528,C3D8,0.0524179,0,0,0,0,0,0,0,0,0,0,0,0
6529,C3D8,0.0524164,0,0,0,0,0,0,0,0,0,0,0,0
6530,C3D8,0.0524164,0,0,0,0,0,0,0,0,0,0,0,0
6531,C3D8,0.0524164,0,0,0,0,0,0,0,0,0,0,0,0
6532,C3D8,0.0524151,0,0,0,0,0,0,0,0,0,0,0,0
6533,C3D8,0.0524151,0,0,0,0,0,0,0,0,0,0,0,0
6534,C3D8,0.0524151,0,0,0,0,0,0,0,0,0,0,0,0
6535,C3D8,0.0524139,0,0,0,0,0,0,0,0,0,0,0,0
6536,C3D8,0.0524139,0,0,0,0,0,0,0,0,0,0,0,0
6537,C3D8,0.0524139,0,0,0,0,0,0,0,0,0,0,0,0
6538,C3D8,0.0524128,0,0,0,0,0,0,0,0,0,0,0,0
6539,C3D8,0.0524128,0,0,0,0,0,0,0,0,0,0,0,0
6540,C3D8,0.0524128,0,0,0,0,0,0,0,0,0,0,0,0
6541,C3D8,0.0524118,0,0,0,0,0,0,0,0,0,0,0,0
6542,C3D8,0.0524118,0,0,0,0,0,0,0,0,0,0,0,0
6543,C3D8,0.0524118,0,0,0,0,0,0,0,0,0,0,0,0
6544,C3D8,0.0524108,0,0,0,0,0,0,0,0,0,0,0,0
6545,C3D8,0.0524108,0,0,0,0,0,0,0,0,0,0,0,0
6546,C3D8,0.0524108,0,0,0,0,0,0,0,0,0,0,0,0
6547,C3D8,0.0524099,0,0,0,0,0,0,0,0,0,0,0,0
6548,C3D8,0.0524099,0,0,0,0,0,0,0,0,0,0,0,0
6549,C3D8,0.0524099,0,0,0,0,0,0,0,0,0,0,0,0
6550,C3D8,0.0524092,0,0,0,0,0,0,0,0,0,0,0,0
6551,C3D8,0.0524092,0,0,0,0,0,0,0,0,0,0,0,0
6552,C3D8,0.0524092,0,0,0,0,0,0,0,0,0,0,0,0
6553,C3D8,0.0524086,0,0,0,0,0,0,0,0,0,0,0,0
6554,C3D8,0.0524086,0,0,0,0,0,0,0,0,0,0,0,0
6555,C3D8,0.0524086,0,0,0,0,0,0,0,0,0,0,0,0
6556,C3D8,0.0524082,0,0,0,0,0,0,0,0,0,0,0,0
6557,C3D8,0.0524082,0,0,0,0,0,0,0,0,0,0,0,0
6558,C3D8,0.0524082,0,0,0,0,0,0,0,0,0,0,0,0
6559,C3D8,0.0524078,0,0,0,0,0,0,0,0,0,0,0,0
6560,C3D8,0.0524078,0,0,0,0,0,0,0,0,0,0,0,0
6561,C3D8,0.0524078,0,0,0,0,0,0,0,0,0,0,0,0
6562,C3D8,0.0524074,0,0,0,0,0,0,0,0,0,0,0,0
6563,C3D8,0.0524074,0,0,0,0,0,0,0,0,0,0,0,0
6564,C3D8,0.0524074,0,0,0,0,0,0,0,0,0,0,0,0
6565,C3D8,0.0524072,0,0,0,0,0,0,0,0,0,0,0,0
6566,C3D8,0.0524072,0,0,0,0,0,0,0,0,0,0,0,0
6567,C3D8,0.0524072,0,0,0,0,0,0,0,0,0,0,0,0
6568,C3D8,0.0524072,0,0,0,0,0,0,0,0,0,0,0,0
6569,C3D8,0.0524072,0,0,0,0,0,0,0,0,0,0,0,0
6570,C3D8,0.0524072,0,0,0,0,0,0,0,0,0,0,0,0
6571,C3D8,0.0546175,0,0,0,0,0,0,0,0,0,0,0,0
6572,C3D8,0.0546175,0,0,0,0,0,0,0,0,0,0,0,0
6573,C3D8,0.0546174,0,0,0,0,0,0,0,0,0,0,0,0
6574,C3D8,0.0546153,0,0,0,0,0,0,0,0,0,0,0,0
6575,C3D8,0.0546153,0,0,0,0,0,0,0,0,0,0,0,0
6576,C3D8,0.0546153,0,0,0,0,0,0,0,0,0,0,0,0
6577,C3D8,0.0546133,0,0,0,0,0,0,0,0,0,0,0,0
6578,C3D8,0.0546133,0,0,0,0,0,0,0,0,0,0,0,0
6579,C3D8,0.0546133,0,0,0,0,0,0,0,0,0,0,0,0
6580,C3D8,0.0546115,0,0,0,0,0,0,0,0,0,0,0,0
6581,C3D8,0.0546115,0,0,0,0,0,0,0,0,0,0,0,0
6582,C3D8,0.0546115,0,0,0,0,0,0,0,0,0,0,0,0
6583,C3D8,0.0546097,0,0,0,0,0,0,0,0,0,0,0,0
6584,C3D8,0.0546097,0,0,0,0,0,0,0,0,0,0,0,0
6585,C3D8,0.0546097,0,0,0,0,0,0,0,0,0,0,0,0
6586,C3D8,0.0546081,0,0,0,0,0,0,0,0,0,0,0,0
6587,C3D8,0.0546081,0,0,0,0,0,0,0,0,0,0,0,0
6588,C3D8,0.0546081,0,0,0,0,0,0,0,0,0,0,0,0
6589,C3D8,0.0546067,0,0,0,0,0,0,0,0,0,0,0,0
6590,C3D8,0.0546067,0,0,0,0,0,0,0,0,0,0,0,0
6591,C3D8,0.0546067,0,0,0,0,0,0,0,0,0,0,0,0
6592,C3D8,0.0546054,0,0,0,0,0,0,0,0,0,0,0,0
6593,C3D8,0.0546054,0,0,0,0,0,0,0,0,0,0,0,0
6594,C3D8,0.0546054,0,0,0,0,0,0,0,0,0,0,0,0
6595,C3D8,0.0546043,0,0,0,0,0,0,0,0,0,0,0,0
6596,C3D8,0.0546043,0,0,0,0,0,0,0,0,0,0,0,0
6597,C3D8,0.0546043,0,0,0,0,0,0,0,0,0,0,0,0
6598,C3D8,0.0546033,0,0,0,0,0,0,0,0,0,0,0,0
6599,C3D8,0.0546033,0,0,0,0,0,0,0,0,0,0,0,0
6600,C3D8,0.0546033,0,0,0,0,0,0,0,0,0,0,0,0
6601,C3D8,0.0546024,0,0,0,0,0,0,0,0,0,0,0,0
6602,C3D8,0.0546024,0,0,0,0,0,0,0,0,0,0,0,0
6603,C3D8,0.0546024,0,0,0,0,0,0,0,0,0,0,0,0
6604,C3D8,0.0546017,0,0,0,0,0,0,0,0,0,0,0,0
6605,C3D8,0.0546017,0,0,0,0,0,0,0,0,0,0,0,0
6606,C3D8,0.0546017,0,0,0,0,0,0,0,0,0,0,0,0
6607,C3D8,0.0546011,0,0,0,0,0,0,0,0,0,0,0,0
6608,C3D8,0.0546011,0,0,0,0,0,0,0,0,0,0,0,0
6609,C3D8,0.0546011,0,0,0,0,0,0,0,0,0,0,0,0
6610,C3D8,0.0546007,0,0,0,0,0,0,0,0,0,0,0,0
6611,C3D8,0.0546007,0,0,0,0,0,0,0,0,0,0,0,0
6612,C3D8,0.0546007,0,0,0,0,0,0,0,0,0,0,0,0
6613,C3D8,0.0546005,0,0,0,0,0,0,0,0,0,0,0,0
6614,C3D8,0.0546005,0,0,0,0,0,0,0,0,0,0,0,0
6615,C3D8,0.0546005,0,0,0,0,0,0,0,0,0,0,0,0
6616,C3D8,0.0546003,0,0,0,0,0,0,0,0,0,0,0,0
6617,C3D8,0.0546003,0,0,0,0,0,0,0,0,0,0,0,0
6618,C3D8,0.0546003,0,0,0,0,0,0,0,0,0,0,0,0
6619,C3D8,0.0567848,0,0,0,0,0,0,0,0,0,0,0,0
6620,C3D8,0.0567848,0,0,0,0,0,0,0,0,0,0,0,0
6621,C3D8,0.0567848,0,0,0,0,0,0,0,0,0,0,0,0
6622,C3D8,0.0567858,0,0,0,0,0,0,0,0,0,0,0,0
6623,C3D8,0.0567858,0,0,0,0,0,0,0,0,0,0,0,0
6624,C3D8,0.0567858,0,0,0,0,0,0,0,0,0,0,0,0
6625,C3D8,0.0567868,0,0,0,0,0,0,0,0,0,0,0,0
6626,C3D8,0.0567868,0,0,0,0,0,0,0,0,0,0,0,0
6627,C3D8,0.0567868,0,0,0,0,0,0,0,0,0,0,0,0
6628,C3D8,0.0567877,0,0,0,0,0,0,0,0,0,0,0,0
6629,C3D8,0.0567877,0,0,0,0,0,0,0,0,0,0,0,0
6630,C3D8,0.0567877,0,0,0,0,0,0,0,0,0,0,0,0
6631,C3D8,0.0567886,0,0,0,0,0,0,0,0,0,0,0,0
6632,C3D8,0.0567886,0,0,0,0,0,0,0,0,0,0,0,0
6633,C3D8,0.0567886,0,0,0,0,0,0,0,0,0,0,0,0
6634,C3D8,0.0567894,0,0,0,0,0,0,0,0,0,0,0,0
6635,C3D8,0.0567894,0,0,0,0,0,0,0,0,0,0,0,0
6636,C3D8,0.0567894,0,0,0,0,0,0,0,0,0,0,0,0
6637,C3D8,0.0567901,0,0,0,0,0,0,0,0,0,0,0,0
6638,C3D8,0.0567901,0,0,0,0,0,0,0,0,0,0,0,0
6639,C3D8,0.0567901,0,0,0,0,0,0,0,0,0,0,0,0
6640,C3D8,0.0567907,0,0,0,0,0,0,0,0,0,0,0,0
6641,C3D8,0.0567907,0,0,0,0,0,0,0,0,0,0,0,0
6642,C3D8,0.0567907,0,0,0,0,0,0,0,0,0,0,0,0
6643,C3D8,0.0567913,0,0,0,0,0,0,0,0,0,0,0,0
6644,C3D8,0.0567913,0,0,0,0,0,0,0,0,0,0,0,0
6645,C3D8,0.0567913,0,0,0,0,0,0,0,0,0,0,0,0
6646,C3D8,0.0567918,0,0,0,0,0,0,0,0,0,0,0,0
6647,C3D8,0.0567918,0,0,0,0,0,0,0,0,0,0,0,0
6648,C3D8,0.0567918,0,0,0,0,0,0,0,0,0,0,0,0
6649,C3D8,0.0567923,0,0,0,0,0,0,0,0,0,0,0,0
6650,C3D8,0.0567923,0,0,0,0,0,0,0,0,0,0,0,0
6651,C3D8,0.0567923,0,0,0,0,0,0,0,0,0,0,0,0
6652,C3D8,0.0567926,0,0,0,0,0,0,0,0,0,0,0,0
6653,C3D8,0.0567926,0,0,0,0,0,0,0,0,0,0,0,0
6654,C3D8,0.0567926,0,0,0,0,0,0,0,0,0,0,0,0
6655,C3D8,0.0567929,0,0,0,0,0,0,0,0,0,0,0,0
6656,C3D8,0.0567929,0,0,0,0,0,0,0,0,0,0,0,0
6657,C3D8,0.0567929,0,0,0,0,0,0,0,0,0,0,0,0
6658,C3D8,0.0567932,0,0,0,0,0,0,0,0,0,0,0,0
6659,C3D8,0.0567932,0,0,0,0,0,0,0,0,0,0,0,0
6660,C3D8,0.0567931,0,0,0,0,0,0,0,0,0,0,0,0
6661,C3D8,0.0567933,0,0,0,0,0,0,0,0,0,0,0,0
6662,C3D8,0.0567933,0,0,0,0,0,0,0,0,0,0,0,0
6663,C3D8,0.0567932,0,0,0,0,0,0,0,0,0,0,0,0
6664,C3D8,0.0567933,0,0,0,0,0,0,0,0,0,0,0,0
6665,C3D8,0.0567933,0,0,0,0,0,0,0,0,0,0,0,0
6666,C3D8,0.0567933,0,0,0,0,0,0,0,0,0,0,0,0
6667,C3D8,0.0589803,0,0,0,0,0,0,0,0,0,0,0,0
6668,C3D8,0.0589803,0,0,0,0,0,0,0,0,0,0,0,0
6669,C3D8,0.0589803,0,0,0,0,0,0,0,0,0,0,0,0
6670,C3D8,0.0589811,0,0,0,0,0,0,0,0,0,0,0,0
6671,C3D8,0.0589811,0,0,0,0,0,0,0,0,0,0,0,0
6672,C3D8,0.058981,0,0,0,0,0,0,0,0,0,0,0,0
6673,C3D8,0.0589818,0,0,0,0,0,0,0,0,0,0,0,0
6674,C3D8,0.0589818,0,0,0,0,0,0,0,0,0,0,0,0
6675,C3D8,0.0589818,0,0,0,0,0,0,0,0,0,0,0,0
6676,C3D8,0.0589824,0,0,0,0,0,0,0,0,0,0,0,0
6677,C3D8,0.0589824,0,0,0,0,0,0,0,0,0,0,0,0
6678,C3D8,0.0589824,0,0,0,0,0,0,0,0,0,0,0,0
6679,C3D8,0.0589831,0,0,0,0,0,0,0,0,0,0,0,0
6680,C3D8,0.0589831,0,0,0,0,0,0,0,0,0,0,0,0
6681,C3D8,0.0589831,0,0,0,0,0,0,0,0,0,0,0,0
6682,C3D8,0.0589838,0,0,0,0,0,0,0,0,0,0,0,0
6683,C3D8,0.0589838,0,0,0,0,0,0,0,0,0,0,0,0
6684,C3D8,0.0589838,0,0,0,0,0,0,0,0,0,0,0,0
6685,C3D8,0.0589842,0,0,0,0,0,0,0,0,0,0,0,0
6686,C3D8,0.0589842,0,0,0,0,0,0,0,0,0,0,0,0
6687,C3D8,0.0589842,0,0,0,0,0,0,0,0,0,0,0,0
6688,C3D8,0.0589847,0,0,0,0,0,0,0,0,0,0,0,0
6689,C3D8,0.0589847,0,0,0,0,0,0,0,0,0,0,0,0
6690,C3D8,0.0589847,0,0,0,0,0,0,0,0,0,0,0,0
6691,C3D8,0.0589851,0,0,0,0,0,0,0,0,0,0,0,0
6692,C3D8,0.0589851,0,0,0,0,0,0,0,0,0,0,0,0
6693,C3D8,0.0589851,0,0,0,0,0,0,0,0,0,0,0,0
6694,C3D8,0.0589854,0,0,0,0,0,0,0,0,0,0,0,0
6695,C3D8,0.0589854,0,0,0,0,0,0,0,0,0,0,0,0
6696,C3D8,0.0589854,0,0,0,0,0,0,0,0,0,0,0,0
6697,C3D8,0.0589857,0,0,0,0,0,0,0,0,0,0,0,0
6698,C3D8,0.0589857,0,0,0,0,0,0,0,0,0,0,0,0
6699,C3D8,0.0589857,0,0,0,0,0,0,0,0,0,0,0,0
6700,C3D8,0.058986,0,0,0,0,0,0,0,0,0,0,0,0
6701,C3D8,0.058986,0,0,0,0,0,0,0,0,0,0,0,0
6702,C3D8,0.058986,0,0,0,0,0,0,0,0,0,0,0,0
6703,C3D8,0.0589862,0,0,0,0,0,0,0,0,0,0,0,0
6704,C3D8,0.0589862,0,0,0,0,0,0,0,0,0,0,0,0
6705,C3D8,0.0589862,0,0,0,0,0,0,0,0,0,0,0,0
6706,C3D8,0.0589863,0,0,0,0,0,0,0,0,0,0,0,0
6707,C3D8,0.0589863,0,0,0,0,0,0,0,0,0,0,0,0
6708,C3D8,0.0589863,0,0,0,0,0,0,0,0,0,0,0,0
6709,C3D8,0.0589864,0,0,0,0,0,0,0,0,0,0,0,0
6710,C3D8,0.0589864,0,0,0,0,0,0,0,0,0,0,0,0
6711,C3D8,0.0589864,0,0,0,0,0,0,0,0,0,0,0,0
6712,C3D8,0.0589865,0,0,0,0,0,0,0,0,0,0,0,0
6713,C3D8,0.0589865,0,0,0,0,0,0,0,0,0,0,0,0
6714,C3D8,0.0589865,0,0,0,0,0,0,0,0,0,0,0,0
6715,C3D8,0.061176,0,0,0,0,0,0,0,0,0,0,0,0
6716,C3D8,0.061176,0,0,0,0,0,0,0,0,0,0,0,0
6717,C3D8,0.061176,0,0,0,0,0,0,0,0,0,0,0,0
6718,C3D8,0.0611764,0,0,0,0,0,0,0,0,0,0,0,0
6719,C3D8,0.0611764,0,0,0,0,0,0,0,0,0,0,0,0
6720,C3D8,0.0611764,0,0,0,0,0,0,0,0,0,0,0,0
6721,C3D8,0.0611769,0,0,0,0,0,0,0,0,0,0,0,0
6722,C3D8,0.0611769,0,0,0,0,0,0,0,0,0,0,0,0
6723,C3D8,0.0611769,0,0,0,0,0,0,0,0,0,0,0,0
6724,C3D8,0.0611772,0,0,0,0,0,0,0,0,0,0,0,0
6725,C3D8,0.0611772,0,0,0,0,0,0,0,0,0,0,0,0
6726,C3D8,0.0611772,0,0,0,0,0,0,0,0,0,0,0,0
6727,C3D8,0.0611776,0,0,0,0,0,0,0,0,0,0,0,0
6728,C3D8,0.0611776,0,0,0,0,0,0,0,0,0,0,0,0
6729,C3D8,0.0611776,0,0,0,0,0,0,0,0,0,0,0,0
6730,C3D8,0.061178,0,0,0,0,0,0,0,0,0,0,0,0
6731,C3D8,0.061178,0,0,0,0,0,0,0,0,0,0,0,0
6732,C3D8,0.061178,0,0,0,0,0,0,0,0,0,0,0,0
6733,C3D8,0.0611783,0,0,0,0,0,0,0,0,0,0,0,0
6734,C3D8,0.0611783,0,0,0,0,0,0,0,0,0,0,0,0
6735,C3D8,0.0611783,0,0,0,0,0,0,0,0,0,0,0,0
6736,C3D8,0.0611786,0,0,0,0,0,0,0,0,0,0,0,0
6737,C3D8,0.0611786,0,0,0,0,0,0,0,0,0,0,0,0
6738,C3D8,0.0611786,0,0,0,0,0,0,0,0,0,0,0,0
6739,C3D8,0.0611788,0,0,0,0,0,0,0,0,0,0,0,0
6740,C3D8,0.0611788,0,0,0,0,0,0,0,0,0,0,0,0
6741,C3D8,0.0611788,0,0,0,0,0,0,0,0,0,0,0,0
6742,C3D8,0.0611791,0,0,0,0,0,0,0,0,0,0,0,0
6743,C3D8,0.0611791,0,0,0,0,0,0,0,0,0,0,0,0
6744,C3D8,0.0611791,0,0,0,0,0,0,0,0,0,0,0,0
6745,C3D8,0.0611792,0,0,0,0,0,0,0,0,0,0,0,0
6746,C3D8,0.0611792,0,0,0,0,0,0,0,0,0,0,0,0
6747,C3D8,0.0611792,0,0,0,0,0,0,0,0,0,0,0,0
6748,C3D8,0.0611794,0,0,0,0,0,0,0,0,0,0,0,0
6749,C3D8,0.0611794,0,0,0,0,0,0,0,0,0,0,0,0
6750,C3D8,0.0611794,0,0,0,0,0,0,0,0,0,0,0,0
6751,C3D8,0.0611795,0,0,0,0,0,0,0,0,0,0,0,0
6752,C3D8,0.0611795,0,0,0,0,0,0,0,0,0,0,0,0
6753,C3D8,0.0611795,0,0,0,0,0,0,0,0,0,0,0,0
6754,C3D8,0.0611796,0,0,0,0,0,0,0,0,0,0,0,0
6755,C3D8,0.0611796,0,0,0,0,0,0,0,0,0,0,0,0
6756,C3D8,0.0611796,0,0,0,0,0,0,0,0,0,0,0,0
6757,C3D8,0.0611797,0,0,0,0,0,0,0,0,0,0,0,0
6758,C3D8,0.0611797,0,0,0,0,0,0,0,0,0,0,0,0
6759,C3D8,0.0611797,0,0,0,0,0,0,0,0,0,0,0,0
6760,C3D8,0.0611797,0,0,0,0,0,0,0,0,0,0,0,0
6761,C3D8,0.0611797,0,0,0,0,0,0,0,0,0,0,0,0
6762,C3D8,0.0611797,0,0,0,0,0,0,0,0,0,0,0,0
6763,C3D8,0.0633716,0,0,0,0,0,0,0,0,0,0,0,0
6764,C3D8,0.0633716,0,0,0,0,0,0,0,0,0,0,0,0
6765,C3D8,0.0633716,0,0,0,0,0,0,0,0,0,0,0,0
6766,C3D8,0.0633717,0,0,0,0,0,0,0,0,0,0,0,0
6767,C3D8,0.0633717,0,0,0,0,0,0,0,0,0,0,0,0
6768,C3D8,0.0633717,0,0,0,0,0,0,0,0,0,0,0,0
6769,C3D8,0.0633719,0,0,0,0,0,0,0,0,0,0,0,0
6770,C3D8,0.0633719,0,0,0,0,0,0,0,0,0,0,0,0
6771,C3D8,0.0633719,0,0,0,0,0,0,0,0,0,0,0,0
6772,C3D8,0.0633719,0,0,0,0,0,0,0,0,0,0,0,0
6773,C3D8,0.0633719,0,0,0,0,0,0,0,0,0,0,0,0
6774,C3D8,0.0633719,0,0,0,0,0,0,0,0,0,0,0,0
6775,C3D8,0.0633721,0,0,0,0,0,0,0,0,0,0,0,0
6776,C3D8,0.0633721,0,0,0,0,0,0,0,0,0,0,0,0
6777,C3D8,0.0633721,0,0,0,0,0,0,0,0,0,0,0,0
6778,C3D8,0.0633723,0,0,0,0,0,0,0,0,0,0,0,0
6779,C3D8,0.0633723,0,0,0,0,0,0,0,0,0,0,0,0
6780,C3D8,0.0633723,0,0,0,0,0,0,0,0,0,0,0,0
6781,C3D8,0.0633724,0,0,0,0,0,0,0,0,0,0,0,0
6782,C3D8,0.0633724,0,0,0,0,0,0,0,0,0,0,0,0
6783,C3D8,0.0633724,0,0,0,0,0,0,0,0,0,0,0,0
6784,C3D8,0.0633725,0,0,0,0,0,0,0,0,0,0,0,0
6785,C3D8,0.0633725,0,0,0,0,0,0,0,0,0,0,0,0
6786,C3D8,0.0633725,0,0,0,0,0,0,0,0,0,0,0,0
6787,C3D8,0.0633725,0,0,0,0,0,0,0,0,0,0,0,0
6788,C3D8,0.0633725,0,0,0,0,0,0,0,0,0,0,0,0
6789,C3D8,0.0633725,0,0,0,0,0,0,0,0,0,0,0,0
6790,C3D8,0.0633727,0,0,0,0,0,0,0,0,0,0,0,0
6791,C3D8,0.0633727,0,0,0,0,0,0,0,0,0,0,0,0
6792,C3D8,0.0633726,0,0,0,0,0,0,0,0,0,0,0,0
6793,C3D8,0.0633727,0,0,0,0,0,0,0,0,0,0,0,0
6794,C3D8,0.0633727,0,0,0,0,0,0,0,0,0,0,0,0
6795,C3D8,0.0633727,0,0,0,0,0,0,0,0,0,0,0,0
6796,C3D8,0.0633728,0,0,0,0,0,0,0,0,0,0,0,0
6797,C3D8,0.0633728,0,0,0,0,0,0,0,0,0,0,0,0
6798,C3D8,0.0633728,0,0,0,0,0,0,0,0,0,0,0,0
6799,C3D8,0.0633728,0,0,0,0,0,0,0,0,0,0,0,0
6800,C3D8,0.0633728,0,0,0,0,0,0,0,0,0,0,0,0
6801,C3D8,0.0633728,0,0,0,0,0,0,0,0,0,0,0,0
6802,C3D8,0.0633728,0,0,0,0,0,0,0,0,0,0,0,0
6803,C3D8,0.0633728,0,0,0,0,0,0,0,0,0,0,0,0
6804,C3D8,0.0633728,0,0,0,0,0,0,0,0,0,0,0,0
6805,C3D8,0.0633728,0,0,0,0,0,0,0,0,0,0,0,0
6806,C3D8,0.0633728,0,0,0,0,0,0,0,0,0,0,0,0
6807,C3D8,0.0633728,0,0,0,0,0,0,0,0,0,0,0,0
6808,C3D8,0.0633729,0,0,0,0,0,0,0,0,0,0,0,0
6809,C3D8,0.0633729,0,0,0,0,0,0,0,0,0,0,0,0
6810,C3D8,0.0633729,0,0,0,0,0,0,0,0,0,0,0,0
6811,C3D8,0.0655672,0,0,0,0,0,0,0,0,0,0,0,0
6812,C3D8,0.0655672,0,0,0,0,0,0,0,0,0,0,0,0
6813,C3D8,0.0655672,0,0,0,0,0,0,0,0,0,0,0,0
6814,C3D8,0.065567,0,0,0,0,0,0,0,0,0,0,0,0
6815,C3D8,0.065567,0,0,0,0,0,0,0,0,0,0,0,0
6816,C3D8,0.065567,0,0,0,0,0,0,0,0,0,0,0,0
6817,C3D8,0.0655669,0,0,0,0,0,0,0,0,0,0,0,0
6818,C3D8,0.065567,0,0,0,0,0,0,0,0,0,0,0,0
6819,C3D8,0.0655669,0,0,0,0,0,0,0,0,0,0,0,0
6820,C3D8,0.0655669,0,0,0,0,0,0,0,0,0,0,0,0
6821,C3D8,0.0655669,0,0,0,0,0,0,0,0,0,0,0,0
6822,C3D8,0.0655669,0,0,0,0,0,0,0,0,0,0,0,0
6823,C3D8,0.0655667,0,0,0,0,0,0,0,0,0,0,0,0
6824,C3D8,0.0655667,0,0,0,0,0,0,0,0,0,0,0,0
6825,C3D8,0.0655667,0,0,0,0,0,0,0,0,0,0,0,0
6826,C3D8,0.0655666,0,0,0,0,0,0,0,0,0,0,0,0
6827,C3D8,0.0655666,0,0,0,0,0,0,0,0,0,0,0,0
6828,C3D8,0.0655666,0,0,0,0,0,0,0,0,0,0,0,0
6829,C3D8,0.0655664,0,0,0,0,0,0,0,0,0,0,0,0
6830,C3D8,0.0655665,0,0,0,0,0,0,0,0,0,0,0,0
6831,C3D8,0.0655664,0,0,0,0,0,0,0,0,0,0,0,0
6832,C3D8,0.0655664,0,0,0,0,0,0,0,0,0,0,0,0
6833,C3D8,0.0655664,0,0,0,0,0,0,0,0,0,0,0,0
6834,C3D8,0.0655664,0,0,0,0,0,0,0,0,0,0,0,0
6835,C3D8,0.0655664,0,0,0,0,0,0,0,0,0,0,0,0
6836,C3D8,0.0655664,0,0,0,0,0,0,0,0,0,0,0,0
6837,C3D8,0.0655664,0,0,0,0,0,0,0,0,0,0,0,0
6838,C3D8,0.0655662,0,0,0,0,0,0,0,0,0,0,0,0
6839,C3D8,0.0655662,0,0,0,0,0,0,0,0,0,0,0,0
6840,C3D8,0.0655662,0,0,0,0,0,0,0,0,0,0,0,0
6841,C3D8,0.0655662,0,0,0,0,0,0,0,0,0,0,0,0
6842,C3D8,0.0655662,0,0,0,0,0,0,0,0,0,0,0,0
6843,C3D8,0.0655662,0,0,0,0,0,0,0,0,0,0,0,0
6844,C3D8,0.0655662,0,0,0,0,0,0,0,0,0,0,0,0
6845,C3D8,0.0655662,0,0,0,0,0,0,0,0,0,0,0,0
6846,C3D8,0.0655662,0,0,0,0,0,0,0,0,0,0,0,0
6847,C3D8,0.0655661,0,0,0,0,0,0,0,0,0,0,0,0
6848,C3D8,0.0655661,0,0,0,0,0,0,0,0,0,0,0,0
6849,C3D8,0.0655661,0,0,0,0,0,0,0,0,0,0,0,0
6850,C3D8,0.0655661,0,0,0,0,0,0,0,0,0,0,0,0
6851,C3D8,0.0655661,0,0,0,0,0,0,0,0,0,0,0,0
6852,C3D8,0.0655661,0,0,0,0,0,0,0,0,0,0,0,0
6853,C3D8,0.065566,0,0,0,0,0,0,0,0,0,0,0,0
6854,C3D8,0.065566,0,0,0,0,0,0,0,0,0,0,0,0
6855,C3D8,0.065566,0,0,0,0,0,0,0,0,0,0,0,0
6856,C3D8,0.065566,0,0,0,0,0,0,0,0,0,0,0,0
6857,C3D8,0.065566,0,0,0,0,0,0,0,0,0,0,0,0
6858,C3D8,0.065566,0,0,0,0,0,0,0,0,0,0,0,0
6859,C3D8,0.0677628,0,0,0,0,0,0,0,0,0,0,0,0
6860,C3D8,0.0677628,0,0,0,0,0,0,0,0,0,0,0,0
6861,C3D8,0.0677628,0,0,0,0,0,0,0,0,0,0,0,0
6862,C3D8,0.0677624,0,0,0,0,0,0,0,0,0,0,0,0
6863,C3D8,0.0677623,0,0,0,0,0,0,0,0,0,0,0,0
6864,C3D8,0.0677624,0,0,0,0,0,0,0,0,0,0,0,0
6865,C3D8,0.067762,0,0,0,0,0,0,0,0,0,0,0,0
6866,C3D8,0.0677619,0,0,0,0,0,0,0,0,0,0,0,0
6867,C3D8,0.067762,0,0,0,0,0,0,0,0,0,0,0,0
6868,C3D8,0.0677616,0,0,0,0,0,0,0,0,0,0,0,0
6869,C3D8,0.0677615,0,0,0,0,0,0,0,0,0,0,0,0
6870,C3D8,0.0677616,0,0,0,0,0,0,0,0,0,0,0,0
6871,C3D8,0.0677612,0,0,0,0,0,0,0,0,0,0,0,0
6872,C3D8,0.0677611,0,0,0,0,0,0,0,0,0,0,0,0
6873,C3D8,0.0677612,0,0,0,0,0,0,0,0,0,0,0,0
6874,C3D8,0.0677609,0,0,0,0,0,0,0,0,0,0,0,0
6875,C3D8,0.0677608,0,0,0,0,0,0,0,0,0,0,0,0
6876,C3D8,0.0677609,0,0,0,0,0,0,0,0,0,0,0,0
6877,C3D8,0.0677606,0,0,0,0,0,0,0,0,0,0,0,0
6878,C3D8,0.0677605,0,0,0,0,0,0,0,0,0,0,0,0
6879,C3D8,0.0677606,0,0,0,0,0,0,0,0,0,0,0,0
6880,C3D8,0.0677603,0,0,0,0,0,0,0,0,0,0,0,0
6881,C3D8,0.0677603,0,0,0,0,0,0,0,0,0,0,0,0
6882,C3D8,0.0677603,0,0,0,0,0,0,0,0,0,0,0,0
6883,C3D8,0.06776,0,0,0,0,0,0,0,0,0,0,0,0
6884,C3D8,0.06776,0,0,0,0,0,0,0,0,0,0,0,0
6885,C3D8,0.0677601,0,0,0,0,0,0,0,0,0,0,0,0
6886,C3D8,0.0677598,0,0,0,0,0,0,0,0,0,0,0,0
6887,C3D8,0.0677598,0,0,0,0,0,0,0,0,0,0,0,0
6888,C3D8,0.0677598,0,0,0,0,0,0,0,0,0,0,0,0
6889,C3D8,0.0677597,0,0,0,0,0,0,0,0,0,0,0,0
6890,C3D8,0.0677596,0,0,0,0,0,0,0,0,0,0,0,0
6891,C3D8,0.0677596,0,0,0,0,0,0,0,0,0,0,0,0
6892,C3D8,0.0677595,0,0,0,0,0,0,0,0,0,0,0,0
6893,C3D8,0.0677595,0,0,0,0,0,0,0,0,0,0,0,0
6894,C3D8,0.0677595,0,0,0,0,0,0,0,0,0,0,0,0
6895,C3D8,0.0677595,0,0,0,0,0,0,0,0,0,0,0,0
6896,C3D8,0.0677594,0,0,0,0,0,0,0,0,0,0,0,0
6897,C3D8,0.0677594,0,0,0,0,0,0,0,0,0,0,0,0
6898,C3D8,0.0677594,0,0,0,0,0,0,0,0,0,0,0,0
6899,C3D8,0.0677594,0,0,0,0,0,0,0,0,0,0,0,0
6900,C3D8,0.0677593,0,0,0,0,0,0,0,0,0,0,0,0
6901,C3D8,0.0677593,0,0,0,0,0,0,0,0,0,0,0,0
6902,C3D8,0.0677593,0,0,0,0,0,0,0,0,0,0,0,0
6903,C3D8,0.0677593,0,0,0,0,0,0,0,0,0,0,0,0
6904,C3D8,0.0677592,0,0,0,0,0,0,0,0,0,0,0,0
6905,C3D8,0.0677592,0,0,0,0,0,0,0,0,0,0,0,0
6906,C3D8,0.0677592,0,0,0,0,0,0,0,0,0,0,0,0
6907,C3D8,0.0699585,0,0,0,0,0,0,0,0,0,0,0,0
6908,C3D8,0.0699585,0,0,0,0,0,0,0,0,0,0,0,0
6909,C3D8,0.0699585,0,0,0,0,0,0,0,0,0,0,0,0
6910,C3D8,0.0699577,0,0,0,0,0,0,0,0,0,0,0,0
6911,C3D8,0.0699577,0,0,0,0,0,0,0,0,0,0,0,0
6912,C3D8,0.0699576,0,0,0,0,0,0,0,0,0,0,0,0
6913,C3D8,0.069957,0,0,0,0,0,0,0,0,0,0,0,0
6914,C3D8,0.069957,0,0,0,0,0,0,0,0,0,0,0,0
6915,C3D8,0.069957,0,0,0,0,0,0,0,0,0,0,0,0
6916,C3D8,0.0699564,0,0,0,0,0,0,0,0,0,0,0,0
6917,C3D8,0.0699565,0,0,0,0,0,0,0,0,0,0,0,0
6918,C3D8,0.0699564,0,0,0,0,0,0,0,0,0,0,0,0
6919,C3D8,0.0699558,0,0,0,0,0,0,0,0,0,0,0,0
6920,C3D8,0.0699558,0,0,0,0,0,0,0,0,0,0,0,0
6921,C3D8,0.0699557,0,0,0,0,0,0,0,0,0,0,0,0
6922,C3D8,0.0699551,0,0,0,0,0,0,0,0,0,0,0,0
6923,C3D8,0.0699551,0,0,0,0,0,0,0,0,0,0,0,0
6924,C3D8,0.0699551,0,0,0,0,0,0,0,0,0,0,0,0
6925,C3D8,0.0699547,0,0,0,0,0,0,0,0,0,0,0,0
6926,C3D8,0.0699547,0,0,0,0,0,0,0,0,0,0,0,0
6927,C3D8,0.0699547,0,0,0,0,0,0,0,0,0,0,0,0
6928,C3D8,0.0699542,0,0,0,0,0,0,0,0,0,0,0,0
6929,C3D8,0.0699542,0,0,0,0,0,0,0,0,0,0,0,0
6930,C3D8,0.0699542,0,0,0,0,0,0,0,0,0,0,0,0
6931,C3D8,0.0699538,0,0,0,0,0,0,0,0,0,0,0,0
6932,C3D8,0.0699538,0,0,0,0,0,0,0,0,0,0,0,0
6933,C3D8,0.0699538,0,0,0,0,0,0,0,0,0,0,0,0
6934,C3D8,0.0699535,0,0,0,0,0,0,0,0,0,0,0,0
6935,C3D8,0.0699535,0,0,0,0,0,0,0,0,0,0,0,0
6936,C3D8,0.0699535,0,0,0,0,0,0,0,0,0,0,0,0
6937,C3D8,0.0699532,0,0,0,0,0,0,0,0,0,0,0,0
6938,C3D8,0.0699532,0,0,0,0,0,0,0,0,0,0,0,0
6939,C3D8,0.0699532,0,0,0,0,0,0,0,0,0,0,0,0
6940,C3D8,0.0699529,0,0,0,0,0,0,0,0,0,0,0,0
6941,C3D8,0.0699528,0,0,0,0,0,0,0,0,0,0,0,0
6942,C3D8,0.0699528,0,0,0,0,0,0,0,0,0,0,0,0
6943,C3D8,0.0699527,0,0,0,0,0,0,0,0,0,0,0,0
6944,C3D8,0.0699527,0,0,0,0,0,0,0,0,0,0,0,0
6945,C3D8,0.0699527,0,0,0,0,0,0,0,0,0,0,0,0
6946,C3D8,0.0699526,0,0,0,0,0,0,0,0,0,0,0,0
6947,C3D8,0.0699526,0,0,0,0,0,0,0,0,0,0,0,0
6948,C3D8,0.0699525,0,0,0,0,0,0,0,0,0,0,0,0
6949,C3D8,0.0699524,0,0,0,0,0,0,0,0,0,0,0,0
6950,C3D8,0.0699524,0,0,0,0,0,0,0,0,0,0,0,0
6951,C3D8,0.0699524,0,0,0,0,0,0,0,0,0,0,0,0
6952,C3D8,0.0699524,0,0,0,0,0,0,0,0,0,0,0,0
6953,C3D8,0.0699524,0,0,0,0,0,0,0,0,0,0,0,0
6954,C3D8,0.0699524,0,0,0,0,0,0,0,0,0,0,0,0
6955,C3D8,0.0721542,0,0,0,0,0,0,0,0,0,0,0,0
6956,C3D8,0.0721542,0,0,0,0,0,0,0,0,0,0,0,0
6957,C3D8,0.0721542,0,0,0,0,0,0,0,0,0,0,0,0
6958,C3D8,0.0721531,0,0,0,0,0,0,0,0,0,0,0,0
6959,C3D8,0.0721531,0,0,0,0,0,0,0,0,0,0,0,0
6960,C3D8,0.0721531,0,0,0,0,0,0,0,0,0,0,0,0
6961,C3D8,0.0721521,0,0,0,0,0,0,0,0,0,0,0,0
6962,C3D8,0.0721521,0,0,0,0,0,0,0,0,0,0,0,0
6963,C3D8,0.0721521,0,0,0,0,0,0,0,0,0,0,0,0
6964,C3D8,0.0721511,0,0,0,0,0,0,0,0,0,0,0,0
6965,C3D8,0.0721511,0,0,0,0,0,0,0,0,0,0,0,0
6966,C3D8,0.0721511,0,0,0,0,0,0,0,0,0,0,0,0
6967,C3D8,0.0721502,0,0,0,0,0,0,0,0,0,0,0,0
6968,C3D8,0.0721502,0,0,0,0,0,0,0,0,0,0,0,0
6969,C3D8,0.0721502,0,0,0,0,0,0,0,0,0,0,0,0
6970,C3D8,0.0721495,0,0,0,0,0,0,0,0,0,0,0,0
6971,C3D8,0.0721495,0,0,0,0,0,0,0,0,0,0,0,0
6972,C3D8,0.0721495,0,0,0,0,0,0,0,0,0,0,0,0
6973,C3D8,0.0721488,0,0,0,0,0,0,0,0,0,0,0,0
6974,C3D8,0.0721488,0,0,0,0,0,0,0,0,0,0,0,0
6975,C3D8,0.0721488,0,0,0,0,0,0,0,0,0,0,0,0
6976,C3D8,0.0721481,0,0,0,0,0,0,0,0,0,0,0,0
6977,C3D8,0.0721481,0,0,0,0,0,0,0,0,0,0,0,0
6978,C3D8,0.0721481,0,0,0,0,0,0,0,0,0,0,0,0
6979,C3D8,0.0721476,0,0,0,0,0,0,0,0,0,0,0,0
6980,C3D8,0.0721476,0,0,0,0,0,0,0,0,0,0,0,0
6981,C3D8,0.0721476,0,0,0,0,0,0,0,0,0,0,0,0
6982,C3D8,0.072147,0,0,0,0,0,0,0,0,0,0,0,0
6983,C3D8,0.072147,0,0,0,0,0,0,0,0,0,0,0,0
6984,C3D8,0.072147,0,0,0,0,0,0,0,0,0,0,0,0
6985,C3D8,0.0721467,0,0,0,0,0,0,0,0,0,0,0,0
6986,C3D8,0.0721467,0,0,0,0,0,0,0,0,0,0,0,0
6987,C3D8,0.0721466,0,0,0,0,0,0,0,0,0,0,0,0
6988,C3D8,0.0721463,0,0,0,0,0,0,0,0,0,0,0,0
6989,C3D8,0.0721463,0,0,0,0,0,0,0,0,0,0,0,0
6990,C3D8,0.0721463,0,0,0,0,0,0,0,0,0,0,0,0
6991,C3D8,0.0721461,0,0,0,0,0,0,0,0,0,0,0,0
6992,C3D8,0.0721461,0,0,0,0,0,0,0,0,0,0,0,0
6993,C3D8,0.072146,0,0,0,0,0,0,0,0,0,0,0,0
6994,C3D8,0.0721458,0,0,0,0,0,0,0,0,0,0,0,0
6995,C3D8,0.0721458,0,0,0,0,0,0,0,0,0,0,0,0
6996,C3D8,0.0721458,0,0,0,0,0,0,0,0,0,0,0,0
6997,C3D8,0.0721457,0,0,0,0,0,0,0,0,0,0,0,0
6998,C3D8,0.0721457,0,0,0,0,0,0,0,0,0,0,0,0
6999,C3D8,0.0721457,0,0,0,0,0,0,0,0,0,0,0,0
7000,C3D8,0.0721456,0,0,0,0,0,0,0,0,0,0,0,0
7001,C3D8,0.0721456,0,0,0,0,0,0,0,0,0,0,0,0
7002,C3D8,0.0721456,0,0,0,0,0,0,0,0,0,0,0,0
7003,C3D8,0.189932,0,0,0,0,0,0,0,0,0,0,0,0
7004,C3D8,0.189932,0,0,0,0,0,0,0,0,0,0,0,0
7005,C3D8,0.189932,0,0,0,0,0,0,0,0,0,0,0,0
7006,C3D8,0.180683,0,0,0,0,0,0,0,0,0,0,0,0
7007,C3D8,0.180683,0,0,0,0,0,0,0,0,0,0,0,0
7008,C3D8,0.180683,0,0,0,0,0,0,0,0,0,0,0,0
7009,C3D8,0.171805,0,0,0,0,0,0,0,0,0,0,0,0
7010,C3D8,0.171805,0,0,0,0,0,0,0,0,0,0,0,0
7011,C3D8,0.171805,0,0,0,0,0,0,0,0,0,0,0,0
7012,C3D8,0.163348,0,0,0,0,0,0,0,0,0,0,0,0
7013,C3D8,0.163348,0,0,0,0,0,0,0,0,0,0,0,0
7014,C3D8,0.163348,0,0,0,0,0,0,0,0,0,0,0,0
7015,C3D8,0.155358,0,0,0,0,0,0,0,0,0,0,0,0
7016,C3D8,0.155358,0,0,0,0,0,0,0,0,0,0,0,0
7017,C3D8,0.155358,0,0,0,0,0,0,0,0,0,0,0,0
7018,C3D8,0.147877,0,0,0,0,0,0,0,0,0,0,0,0
7019,C3D8,0.147877,0,0,0,0,0,0,0,0,0,0,0,0
7020,C3D8,0.147877,0,0,0,0,0,0,0,0,0,0,0,0
7021,C3D8,0.140945,0,0,0,0,0,0,0,0,0,0,0,0
7022,C3D8,0.140945,0,0,0,0,0,0,0,0,0,0,0,0
7023,C3D8,0.140945,0,0,0,0,0,0,0,0,0,0,0,0
7024,C3D8,0.1346,0,0,0,0,0,0,0,0,0,0,0,0
7025,C3D8,0.1346,0,0,0,0,0,0,0,0,0,0,0,0
7026,C3D8,0.1346,0,0,0,0,0,0,0,0,0,0,0,0
7027,C3D8,0.128874,0,0,0,0,0,0,0,0,0,0,0,0
7028,C3D8,0.128874,0,0,0,0,0,0,0,0,0,0,0,0
7029,C3D8,0.128874,0,0,0,0,0,0,0,0,0,0,0,0
7030,C3D8,0.123797,0,0,0,0,0,0,0,0,0,0,0,0
7031,C3D8,0.123797,0,0,0,0,0,0,0,0,0,0,0,0
7032,C3D8,0.123797,0,0,0,0,0,0,0,0,0,0,0,0
7033,C3D8,0.119397,0,0,0,0,0,0,0,0,0,0,0,0
7034,C3D8,0.119397,0,0,0,0,0,0,0,0,0,0,0,0
7035,C3D8,0.119396,0,0,0,0,0,0,0,0,0,0,0,0
7036,C3D8,0.115694,0,0,0,0,0,0,0,0,0,0,0,0
7037,C3D8,0.115694,0,0,0,0,0,0,0,0,0,0,0,0
7038,C3D8,0.115694,0,0,0,0,0,0,0,0,0,0,0,0
7039,C3D8,0.112709,0,0,0,0,0,0,0,0,0,0,0,0
7040,C3D8,0.112709,0,0,0,0,0,0,0,0,0,0,0,0
7041,C3D8,0.112709,0,0,0,0,0,0,0,0,0,0,0,0
7042,C3D8,0.110456,0,0,0,0,0,0,0,0,0,0,0,0
7043,C3D8,0.110456,0,0,0,0,0,0,0,0,0,0,0,0
7044,C3D8,0.110456,0,0,0,0,0,0,0,0,0,0,0,0
7045,C3D8,0.108949,0,0,0,0,0,0,0,0,0,0,0,0
7046,C3D8,0.108949,0,0,0,0,0,0,0,0,0,0,0,0
7047,C3D8,0.108949,0,0,0,0,0,0,0,0,0,0,0,0
7048,C3D8,0.108193,0,0,0,0,0,0,0,0,0,0,0,0
7049,C3D8,0.108193,0,0,0,0,0,0,0,0,0,0,0,0
7050,C3D8,0.108193,0,0,0,0,0,0,0,0,0,0,0,0
7051,C3D8,0.19641,0,0,0,0,0,0,0,0,0,0,0,0
7052,C3D8,0.19641,0,0,0,0,0,0,0,0,0,0,0,0
7053,C3D8,0.19641,0,0,0,0,0,0,0,0,0,0,0,0
7054,C3D8,0.187158,0,0,0,0,0,0,0,0,0,0,0,0
7055,C3D8,0.187158,0,0,0,0,0,0,0,0,0,0,0,0
7056,C3D8,0.187158,0,0,0,0,0,0,0,0,0,0,0,0
7057,C3D8,0.178292,0,0,0,0,0,0,0,0,0,0,0,0
7058,C3D8,0.178292,0,0,0,0,0,0,0,0,0,0,0,0
7059,C3D8,0.178292,0,0,0,0,0,0,0,0,0,0,0,0
7060,C3D8,0.169858,0,0,0,0,0,0,0,0,0,0,0,0
7061,C3D8,0.169858,0,0,0,0,0,0,0,0,0,0,0,0
7062,C3D8,0.169858,0,0,0,0,0,0,0,0,0,0,0,0
7063,C3D8,0.161899,0,0,0,0,0,0,0,0,0,0,0,0
7064,C3D8,0.161899,0,0,0,0,0,0,0,0,0,0,0,0
7065,C3D8,0.161899,0,0,0,0,0,0,0,0,0,0,0,0
7066,C3D8,0.154456,0,0,0,0,0,0,0,0,0,0,0,0
7067,C3D8,0.154456,0,0,0,0,0,0,0,0,0,0,0,0
7068,C3D8,0.154456,0,0,0,0,0,0,0,0,0,0,0,0
7069,C3D8,0.147567,0,0,0,0,0,0,0,0,0,0,0,0
7070,C3D8,0.147567,0,0,0,0,0,0,0,0,0,0,0,0
7071,C3D8,0.147567,0,0,0,0,0,0,0,0,0,0,0,0
7072,C3D8,0.141266,0,0,0,0,0,0,0,0,0,0,0,0
7073,C3D8,0.141266,0,0,0,0,0,0,0,0,0,0,0,0
7074,C3D8,0.141266,0,0,0,0,0,0,0,0,0,0,0,0
7075,C3D8,0.135585,0,0,0,0,0,0,0,0,0,0,0,0
7076,C3D8,0.135585,0,0,0,0,0,0,0,0,0,0,0,0
7077,C3D8,0.135585,0,0,0,0,0,0,0,0,0,0,0,0
7078,C3D8,0.130551,0,0,0,0,0,0,0,0,0,0,0,0
7079,C3D8,0.130551,0,0,0,0,0,0,0,0,0,0,0,0
7080,C3D8,0.130551,0,0,0,0,0,0,0,0,0,0,0,0
7081,C3D8,0.126189,0,0,0,0,0,0,0,0,0,0,0,0
7082,C3D8,0.126189,0,0,0,0,0,0,0,0,0,0,0,0
7083,C3D8,0.126189,0,0,0,0,0,0,0,0,0,0,0,0
7084,C3D8,0.122522,0,0,0,0,0,0,0,0,0,0,0,0
7085,C3D8,0.122522,0,0,0,0,0,0,0,0,0,0,0,0
7086,C3D8,0.122522,0,0,0,0,0,0,0,0,0,0,0,0
7087,C3D8,0.119566,0,0,0,0,0,0,0,0,0,0,0,0
7088,C3D8,0.119566,0,0,0,0,0,0,0,0,0,0,0,0
7089,C3D8,0.119566,0,0,0,0,0,0,0,0,0,0,0,0
7090,C3D8,0.117336,0,0,0,0,0,0,0,0,0,0,0,0
7091,C3D8,0.117336,0,0,0,0,0,0,0,0,0,0,0,0
7092,C3D8,0.117336,0,0,0,0,0,0,0,0,0,0,0,0
7093,C3D8,0.115844,0,0,0,0,0,0,0,0,0,0,0,0
7094,C3D8,0.115844,0,0,0,0,0,0,0,0,0,0,0,0
7095,C3D8,0.115844,0,0,0,0,0,0,0,0,0,0,0,0
7096,C3D8,0.115096,0,0,0,0,0,0,0,0,0,0,0,0
7097,C3D8,0.115096,0,0,0,0,0,0,0,0,0,0,0,0
7098,C3D8,0.115096,0,0,0,0,0,0,0,0,0,0,0,0
7099,C3D8,0.202889,0,0,0,0,0,0,0,0,0,0,0,0
7100,C3D8,0.202889,0,0,0,0,0,0,0,0,0,0,0,0
7101,C3D8,0.202889,0,0,0,0,0,0,0,0,0,0,0,0
7102,C3D8,0.193633,0,0,0,0,0,0,0,0,0,0,0,0
7103,C3D8,0.193633,0,0,0,0,0,0,0,0,0,0,0,0
7104,C3D8,0.193633,0,0,0,0,0,0,0,0,0,0,0,0
7105,C3D8,0.184778,0,0,0,0,0,0,0,0,0,0,0,0
7106,C3D8,0.184778,0,0,0,0,0,0,0,0,0,0,0,0
7107,C3D8,0.184778,0,0,0,0,0,0,0,0,0,0,0,0
7108,C3D8,0.176367,0,0,0,0,0,0,0,0,0,0,0,0
7109,C3D8,0.176367,0,0,0,0,0,0,0,0,0,0,0,0
7110,C3D8,0.176367,0,0,0,0,0,0,0,0,0,0,0,0
7111,C3D8,0.16844,0,0,0,0,0,0,0,0,0,0,0,0
7112,C3D8,0.16844,0,0,0,0,0,0,0,0,0,0,0,0
7113,C3D8,0.16844,0,0,0,0,0,0,0,0,0,0,0,0
7114,C3D8,0.161036,0,0,0,0,0,0,0,0,0,0,0,0
7115,C3D8,0.161036,0,0,0,0,0,0,0,0,0,0,0,0
7116,C3D8,0.161036,0,0,0,0,0,0,0,0,0,0,0,0
7117,C3D8,0.154189,0,0,0,0,0,0,0,0,0,0,0,0
7118,C3D8,0.154189,0,0,0,0,0,0,0,0,0,0,0,0
7119,C3D8,0.154189,0,0,0,0,0,0,0,0,0,0,0,0
7120,C3D8,0.147932,0,0,0,0,0,0,0,0,0,0,0,0
7121,C3D8,0.147932,0,0,0,0,0,0,0,0,0,0,0,0
7122,C3D8,0.147932,0,0,0,0,0,0,0,0,0,0,0,0
7123,C3D8,0.142295,0,0,0,0,0,0,0,0,0,0,0,0
7124,C3D8,0.142295,0,0,0,0,0,0,0,0,0,0,0,0
7125,C3D8,0.142295,0,0,0,0,0,0,0,0,0,0,0,0
7126,C3D8,0.137304,0,0,0,0,0,0,0,0,0,0,0,0
7127,C3D8,0.137304,0,0,0,0,0,0,0,0,0,0,0,0
7128,C3D8,0.137304,0,0,0,0,0,0,0,0,0,0,0,0
7129,C3D8,0.132982,0,0,0,0,0,0,0,0,0,0,0,0
7130,C3D8,0.132982,0,0,0,0,0,0,0,0,0,0,0,0
7131,C3D8,0.132982,0,0,0,0,0,0,0,0,0,0,0,0
7132,C3D8,0.129349,0,0,0,0,0,0,0,0,0,0,0,0
7133,C3D8,0.129349,0,0,0,0,0,0,0,0,0,0,0,0
7134,C3D8,0.129349,0,0,0,0,0,0,0,0,0,0,0,0
7135,C3D8,0.126423,0,0,0,0,0,0,0,0,0,0,0,0
7136,C3D8,0.126423,0,0,0,0,0,0,0,0,0,0,0,0
7137,C3D8,0.126423,0,0,0,0,0,0,0,0,0,0,0,0
7138,C3D8,0.124216,0,0,0,0,0,0,0,0,0,0,0,0
7139,C3D8,0.124216,0,0,0,0,0,0,0,0,0,0,0,0
7140,C3D8,0.124216,0,0,0,0,0,0,0,0,0,0,0,0
7141,C3D8,0.122739,0,0,0,0,0,0,0,0,0,0,0,0
7142,C3D8,0.122739,0,0,0,0,0,0,0,0,0,0,0,0
7143,C3D8,0.122739,0,0,0,0,0,0,0,0,0,0,0,0
7144,C3D8,0.121999,0,0,0,0,0,0,0,0,0,0,0,0
7145,C3D8,0.121999,0,0,0,0,0,0,0,0,0,0,0,0
7146,C3D8,0.121999,0,0,0,0,0,0,0,0,0,0,0,0
7147,C3D8,0.209367,0,0,0,0,0,0,0,0,0,0,0,0
7148,C3D8,0.209367,0,0,0,0,0,0,0,0,0,0,0,0
7149,C3D8,0.209367,0,0,0,0,0,0,0,0,0,0,0,0
7150,C3D8,0.200109,0,0,0,0,0,0,0,0,0,0,0,0
7151,C3D8,0.200109,0,0,0,0,0,0,0,0,0,0,0,0
7152,C3D8,0.200109,0,0,0,0,0,0,0,0,0,0,0,0
7153,C3D8,0.191265,0,0,0,0,0,0,0,0,0,0,0,0
7154,C3D8,0.191265,0,0,0,0,0,0,0,0,0,0,0,0
7155,C3D8,0.191265,0,0,0,0,0,0,0,0,0,0,0,0
7156,C3D8,0.182877,0,0,0,0,0,0,0,0,0,0,0,0
7157,C3D8,0.182877,0,0,0,0,0,0,0,0,0,0,0,0
7158,C3D8,0.182877,0,0,0,0,0,0,0,0,0,0,0,0
7159,C3D8,0.174982,0,0,0,0,0,0,0,0,0,0,0,0
7160,C3D8,0.174982,0,0,0,0,0,0,0,0,0,0,0,0
7161,C3D8,0.174982,0,0,0,0,0,0,0,0,0,0,0,0
7162,C3D8,0.167615,0,0,0,0,0,0,0,0,0,0,0,0
7163,C3D8,0.167615,0,0,0,0,0,0,0,0,0,0,0,0
7164,C3D8,0.167615,0,0,0,0,0,0,0,0,0,0,0,0
7165,C3D8,0.160811,0,0,0,0,0,0,0,0,0,0,0,0
7166,C3D8,0.160811,0,0,0,0,0,0,0,0,0,0,0,0
7167,C3D8,0.160811,0,0,0,0,0,0,0,0,0,0,0,0
7168,C3D8,0.154598,0,0,0,0,0,0,0,0,0,0,0,0
7169,C3D8,0.154598,0,0,0,0,0,0,0,0,0,0,0,0
7170,C3D8,0.154598,0,0,0,0,0,0,0,0,0,0,0,0
7171,C3D8,0.149006,0,0,0,0,0,0,0,0,0,0,0,0
7172,C3D8,0.149006,0,0,0,0,0,0,0,0,0,0,0,0
7173,C3D8,0.149006,0,0,0,0,0,0,0,0,0,0,0,0
7174,C3D8,0.144057,0,0,0,0,0,0,0,0,0,0,0,0
7175,C3D8,0.144057,0,0,0,0,0,0,0,0,0,0,0,0
7176,C3D8,0.144057,0,0,0,0,0,0,0,0,0,0,0,0
7177,C3D8,0.139775,0,0,0,0,0,0,0,0,0,0,0,0
7178,C3D8,0.139775,0,0,0,0,0,0,0,0,0,0,0,0
7179,C3D8,0.139775,0,0,0,0,0,0,0,0,0,0,0,0
7180,C3D8,0.136177,0,0,0,0,0,0,0,0,0,0,0,0
7181,C3D8,0.136177,0,0,0,0,0,0,0,0,0,0,0,0
7182,C3D8,0.136177,0,0,0,0,0,0,0,0,0,0,0,0
7183,C3D8,0.13328,0,0,0,0,0,0,0,0,0,0,0,0
7184,C3D8,0.13328,0,0,0,0,0,0,0,0,0,0,0,0
7185,C3D8,0.13328,0,0,0,0,0,0,0,0,0,0,0,0
7186,C3D8,0.131096,0,0,0,0,0,0,0,0,0,0,0,0
7187,C3D8,0.131096,0,0,0,0,0,0,0,0,0,0,0,0
7188,C3D8,0.131096,0,0,0,0,0,0,0,0,0,0,0,0
7189,C3D8,0.129635,0,0,0,0,0,0,0,0,0,0,0,0
7190,C3D8,0.129635,0,0,0,0,0,0,0,0,0,0,0,0
7191,C3D8,0.129634,0,0,0,0,0,0,0,0,0,0,0,0
7192,C3D8,0.128902,0,0,0,0,0,0,0,0,0,0,0,0
7193,C3D8,0.128902,0,0,0,0,0,0,0,0,0,0,0,0
7194,C3D8,0.128902,0,0,0,0,0,0,0,0,0,0,0,0
7195,C3D8,0.215846,0,0,0,0,0,0,0,0,0,0,0,0
7196,C3D8,0.215846,0,0,0,0,0,0,0,0,0,0,0,0
7197,C3D8,0.215846,0,0,0,0,0,0,0,0,0,0,0,0
7198,C3D8,0.206584,0,0,0,0,0,0,0,0,0,0,0,0
7199,C3D8,0.206584,0,0,0,0,0,0,0,0,0,0,0,0
7200,C3D8,0.206584,0,0,0,0,0,0,0,0,0,0,0,0
7201,C3D8,0.197752,0,0,0,0,0,0,0,0,0,0,0,0
7202,C3D8,0.197752,0,0,0,0,0,0,0,0,0,0,0,0
7203,C3D8,0.197752,0,0,0,0,0,0,0,0,0,0,0,0
7204,C3D8,0.189386,0,0,0,0,0,0,0,0,0,0,0,0
7205,C3D8,0.189386,0,0,0,0,0,0,0,0,0,0,0,0
7206,C3D8,0.189386,0,0,0,0,0,0,0,0,0,0,0,0
7207,C3D8,0.181523,0,0,0,0,0,0,0,0,0,0,0,0
7208,C3D8,0.181523,0,0,0,0,0,0,0,0,0,0,0,0
7209,C3D8,0.181523,0,0,0,0,0,0,0,0,0,0,0,0
7210,C3D8,0.174195,0,0,0,0,0,0,0,0,0,0,0,0
7211,C3D8,0.174195,0,0,0,0,0,0,0,0,0,0,0,0
7212,C3D8,0.174195,0,0,0,0,0,0,0,0,0,0,0,0
7213,C3D8,0.167433,0,0,0,0,0,0,0,0,0,0,0,0
7214,C3D8,0.167433,0,0,0,0,0,0,0,0,0,0,0,0
7215,C3D8,0.167433,0,0,0,0,0,0,0,0,0,0,0,0
7216,C3D8,0.161265,0,0,0,0,0,0,0,0,0,0,0,0
7217,C3D8,0.161265,0,0,0,0,0,0,0,0,0,0,0,0
7218,C3D8,0.161265,0,0,0,0,0,0,0,0,0,0,0,0
7219,C3D8,0.155716,0,0,0,0,0,0,0,0,0,0,0,0
7220,C3D8,0.155716,0,0,0,0,0,0,0,0,0,0,0,0
7221,C3D8,0.155716,0,0,0,0,0,0,0,0,0,0,0,0
7222,C3D8,0.15081,0,0,0,0,0,0,0,0,0,0,0,0
7223,C3D8,0.15081,0,0,0,0,0,0,0,0,0,0,0,0
7224,C3D8,0.15081,0,0,0,0,0,0,0,0,0,0,0,0
7225,C3D8,0.146567,0,0,0,0,0,0,0,0,0,0,0,0
7226,C3D8,0.146567,0,0,0,0,0,0,0,0,0,0,0,0
7227,C3D8,0.146567,0,0,0,0,0,0,0,0,0,0,0,0
7228,C3D8,0.143005,0,0,0,0,0,0,0,0,0,0,0,0
7229,C3D8,0.143005,0,0,0,0,0,0,0,0,0,0,0,0
7230,C3D8,0.143005,0,0,0,0,0,0,0,0,0,0,0,0
7231,C3D8,0.140137,0,0,0,0,0,0,0,0,0,0,0,0
7232,C3D8,0.140137,0,0,0,0,0,0,0,0,0,0,0,0
7233,C3D8,0.140137,0,0,0,0,0,0,0,0,0,0,0,0
7234,C3D8,0.137976,0,0,0,0,0,0,0,0,0,0,0,0
7235,C3D8,0.137976,0,0,0,0,0,0,0,0,0,0,0,0
7236,C3D8,0.137976,0,0,0,0,0,0,0,0,0,0,0,0
7237,C3D8,0.13653,0,0,0,0,0,0,0,0,0,0,0,0
7238,C3D8,0.13653,0,0,0,0,0,0,0,0,0,0,0,0
7239,C3D8,0.13653,0,0,0,0,0,0,0,0,0,0,0,0
7240,C3D8,0.135805,0,0,0,0,0,0,0,0,0,0,0,0
7241,C3D8,0.135805,0,0,0,0,0,0,0,0,0,0,0,0
7242,C3D8,0.135805,0,0,0,0,0,0,0,0,0,0,0,0
7243,C3D8,0.222324,0,0,0,0,0,0,0,0,0,0,0,0
7244,C3D8,0.222324,0,0,0,0,0,0,0,0,0,0,0,0
7245,C3D8,0.222324,0,0,0,0,0,0,0,0,0,0,0,0
7246,C3D8,0.21306,0,0,0,0,0,0,0,0,0,0,0,0
7247,C3D8,0.21306,0,0,0,0,0,0,0,0,0,0,0,0
7248,C3D8,0.21306,0,0,0,0,0,0,0,0,0,0,0,0
7249,C3D8,0.204239,0,0,0,0,0,0,0,0,0,0,0,0
7250,C3D8,0.204239,0,0,0,0,0,0,0,0,0,0,0,0
7251,C3D8,0.204239,0,0,0,0,0,0,0,0,0,0,0,0
7252,C3D8,0.195896,0,0,0,0,0,0,0,0,0,0,0,0
7253,C3D8,0.195896,0,0,0,0,0,0,0,0,0,0,0,0
7254,C3D8,0.195896,0,0,0,0,0,0,0,0,0,0,0,0
7255,C3D8,0.188064,0,0,0,0,0,0,0,0,0,0,0,0
7256,C3D8,0.188064,0,0,0,0,0,0,0,0,0,0,0,0
7257,C3D8,0.188064,0,0,0,0,0,0,0,0,0,0,0,0
7258,C3D8,0.180775,0,0,0,0,0,0,0,0,0,0,0,0
7259,C3D8,0.180775,0,0,0,0,0,0,0,0,0,0,0,0
7260,C3D8,0.180775,0,0,0,0,0,0,0,0,0,0,0,0
7261,C3D8,0.174055,0,0,0,0,0,0,0,0,0,0,0,0
7262,C3D8,0.174055,0,0,0,0,0,0,0,0,0,0,0,0
7263,C3D8,0.174055,0,0,0,0,0,0,0,0,0,0,0,0
7264,C3D8,0.167931,0,0,0,0,0,0,0,0,0,0,0,0
7265,C3D8,0.167931,0,0,0,0,0,0,0,0,0,0,0,0
7266,C3D8,0.167931,0,0,0,0,0,0,0,0,0,0,0,0
7267,C3D8,0.162427,0,0,0,0,0,0,0,0,0,0,0,0
7268,C3D8,0.162427,0,0,0,0,0,0,0,0,0,0,0,0
7269,C3D8,0.162427,0,0,0,0,0,0,0,0,0,0,0,0
7270,C3D8,0.157564,0,0,0,0,0,0,0,0,0,0,0,0
7271,C3D8,0.157564,0,0,0,0,0,0,0,0,0,0,0,0
7272,C3D8,0.157564,0,0,0,0,0,0,0,0,0,0,0,0
7273,C3D8,0.15336,0,0,0,0,0,0,0,0,0,0,0,0
7274,C3D8,0.15336,0,0,0,0,0,0,0,0,0,0,0,0
7275,C3D8,0.15336,0,0,0,0,0,0,0,0,0,0,0,0
7276,C3D8,0.149832,0,0,0,0,0,0,0,0,0,0,0,0
7277,C3D8,0.149832,0,0,0,0,0,0,0,0,0,0,0,0
7278,C3D8,0.149832,0,0,0,0,0,0,0,0,0,0,0,0
7279,C3D8,0.146994,0,0,0,0,0,0,0,0,0,0,0,0
7280,C3D8,0.146994,0,0,0,0,0,0,0,0,0,0,0,0
7281,C3D8,0.146994,0,0,0,0,0,0,0,0,0,0,0,0
7282,C3D8,0.144855,0,0,0,0,0,0,0,0,0,0,0,0
7283,C3D8,0.144855,0,0,0,0,0,0,0,0,0,0,0,0
7284,C3D8,0.144855,0,0,0,0,0,0,0,0,0,0,0,0
7285,C3D8,0.143425,0,0,0,0,0,0,0,0,0,0,0,0
7286,C3D8,0.143425,0,0,0,0,0,0,0,0,0,0,0,0
7287,C3D8,0.143425,0,0,0,0,0,0,0,0,0,0,0,0
7288,C3D8,0.142709,0,0,0,0,0,0,0,0,0,0,0,0
7289,C3D8,0.142709,0,0,0,0,0,0,0,0,0,0,0,0
7290,C3D8,0.142709,0,0,0,0,0,0,0,0,0,0,0,0
7291,C3D8,0.228802,0,0,0,0,0,0,0,0,0,0,0,0
7292,C3D8,0.228802,0,0,0,0,0,0,0,0,0,0,0,0
7293,C3D8,0.228802,0,0,0,0,0,0,0,0,0,0,0,0
7294,C3D8,0.219535,0,0,0,0,0,0,0,0,0,0,0,0
7295,C3D8,0.219535,0,0,0,0,0,0,0,0,0,0,0,0
7296,C3D8,0.219535,0,0,0,0,0,0,0,0,0,0,0,0
7297,C3D8,0.210725,0,0,0,0,0,0,0,0,0,0,0,0
7298,C3D8,0.210725,0,0,0,0,0,0,0,0,0,0,0,0
7299,C3D8,0.210725,0,0,0,0,0,0,0,0,0,0,0,0
7300,C3D8,0.202406,0,0,0,0,0,0,0,0,0,0,0,0
7301,C3D8,0.202406,0,0,0,0,0,0,0,0,0,0,0,0
7302,C3D8,0.202406,0,0,0,0,0,0,0,0,0,0,0,0
7303,C3D8,0.194606,0,0,0,0,0,0,0,0,0,0,0,0
7304,C3D8,0.194606,0,0,0,0,0,0,0,0,0,0,0,0
7305,C3D8,0.194606,0,0,0,0,0,0,0,0,0,0,0,0
7306,C3D8,0.187354,0,0,0,0,0,0,0,0,0,0,0,0
7307,C3D8,0.187354,0,0,0,0,0,0,0,0,0,0,0,0
7308,C3D8,0.187354,0,0,0,0,0,0,0,0,0,0,0,0
7309,C3D8,0.180677,0,0,0,0,0,0,0,0,0,0,0,0
7310,C3D8,0.180677,0,0,0,0,0,0,0,0,0,0,0,0
7311,C3D8,0.180677,0,0,0,0,0,0,0,0,0,0,0,0
7312,C3D8,0.174597,0,0,0,0,0,0,0,0,0,0,0,0
7313,C3D8,0.174597,0,0,0,0,0,0,0,0,0,0,0,0
7314,C3D8,0.174597,0,0,0,0,0,0,0,0,0,0,0,0
7315,C3D8,0.169137,0,0,0,0,0,0,0,0,0,0,0,0
7316,C3D8,0.169137,0,0,0,0,0,0,0,0,0,0,0,0
7317,C3D8,0.169137,0,0,0,0,0,0,0,0,0,0,0,0
7318,C3D8,0.164317,0,0,0,0,0,0,0,0,0,0,0,0
7319,C3D8,0.164317,0,0,0,0,0,0,0,0,0,0,0,0
7320,C3D8,0.164317,0,0,0,0,0,0,0,0,0,0,0,0
7321,C3D8,0.160153,0,0,0,0,0,0,0,0,0,0,0,0
7322,C3D8,0.160153,0,0,0,0,0,0,0,0,0,0,0,0
7323,C3D8,0.160153,0,0,0,0,0,0,0,0,0,0,0,0
7324,C3D8,0.15666,0,0,0,0,0,0,0,0,0,0,0,0
7325,C3D8,0.15666,0,0,0,0,0,0,0,0,0,0,0,0
7326,C3D8,0.15666,0,0,0,0,0,0,0,0,0,0,0,0
7327,C3D8,0.153851,0,0,0,0,0,0,0,0,0,0,0,0
7328,C3D8,0.153851,0,0,0,0,0,0,0,0,0,0,0,0
7329,C3D8,0.153851,0,0,0,0,0,0,0,0,0,0,0,0
7330,C3D8,0.151735,0,0,0,0,0,0,0,0,0,0,0,0
7331,C3D8,0.151735,0,0,0,0,0,0,0,0,0,0,0,0
7332,C3D8,0.151735,0,0,0,0,0,0,0,0,0,0,0,0
7333,C3D8,0.15032,0,0,0,0,0,0,0,0,0,0,0,0
7334,C3D8,0.15032,0,0,0,0,0,0,0,0,0,0,0,0
7335,C3D8,0.15032,0,0,0,0,0,0,0,0,0,0,0,0
7336,C3D8,0.149612,0,0,0,0,0,0,0,0,0,0,0,0
7337,C3D8,0.149612,0,0,0,0,0,0,0,0,0,0,0,0
7338,C3D8,0.149612,0,0,0,0,0,0,0,0,0,0,0,0
7339,C3D8,0.235281,0,0,0,0,0,0,0,0,0,0,0,0
7340,C3D8,0.235281,0,0,0,0,0,0,0,0,0,0,0,0
7341,C3D8,0.235281,0,0,0,0,0,0,0,0,0,0,0,0
7342,C3D8,0.22601,0,0,0,0,0,0,0,0,0,0,0,0
7343,C3D8,0.22601,0,0,0,0,0,0,0,0,0,0,0,0
7344,C3D8,0.22601,0,0,0,0,0,0,0,0,0,0,0,0
7345,C3D8,0.217212,0,0,0,0,0,0,0,0,0,0,0,0
7346,C3D8,0.217212,0,0,0,0,0,0,0,0,0,0,0,0
7347,C3D8,0.217212,0,0,0,0,0,0,0,0,0,0,0,0
7348,C3D8,0.208915,0,0,0,0,0,0,0,0,0,0,0,0
7349,C3D8,0.208915,0,0,0,0,0,0,0,0,0,0,0,0
7350,C3D8,0.208915,0,0,0,0,0,0,0,0,0,0,0,0
7351,C3D8,0.201147,0,0,0,0,0,0,0,0,0,0,0,0
7352,C3D8,0.201147,0,0,0,0,0,0,0,0,0,0,0,0
7353,C3D8,0.201147,0,0,0,0,0,0,0,0,0,0,0,0
7354,C3D8,0.193934,0,0,0,0,0,0,0,0,0,0,0,0
7355,C3D8,0.193934,0,0,0,0,0,0,0,0,0,0,0,0
7356,C3D8,0.193934,0,0,0,0,0,0,0,0,0,0,0,0
7357,C3D8,0.187298,0,0,0,0,0,0,0,0,0,0,0,0
7358,C3D8,0.187298,0,0,0,0,0,0,0,0,0,0,0,0
7359,C3D8,0.187298,0,0,0,0,0,0,0,0,0,0,0,0
7360,C3D8,0.181263,0,0,0,0,0,0,0,0,0,0,0,0
7361,C3D8,0.181263,0,0,0,0,0,0,0,0,0,0,0,0
7362,C3D8,0.181263,0,0,0,0,0,0,0,0,0,0,0,0
7363,C3D8,0.175848,0,0,0,0,0,0,0,0,0,0,0,0
7364,C3D8,0.175848,0,0,0,0,0,0,0,0,0,0,0,0
7365,C3D8,0.175848,0,0,0,0,0,0,0,0,0,0,0,0
7366,C3D8,0.17107,0,0,0,0,0,0,0,0,0,0,0,0
7367,C3D8,0.17107,0,0,0,0,0,0,0,0,0,0,0,0
7368,C3D8,0.17107,0,0,0,0,0,0,0,0,0,0,0,0
7369,C3D8,0.166946,0,0,0,0,0,0,0,0,0,0,0,0
7370,C3D8,0.166946,0,0,0,0,0,0,0,0,0,0,0,0
7371,C3D8,0.166946,0,0,0,0,0,0,0,0,0,0,0,0
7372,C3D8,0.163488,0,0,0,0,0,0,0,0,0,0,0,0
7373,C3D8,0.163488,0,0,0,0,0,0,0,0,0,0,0,0
7374,C3D8,0.163488,0,0,0,0,0,0,0,0,0,0,0,0
7375,C3D8,0.160708,0,0,0,0,0,0,0,0,0,0,0,0
7376,C3D8,0.160708,0,0,0,0,0,0,0,0,0,0,0,0
7377,C3D8,0.160708,0,0,0,0,0,0,0,0,0,0,0,0
7378,C3D8,0.158615,0,0,0,0,0,0,0,0,0,0,0,0
7379,C3D8,0.158615,0,0,0,0,0,0,0,0,0,0,0,0
7380,C3D8,0.158615,0,0,0,0,0,0,0,0,0,0,0,0
7381,C3D8,0.157216,0,0,0,0,0,0,0,0,0,0,0,0
7382,C3D8,0.157216,0,0,0,0,0,0,0,0,0,0,0,0
7383,C3D8,0.157216,0,0,0,0,0,0,0,0,0,0,0,0
7384,C3D8,0.156515,0,0,0,0,0,0,0,0,0,0,0,0
7385,C3D8,0.156515,0,0,0,0,0,0,0,0,0,0,0,0
7386,C3D8,0.156515,0,0,0,0,0,0,0,0,0,0,0,0
7387,C3D8,0.241759,0,0,0,0,0,0,0,0,0,0,0,0
7388,C3D8,0.241759,0,0,0,0,0,0,0,0,0,0,0,0
7389,C3D8,0.241759,0,0,0,0,0,0,0,0,0,0,0,0
7390,C3D8,0.232486,0,0,0,0,0,0,0,0,0,0,0,0
7391,C3D8,0.232486,0,0,0,0,0,0,0,0,0,0,0,0
7392,C3D8,0.232486,0,0,0,0,0,0,0,0,0,0,0,0
7393,C3D8,0.223699,0,0,0,0,0,0,0,0,0,0,0,0
7394,C3D8,0.223699,0,0,0,0,0,0,0,0,0,0,0,0
7395,C3D8,0.223699,0,0,0,0,0,0,0,0,0,0,0,0
7396,C3D8,0.215425,0,0,0,0,0,0,0,0,0,0,0,0
7397,C3D8,0.215425,0,0,0,0,0,0,0,0,0,0,0,0
7398,C3D8,0.215425,0,0,0,0,0,0,0,0,0,0,0,0
7399,C3D8,0.207689,0,0,0,0,0,0,0,0,0,0,0,0
7400,C3D8,0.207689,0,0,0,0,0,0,0,0,0,0,0,0
7401,C3D8,0.207689,0,0,0,0,0,0,0,0,0,0,0,0
7402,C3D8,0.200513,0,0,0,0,0,0,0,0,0,0,0,0
7403,C3D8,0.200513,0,0,0,0,0,0,0,0,0,0,0,0
7404,C3D8,0.200513,0,0,0,0,0,0,0,0,0,0,0,0
7405,C3D8,0.19392,0,0,0,0,0,0,0,0,0,0,0,0
7406,C3D8,0.19392,0,0,0,0,0,0,0,0,0,0,0,0
7407,C3D8,0.19392,0,0,0,0,0,0,0,0,0,0,0,0
7408,C3D8,0.187929,0,0,0,0,0,0,0,0,0,0,0,0
7409,C3D8,0.187929,0,0,0,0,0,0,0,0,0,0,0,0
7410,C3D8,0.187929,0,0,0,0,0,0,0,0,0,0,0,0
7411,C3D8,0.182558,0,0,0,0,0,0,0,0,0,0,0,0
7412,C3D8,0.182558,0,0,0,0,0,0,0,0,0,0,0,0
7413,C3D8,0.182558,0,0,0,0,0,0,0,0,0,0,0,0
7414,C3D8,0.177823,0,0,0,0,0,0,0,0,0,0,0,0
7415,C3D8,0.177823,0,0,0,0,0,0,0,0,0,0,0,0
7416,C3D8,0.177823,0,0,0,0,0,0,0,0,0,0,0,0
7417,C3D8,0.173738,0,0,0,0,0,0,0,0,0,0,0,0
7418,C3D8,0.173738,0,0,0,0,0,0,0,0,0,0,0,0
7419,C3D8,0.173738,0,0,0,0,0,0,0,0,0,0,0,0
7420,C3D8,0.170315,0,0,0,0,0,0,0,0,0,0,0,0
7421,C3D8,0.170315,0,0,0,0,0,0,0,0,0,0,0,0
7422,C3D8,0.170315,0,0,0,0,0,0,0,0,0,0,0,0
7423,C3D8,0.167565,0,0,0,0,0,0,0,0,0,0,0,0
7424,C3D8,0.167565,0,0,0,0,0,0,0,0,0,0,0,0
7425,C3D8,0.167565,0,0,0,0,0,0,0,0,0,0,0,0
7426,C3D8,0.165495,0,0,0,0,0,0,0,0,0,0,0,0
7427,C3D8,0.165495,0,0,0,0,0,0,0,0,0,0,0,0
7428,C3D8,0.165495,0,0,0,0,0,0,0,0,0,0,0,0
7429,C3D8,0.164111,0,0,0,0,0,0,0,0,0,0,0,0
7430,C3D8,0.164111,0,0,0,0,0,0,0,0,0,0,0,0
7431,C3D8,0.164111,0,0,0,0,0,0,0,0,0,0,0,0
7432,C3D8,0.163418,0,0,0,0,0,0,0,0,0,0,0,0
7433,C3D8,0.163418,0,0,0,0,0,0,0,0,0,0,0,0
7434,C3D8,0.163418,0,0,0,0,0,0,0,0,0,0,0,0
7435,C3D8,0.248238,0,0,0,0,0,0,0,0,0,0,0,0
7436,C3D8,0.248238,0,0,0,0,0,0,0,0,0,0,0,0
7437,C3D8,0.248238,0,0,0,0,0,0,0,0,0,0,0,0
7438,C3D8,0.238961,0,0,0,0,0,0,0,0,0,0,0,0
7439,C3D8,0.238961,0,0,0,0,0,0,0,0,0,0,0,0
7440,C3D8,0.238961,0,0,0,0,0,0,0,0,0,0,0,0
7441,C3D8,0.230186,0,0,0,0,0,0,0,0,0,0,0,0
7442,C3D8,0.230186,0,0,0,0,0,0,0,0,0,0,0,0
7443,C3D8,0.230185,0,0,0,0,0,0,0,0,0,0,0,0
7444,C3D8,0.221934,0,0,0,0,0,0,0,0,0,0,0,0
7445,C3D8,0.221934,0,0,0,0,0,0,0,0,0,0,0,0
7446,C3D8,0.221934,0,0,0,0,0,0,0,0,0,0,0,0
7447,C3D8,0.21423,0,0,0,0,0,0,0,0,0,0,0,0
7448,C3D8,0.21423,0,0,0,0,0,0,0,0,0,0,0,0
7449,C3D8,0.21423,0,0,0,0,0,0,0,0,0,0,0,0
7450,C3D8,0.207093,0,0,0,0,0,0,0,0,0,0,0,0
7451,C3D8,0.207093,0,0,0,0,0,0,0,0,0,0,0,0
7452,C3D8,0.207093,0,0,0,0,0,0,0,0,0,0,0,0
7453,C3D8,0.200542,0,0,0,0,0,0,0,0,0,0,0,0
7454,C3D8,0.200542,0,0,0,0,0,0,0,0,0,0,0,0
7455,C3D8,0.200542,0,0,0,0,0,0,0,0,0,0,0,0
7456,C3D8,0.194596,0,0,0,0,0,0,0,0,0,0,0,0
7457,C3D8,0.194596,0,0,0,0,0,0,0,0,0,0,0,0
7458,C3D8,0.194596,0,0,0,0,0,0,0,0,0,0,0,0
7459,C3D8,0.189269,0,0,0,0,0,0,0,0,0,0,0,0
7460,C3D8,0.189269,0,0,0,0,0,0,0,0,0,0,0,0
7461,C3D8,0.189269,0,0,0,0,0,0,0,0,0,0,0,0
7462,C3D8,0.184577,0,0,0,0,0,0,0,0,0,0,0,0
7463,C3D8,0.184577,0,0,0,0,0,0,0,0,0,0,0,0
7464,C3D8,0.184577,0,0,0,0,0,0,0,0,0,0,0,0
7465,C3D8,0.180531,0,0,0,0,0,0,0,0,0,0,0,0
7466,C3D8,0.180531,0,0,0,0,0,0,0,0,0,0,0,0
7467,C3D8,0.180531,0,0,0,0,0,0,0,0,0,0,0,0
7468,C3D8,0.177143,0,0,0,0,0,0,0,0,0,0,0,0
7469,C3D8,0.177143,0,0,0,0,0,0,0,0,0,0,0,0
7470,C3D8,0.177143,0,0,0,0,0,0,0,0,0,0,0,0
7471,C3D8,0.174422,0,0,0,0,0,0,0,0,0,0,0,0
7472,C3D8,0.174422,0,0,0,0,0,0,0,0,0,0,0,0
7473,C3D8,0.174422,0,0,0,0,0,0,0,0,0,0,0,0
7474,C3D8,0.172374,0,0,0,0,0,0,0,0,0,0,0,0
7475,C3D8,0.172374,0,0,0,0,0,0,0,0,0,0,0,0
7476,C3D8,0.172374,0,0,0,0,0,0,0,0,0,0,0,0
7477,C3D8,0.171006,0,0,0,0,0,0,0,0,0,0,0,0
7478,C3D8,0.171006,0,0,0,0,0,0,0,0,0,0,0,0
7479,C3D8,0.171006,0,0,0,0,0,0,0,0,0,0,0,0
7480,C3D8,0.170322,0,0,0,0,0,0,0,0,0,0,0,0
7481,C3D8,0.170322,0,0,0,0,0,0,0,0,0,0,0,0
7482,C3D8,0.170322,0,0,0,0,0,0,0,0,0,0,0,0
7483,C3D8,0.254716,0,0,0,0,0,0,0,0,0,0,0,0
7484,C3D8,0.254716,0,0,0,0,0,0,0,0,0,0,0,0
7485,C3D8,0.254716,0,0,0,0,0,0,0,0,0,0,0,0
7486,C3D8,0.245436,0,0,0,0,0,0,0,0,0,0,0,0
7487,C3D8,0.245436,0,0,0,0,0,0,0,0,0,0,0,0
7488,C3D8,0.245436,0,0,0,0,0,0,0,0,0,0,0,0
7489,C3D8,0.236672,0,0,0,0,0,0,0,0,0,0,0,0
7490,C3D8,0.236672,0,0,0,0,0,0,0,0,0,0,0,0
7491,C3D8,0.236672,0,0,0,0,0,0,0,0,0,0,0,0
7492,C3D8,0.228444,0,0,0,0,0,0,0,0,0,0,0,0
7493,C3D8,0.228444,0,0,0,0,0,0,0,0,0,0,0,0
7494,C3D8,0.228444,0,0,0,0,0,0,0,0,0,0,0,0
7495,C3D8,0.220771,0,0,0,0,0,0,0,0,0,0,0,0
7496,C3D8,0.220771,0,0,0,0,0,0,0,0,0,0,0,0
7497,C3D8,0.220771,0,0,0,0,0,0,0,0,0,0,0,0
7498,C3D8,0.213672,0,0,0,0,0,0,0,0,0,0,0,0
7499,C3D8,0.213672,0,0,0,0,0,0,0,0,0,0,0,0
7500,C3D8,0.213672,0,0,0,0,0,0,0,0,0,0,0,0
7501,C3D8,0.207164,0,0,0,0,0,0,0,0,0,0,0,0
7502,C3D8,0.207164,0,0,0,0,0,0,0,0,0,0,0,0
7503,C3D8,0.207164,0,0,0,0,0,0,0,0,0,0,0,0
7504,C3D8,0.201262,0,0,0,0,0,0,0,0,0,0,0,0
7505,C3D8,0.201262,0,0,0,0,0,0,0,0,0,0,0,0
7506,C3D8,0.201262,0,0,0,0,0,0,0,0,0,0,0,0
7507,C3D8,0.195979,0,0,0,0,0,0,0,0,0,0,0,0
7508,C3D8,0.195979,0,0,0,0,0,0,0,0,0,0,0,0
7509,C3D8,0.195979,0,0,0,0,0,0,0,0,0,0,0,0
7510,C3D8,0.19133,0,0,0,0,0,0,0,0,0,0,0,0
7511,C3D8,0.19133,0,0,0,0,0,0,0,0,0,0,0,0
7512,C3D8,0.19133,0,0,0,0,0,0,0,0,0,0,0,0
7513,C3D8,0.187324,0,0,0,0,0,0,0,0,0,0,0,0
7514,C3D8,0.187324,0,0,0,0,0,0,0,0,0,0,0,0
7515,C3D8,0.187324,0,0,0,0,0,0,0,0,0,0,0,0
7516,C3D8,0.183971,0,0,0,0,0,0,0,0,0,0,0,0
7517,C3D8,0.183971,0,0,0,0,0,0,0,0,0,0,0,0
7518,C3D8,0.183971,0,0,0,0,0,0,0,0,0,0,0,0
7519,C3D8,0.181279,0,0,0,0,0,0,0,0,0,0,0,0
7520,C3D8,0.181279,0,0,0,0,0,0,0,0,0,0,0,0
7521,C3D8,0.181279,0,0,0,0,0,0,0,0,0,0,0,0
7522,C3D8,0.179254,0,0,0,0,0,0,0,0,0,0,0,0
7523,C3D8,0.179254,0,0,0,0,0,0,0,0,0,0,0,0
7524,C3D8,0.179254,0,0,0,0,0,0,0,0,0,0,0,0
7525,C3D8,0.177902,0,0,0,0,0,0,0,0,0,0,0,0
7526,C3D8,0.177902,0,0,0,0,0,0,0,0,0,0,0,0
7527,C3D8,0.177902,0,0,0,0,0,0,0,0,0,0,0,0
7528,C3D8,0.177225,0,0,0,0,0,0,0,0,0,0,0,0
7529,C3D8,0.177225,0,0,0,0,0,0,0,0,0,0,0,0
7530,C3D8,0.177225,0,0,0,0,0,0,0,0,0,0,0,0
7531,C3D8,0.261194,0,0,0,0,0,0,0,0,0,0,0,0
7532,C3D8,0.261194,0,0,0,0,0,0,0,0,0,0,0,0
7533,C3D8,0.261194,0,0,0,0,0,0,0,0,0,0,0,0
7534,C3D8,0.251912,0,0,0,0,0,0,0,0,0,0,0,0
7535,C3D8,0.251912,0,0,0,0,0,0,0,0,0,0,0,0
7536,C3D8,0.251912,0,0,0,0,0,0,0,0,0,0,0,0
7537,C3D8,0.243159,0,0,0,0,0,0,0,0,0,0,0,0
7538,C3D8,0.243159,0,0,0,0,0,0,0,0,0,0,0,0
7539,C3D8,0.243159,0,0,0,0,0,0,0,0,0,0,0,0
7540,C3D8,0.234954,0,0,0,0,0,0,0,0,0,0,0,0
7541,C3D8,0.234954,0,0,0,0,0,0,0,0,0,0,0,0
7542,C3D8,0.234954,0,0,0,0,0,0,0,0,0,0,0,0
7543,C3D8,0.227313,0,0,0,0,0,0,0,0,0,0,0,0
7544,C3D8,0.227313,0,0,0,0,0,0,0,0,0,0,0,0
7545,C3D8,0.227313,0,0,0,0,0,0,0,0,0,0,0,0
7546,C3D8,0.220252,0,0,0,0,0,0,0,0,0,0,0,0
7547,C3D8,0.220252,0,0,0,0,0,0,0,0,0,0,0,0
7548,C3D8,0.220252,0,0,0,0,0,0,0,0,0,0,0,0
7549,C3D8,0.213786,0,0,0,0,0,0,0,0,0,0,0,0
7550,C3D8,0.213786,0,0,0,0,0,0,0,0,0,0,0,0
7551,C3D8,0.213786,0,0,0,0,0,0,0,0,0,0,0,0
7552,C3D8,0.207928,0,0,0,0,0,0,0,0,0,0,0,0
7553,C3D8,0.207928,0,0,0,0,0,0,0,0,0,0,0,0
7554,C3D8,0.207928,0,0,0,0,0,0,0,0,0,0,0,0
7555,C3D8,0.20269,0,0,0,0,0,0,0,0,0,0,0,0
7556,C3D8,0.20269,0,0,0,0,0,0,0,0,0,0,0,0
7557,C3D8,0.20269,0,0,0,0,0,0,0,0,0,0,0,0
7558,C3D8,0.198083,0,0,0,0,0,0,0,0,0,0,0,0
7559,C3D8,0.198083,0,0,0,0,0,0,0,0,0,0,0,0
7560,C3D8,0.198083,0,0,0,0,0,0,0,0,0,0,0,0
7561,C3D8,0.194116,0,0,0,0,0,0,0,0,0,0,0,0
7562,C3D8,0.194116,0,0,0,0,0,0,0,0,0,0,0,0
7563,C3D8,0.194116,0,0,0,0,0,0,0,0,0,0,0,0
7564,C3D8,0.190798,0,0,0,0,0,0,0,0,0,0,0,0
7565,C3D8,0.190798,0,0,0,0,0,0,0,0,0,0,0,0
7566,C3D8,0.190798,0,0,0,0,0,0,0,0,0,0,0,0
7567,C3D8,0.188136,0,0,0,0,0,0,0,0,0,0,0,0
7568,C3D8,0.188136,0,0,0,0,0,0,0,0,0,0,0,0
7569,C3D8,0.188136,0,0,0,0,0,0,0,0,0,0,0,0
7570,C3D8,0.186134,0,0,0,0,0,0,0,0,0,0,0,0
7571,C3D8,0.186134,0,0,0,0,0,0,0,0,0,0,0,0
7572,C3D8,0.186134,0,0,0,0,0,0,0,0,0,0,0,0
7573,C3D8,0.184797,0,0,0,0,0,0,0,0,0,0,0,0
7574,C3D8,0.184797,0,0,0,0,0,0,0,0,0,0,0,0
7575,C3D8,0.184797,0,0,0,0,0,0,0,0,0,0,0,0
7576,C3D8,0.184128,0,0,0,0,0,0,0,0,0,0,0,0
7577,C3D8,0.184128,0,0,0,0,0,0,0,0,0,0,0,0
7578,C3D8,0.184128,0,0,0,0,0,0,0,0,0,0,0,0
7579,C3D8,0.184128,0,0,0,0,0,0,0,0,0,0,0,0
7580,C3D8,0.184797,0,0,0,0,0,0,0,0,0,0,0,0
7581,C3D8,0.186134,0,0,0,0,0,0,0,0,0,0,0,0
7582,C3D8,0.188136,0,0,0,0,0,0,0,0,0,0,0,0
7583,C3D8,0.190798,0,0,0,0,0,0,0,0,0,0,0,0
7584,C3D8,0.194116,0,0,0,0,0,0,0,0,0,0,0,0
7585,C3D8,0.198083,0,0,0,0,0,0,0,0,0,0,0,0
7586,C3D8,0.20269,0,0,0,0,0,0,0,0,0,0,0,0
7587,C3D8,0.207928,0,0,0,0,0,0,0,0,0,0,0,0
7588,C3D8,0.213786,0,0,0,0,0,0,0,0,0,0,0,0
7589,C3D8,0.220252,0,0,0,0,0,0,0,0,0,0,0,0
7590,C3D8,0.227313,0,0,0,0,0,0,0,0,0,0,0,0
7591,C3D8,0.234954,0,0,0,0,0,0,0,0,0,0,0,0
7592,C3D8,0.243159,0,0,0,0,0,0,0,0,0,0,0,0
7593,C3D8,0.251912,0,0,0,0,0,0,0,0,0,0,0,0
7594,C3D8,0.261194,0,0,0,0,0,0,0,0,0,0,0,0
7595,C3D8,0.177225,0,0,0,0,0,0,0,0,0,0,0,0
7596,C3D8,0.177902,0,0,0,0,0,0,0,0,0,0,0,0
7597,C3D8,0.179254,0,0,0,0,0,0,0,0,0,0,0,0
7598,C3D8,0.181279,0,0,0,0,0,0,0,0,0,0,0,0
7599,C3D8,0.183971,0,0,0,0,0,0,0,0,0,0,0,0
7600,C3D8,0.187324,0,0,0,0,0,0,0,0,0,0,0,0
7601,C3D8,0.19133,0,0,0,0,0,0,0,0,0,0,0,0
7602,C3D8,0.195979,0,0,0,0,0,0,0,0,0,0,0,0
7603,C3D8,0.201262,0,0,0,0,0,0,0,0,0,0,0,0
7604,C3D8,0.207164,0,0,0,0,0,0,0,0,0,0,0,0
7605,C3D8,0.213672,0,0,0,0,0,0,0,0,0,0,0,0
7606,C3D8,0.220771,0,0,0,0,0,0,0,0,0,0,0,0
7607,C3D8,0.228444,0,0,0,0,0,0,0,0,0,0,0,0
7608,C3D8,0.236672,0,0,0,0,0,0,0,0,0,0,0,0
7609,C3D8,0.245436,0,0,0,0,0,0,0,0,0,0,0,0
7610,C3D8,0.254716,0,0,0,0,0,0,0,0,0,0,0,0
7611,C3D8,0.170322,0,0,0,0,0,0,0,0,0,0,0,0
7612,C3D8,0.171006,0,0,0,0,0,0,0,0,0,0,0,0
7613,C3D8,0.172374,0,0,0,0,0,0,0,0,0,0,0,0
7614,C3D8,0.174422,0,0,0,0,0,0,0,0,0,0,0,0
7615,C3D8,0.177143,0,0,0,0,0,0,0,0,0,0,0,0
7616,C3D8,0.180531,0,0,0,0,0,0,0,0,0,0,0,0
7617,C3D8,0.184577,0,0,0,0,0,0,0,0,0,0,0,0
7618,C3D8,0.189269,0,0,0,0,0,0,0,0,0,0,0,0
7619,C3D8,0.194596,0,0,0,0,0,0,0,0,0,0,0,0
7620,C3D8,0.200542,0,0,0,0,0,0,0,0,0,0,0,0
7621,C3D8,0.207093,0,0,0,0,0,0,0,0,0,0,0,0
7622,C3D8,0.21423,0,0,0,0,0,0,0,0,0,0,0,0
7623,C3D8,0.221934,0,0,0,0,0,0,0,0,0,0,0,0
7624,C3D8,0.230185,0,0,0,0,0,0,0,0,0,0,0,0
7625,C3D8,0.238961,0,0,0,0,0,0,0,0,0,0,0,0
7626,C3D8,0.248238,0,0,0,0,0,0,0,0,0,0,0,0
7627,C3D8,0.163418,0,0,0,0,0,0,0,0,0,0,0,0
7628,C3D8,0.164111,0,0,0,0,0,0,0,0,0,0,0,0
7629,C3D8,0.165495,0,0,0,0,0,0,0,0,0,0,0,0
7630,C3D8,0.167565,0,0,0,0,0,0,0,0,0,0,0,0
7631,C3D8,0.170315,0,0,0,0,0,0,0,0,0,0,0,0
7632,C3D8,0.173738,0,0,0,0,0,0,0,0,0,0,0,0
7633,C3D8,0.177823,0,0,0,0,0,0,0,0,0,0,0,0
7634,C3D8,0.182558,0,0,0,0,0,0,0,0,0,0,0,0
7635,C3D8,0.187929,0,0,0,0,0,0,0,0,0,0,0,0
7636,C3D8,0.19392,0,0,0,0,0,0,0,0,0,0,0,0
7637,C3D8,0.200513,0,0,0,0,0,0,0,0,0,0,0,0
7638,C3D8,0.207689,0,0,0,0,0,0,0,0,0,0,0,0
7639,C3D8,0.215425,0,0,0,0,0,0,0,0,0,0,0,0
7640,C3D8,0.223699,0,0,0,0,0,0,0,0,0,0,0,0
7641,C3D8,0.232486,0,0,0,0,0,0,0,0,0,0,0,0
7642,C3D8,0.241759,0,0,0,0,0,0,0,0,0,0,0,0
7643,C3D8,0.156515,0,0,0,0,0,0,0,0,0,0,0,0
7644,C3D8,0.157216,0,0,0,0,0,0,0,0,0,0,0,0
7645,C3D8,0.158615,0,0,0,0,0,0,0,0,0,0,0,0
7646,C3D8,0.160708,0,0,0,0,0,0,0,0,0,0,0,0
7647,C3D8,0.163488,0,0,0,0,0,0,0,0,0,0,0,0
7648,C3D8,0.166946,0,0,0,0,0,0,0,0,0,0,0,0
7649,C3D8,0.17107,0,0,0,0,0,0,0,0,0,0,0,0
7650,C3D8,0.175848,0,0,0,0,0,0,0,0,0,0,0,0
7651,C3D8,0.181263,0,0,0,0,0,0,0,0,0,0,0,0
7652,C3D8,0.187298,0,0,0,0,0,0,0,0,0,0,0,0
7653,C3D8,0.193934,0,0,0,0,0,0,0,0,0,0,0,0
7654,C3D8,0.201147,0,0,0,0,0,0,0,0,0,0,0,0
7655,C3D8,0.208915,0,0,0,0,0,0,0,0,0,0,0,0
7656,C3D8,0.217212,0,0,0,0,0,0,0,0,0,0,0,0
7657,C3D8,0.22601,0,0,0,0,0,0,0,0,0,0,0,0
7658,C3D8,0.235281,0,0,0,0,0,0,0,0,0,0,0,0
7659,C3D8,0.149612,0,0,0,0,0,0,0,0,0,0,0,0
7660,C3D8,0.15032,0,0,0,0,0,0,0,0,0,0,0,0
7661,C3D8,0.151735,0,0,0,0,0,0,0,0,0,0,0,0
7662,C3D8,0.153851,0,0,0,0,0,0,0,0,0,0,0,0
7663,C3D8,0.15666,0,0,0,0,0,0,0,0,0,0,0,0
7664,C3D8,0.160153,0,0,0,0,0,0,0,0,0,0,0,0
7665,C3D8,0.164317,0,0,0,0,0,0,0,0,0,0,0,0
7666,C3D8,0.169137,0,0,0,0,0,0,0,0,0,0,0,0
7667,C3D8,0.174597,0,0,0,0,0,0,0,0,0,0,0,0
7668,C3D8,0.180677,0,0,0,0,0,0,0,0,0,0,0,0
7669,C3D8,0.187354,0,0,0,0,0,0,0,0,0,0,0,0
7670,C3D8,0.194606,0,0,0,0,0,0,0,0,0,0,0,0
7671,C3D8,0.202406,0,0,0,0,0,0,0,0,0,0,0,0
7672,C3D8,0.210725,0,0,0,0,0,0,0,0,0,0,0,0
7673,C3D8,0.219535,0,0,0,0,0,0,0,0,0,0,0,0
7674,C3D8,0.228802,0,0,0,0,0,0,0,0,0,0,0,0
7675,C3D8,0.142709,0,0,0,0,0,0,0,0,0,0,0,0
7676,C3D8,0.143425,0,0,0,0,0,0,0,0,0,0,0,0
7677,C3D8,0.144855,0,0,0,0,0,0,0,0,0,0,0,0
7678,C3D8,0.146994,0,0,0,0,0,0,0,0,0,0,0,0
7679,C3D8,0.149832,0,0,0,0,0,0,0,0,0,0,0,0
7680,C3D8,0.15336,0,0,0,0,0,0,0,0,0,0,0,0
7681,C3D8,0.157564,0,0,0,0,0,0,0,0,0,0,0,0
7682,C3D8,0.162427,0,0,0,0,0,0,0,0,0,0,0,0
7683,C3D8,0.167931,0,0,0,0,0,0,0,0,0,0,0,0
7684,C3D8,0.174055,0,0,0,0,0,0,0,0,0,0,0,0
7685,C3D8,0.180775,0,0,0,0,0,0,0,0,0,0,0,0
7686,C3D8,0.188064,0,0,0,0,0,0,0,0,0,0,0,0
7687,C3D8,0.195896,0,0,0,0,0,0,0,0,0,0,0,0
7688,C3D8,0.204239,0,0,0,0,0,0,0,0,0,0,0,0
7689,C3D8,0.21306,0,0,0,0,0,0,0,0,0,0,0,0
7690,C3D8,0.222324,0,0,0,0,0,0,0,0,0,0,0,0
7691,C3D8,0.135805,0,0,0,0,0,0,0,0,0,0,0,0
7692,C3D8,0.13653,0,0,0,0,0,0,0,0,0,0,0,0
7693,C3D8,0.137976,0,0,0,0,0,0,0,0,0,0,0,0
7694,C3D8,0.140137,0,0,0,0,0,0,0,0,0,0,0,0
7695,C3D8,0.143005,0,0,0,0,0,0,0,0,0,0,0,0
7696,C3D8,0.146567,0,0,0,0,0,0,0,0,0,0,0,0
7697,C3D8,0.15081,0,0,0,0,0,0,0,0,0,0,0,0
7698,C3D8,0.155716,0,0,0,0,0,0,0,0,0,0,0,0
7699,C3D8,0.161265,0,0,0,0,0,0,0,0,0,0,0,0
7700,C3D8,0.167433,0,0,0,0,0,0,0,0,0,0,0,0
7701,C3D8,0.174195,0,0,0,0,0,0,0,0,0,0,0,0
7702,C3D8,0.181523,0,0,0,0,0,0,0,0,0,0,0,0
7703,C3D8,0.189386,0,0,0,0,0,0,0,0,0,0,0,0
7704,C3D8,0.197752,0,0,0,0,0,0,0,0,0,0,0,0
7705,C3D8,0.206584,0,0,0,0,0,0,0,0,0,0,0,0
7706,C3D8,0.215846,0,0,0,0,0,0,0,0,0,0,0,0
7707,C3D8,0.128902,0,0,0,0,0,0,0,0,0,0,0,0
7708,C3D8,0.129634,0,0,0,0,0,0,0,0,0,0,0,0
7709,C3D8,0.131096,0,0,0,0,0,0,0,0,0,0,0,0
7710,C3D8,0.13328,0,0,0,0,0,0,0,0,0,0,0,0
7711,C3D8,0.136177,0,0,0,0,0,0,0,0,0,0,0,0
7712,C3D8,0.139775,0,0,0,0,0,0,0,0,0,0,0,0
7713,C3D8,0.144057,0,0,0,0,0,0,0,0,0,0,0,0
7714,C3D8,0.149006,0,0,0,0,0,0,0,0,0,0,0,0
7715,C3D8,0.154598,0,0,0,0,0,0,0,0,0,0,0,0
7716,C3D8,0.160811,0,0,0,0,0,0,0,0,0,0,0,0
7717,C3D8,0.167615,0,0,0,0,0,0,0,0,0,0,0,0
7718,C3D8,0.174982,0,0,0,0,0,0,0,0,0,0,0,0
7719,C3D8,0.182877,0,0,0,0,0,0,0,0,0,0,0,0
7720,C3D8,0.191265,0,0,0,0,0,0,0,0,0,0,0,0
7721,C3D8,0.200109,0,0,0,0,0,0,0,0,0,0,0,0
7722,C3D8,0.209367,0,0,0,0,0,0,0,0,0,0,0,0
7723,C3D8,0.121999,0,0,0,0,0,0,0,0,0,0,0,0
7724,C3D8,0.122739,0,0,0,0,0,0,0,0,0,0,0,0
7725,C3D8,0.124216,0,0,0,0,0,0,0,0,0,0,0,0
7726,C3D8,0.126423,0,0,0,0,0,0,0,0,0,0,0,0
7727,C3D8,0.129349,0,0,0,0,0,0,0,0,0,0,0,0
7728,C3D8,0.132982,0,0,0,0,0,0,0,0,0,0,0,0
7729,C3D8,0.137304,0,0,0,0,0,0,0,0,0,0,0,0
7730,C3D8,0.142295,0,0,0,0,0,0,0,0,0,0,0,0
7731,C3D8,0.147932,0,0,0,0,0,0,0,0,0,0,0,0
7732,C3D8,0.154189,0,0,0,0,0,0,0,0,0,0,0,0
7733,C3D8,0.161036,0,0,0,0,0,0,0,0,0,0,0,0
7734,C3D8,0.16844,0,0,0,0,0,0,0,0,0,0,0,0
7735,C3D8,0.176367,0,0,0,0,0,0,0,0,0,0,0,0
7736,C3D8,0.184778,0,0,0,0,0,0,0,0,0,0,0,0
7737,C3D8,0.193633,0,0,0,0,0,0,0,0,0,0,0,0
7738,C3D8,0.202889,0,0,0,0,0,0,0,0,0,0,0,0
7739,C3D8,0.115096,0,0,0,0,0,0,0,0,0,0,0,0
7740,C3D8,0.115844,0,0,0,0,0,0,0,0,0,0,0,0
7741,C3D8,0.117336,0,0,0,0,0,0,0,0,0,0,0,0
7742,C3D8,0.119566,0,0,0,0,0,0,0,0,0,0,0,0
7743,C3D8,0.122522,0,0,0,0,0,0,0,0,0,0,0,0
7744,C3D8,0.126189,0,0,0,0,0,0,0,0,0,0,0,0
7745,C3D8,0.130551,0,0,0,0,0,0,0,0,0,0,0,0
7746,C3D8,0.135585,0,0,0,0,0,0,0,0,0,0,0,0
7747,C3D8,0.141266,0,0,0,0,0,0,0,0,0,0,0,0
7748,C3D8,0.147567,0,0,0,0,0,0,0,0,0,0,0,0
7749,C3D8,0.154456,0,0,0,0,0,0,0,0,0,0,0,0
7750,C3D8,0.161899,0,0,0,0,0,0,0,0,0,0,0,0
7751,C3D8,0.169858,0,0,0,0,0,0,0,0,0,0,0,0
7752,C3D8,0.178292,0,0,0,0,0,0,0,0,0,0,0,0
7753,C3D8,0.187158,0,0,0,0,0,0,0,0,0,0,0,0
7754,C3D8,0.19641,0,0,0,0,0,0,0,0,0,0,0,0
7755,C3D8,0.108193,0,0,0,0,0,0,0,0,0,0,0,0
7756,C3D8,0.108949,0,0,0,0,0,0,0,0,0,0,0,0
7757,C3D8,0.110456,0,0,0,0,0,0,0,0,0,0,0,0
7758,C3D8,0.112709,0,0,0,0,0,0,0,0,0,0,0,0
7759,C3D8,0.115694,0,0,0,0,0,0,0,0,0,0,0,0
7760,C3D8,0.119396,0,0,0,0,0,0,0,0,0,0,0,0
7761,C3D8,0.123797,0,0,0,0,0,0,0,0,0,0,0,0
7762,C3D8,0.128874,0,0,0,0,0,0,0,0,0,0,0,0
7763,C3D8,0.1346,0,0,0,0,0,0,0,0,0,0,0,0
7764,C3D8,0.140945,0,0,0,0,0,0,0,0,0,0,0,0
7765,C3D8,0.147877,0,0,0,0,0,0,0,0,0,0,0,0
7766,C3D8,0.155358,0,0,0,0,0,0,0,0,0,0,0,0
7767,C3D8,0.163348,0,0,0,0,0,0,0,0,0,0,0,0
7768,C3D8,0.171805,0,0,0,0,0,0,0,0,0,0,0,0
7769,C3D8,0.180683,0,0,0,0,0,0,0,0,0,0,0,0
7770,C3D8,0.189932,0,0,0,0,0,0,0,0,0,0,0,0
7771,C3D8,0.0721456,0,0,0,0,0,0,0,0,0,0,0,0
7772,C3D8,0.0721457,0,0,0,0,0,0,0,0,0,0,0,0
7773,C3D8,0.0721458,0,0,0,0,0,0,0,0,0,0,0,0
7774,C3D8,0.072146,0,0,0,0,0,0,0,0,0,0,0,0
7775,C3D8,0.0721463,0,0,0,0,0,0,0,0,0,0,0,0
7776,C3D8,0.0721466,0,0,0,0,0,0,0,0,0,0,0,0
7777,C3D8,0.072147,0,0,0,0,0,0,0,0,0,0,0,0
7778,C3D8,0.0721476,0,0,0,0,0,0,0,0,0,0,0,0
7779,C3D8,0.0721481,0,0,0,0,0,0,0,0,0,0,0,0
7780,C3D8,0.0721488,0,0,0,0,0,0,0,0,0,0,0,0
7781,C3D8,0.0721495,0,0,0,0,0,0,0,0,0,0,0,0
7782,C3D8,0.0721502,0,0,0,0,0,0,0,0,0,0,0,0
7783,C3D8,0.0721511,0,0,0,0,0,0,0,0,0,0,0,0
7784,C3D8,0.0721521,0,0,0,0,0,0,0,0,0,0,0,0
7785,C3D8,0.0721531,0,0,0,0,0,0,0,0,0,0,0,0
7786,C3D8,0.0721542,0,0,0,0,0,0,0,0,0,0,0,0
7787,C3D8,0.0699524,0,0,0,0,0,0,0,0,0,0,0,0
7788,C3D8,0.0699524,0,0,0,0,0,0,0,0,0,0,0,0
7789,C3D8,0.0699525,0,0,0,0,0,0,0,0,0,0,0,0
7790,C3D8,0.0699527,0,0,0,0,0,0,0,0,0,0,0,0
7791,C3D8,0.0699528,0,0,0,0,0,0,0,0,0,0,0,0
7792,C3D8,0.0699532,0,0,0,0,0,0,0,0,0,0,0,0
7793,C3D8,0.0699535,0,0,0,0,0,0,0,0,0,0,0,0
7794,C3D8,0.0699538,0,0,0,0,0,0,0,0,0,0,0,0
7795,C3D8,0.0699542,0,0,0,0,0,0,0,0,0,0,0,0
7796,C3D8,0.0699547,0,0,0,0,0,0,0,0,0,0,0,0
7797,C3D8,0.0699551,0,0,0,0,0,0,0,0,0,0,0,0
7798,C3D8,0.0699557,0,0,0,0,0,0,0,0,0,0,0,0
7799,C3D8,0.0699564,0,0,0,0,0,0,0,0,0,0,0,0
7800,C3D8,0.069957,0,0,0,0,0,0,0,0,0,0,0,0
7801,C3D8,0.0699576,0,0,0,0,0,0,0,0,0,0,0,0
7802,C3D8,0.0699585,0,0,0,0,0,0,0,0,0,0,0,0
7803,C3D8,0.0677592,0,0,0,0,0,0,0,0,0,0,0,0
7804,C3D8,0.0677593,0,0,0,0,0,0,0,0,0,0,0,0
7805,C3D8,0.0677594,0,0,0,0,0,0,0,0,0,0,0,0
7806,C3D8,0.0677594,0,0,0,0,0,0,0,0,0,0,0,0
7807,C3D8,0.0677595,0,0,0,0,0,0,0,0,0,0,0,0
7808,C3D8,0.0677596,0,0,0,0,0,0,0,0,0,0,0,0
7809,C3D8,0.0677598,0,0,0,0,0,0,0,0,0,0,0,0
7810,C3D8,0.0677601,0,0,0,0,0,0,0,0,0,0,0,0
7811,C3D8,0.0677603,0,0,0,0,0,0,0,0,0,0,0,0
7812,C3D8,0.0677606,0,0,0,0,0,0,0,0,0,0,0,0
7813,C3D8,0.0677609,0,0,0,0,0,0,0,0,0,0,0,0
7814,C3D8,0.0677612,0,0,0,0,0,0,0,0,0,0,0,0
7815,C3D8,0.0677616,0,0,0,0,0,0,0,0,0,0,0,0
7816,C3D8,0.067762,0,0,0,0,0,0,0,0,0,0,0,0
7817,C3D8,0.0677624,0,0,0,0,0,0,0,0,0,0,0,0
7818,C3D8,0.0677628,0,0,0,0,0,0,0,0,0,0,0,0
7819,C3D8,0.065566,0,0,0,0,0,0,0,0,0,0,0,0
7820,C3D8,0.065566,0,0,0,0,0,0,0,0,0,0,0,0
7821,C3D8,0.0655661,0,0,0,0,0,0,0,0,0,0,0,0
7822,C3D8,0.0655661,0,0,0,0,0,0,0,0,0,0,0,0
7823,C3D8,0.0655662,0,0,0,0,0,0,0,0,0,0,0,0
7824,C3D8,0.0655662,0,0,0,0,0,0,0,0,0,0,0,0
7825,C3D8,0.0655662,0,0,0,0,0,0,0,0,0,0,0,0
7826,C3D8,0.0655664,0,0,0,0,0,0,0,0,0,0,0,0
7827,C3D8,0.0655664,0,0,0,0,0,0,0,0,0,0,0,0
7828,C3D8,0.0655664,0,0,0,0,0,0,0,0,0,0,0,0
7829,C3D8,0.0655666,0,0,0,0,0,0,0,0,0,0,0,0
7830,C3D8,0.0655667,0,0,0,0,0,0,0,0,0,0,0,0
7831,C3D8,0.0655669,0,0,0,0,0,0,0,0,0,0,0,0
7832,C3D8,0.0655669,0,0,0,0,0,0,0,0,0,0,0,0
7833,C3D8,0.065567,0,0,0,0,0,0,0,0,0,0,0,0
7834,C3D8,0.0655672,0,0,0,0,0,0,0,0,0,0,0,0
7835,C3D8,0.0633729,0,0,0,0,0,0,0,0,0,0,0,0
7836,C3D8,0.0633728,0,0,0,0,0,0,0,0,0,0,0,0
7837,C3D8,0.0633728,0,0,0,0,0,0,0,0,0,0,0,0
7838,C3D8,0.0633728,0,0,0,0,0,0,0,0,0,0,0,0
7839,C3D8,0.0633728,0,0,0,0,0,0,0,0,0,0,0,0
7840,C3D8,0.0633727,0,0,0,0,0,0,0,0,0,0,0,0
7841,C3D8,0.0633726,0,0,0,0,0,0,0,0,0,0,0,0
7842,C3D8,0.0633725,0,0,0,0,0,0,0,0,0,0,0,0
7843,C3D8,0.0633725,0,0,0,0,0,0,0,0,0,0,0,0
7844,C3D8,0.0633724,0,0,0,0,0,0,0,0,0,0,0,0
7845,C3D8,0.0633723,0,0,0,0,0,0,0,0,0,0,0,0
7846,C3D8,0.0633721,0,0,0,0,0,0,0,0,0,0,0,0
7847,C3D8,0.0633719,0,0,0,0,0,0,0,0,0,0,0,0
7848,C3D8,0.0633719,0,0,0,0,0,0,0,0,0,0,0,0
7849,C3D8,0.0633717,0,0,0,0,0,0,0,0,0,0,0,0
7850,C3D8,0.0633716,0,0,0,0,0,0,0,0,0,0,0,0
7851,C3D8,0.0611797,0,0,0,0,0,0,0,0,0,0,0,0
7852,C3D8,0.0611797,0,0,0,0,0,0,0,0,0,0,0,0
7853,C3D8,0.0611796,0,0,0,0,0,0,0,0,0,0,0,0
7854,C3D8,0.0611795,0,0,0,0,0,0,0,0,0,0,0,0
7855,C3D8,0.0611794,0,0,0,0,0,0,0,0,0,0,0,0
7856,C3D8,0.0611792,0,0,0,0,0,0,0,0,0,0,0,0
7857,C3D8,0.0611791,0,0,0,0,0,0,0,0,0,0,0,0
7858,C3D8,0.0611788,0,0,0,0,0,0,0,0,0,0,0,0
7859,C3D8,0.0611786,0,0,0,0,0,0,0,0,0,0,0,0
7860,C3D8,0.0611783,0,0,0,0,0,0,0,0,0,0,0,0
7861,C3D8,0.061178,0,0,0,0,0,0,0,0,0,0,0,0
7862,C3D8,0.0611776,0,0,0,0,0,0,0,0,0,0,0,0
7863,C3D8,0.0611772,0,0,0,0,0,0,0,0,0,0,0,0
7864,C3D8,0.0611769,0,0,0,0,0,0,0,0,0,0,0,0
7865,C3D8,0.0611764,0,0,0,0,0,0,0,0,0,0,0,0
7866,C3D8,0.061176,0,0,0,0,0,0,0,0,0,0,0,0
7867,C3D8,0.0589865,0,0,0,0,0,0,0,0,0,0,0,0
7868,C3D8,0.0589864,0,0,0,0,0,0,0,0,0,0,0,0
7869,C3D8,0.0589863,0,0,0,0,0,0,0,0,0,0,0,0
7870,C3D8,0.0589862,0,0,0,0,0,0,0,0,0,0,0,0
7871,C3D8,0.058986,0,0,0,0,0,0,0,0,0,0,0,0
7872,C3D8,0.0589857,0,0,0,0,0,0,0,0,0,0,0,0
7873,C3D8,0.0589854,0,0,0,0,0,0,0,0,0,0,0,0
7874,C3D8,0.0589851,0,0,0,0,0,0,0,0,0,0,0,0
7875,C3D8,0.0589847,0,0,0,0,0,0,0,0,0,0,0,0
7876,C3D8,0.0589842,0,0,0,0,0,0,0,0,0,0,0,0
7877,C3D8,0.0589838,0,0,0,0,0,0,0,0,0,0,0,0
7878,C3D8,0.0589831,0,0,0,0,0,0,0,0,0,0,0,0
7879,C3D8,0.0589824,0,0,0,0,0,0,0,0,0,0,0,0
7880,C3D8,0.0589818,0,0,0,0,0,0,0,0,0,0,0,0
7881,C3D8,0.058981,0,0,0,0,0,0,0,0,0,0,0,0
7882,C3D8,0.0589803,0,0,0,0,0,0,0,0,0,0,0,0
7883,C3D8,0.0567933,0,0,0,0,0,0,0,0,0,0,0,0
7884,C3D8,0.0567932,0,0,0,0,0,0,0,0,0,0,0,0
7885,C3D8,0.0567931,0,0,0,0,0,0,0,0,0,0,0,0
7886,C3D8,0.0567929,0,0,0,0,0,0,0,0,0,0,0,0
7887,C3D8,0.0567926,0,0,0,0,0,0,0,0,0,0,0,0
7888,C3D8,0.0567923,0,0,0,0,0,0,0,0,0,0,0,0
7889,C3D8,0.0567918,0,0,0,0,0,0,0,0,0,0,0,0
7890,C3D8,0.0567913,0,0,0,0,0,0,0,0,0,0,0,0
7891,C3D8,0.0567907,0,0,0,0,0,0,0,0,0,0,0,0
7892,C3D8,0.0567901,0,0,0,0,0,0,0,0,0,0,0,0
7893,C3D8,0.0567894,0,0,0,0,0,0,0,0,0,0,0,0
7894,C3D8,0.0567886,0,0,0,0,0,0,0,0,0,0,0,0
7895,C3D8,0.0567877,0,0,0,0,0,0,0,0,0,0,0,0
7896,C3D8,0.0567868,0,0,0,0,0,0,0,0,0,0,0,0
7897,C3D8,0.0567858,0,0,0,0,0,0,0,0,0,0,0,0
7898,C3D8,0.0567848,0,0,0,0,0,0,0,0,0,0,0,0
7899,C3D8,0.0546003,0,0,0,0,0,0,0,0,0,0,0,0
7900,C3D8,0.0546005,0,0,0,0,0,0,0,0,0,0,0,0
7901,C3D8,0.0546007,0,0,0,0,0,0,0,0,0,0,0,0
7902,C3D8,0.0546011,0,0,0,0,0,0,0,0,0,0,0,0
7903,C3D8,0.0546017,0,0,0,0,0,0,0,0,0,0,0,0
7904,C3D8,0.0546024,0,0,0,0,0,0,0,0,0,0,0,0
7905,C3D8,0.0546033,0,0,0,0,0,0,0,0,0,0,0,0
7906,C3D8,0.0546043,0,0,0,0,0,0,0,0,0,0,0,0
7907,C3D8,0.0546054,0,0,0,0,0,0,0,0,0,0,0,0
7908,C3D8,0.0546067,0,0,0,0,0,0,0,0,0,0,0,0
7909,C3D8,0.0546081,0,0,0,0,0,0,0,0,0,0,0,0
7910,C3D8,0.0546097,0,0,0,0,0,0,0,0,0,0,0,0
7911,C3D8,0.0546115,0,0,0,0,0,0,0,0,0,0,0,0
7912,C3D8,0.0546133,0,0,0,0,0,0,0,0,0,0,0,0
7913,C3D8,0.0546153,0,0,0,0,0,0,0,0,0,0,0,0
7914,C3D8,0.0546174,0,0,0,0,0,0,0,0,0,0,0,0
7915,C3D8,0.0524072,0,0,0,0,0,0,0,0,0,0,0,0
7916,C3D8,0.0524072,0,0,0,0,0,0,0,0,0,0,0,0
7917,C3D8,0.0524074,0,0,0,0,0,0,0,0,0,0,0,0
7918,C3D8,0.0524078,0,0,0,0,0,0,0,0,0,0,0,0
7919,C3D8,0.0524082,0,0,0,0,0,0,0,0,0,0,0,0
7920,C3D8,0.0524086,0,0,0,0,0,0,0,0,0,0,0,0
7921,C3D8,0.0524092,0,0,0,0,0,0,0,0,0,0,0,0
7922,C3D8,0.0524099,0,0,0,0,0,0,0,0,0,0,0,0
7923,C3D8,0.0524108,0,0,0,0,0,0,0,0,0,0,0,0
7924,C3D8,0.0524118,0,0,0,0,0,0,0,0,0,0,0,0
7925,C3D8,0.0524128,0,0,0,0,0,0,0,0,0,0,0,0
7926,C3D8,0.0524139,0,0,0,0,0,0,0,0,0,0,0,0
7927,C3D8,0.0524151,0,0,0,0,0,0,0,0,0,0,0,0
7928,C3D8,0.0524164,0,0,0,0,0,0,0,0,0,0,0,0
7929,C3D8,0.0524179,0,0,0,0,0,0,0,0,0,0,0,0
7930,C3D8,0.0524194,0,0,0,0,0,0,0,0,0,0,0,0
7931,C3D8,0.050214,0,0,0,0,0,0,0,0,0,0,0,0
7932,C3D8,0.0502141,0,0,0,0,0,0,0,0,0,0,0,0
7933,C3D8,0.0502143,0,0,0,0,0,0,0,0,0,0,0,0
7934,C3D8,0.0502144,0,0,0,0,0,0,0,0,0,0,0,0
7935,C3D8,0.0502146,0,0,0,0,0,0,0,0,0,0,0,0
7936,C3D8,0.050215,0,0,0,0,0,0,0,0,0,0,0,0
7937,C3D8,0.0502154,0,0,0,0,0,0,0,0,0,0,0,0
7938,C3D8,0.0502158,0,0,0,0,0,0,0,0,0,0,0,0
7939,C3D8,0.0502163,0,0,0,0,0,0,0,0,0,0,0,0
7940,C3D8,0.0502168,0,0,0,0,0,0,0,0,0,0,0,0
7941,C3D8,0.0502174,0,0,0,0,0,0,0,0,0,0,0,0
7942,C3D8,0.050218,0,0,0,0,0,0,0,0,0,0,0,0
7943,C3D8,0.0502187,0,0,0,0,0,0,0,0,0,0,0,0
7944,C3D8,0.0502195,0,0,0,0,0,0,0,0,0,0,0,0
7945,C3D8,0.0502204,0,0,0,0,0,0,0,0,0,0,0,0
7946,C3D8,0.0502213,0,0,0,0,0,0,0,0,0,0,0,0
7947,C3D8,0.048021,0,0,0,0,0,0,0,0,0,0,0,0
7948,C3D8,0.048021,0,0,0,0,0,0,0,0,0,0,0,0
7949,C3D8,0.048021,0,0,0,0,0,0,0,0,0,0,0,0
7950,C3D8,0.0480211,0,0,0,0,0,0,0,0,0,0,0,0
7951,C3D8,0.0480211,0,0,0,0,0,0,0,0,0,0,0,0
7952,C3D8,0.0480212,0,0,0,0,0,0,0,0,0,0,0,0
7953,C3D8,0.0480213,0,0,0,0,0,0,0,0,0,0,0,0
7954,C3D8,0.0480214,0,0,0,0,0,0,0,0,0,0,0,0
7955,C3D8,0.0480216,0,0,0,0,0,0,0,0,0,0,0,0
7956,C3D8,0.0480217,0,0,0,0,0,0,0,0,0,0,0,0
7957,C3D8,0.048022,0,0,0,0,0,0,0,0,0,0,0,0
7958,C3D8,0.0480222,0,0,0,0,0,0,0,0,0,0,0,0
7959,C3D8,0.0480224,0,0,0,0,0,0,0,0,0,0,0,0
7960,C3D8,0.0480227,0,0,0,0,0,0,0,0,0,0,0,0
7961,C3D8,0.0480229,0,0,0,0,0,0,0,0,0,0,0,0
7962,C3D8,0.0480231,0,0,0,0,0,0,0,0,0,0,0,0
7963,C3D8,0.0458278,0,0,0,0,0,0,0,0,0,0,0,0
7964,C3D8,0.0458278,0,0,0,0,0,0,0,0,0,0,0,0
7965,C3D8,0.0458278,0,0,0,0,0,0,0,0,0,0,0,0
7966,C3D8,0.0458277,0,0,0,0,0,0,0,0,0,0,0,0
7967,C3D8,0.0458276,0,0,0,0,0,0,0,0,0,0,0,0
7968,C3D8,0.0458275,0,0,0,0,0,0,0,0,0,0,0,0
7969,C3D8,0.0458274,0,0,0,0,0,0,0,0,0,0,0,0
7970,C3D8,0.0458272,0,0,0,0,0,0,0,0,0,0,0,0
7971,C3D8,0.0458271,0,0,0,0,0,0,0,0,0,0,0,0
7972,C3D8,0.0458268,0,0,0,0,0,0,0,0,0,0,0,0
7973,C3D8,0.0458265,0,0,0,0,0,0,0,0,0,0,0,0
7974,C3D8,0.0458263,0,0,0,0,0,0,0,0,0,0,0,0
7975,C3D8,0.045826,0,0,0,0,0,0,0,0,0,0,0,0
7976,C3D8,0.0458257,0,0,0,0,0,0,0,0,0,0,0,0
7977,C3D8,0.0458254,0,0,0,0,0,0,0,0,0,0,0,0
7978,C3D8,0.0458251,0,0,0,0,0,0,0,0,0,0,0,0
7979,C3D8,0.0436348,0,0,0,0,0,0,0,0,0,0,0,0
7980,C3D8,0.0436347,0,0,0,0,0,0,0,0,0,0,0,0
7981,C3D8,0.0436345,0,0,0,0,0,0,0,0,0,0,0,0
7982,C3D8,0.0436343,0,0,0,0,0,0,0,0,0,0,0,0
7983,C3D8,0.0436341,0,0,0,0,0,0,0,0,0,0,0,0
7984,C3D8,0.0436337,0,0,0,0,0,0,0,0,0,0,0,0
7985,C3D8,0.0436333,0,0,0,0,0,0,0,0,0,0,0,0
7986,C3D8,0.0436329,0,0,0,0,0,0,0,0,0,0,0,0
7987,C3D8,0.0436324,0,0,0,0,0,0,0,0,0,0,0,0
7988,C3D8,0.0436318,0,0,0,0,0,0,0,0,0,0,0,0
7989,C3D8,0.0436311,0,0,0,0,0,0,0,0,0,0,0,0
7990,C3D8,0.0436305,0,0,0,0,0,0,0,0,0,0,0,0
7991,C3D8,0.0436297,0,0,0,0,0,0,0,0,0,0,0,0
7992,C3D8,0.0436289,0,0,0,0,0,0,0,0,0,0,0,0
7993,C3D8,0.0436279,0,0,0,0,0,0,0,0,0,0,0,0
7994,C3D8,0.043627,0,0,0,0,0,0,0,0,0,0,0,0
7995,C3D8,0.0414416,0,0,0,0,0,0,0,0,0,0,0,0
7996,C3D8,0.0414415,0,0,0,0,0,0,0,0,0,0,0,0
7997,C3D8,0.0414413,0,0,0,0,0,0,0,0,0,0,0,0
7998,C3D8,0.041441,0,0,0,0,0,0,0,0,0,0,0,0
7999,C3D8,0.0414406,0,0,0,0,0,0,0,0,0,0,0,0
8000,C3D8,0.04144,0,0,0,0,0,0,0,0,0,0,0,0
8001,C3D8,0.0414394,0,0,0,0,0,0,0,0,0,0,0,0
8002,C3D8,0.0414387,0,0,0,0,0,0,0,0,0,0,0,0
8003,C3D8,0.0414378,0,0,0,0,0,0,0,0,0,0,0,0
8004,C3D8,0.0414369,0,0,0,0,0,0,0,0,0,0,0,0
8005,C3D8,0.0414358,0,0,0,0,0,0,0,0,0,0,0,0
8006,C3D8,0.0414346,0,0,0,0,0,0,0,0,0,0,0,0
8007,C3D8,0.0414333,0,0,0,0,0,0,0,0,0,0,0,0
8008,C3D8,0.0414319,0,0,0,0,0,0,0,0,0,0,0,0
8009,C3D8,0.0414304,0,0,0,0,0,0,0,0,0,0,0,0
8010,C3D8,0.0414289,0,0,0,0,0,0,0,0,0,0,0,0
8011,C3D8,0.0392485,0,0,0,0,0,0,0,0,0,0,0,0
8012,C3D8,0.0392484,0,0,0,0,0,0,0,0,0,0,0,0
8013,C3D8,0.0392481,0,0,0,0,0,0,0,0,0,0,0,0
8014,C3D8,0.0392476,0,0,0,0,0,0,0,0,0,0,0,0
8015,C3D8,0.039247,0,0,0,0,0,0,0,0,0,0,0,0
8016,C3D8,0.0392463,0,0,0,0,0,0,0,0,0,0,0,0
8017,C3D8,0.0392454,0,0,0,0,0,0,0,0,0,0,0,0
8018,C3D8,0.0392443,0,0,0,0,0,0,0,0,0,0,0,0
8019,C3D8,0.0392431,0,0,0,0,0,0,0,0,0,0,0,0
8020,C3D8,0.0392419,0,0,0,0,0,0,0,0,0,0,0,0
8021,C3D8,0.0392404,0,0,0,0,0,0,0,0,0,0,0,0
8022,C3D8,0.0392387,0,0,0,0,0,0,0,0,0,0,0,0
8023,C3D8,0.0392369,0,0,0,0,0,0,0,0,0,0,0,0
8024,C3D8,0.039235,0,0,0,0,0,0,0,0,0,0,0,0
8025,C3D8,0.0392329,0,0,0,0,0,0,0,0,0,0,0,0
8026,C3D8,0.0392307,0,0,0,0,0,0,0,0,0,0,0,0
8027,C3D8,0.0719191,0,0,0,0,0,0,0,0,0,0,0,0
8028,C3D8,0.0719198,0,0,0,0,0,0,0,0,0,0,0,0
8029,C3D8,0.0719213,0,0,0,0,0,0,0,0,0,0,0,0
8030,C3D8,0.0719236,0,0,0,0,0,0,0,0,0,0,0,0
8031,C3D8,0.0719267,0,0,0,0,0,0,0,0,0,0,0,0
8032,C3D8,0.0719305,0,0,0,0,0,0,0,0,0,0,0,0
8033,C3D8,0.0719349,0,0,0,0,0,0,0,0,0,0,0,0
8034,C3D8,0.0719403,0,0,0,0,0,0,0,0,0,0,0,0
8035,C3D8,0.0719463,0,0,0,0,0,0,0,0,0,0,0,0
8036,C3D8,0.0719532,0,0,0,0,0,0,0,0,0,0,0,0
8037,C3D8,0.0719606,0,0,0,0,0,0,0,0,0,0,0,0
8038,C3D8,0.0719689,0,0,0,0,0,0,0,0,0,0,0,0
8039,C3D8,0.0719781,0,0,0,0,0,0,0,0,0,0,0,0
8040,C3D8,0.0719878,0,0,0,0,0,0,0,0,0,0,0,0
8041,C3D8,0.0719985,0,0,0,0,0,0,0,0,0,0,0,0
8042,C3D8,0.0720097,0,0,0,0,0,0,0,0,0,0,0,0
8043,C3D8,0.0631488,0,0,0,0,0,0,0,0,0,0,0,0
8044,C3D8,0.063149,0,0,0,0,0,0,0,0,0,0,0,0
8045,C3D8,0.0631495,0,0,0,0,0,0,0,0,0,0,0,0
8046,C3D8,0.0631501,0,0,0,0,0,0,0,0,0,0,0,0
8047,C3D8,0.063151,0,0,0,0,0,0,0,0,0,0,0,0
8048,C3D8,0.0631521,0,0,0,0,0,0,0,0,0,0,0,0
8049,C3D8,0.0631535,0,0,0,0,0,0,0,0,0,0,0,0
8050,C3D8,0.0631551,0,0,0,0,0,0,0,0,0,0,0,0
8051,C3D8,0.0631568,0,0,0,0,0,0,0,0,0,0,0,0
8052,C3D8,0.0631589,0,0,0,0,0,0,0,0,0,0,0,0
8053,C3D8,0.063161,0,0,0,0,0,0,0,0,0,0,0,0
8054,C3D8,0.0631635,0,0,0,0,0,0,0,0,0,0,0,0
8055,C3D8,0.0631663,0,0,0,0,0,0,0,0,0,0,0,0
8056,C3D8,0.0631691,0,0,0,0,0,0,0,0,0,0,0,0
8057,C3D8,0.0631724,0,0,0,0,0,0,0,0,0,0,0,0
8058,C3D8,0.0631756,0,0,0,0,0,0,0,0,0,0,0,0
8059,C3D8,0.0543784,0,0,0,0,0,0,0,0,0,0,0,0
8060,C3D8,0.0543781,0,0,0,0,0,0,0,0,0,0,0,0
8061,C3D8,0.0543774,0,0,0,0,0,0,0,0,0,0,0,0
8062,C3D8,0.0543765,0,0,0,0,0,0,0,0,0,0,0,0
8063,C3D8,0.0543753,0,0,0,0,0,0,0,0,0,0,0,0
8064,C3D8,0.0543738,0,0,0,0,0,0,0,0,0,0,0,0
8065,C3D8,0.0543719,0,0,0,0,0,0,0,0,0,0,0,0
8066,C3D8,0.0543698,0,0,0,0,0,0,0,0,0,0,0,0
8067,C3D8,0.0543673,0,0,0,0,0,0,0,0,0,0,0,0
8068,C3D8,0.0543646,0,0,0,0,0,0,0,0,0,0,0,0
8069,C3D8,0.0543615,0,0,0,0,0,0,0,0,0,0,0,0
8070,C3D8,0.0543581,0,0,0,0,0,0,0,0,0,0,0,0
8071,C3D8,0.0543545,0,0,0,0,0,0,0,0,0,0,0,0
8072,C3D8,0.0543505,0,0,0,0,0,0,0,0,0,0,0,0
8073,C3D8,0.0543462,0,0,0,0,0,0,0,0,0,0,0,0
8074,C3D8,0.0543417,0,0,0,0,0,0,0,0,0,0,0,0
8075,C3D8,0.045608,0,0,0,0,0,0,0,0,0,0,0,0
8076,C3D8,0.0456072,0,0,0,0,0,0,0,0,0,0,0,0
8077,C3D8,0.0456055,0,0,0,0,0,0,0,0,0,0,0,0
8078,C3D8,0.045603,0,0,0,0,0,0,0,0,0,0,0,0
8079,C3D8,0.0455997,0,0,0,0,0,0,0,0,0,0,0,0
8080,C3D8,0.0455955,0,0,0,0,0,0,0,0,0,0,0,0
8081,C3D8,0.0455904,0,0,0,0,0,0,0,0,0,0,0,0
8082,C3D8,0.0455845,0,0,0,0,0,0,0,0,0,0,0,0
8083,C3D8,0.0455779,0,0,0,0,0,0,0,0,0,0,0,0
8084,C3D8,0.0455704,0,0,0,0,0,0,0,0,0,0,0,0
8085,C3D8,0.0455619,0,0,0,0,0,0,0,0,0,0,0,0
8086,C3D8,0.0455527,0,0,0,0,0,0,0,0,0,0,0,0
8087,C3D8,0.0455428,0,0,0,0,0,0,0,0,0,0,0,0
8088,C3D8,0.0455318,0,0,0,0,0,0,0,0,0,0,0,0
8089,C3D8,0.04552,0,0,0,0,0,0,0,0,0,0,0,0
8090,C3D8,0.0455076,0,0,0,0,0,0,0,0,0,0,0,0
8091,C3D8,0.184128,0,0,0,0,0,0,0,0,0,0,0,0
8092,C3D8,0.184797,0,0,0,0,0,0,0,0,0,0,0,0
8093,C3D8,0.186134,0,0,0,0,0,0,0,0,0,0,0,0
8094,C3D8,0.188136,0,0,0,0,0,0,0,0,0,0,0,0
8095,C3D8,0.190798,0,0,0,0,0,0,0,0,0,0,0,0
8096,C3D8,0.194116,0,0,0,0,0,0,0,0,0,0,0,0
8097,C3D8,0.198083,0,0,0,0,0,0,0,0,0,0,0,0
8098,C3D8,0.20269,0,0,0,0,0,0,0,0,0,0,0,0
8099,C3D8,0.207928,0,0,0,0,0,0,0,0,0,0,0,0
8100,C3D8,0.213786,0,0,0,0,0,0,0,0,0,0,0,0
8101,C3D8,0.220252,0,0,0,0,0,0,0,0,0,0,0,0
8102,C3D8,0.227313,0,0,0,0,0,0,0,0,0,0,0,0
8103,C3D8,0.234954,0,0,0,0,0,0,0,0,0,0,0,0
8104,C3D8,0.243159,0,0,0,0,0,0,0,0,0,0,0,0
8105,C3D8,0.251912,0,0,0,0,0,0,0,0,0,0,0,0
8106,C3D8,0.261194,0,0,0,0,0,0,0,0,0,0,0,0
8107,C3D8,0.177225,0,0,0,0,0,0,0,0,0,0,0,0
8108,C3D8,0.177902,0,0,0,0,0,0,0,0,0,0,0,0
8109,C3D8,0.179254,0,0,0,0,0,0,0,0,0,0,0,0
8110,C3D8,0.181279,0,0,0,0,0,0,0,0,0,0,0,0
8111,C3D8,0.183971,0,0,0,0,0,0,0,0,0,0,0,0
8112,C3D8,0.187324,0,0,0,0,0,0,0,0,0,0,0,0
8113,C3D8,0.19133,0,0,0,0,0,0,0,0,0,0,0,0
8114,C3D8,0.195979,0,0,0,0,0,0,0,0,0,0,0,0
8115,C3D8,0.201262,0,0,0,0,0,0,0,0,0,0,0,0
8116,C3D8,0.207164,0,0,0,0,0,0,0,0,0,0,0,0
8117,C3D8,0.213672,0,0,0,0,0,0,0,0,0,0,0,0
8118,C3D8,0.220771,0,0,0,0,0,0,0,0,0,0,0,0
8119,C3D8,0.228444,0,0,0,0,0,0,0,0,0,0,0,0
8120,C3D8,0.236672,0,0,0,0,0,0,0,0,0,0,0,0
8121,C3D8,0.245436,0,0,0,0,0,0,0,0,0,0,0,0
8122,C3D8,0.254716,0,0,0,0,0,0,0,0,0,0,0,0
8123,C3D8,0.170322,0,0,0,0,0,0,0,0,0,0,0,0
8124,C3D8,0.171006,0,0,0,0,0,0,0,0,0,0,0,0
8125,C3D8,0.172374,0,0,0,0,0,0,0,0,0,0,0,0
8126,C3D8,0.174422,0,0,0,0,0,0,0,0,0,0,0,0
8127,C3D8,0.177143,0,0,0,0,0,0,0,0,0,0,0,0
8128,C3D8,0.180531,0,0,0,0,0,0,0,0,0,0,0,0
8129,C3D8,0.184577,0,0,0,0,0,0,0,0,0,0,0,0
8130,C3D8,0.189269,0,0,0,0,0,0,0,0,0,0,0,0
8131,C3D8,0.194596,0,0,0,0,0,0,0,0,0,0,0,0
8132,C3D8,0.200542,0,0,0,0,0,0,0,0,0,0,0,0
8133,C3D8,0.207093,0,0,0,0,0,0,0,0,0,0,0,0
8134,C3D8,0.21423,0,0,0,0,0,0,0,0,0,0,0,0
8135,C3D8,0.221934,0,0,0,0,0,0,0,0,0,0,0,0
8136,C3D8,0.230186,0,0,0,0,0,0,0,0,0,0,0,0
8137,C3D8,0.238961,0,0,0,0,0,0,0,0,0,0,0,0
8138,C3D8,0.248238,0,0,0,0,0,0,0,0,0,0,0,0
8139,C3D8,0.163418,0,0,0,0,0,0,0,0,0,0,0,0
8140,C3D8,0.164111,0,0,0,0,0,0,0,0,0,0,0,0
8141,C3D8,0.165495,0,0,0,0,0,0,0,0,0,0,0,0
8142,C3D8,0.167565,0,0,0,0,0,0,0,0,0,0,0,0
8143,C3D8,0.170315,0,0,0,0,0,0,0,0,0,0,0,0
8144,C3D8,0.173738,0,0,0,0,0,0,0,0,0,0,0,0
8145,C3D8,0.177823,0,0,0,0,0,0,0,0,0,0,0,0
8146,C3D8,0.182558,0,0,0,0,0,0,0,0,0,0,0,0
8147,C3D8,0.187929,0,0,0,0,0,0,0,0,0,0,0,0
8148,C3D8,0.19392,0,0,0,0,0,0,0,0,0,0,0,0
8149,C3D8,0.200513,0,0,0,0,0,0,0,0,0,0,0,0
8150,C3D8,0.207689,0,0,0,0,0,0,0,0,0,0,0,0
8151,C3D8,0.215425,0,0,0,0,0,0,0,0,0,0,0,0
8152,C3D8,0.223699,0,0,0,0,0,0,0,0,0,0,0,0
8153,C3D8,0.232486,0,0,0,0,0,0,0,0,0,0,0,0
8154,C3D8,0.241759,0,0,0,0,0,0,0,0,0,0,0,0
8155,C3D8,0.156515,0,0,0,0,0,0,0,0,0,0,0,0
8156,C3D8,0.157216,0,0,0,0,0,0,0,0,0,0,0,0
8157,C3D8,0.158615,0,0,0,0,0,0,0,0,0,0,0,0
8158,C3D8,0.160708,0,0,0,0,0,0,0,0,0,0,0,0
8159,C3D8,0.163488,0,0,0,0,0,0,0,0,0,0,0,0
8160,C3D8,0.166946,0,0,0,0,0,0,0,0,0,0,0,0
8161,C3D8,0.17107,0,0,0,0,0,0,0,0,0,0,0,0
8162,C3D8,0.175848,0,0,0,0,0,0,0,0,0,0,0,0
8163,C3D8,0.181263,0,0,0,0,0,0,0,0,0,0,0,0
8164,C3D8,0.187298,0,0,0,0,0,0,0,0,0,0,0,0
8165,C3D8,0.193934,0,0,0,0,0,0,0,0,0,0,0,0
8166,C3D8,0.201147,0,0,0,0,0,0,0,0,0,0,0,0
8167,C3D8,0.208915,0,0,0,0,0,0,0,0,0,0,0,0
8168,C3D8,0.217212,0,0,0,0,0,0,0,0,0,0,0,0
8169,C3D8,0.22601,0,0,0,0,0,0,0,0,0,0,0,0
8170,C3D8,0.235281,0,0,0,0,0,0,0,0,0,0,0,0
8171,C3D8,0.149612,0,0,0,0,0,0,0,0,0,0,0,0
8172,C3D8,0.15032,0,0,0,0,0,0,0,0,0,0,0,0
8173,C3D8,0.151735,0,0,0,0,0,0,0,0,0,0,0,0
8174,C3D8,0.153851,0,0,0,0,0,0,0,0,0,0,0,0
8175,C3D8,0.15666,0,0,0,0,0,0,0,0,0,0,0,0
8176,C3D8,0.160153,0,0,0,0,0,0,0,0,0,0,0,0
8177,C3D8,0.164317,0,0,0,0,0,0,0,0,0,0,0,0
8178,C3D8,0.169137,0,0,0,0,0,0,0,0,0,0,0,0
8179,C3D8,0.174597,0,0,0,0,0,0,0,0,0,0,0,0
8180,C3D8,0.180677,0,0,0,0,0,0,0,0,0,0,0,0
8181,C3D8,0.187354,0,0,0,0,0,0,0,0,0,0,0,0
8182,C3D8,0.194606,0,0,0,0,0,0,0,0,0,0,0,0
8183,C3D8,0.202406,0,0,0,0,0,0,0,0,0,0,0,0
8184,C3D8,0.210725,0,0,0,0,0,0,0,0,0,0,0,0
8185,C3D8,0.219535,0,0,0,0,0,0,0,0,0,0,0,0
8186,C3D8,0.228802,0,0,0,0,0,0,0,0,0,0,0,0
8187,C3D8,0.142709,0,0,0,0,0,0,0,0,0,0,0,0
8188,C3D8,0.143425,0,0,0,0,0,0,0,0,0,0,0,0
8189,C3D8,0.144855,0,0,0,0,0,0,0,0,0,0,0,0
8190,C3D8,0.146994,0,0,0,0,0,0,0,0,0,0,0,0
8191,C3D8,0.149832,0,0,0,0,0,0,0,0,0,0,0,0
8192,C3D8,0.15336,0,0,0,0,0,0,0,0,0,0,0,0
8193,C3D8,0.157564,0,0,0,0,0,0,0,0,0,0,0,0
8194,C3D8,0.162427,0,0,0,0,0,0,0,0,0,0,0,0
8195,C3D8,0.167931,0,0,0,0,0,0,0,0,0,0,0,0
8196,C3D8,0.174055,0,0,0,0,0,0,0,0,0,0,0,0
8197,C3D8,0.180775,0,0,0,0,0,0,0,0,0,0,0,0
8198,C3D8,0.188064,0,0,0,0,0,0,0,0,0,0,0,0
8199,C3D8,0.195896,0,0,0,0,0,0,0,0,0,0,0,0
8200,C3D8,0.204239,0,0,0,0,0,0,0,0,0,0,0,0
8201,C3D8,0.21306,0,0,0,0,0,0,0,0,0,0,0,0
8202,C3D8,0.222324,0,0,0,0,0,0,0,0,0,0,0,0
8203,C3D8,0.135805,0,0,0,0,0,0,0,0,0,0,0,0
8204,C3D8,0.13653,0,0,0,0,0,0,0,0,0,0,0,0
8205,C3D8,0.137976,0,0,0,0,0,0,0,0,0,0,0,0
8206,C3D8,0.140137,0,0,0,0,0,0,0,0,0,0,0,0
8207,C3D8,0.143005,0,0,0,0,0,0,0,0,0,0,0,0
8208,C3D8,0.146567,0,0,0,0,0,0,0,0,0,0,0,0
8209,C3D8,0.15081,0,0,0,0,0,0,0,0,0,0,0,0
8210,C3D8,0.155716,0,0,0,0,0,0,0,0,0,0,0,0
8211,C3D8,0.161265,0,0,0,0,0,0,0,0,0,0,0,0
8212,C3D8,0.167433,0,0,0,0,0,0,0,0,0,0,0,0
8213,C3D8,0.174195,0,0,0,0,0,0,0,0,0,0,0,0
8214,C3D8,0.181523,0,0,0,0,0,0,0,0,0,0,0,0
8215,C3D8,0.189386,0,0,0,0,0,0,0,0,0,0,0,0
8216,C3D8,0.197752,0,0,0,0,0,0,0,0,0,0,0,0
8217,C3D8,0.206584,0,0,0,0,0,0,0,0,0,0,0,0
8218,C3D8,0.215846,0,0,0,0,0,0,0,0,0,0,0,0
8219,C3D8,0.128902,0,0,0,0,0,0,0,0,0,0,0,0
8220,C3D8,0.129635,0,0,0,0,0,0,0,0,0,0,0,0
8221,C3D8,0.131096,0,0,0,0,0,0,0,0,0,0,0,0
8222,C3D8,0.13328,0,0,0,0,0,0,0,0,0,0,0,0
8223,C3D8,0.136177,0,0,0,0,0,0,0,0,0,0,0,0
8224,C3D8,0.139775,0,0,0,0,0,0,0,0,0,0,0,0
8225,C3D8,0.144057,0,0,0,0,0,0,0,0,0,0,0,0
8226,C3D8,0.149006,0,0,0,0,0,0,0,0,0,0,0,0
8227,C3D8,0.154598,0,0,0,0,0,0,0,0,0,0,0,0
8228,C3D8,0.160811,0,0,0,0,0,0,0,0,0,0,0,0
8229,C3D8,0.167615,0,0,0,0,0,0,0,0,0,0,0,0
8230,C3D8,0.174982,0,0,0,0,0,0,0,0,0,0,0,0
8231,C3D8,0.182877,0,0,0,0,0,0,0,0,0,0,0,0
8232,C3D8,0.191265,0,0,0,0,0,0,0,0,0,0,0,0
8233,C3D8,0.200109,0,0,0,0,0,0,0,0,0,0,0,0
8234,C3D8,0.209367,0,0,0,0,0,0,0,0,0,0,0,0
8235,C3D8,0.121999,0,0,0,0,0,0,0,0,0,0,0,0
8236,C3D8,0.122739,0,0,0,0,0,0,0,0,0,0,0,0
8237,C3D8,0.124216,0,0,0,0,0,0,0,0,0,0,0,0
8238,C3D8,0.126423,0,0,0,0,0,0,0,0,0,0,0,0
8239,C3D8,0.129349,0,0,0,0,0,0,0,0,0,0,0,0
8240,C3D8,0.132982,0,0,0,0,0,0,0,0,0,0,0,0
8241,C3D8,0.137304,0,0,0,0,0,0,0,0,0,0,0,0
8242,C3D8,0.142295,0,0,0,0,0,0,0,0,0,0,0,0
8243,C3D8,0.147932,0,0,0,0,0,0,0,0,0,0,0,0
8244,C3D8,0.154189,0,0,0,0,0,0,0,0,0,0,0,0
8245,C3D8,0.161036,0,0,0,0,0,0,0,0,0,0,0,0
8246,C3D8,0.16844,0,0,0,0,0,0,0,0,0,0,0,0
8247,C3D8,0.176367,0,0,0,0,0,0,0,0,0,0,0,0
8248,C3D8,0.184778,0,0,0,0,0,0,0,0,0,0,0,0
8249,C3D8,0.193633,0,0,0,0,0,0,0,0,0,0,0,0
8250,C3D8,0.202889,0,0,0,0,0,0,0,0,0,0,0,0
8251,C3D8,0.115096,0,0,0,0,0,0,0,0,0,0,0,0
8252,C3D8,0.115844,0,0,0,0,0,0,0,0,0,0,0,0
8253,C3D8,0.117336,0,0,0,0,0,0,0,0,0,0,0,0
8254,C3D8,0.119566,0,0,0,0,0,0,0,0,0,0,0,0
8255,C3D8,0.122522,0,0,0,0,0,0,0,0,0,0,0,0
8256,C3D8,0.126189,0,0,0,0,0,0,0,0,0,0,0,0
8257,C3D8,0.130551,0,0,0,0,0,0,0,0,0,0,0,0
8258,C3D8,0.135585,0,0,0,0,0,0,0,0,0,0,0,0
8259,C3D8,0.141266,0,0,0,0,0,0,0,0,0,0,0,0
8260,C3D8,0.147567,0,0,0,0,0,0,0,0,0,0,0,0
8261,C3D8,0.154456,0,0,0,0,0,0,0,0,0,0,0,0
8262,C3D8,0.161899,0,0,0,0,0,0,0,0,0,0,0,0
8263,C3D8,0.169858,0,0,0,0,0,0,0,0,0,0,0,0
8264,C3D8,0.178292,0,0,0,0,0,0,0,0,0,0,0,0
8265,C3D8,0.187158,0,0,0,0,0,0,0,0,0,0,0,0
8266,C3D8,0.19641,0,0,0,0,0,0,0,0,0,0,0,0
8267,C3D8,0.108193,0,0,0,0,0,0,0,0,0,0,0,0
8268,C3D8,0.108949,0,0,0,0,0,0,0,0,0,0,0,0
8269,C3D8,0.110456,0,0,0,0,0,0,0,0,0,0,0,0
8270,C3D8,0.112709,0,0,0,0,0,0,0,0,0,0,0,0
8271,C3D8,0.115694,0,0,0,0,0,0,0,0,0,0,0,0
8272,C3D8,0.119397,0,0,0,0,0,0,0,0,0,0,0,0
8273,C3D8,0.123797,0,0,0,0,0,0,0,0,0,0,0,0
8274,C3D8,0.128874,0,0,0,0,0,0,0,0,0,0,0,0
8275,C3D8,0.1346,0,0,0,0,0,0,0,0,0,0,0,0
8276,C3D8,0.140945,0,0,0,0,0,0,0,0,0,0,0,0
8277,C3D8,0.147877,0,0,0,0,0,0,0,0,0,0,0,0
8278,C3D8,0.155358,0,0,0,0,0,0,0,0,0,0,0,0
8279,C3D8,0.163348,0,0,0,0,0,0,0,0,0,0,0,0
8280,C3D8,0.171805,0,0,0,0,0,0,0,0,0,0,0,0
8281,C3D8,0.180683,0,0,0,0,0,0,0,0,0,0,0,0
8282,C3D8,0.189932,0,0,0,0,0,0,0,0,0,0,0,0
8283,C3D8,0.0721456,0,0,0,0,0,0,0,0,0,0,0,0
8284,C3D8,0.0721457,0,0,0,0,0,0,0,0,0,0,0,0
8285,C3D8,0.0721458,0,0,0,0,0,0,0,0,0,0,0,0
8286,C3D8,0.0721461,0,0,0,0,0,0,0,0,0,0,0,0
8287,C3D8,0.0721463,0,0,0,0,0,0,0,0,0,0,0,0
8288,C3D8,0.0721467,0,0,0,0,0,0,0,0,0,0,0,0
8289,C3D8,0.072147,0,0,0,0,0,0,0,0,0,0,0,0
8290,C3D8,0.0721476,0,0,0,0,0,0,0,0,0,0,0,0
8291,C3D8,0.0721481,0,0,0,0,0,0,0,0,0,0,0,0
8292,C3D8,0.0721488,0,0,0,0,0,0,0,0,0,0,0,0
8293,C3D8,0.0721495,0,0,0,0,0,0,0,0,0,0,0,0
8294,C3D8,0.0721502,0,0,0,0,0,0,0,0,0,0,0,0
8295,C3D8,0.0721511,0,0,0,0,0,0,0,0,0,0,0,0
8296,C3D8,0.0721521,0,0,0,0,0,0,0,0,0,0,0,0
8297,C3D8,0.0721531,0,0,0,0,0,0,0,0,0,0,0,0
8298,C3D8,0.0721542,0,0,0,0,0,0,0,0,0,0,0,0
8299,C3D8,0.0699524,0,0,0,0,0,0,0,0,0,0,0,0
8300,C3D8,0.0699524,0,0,0,0,0,0,0,0,0,0,0,0
8301,C3D8,0.0699526,0,0,0,0,0,0,0,0,0,0,0,0
8302,C3D8,0.0699527,0,0,0,0,0,0,0,0,0,0,0,0
8303,C3D8,0.0699528,0,0,0,0,0,0,0,0,0,0,0,0
8304,C3D8,0.0699532,0,0,0,0,0,0,0,0,0,0,0,0
8305,C3D8,0.0699535,0,0,0,0,0,0,0,0,0,0,0,0
8306,C3D8,0.0699538,0,0,0,0,0,0,0,0,0,0,0,0
8307,C3D8,0.0699542,0,0,0,0,0,0,0,0,0,0,0,0
8308,C3D8,0.0699547,0,0,0,0,0,0,0,0,0,0,0,0
8309,C3D8,0.0699551,0,0,0,0,0,0,0,0,0,0,0,0
8310,C3D8,0.0699558,0,0,0,0,0,0,0,0,0,0,0,0
8311,C3D8,0.0699565,0,0,0,0,0,0,0,0,0,0,0,0
8312,C3D8,0.069957,0,0,0,0,0,0,0,0,0,0,0,0
8313,C3D8,0.0699577,0,0,0,0,0,0,0,0,0,0,0,0
8314,C3D8,0.0699585,0,0,0,0,0,0,0,0,0,0,0,0
8315,C3D8,0.0677592,0,0,0,0,0,0,0,0,0,0,0,0
8316,C3D8,0.0677593,0,0,0,0,0,0,0,0,0,0,0,0
8317,C3D8,0.0677594,0,0,0,0,0,0,0,0,0,0,0,0
8318,C3D8,0.0677594,0,0,0,0,0,0,0,0,0,0,0,0
8319,C3D8,0.0677595,0,0,0,0,0,0,0,0,0,0,0,0
8320,C3D8,0.0677596,0,0,0,0,0,0,0,0,0,0,0,0
8321,C3D8,0.0677598,0,0,0,0,0,0,0,0,0,0,0,0
8322,C3D8,0.06776,0,0,0,0,0,0,0,0,0,0,0,0
8323,C3D8,0.0677603,0,0,0,0,0,0,0,0,0,0,0,0
8324,C3D8,0.0677605,0,0,0,0,0,0,0,0,0,0,0,0
8325,C3D8,0.0677608,0,0,0,0,0,0,0,0,0,0,0,0
8326,C3D8,0.0677611,0,0,0,0,0,0,0,0,0,0,0,0
8327,C3D8,0.0677615,0,0,0,0,0,0,0,0,0,0,0,0
8328,C3D8,0.0677619,0,0,0,0,0,0,0,0,0,0,0,0
8329,C3D8,0.0677623,0,0,0,0,0,0,0,0,0,0,0,0
8330,C3D8,0.0677628,0,0,0,0,0,0,0,0,0,0,0,0
8331,C3D8,0.065566,0,0,0,0,0,0,0,0,0,0,0,0
8332,C3D8,0.065566,0,0,0,0,0,0,0,0,0,0,0,0
8333,C3D8,0.0655661,0,0,0,0,0,0,0,0,0,0,0,0
8334,C3D8,0.0655661,0,0,0,0,0,0,0,0,0,0,0,0
8335,C3D8,0.0655662,0,0,0,0,0,0,0,0,0,0,0,0
8336,C3D8,0.0655662,0,0,0,0,0,0,0,0,0,0,0,0
8337,C3D8,0.0655662,0,0,0,0,0,0,0,0,0,0,0,0
8338,C3D8,0.0655664,0,0,0,0,0,0,0,0,0,0,0,0
8339,C3D8,0.0655664,0,0,0,0,0,0,0,0,0,0,0,0
8340,C3D8,0.0655665,0,0,0,0,0,0,0,0,0,0,0,0
8341,C3D8,0.0655666,0,0,0,0,0,0,0,0,0,0,0,0
8342,C3D8,0.0655667,0,0,0,0,0,0,0,0,0,0,0,0
8343,C3D8,0.0655669,0,0,0,0,0,0,0,0,0,0,0,0
8344,C3D8,0.065567,0,0,0,0,0,0,0,0,0,0,0,0
8345,C3D8,0.065567,0,0,0,0,0,0,0,0,0,0,0,0
8346,C3D8,0.0655672,0,0,0,0,0,0,0,0,0,0,0,0
8347,C3D8,0.0633729,0,0,0,0,0,0,0,0,0,0,0,0
8348,C3D8,0.0633728,0,0,0,0,0,0,0,0,0,0,0,0
8349,C3D8,0.0633728,0,0,0,0,0,0,0,0,0,0,0,0
8350,C3D8,0.0633728,0,0,0,0,0,0,0,0,0,0,0,0
8351,C3D8,0.0633728,0,0,0,0,0,0,0,0,0,0,0,0
8352,C3D8,0.0633727,0,0,0,0,0,0,0,0,0,0,0,0
8353,C3D8,0.0633727,0,0,0,0,0,0,0,0,0,0,0,0
8354,C3D8,0.0633725,0,0,0,0,0,0,0,0,0,0,0,0
8355,C3D8,0.0633725,0,0,0,0,0,0,0,0,0,0,0,0
8356,C3D8,0.0633724,0,0,0,0,0,0,0,0,0,0,0,0
8357,C3D8,0.0633723,0,0,0,0,0,0,0,0,0,0,0,0
8358,C3D8,0.0633721,0,0,0,0,0,0,0,0,0,0,0,0
8359,C3D8,0.0633719,0,0,0,0,0,0,0,0,0,0,0,0
8360,C3D8,0.0633719,0,0,0,0,0,0,0,0,0,0,0,0
8361,C3D8,0.0633717,0,0,0,0,0,0,0,0,0,0,0,0
8362,C3D8,0.0633716,0,0,0,0,0,0,0,0,0,0,0,0
8363,C3D8,0.0611797,0,0,0,0,0,0,0,0,0,0,0,0
8364,C3D8,0.0611797,0,0,0,0,0,0,0,0,0,0,0,0
8365,C3D8,0.0611796,0,0,0,0,0,0,0,0,0,0,0,0
8366,C3D8,0.0611795,0,0,0,0,0,0,0,0,0,0,0,0
8367,C3D8,0.0611794,0,0,0,0,0,0,0,0,0,0,0,0
8368,C3D8,0.0611792,0,0,0,0,0,0,0,0,0,0,0,0
8369,C3D8,0.0611791,0,0,0,0,0,0,0,0,0,0,0,0
8370,C3D8,0.0611788,0,0,0,0,0,0,0,0,0,0,0,0
8371,C3D8,0.0611786,0,0,0,0,0,0,0,0,0,0,0,0
8372,C3D8,0.0611783,0,0,0,0,0,0,0,0,0,0,0,0
8373,C3D8,0.061178,0,0,0,0,0,0,0,0,0,0,0,0
8374,C3D8,0.0611776,0,0,0,0,0,0,0,0,0,0,0,0
8375,C3D8,0.0611772,0,0,0,0,0,0,0,0,0,0,0,0
8376,C3D8,0.0611769,0,0,0,0,0,0,0,0,0,0,0,0
8377,C3D8,0.0611764,0,0,0,0,0,0,0,0,0,0,0,0
8378,C3D8,0.061176,0,0,0,0,0,0,0,0,0,0,0,0
8379,C3D8,0.0589865,0,0,0,0,0,0,0,0,0,0,0,0
8380,C3D8,0.0589864,0,0,0,0,0,0,0,0,0,0,0,0
8381,C3D8,0.0589863,0,0,0,0,0,0,0,0,0,0,0,0
8382,C3D8,0.0589862,0,0,0,0,0,0,0,0,0,0,0,0
8383,C3D8,0.058986,0,0,0,0,0,0,0,0,0,0,0,0
8384,C3D8,0.0589857,0,0,0,0,0,0,0,0,0,0,0,0
8385,C3D8,0.0589854,0,0,0,0,0,0,0,0,0,0,0,0
8386,C3D8,0.0589851,0,0,0,0,0,0,0,0,0,0,0,0
8387,C3D8,0.0589847,0,0,0,0,0,0,0,0,0,0,0,0
8388,C3D8,0.0589842,0,0,0,0,0,0,0,0,0,0,0,0
8389,C3D8,0.0589838,0,0,0,0,0,0,0,0,0,0,0,0
8390,C3D8,0.0589831,0,0,0,0,0,0,0,0,0,0,0,0
8391,C3D8,0.0589824,0,0,0,0,0,0,0,0,0,0,0,0
8392,C3D8,0.0589818,0,0,0,0,0,0,0,0,0,0,0,0
8393,C3D8,0.0589811,0,0,0,0,0,0,0,0,0,0,0,0
8394,C3D8,0.0589803,0,0,0,0,0,0,0,0,0,0,0,0
8395,C3D8,0.0567933,0,0,0,0,0,0,0,0,0,0,0,0
8396,C3D8,0.0567933,0,0,0,0,0,0,0,0,0,0,0,0
8397,C3D8,0.0567932,0,0,0,0,0,0,0,0,0,0,0,0
8398,C3D8,0.0567929,0,0,0,0,0,0,0,0,0,0,0,0
8399,C3D8,0.0567926,0,0,0,0,0,0,0,0,0,0,0,0
8400,C3D8,0.0567923,0,0,0,0,0,0,0,0,0,0,0,0
8401,C3D8,0.0567918,0,0,0,0,0,0,0,0,0,0,0,0
8402,C3D8,0.0567913,0,0,0,0,0,0,0,0,0,0,0,0
8403,C3D8,0.0567907,0,0,0,0,0,0,0,0,0,0,0,0
8404,C3D8,0.0567901,0,0,0,0,0,0,0,0,0,0,0,0
8405,C3D8,0.0567894,0,0,0,0,0,0,0,0,0,0,0,0
8406,C3D8,0.0567886,0,0,0,0,0,0,0,0,0,0,0,0
8407,C3D8,0.0567877,0,0,0,0,0,0,0,0,0,0,0,0
8408,C3D8,0.0567868,0,0,0,0,0,0,0,0,0,0,0,0
8409,C3D8,0.0567858,0,0,0,0,0,0,0,0,0,0,0,0
8410,C3D8,0.0567848,0,0,0,0,0,0,0,0,0,0,0,0
8411,C3D8,0.0546003,0,0,0,0,0,0,0,0,0,0,0,0
8412,C3D8,0.0546005,0,0,0,0,0,0,0,0,0,0,0,0
8413,C3D8,0.0546007,0,0,0,0,0,0,0,0,0,0,0,0
8414,C3D8,0.0546011,0,0,0,0,0,0,0,0,0,0,0,0
8415,C3D8,0.0546017,0,0,0,0,0,0,0,0,0,0,0,0
8416,C3D8,0.0546024,0,0,0,0,0,0,0,0,0,0,0,0
8417,C3D8,0.0546033,0,0,0,0,0,0,0,0,0,0,0,0
8418,C3D8,0.0546043,0,0,0,0,0,0,0,0,0,0,0,0
8419,C3D8,0.0546054,0,0,0,0,0,0,0,0,0,0,0,0
8420,C3D8,0.0546067,0,0,0,0,0,0,0,0,0,0,0,0
8421,C3D8,0.0546081,0,0,0,0,0,0,0,0,0,0,0,0
8422,C3D8,0.0546097,0,0,0,0,0,0,0,0,0,0,0,0
8423,C3D8,0.0546115,0,0,0,0,0,0,0,0,0,0,0,0
8424,C3D8,0.0546133,0,0,0,0,0,0,0,0,0,0,0,0
8425,C3D8,0.0546153,0,0,0,0,0,0,0,0,0,0,0,0
8426,C3D8,0.0546175,0,0,0,0,0,0,0,0,0,0,0,0
8427,C3D8,0.0524072,0,0,0,0,0,0,0,0,0,0,0,0
8428,C3D8,0.0524072,0,0,0,0,0,0,0,0,0,0,0,0
8429,C3D8,0.0524074,0,0,0,0,0,0,0,0,0,0,0,0
8430,C3D8,0.0524078,0,0,0,0,0,0,0,0,0,0,0,0
8431,C3D8,0.0524082,0,0,0,0,0,0,0,0,0,0,0,0
8432,C3D8,0.0524086,0,0,0,0,0,0,0,0,0,0,0,0
8433,C3D8,0.0524092,0,0,0,0,0,0,0,0,0,0,0,0
8434,C3D8,0.0524099,0,0,0,0,0,0,0,0,0,0,0,0
8435,C3D8,0.0524108,0,0,0,0,0,0,0,0,0,0,0,0
8436,C3D8,0.0524118,0,0,0,0,0,0,0,0,0,0,0,0
8437,C3D8,0.0524128,0,0,0,0,0,0,0,0,0,0,0,0
8438,C3D8,0.0524139,0,0,0,0,0,0,0,0,0,0,0,0
8439,C3D8,0.0524151,0,0,0,0,0,0,0,0,0,0,0,0
8440,C3D8,0.0524164,0,0,0,0,0,0,0,0,0,0,0,0
8441,C3D8,0.0524179,0,0,0,0,0,0,0,0,0,0,0,0
8442,C3D8,0.0524194,0,0,0,0,0,0,0,0,0,0,0,0
8443,C3D8,0.050214,0,0,0,0,0,0,0,0,0,0,0,0
8444,C3D8,0.0502141,0,0,0,0,0,0,0,0,0,0,0,0
8445,C3D8,0.0502143,0,0,0,0,0,0,0,0,0,0,0,0
8446,C3D8,0.0502144,0,0,0,0,0,0,0,0,0,0,0,0
8447,C3D8,0.0502146,0,0,0,0,0,0,0,0,0,0,0,0
8448,C3D8,0.050215,0,0,0,0,0,0,0,0,0,0,0,0
8449,C3D8,0.0502154,0,0,0,0,0,0,0,0,0,0,0,0
8450,C3D8,0.0502158,0,0,0,0,0,0,0,0,0,0,0,0
8451,C3D8,0.0502163,0,0,0,0,0,0,0,0,0,0,0,0
8452,C3D8,0.0502168,0,0,0,0,0,0,0,0,0,0,0,0
8453,C3D8,0.0502174,0,0,0,0,0,0,0,0,0,0,0,0
8454,C3D8,0.050218,0,0,0,0,0,0,0,0,0,0,0,0
8455,C3D8,0.0502187,0,0,0,0,0,0,0,0,0,0,0,0
8456,C3D8,0.0502195,0,0,0,0,0,0,0,0,0,0,0,0
8457,C3D8,0.0502204,0,0,0,0,0,0,0,0,0,0,0,0
8458,C3D8,0.0502213,0,0,0,0,0,0,0,0,0,0,0,0
8459,C3D8,0.048021,0,0,0,0,0,0,0,0,0,0,0,0
8460,C3D8,0.048021,0,0,0,0,0,0,0,0,0,0,0,0
8461,C3D8,0.048021,0,0,0,0,0,0,0,0,0,0,0,0
8462,C3D8,0.0480211,0,0,0,0,0,0,0,0,0,0,0,0
8463,C3D8,0.0480211,0,0,0,0,0,0,0,0,0,0,0,0
8464,C3D8,0.0480213,0,0,0,0,0,0,0,0,0,0,0,0
8465,C3D8,0.0480213,0,0,0,0,0,0,0,0,0,0,0,0
8466,C3D8,0.0480214,0,0,0,0,0,0,0,0,0,0,0,0
8467,C3D8,0.0480216,0,0,0,0,0,0,0,0,0,0,0,0
8468,C3D8,0.0480217,0,0,0,0,0,0,0,0,0,0,0,0
8469,C3D8,0.048022,0,0,0,0,0,0,0,0,0,0,0,0
8470,C3D8,0.0480222,0,0,0,0,0,0,0,0,0,0,0,0
8471,C3D8,0.0480224,0,0,0,0,0,0,0,0,0,0,0,0
8472,C3D8,0.0480227,0,0,0,0,0,0,0,0,0,0,0,0
8473,C3D8,0.0480229,0,0,0,0,0,0,0,0,0,0,0,0
8474,C3D8,0.0480231,0,0,0,0,0,0,0,0,0,0,0,0
8475,C3D8,0.0458278,0,0,0,0,0,0,0,0,0,0,0,0
8476,C3D8,0.0458278,0,0,0,0,0,0,0,0,0,0,0,0
8477,C3D8,0.0458278,0,0,0,0,0,0,0,0,0,0,0,0
8478,C3D8,0.0458277,0,0,0,0,0,0,0,0,0,0,0,0
8479,C3D8,0.0458276,0,0,0,0,0,0,0,0,0,0,0,0
8480,C3D8,0.0458275,0,0,0,0,0,0,0,0,0,0,0,0
8481,C3D8,0.0458274,0,0,0,0,0,0,0,0,0,0,0,0
8482,C3D8,0.0458272,0,0,0,0,0,0,0,0,0,0,0,0
8483,C3D8,0.0458271,0,0,0,0,0,0,0,0,0,0,0,0
8484,C3D8,0.0458268,0,0,0,0,0,0,0,0,0,0,0,0
8485,C3D8,0.0458265,0,0,0,0,0,0,0,0,0,0,0,0
8486,C3D8,0.0458264,0,0,0,0,0,0,0,0,0,0,0,0
8487,C3D8,0.0458261,0,0,0,0,0,0,0,0,0,0,0,0
8488,C3D8,0.0458258,0,0,0,0,0,0,0,0,0,0,0,0
8489,C3D8,0.0458254,0,0,0,0,0,0,0,0,0,0,0,0
8490,C3D8,0.0458251,0,0,0,0,0,0,0,0,0,0,0,0
8491,C3D8,0.0436348,0,0,0,0,0,0,0,0,0,0,0,0
8492,C3D8,0.0436347,0,0,0,0,0,0,0,0,0,0,0,0
8493,C3D8,0.0436345,0,0,0,0,0,0,0,0,0,0,0,0
8494,C3D8,0.0436344,0,0,0,0,0,0,0,0,0,0,0,0
8495,C3D8,0.0436341,0,0,0,0,0,0,0,0,0,0,0,0
8496,C3D8,0.0436337,0,0,0,0,0,0,0,0,0,0,0,0
8497,C3D8,0.0436333,0,0,0,0,0,0,0,0,0,0,0,0
8498,C3D8,0.0436329,0,0,0,0,0,0,0,0,0,0,0,0
8499,C3D8,0.0436324,0,0,0,0,0,0,0,0,0,0,0,0
8500,C3D8,0.0436318,0,0,0,0,0,0,0,0,0,0,0,0
8501,C3D8,0.0436311,0,0,0,0,0,0,0,0,0,0,0,0
8502,C3D8,0.0436305,0,0,0,0,0,0,0,0,0,0,0,0
8503,C3D8,0.0436297,0,0,0,0,0,0,0,0,0,0,0,0
8504,C3D8,0.0436289,0,0,0,0,0,0,0,0,0,0,0,0
8505,C3D8,0.0436279,0,0,0,0,0,0,0,0,0,0,0,0
8506,C3D8,0.043627,0,0,0,0,0,0,0,0,0,0,0,0
8507,C3D8,0.0414416,0,0,0,0,0,0,0,0,0,0,0,0
8508,C3D8,0.0414415,0,0,0,0,0,0,0,0,0,0,0,0
8509,C3D8,0.0414413,0,0,0,0,0,0,0,0,0,0,0,0
8510,C3D8,0.041441,0,0,0,0,0,0,0,0,0,0,0,0
8511,C3D8,0.0414406,0,0,0,0,0,0,0,0,0,0,0,0
8512,C3D8,0.0414401,0,0,0,0,0,0,0,0,0,0,0,0
8513,C3D8,0.0414394,0,0,0,0,0,0,0,0,0,0,0,0
8514,C3D8,0.0414387,0,0,0,0,0,0,0,0,0,0,0,0
8515,C3D8,0.0414378,0,0,0,0,0,0,0,0,0,0,0,0
8516,C3D8,0.0414369,0,0,0,0,0,0,0,0,0,0,0,0
8517,C3D8,0.0414358,0,0,0,0,0,0,0,0,0,0,0,0
8518,C3D8,0.0414346,0,0,0,0,0,0,0,0,0,0,0,0
8519,C3D8,0.0414333,0,0,0,0,0,0,0,0,0,0,0,0
8520,C3D8,0.0414319,0,0,0,0,0,0,0,0,0,0,0,0
8521,C3D8,0.0414304,0,0,0,0,0,0,0,0,0,0,0,0
8522,C3D8,0.0414289,0,0,0,0,0,0,0,0,0,0,0,0
8523,C3D8,0.0392485,0,0,0,0,0,0,0,0,0,0,0,0
8524,C3D8,0.0392484,0,0,0,0,0,0,0,0,0,0,0,0
8525,C3D8,0.0392481,0,0,0,0,0,0,0,0,0,0,0,0
8526,C3D8,0.0392476,0,0,0,0,0,0,0,0,0,0,0,0
8527,C3D8,0.039247,0,0,0,0,0,0,0,0,0,0,0,0
8528,C3D8,0.0392463,0,0,0,0,0,0,0,0,0,0,0,0
8529,C3D8,0.0392454,0,0,0,0,0,0,0,0,0,0,0,0
8530,C3D8,0.0392443,0,0,0,0,0,0,0,0,0,0,0,0
8531,C3D8,0.0392431,0,0,0,0,0,0,0,0,0,0,0,0
8532,C3D8,0.0392419,0,0,0,0,0,0,0,0,0,0,0,0
8533,C3D8,0.0392404,0,0,0,0,0,0,0,0,0,0,0,0
8534,C3D8,0.0392387,0,0,0,0,0,0,0,0,0,0,0,0
8535,C3D8,0.0392369,0,0,0,0,0,0,0,0,0,0,0,0
8536,C3D8,0.039235,0,0,0,0,0,0,0,0,0,0,0,0
8537,C3D8,0.039233,0,0,0,0,0,0,0,0,0,0,0,0
8538,C3D8,0.0392307,0,0,0,0,0,0,0,0,0,0,0,0
8539,C3D8,0.0719191,0,0,0,0,0,0,0,0,0,0,0,0
8540,C3D8,0.0719198,0,0,0,0,0,0,0,0,0,0,0,0
8541,C3D8,0.0719214,0,0,0,0,0,0,0,0,0,0,0,0
8542,C3D8,0.0719236,0,0,0,0,0,0,0,0,0,0,0,0
8543,C3D8,0.0719268,0,0,0,0,0,0,0,0,0,0,0,0
8544,C3D8,0.0719305,0,0,0,0,0,0,0,0,0,0,0,0
8545,C3D8,0.0719349,0,0,0,0,0,0,0,0,0,0,0,0
8546,C3D8,0.0719404,0,0,0,0,0,0,0,0,0,0,0,0
8547,C3D8,0.0719463,0,0,0,0,0,0,0,0,0,0,0,0
8548,C3D8,0.0719532,0,0,0,0,0,0,0,0,0,0,0,0
8549,C3D8,0.0719606,0,0,0,0,0,0,0,0,0,0,0,0
8550,C3D8,0.0719689,0,0,0,0,0,0,0,0,0,0,0,0
8551,C3D8,0.0719781,0,0,0,0,0,0,0,0,0,0,0,0
8552,C3D8,0.0719878,0,0,0,0,0,0,0,0,0,0,0,0
8553,C3D8,0.0719985,0,0,0,0,0,0,0,0,0,0,0,0
8554,C3D8,0.0720097,0,0,0,0,0,0,0,0,0,0,0,0
8555,C3D8,0.0631488,0,0,0,0,0,0,0,0,0,0,0,0
8556,C3D8,0.063149,0,0,0,0,0,0,0,0,0,0,0,0
8557,C3D8,0.0631495,0,0,0,0,0,0,0,0,0,0,0,0
8558,C3D8,0.0631501,0,0,0,0,0,0,0,0,0,0,0,0
8559,C3D8,0.063151,0,0,0,0,0,0,0,0,0,0,0,0
8560,C3D8,0.0631521,0,0,0,0,0,0,0,0,0,0,0,0
8561,C3D8,0.0631535,0,0,0,0,0,0,0,0,0,0,0,0
8562,C3D8,0.0631551,0,0,0,0,0,0,0,0,0,0,0,0
8563,C3D8,0.0631569,0,0,0,0,0,0,0,0,0,0,0,0
8564,C3D8,0.0631589,0,0,0,0,0,0,0,0,0,0,0,0
8565,C3D8,0.063161,0,0,0,0,0,0,0,0,0,0,0,0
8566,C3D8,0.0631636,0,0,0,0,0,0,0,0,0,0,0,0
8567,C3D8,0.0631663,0,0,0,0,0,0,0,0,0,0,0,0
8568,C3D8,0.0631691,0,0,0,0,0,0,0,0,0,0,0,0
8569,C3D8,0.0631724,0,0,0,0,0,0,0,0,0,0,0,0
8570,C3D8,0.0631757,0,0,0,0,0,0,0,0,0,0,0,0
8571,C3D8,0.0543784,0,0,0,0,0,0,0,0,0,0,0,0
8572,C3D8,0.0543781,0,0,0,0,0,0,0,0,0,0,0,0
8573,C3D8,0.0543774,0,0,0,0,0,0,0,0,0,0,0,0
8574,C3D8,0.0543765,0,0,0,0,0,0,0,0,0,0,0,0
8575,C3D8,0.0543753,0,0,0,0,0,0,0,0,0,0,0,0
8576,C3D8,0.0543738,0,0,0,0,0,0,0,0,0,0,0,0
8577,C3D8,0.0543719,0,0,0,0,0,0,0,0,0,0,0,0
8578,C3D8,0.0543698,0,0,0,0,0,0,0,0,0,0,0,0
8579,C3D8,0.0543673,0,0,0,0,0,0,0,0,0,0,0,0
8580,C3D8,0.0543646,0,0,0,0,0,0,0,0,0,0,0,0
8581,C3D8,0.0543615,0,0,0,0,0,0,0,0,0,0,0,0
8582,C3D8,0.0543581,0,0,0,0,0,0,0,0,0,0,0,0
8583,C3D8,0.0543545,0,0,0,0,0,0,0,0,0,0,0,0
8584,C3D8,0.0543505,0,0,0,0,0,0,0,0,0,0,0,0
8585,C3D8,0.0543463,0,0,0,0,0,0,0,0,0,0,0,0
8586,C3D8,0.0543417,0,0,0,0,0,0,0,0,0,0,0,0
8587,C3D8,0.045608,0,0,0,0,0,0,0,0,0,0,0,0
8588,C3D8,0.0456072,0,0,0,0,0,0,0,0,0,0,0,0
8589,C3D8,0.0456055,0,0,0,0,0,0,0,0,0,0,0,0
8590,C3D8,0.045603,0,0,0,0,0,0,0,0,0,0,0,0
8591,C3D8,0.0455997,0,0,0,0,0,0,0,0,0,0,0,0
8592,C3D8,0.0455955,0,0,0,0,0,0,0,0,0,0,0,0
8593,C3D8,0.0455904,0,0,0,0,0,0,0,0,0,0,0,0
8594,C3D8,0.0455845,0,0,0,0,0,0,0,0,0,0,0,0
8595,C3D8,0.0455779,0,0,0,0,0,0,0,0,0,0,0,0
8596,C3D8,0.0455704,0,0,0,0,0,0,0,0,0,0,0,0
8597,C3D8,0.0455619,0,0,0,0,0,0,0,0,0,0,0,0
8598,C3D8,0.0455527,0,0,0,0,0,0,0,0,0,0,0,0
8599,C3D8,0.0455428,0,0,0,0,0,0,0,0,0,0,0,0
8600,C3D8,0.0455318,0,0,0,0,0,0,0,0,0,0,0,0
8601,C3D8,0.04552,0,0,0,0,0,0,0,0,0,0,0,0
8602,C3D8,0.0455076,0,0,0,0,0,0,0,0,0,0,0,0
8603,C3D8,0.184128,0,0,0,0,0,0,0,0,0,0,0,0
8604,C3D8,0.184797,0,0,0,0,0,0,0,0,0,0,0,0
8605,C3D8,0.186134,0,0,0,0,0,0,0,0,0,0,0,0
8606,C3D8,0.188136,0,0,0,0,0,0,0,0,0,0,0,0
8607,C3D8,0.190798,0,0,0,0,0,0,0,0,0,0,0,0
8608,C3D8,0.194116,0,0,0,0,0,0,0,0,0,0,0,0
8609,C3D8,0.198083,0,0,0,0,0,0,0,0,0,0,0,0
8610,C3D8,0.20269,0,0,0,0,0,0,0,0,0,0,0,0
8611,C3D8,0.207928,0,0,0,0,0,0,0,0,0,0,0,0
8612,C3D8,0.213786,0,0,0,0,0,0,0,0,0,0,0,0
8613,C3D8,0.220252,0,0,0,0,0,0,0,0,0,0,0,0
8614,C3D8,0.227313,0,0,0,0,0,0,0,0,0,0,0,0
8615,C3D8,0.234954,0,0,0,0,0,0,0,0,0,0,0,0
8616,C3D8,0.243159,0,0,0,0,0,0,0,0,0,0,0,0
8617,C3D8,0.251912,0,0,0,0,0,0,0,0,0,0,0,0
8618,C3D8,0.261194,0,0,0,0,0,0,0,0,0,0,0,0
8619,C3D8,0.177225,0,0,0,0,0,0,0,0,0,0,0,0
8620,C3D8,0.177902,0,0,0,0,0,0,0,0,0,0,0,0
8621,C3D8,0.179254,0,0,0,0,0,0,0,0,0,0,0,0
8622,C3D8,0.181279,0,0,0,0,0,0,0,0,0,0,0,0
8623,C3D8,0.183971,0,0,0,0,0,0,0,0,0,0,0,0
8624,C3D8,0.187324,0,0,0,0,0,0,0,0,0,0,0,0
8625,C3D8,0.19133,0,0,0,0,0,0,0,0,0,0,0,0
8626,C3D8,0.195979,0,0,0,0,0,0,0,0,0,0,0,0
8627,C3D8,0.201262,0,0,0,0,0,0,0,0,0,0,0,0
8628,C3D8,0.207164,0,0,0,0,0,0,0,0,0,0,0,0
8629,C3D8,0.213672,0,0,0,0,0,0,0,0,0,0,0,0
8630,C3D8,0.220771,0,0,0,0,0,0,0,0,0,0,0,0
8631,C3D8,0.228444,0,0,0,0,0,0,0,0,0,0,0,0
8632,C3D8,0.236672,0,0,0,0,0,0,0,0,0,0,0,0
8633,C3D8,0.245436,0,0,0,0,0,0,0,0,0,0,0,0
8634,C3D8,0.254716,0,0,0,0,0,0,0,0,0,0,0,0
8635,C3D8,0.170322,0,0,0,0,0,0,0,0,0,0,0,0
8636,C3D8,0.171006,0,0,0,0,0,0,0,0,0,0,0,0
8637,C3D8,0.172374,0,0,0,0,0,0,0,0,0,0,0,0
8638,C3D8,0.174422,0,0,0,0,0,0,0,0,0,0,0,0
8639,C3D8,0.177143,0,0,0,0,0,0,0,0,0,0,0,0
8640,C3D8,0.180531,0,0,0,0,0,0,0,0,0,0,0,0
8641,C3D8,0.184577,0,0,0,0,0,0,0,0,0,0,0,0
8642,C3D8,0.189269,0,0,0,0,0,0,0,0,0,0,0,0
8643,C3D8,0.194596,0,0,0,0,0,0,0,0,0,0,0,0
8644,C3D8,0.200542,0,0,0,0,0,0,0,0,0,0,0,0
8645,C3D8,0.207093,0,0,0,0,0,0,0,0,0,0,0,0
8646,C3D8,0.21423,0,0,0,0,0,0,0,0,0,0,0,0
8647,C3D8,0.221934,0,0,0,0,0,0,0,0,0,0,0,0
8648,C3D8,0.230186,0,0,0,0,0,0,0,0,0,0,0,0
8649,C3D8,0.238961,0,0,0,0,0,0,0,0,0,0,0,0
8650,C3D8,0.248238,0,0,0,0,0,0,0,0,0,0,0,0
8651,C3D8,0.163418,0,0,0,0,0,0,0,0,0,0,0,0
8652,C3D8,0.164111,0,0,0,0,0,0,0,0,0,0,0,0
8653,C3D8,0.165495,0,0,0,0,0,0,0,0,0,0,0,0
8654,C3D8,0.167565,0,0,0,0,0,0,0,0,0,0,0,0
8655,C3D8,0.170315,0,0,0,0,0,0,0,0,0,0,0,0
8656,C3D8,0.173738,0,0,0,0,0,0,0,0,0,0,0,0
8657,C3D8,0.177823,0,0,0,0,0,0,0,0,0,0,0,0
8658,C3D8,0.182558,0,0,0,0,0,0,0,0,0,0,0,0
8659,C3D8,0.187929,0,0,0,0,0,0,0,0,0,0,0,0
8660,C3D8,0.19392,0,0,0,0,0,0,0,0,0,0,0,0
8661,C3D8,0.200513,0,0,0,0,0,0,0,0,0,0,0,0
8662,C3D8,0.207689,0,0,0,0,0,0,0,0,0,0,0,0
8663,C3D8,0.215425,0,0,0,0,0,0,0,0,0,0,0,0
8664,C3D8,0.223699,0,0,0,0,0,0,0,0,0,0,0,0
8665,C3D8,0.232486,0,0,0,0,0,0,0,0,0,0,0,0
8666,C3D8,0.241759,0,0,0,0,0,0,0,0,0,0,0,0
8667,C3D8,0.156515,0,0,0,0,0,0,0,0,0,0,0,0
8668,C3D8,0.157216,0,0,0,0,0,0,0,0,0,0,0,0
8669,C3D8,0.158615,0,0,0,0,0,0,0,0,0,0,0,0
8670,C3D8,0.160708,0,0,0,0,0,0,0,0,0,0,0,0
8671,C3D8,0.163488,0,0,0,0,0,0,0,0,0,0,0,0
8672,C3D8,0.166946,0,0,0,0,0,0,0,0,0,0,0,0
8673,C3D8,0.17107,0,0,0,0,0,0,0,0,0,0,0,0
8674,C3D8,0.175848,0,0,0,0,0,0,0,0,0,0,0,0
8675,C3D8,0.181263,0,0,0,0,0,0,0,0,0,0,0,0
8676,C3D8,0.187298,0,0,0,0,0,0,0,0,0,0,0,0
8677,C3D8,0.193934,0,0,0,0,0,0,0,0,0,0,0,0
8678,C3D8,0.201147,0,0,0,0,0,0,0,0,0,0,0,0
8679,C3D8,0.208915,0,0,0,0,0,0,0,0,0,0,0,0
8680,C3D8,0.217212,0,0,0,0,0,0,0,0,0,0,0,0
8681,C3D8,0.22601,0,0,0,0,0,0,0,0,0,0,0,0
8682,C3D8,0.235281,0,0,0,0,0,0,0,0,0,0,0,0
8683,C3D8,0.149612,0,0,0,0,0,0,0,0,0,0,0,0
8684,C3D8,0.15032,0,0,0,0,0,0,0,0,0,0,0,0
8685,C3D8,0.151735,0,0,0,0,0,0,0,0,0,0,0,0
8686,C3D8,0.153851,0,0,0,0,0,0,0,0,0,0,0,0
8687,C3D8,0.15666,0,0,0,0,0,0,0,0,0,0,0,0
8688,C3D8,0.160153,0,0,0,0,0,0,0,0,0,0,0,0
8689,C3D8,0.164317,0,0,0,0,0,0,0,0,0,0,0,0
8690,C3D8,0.169137,0,0,0,0,0,0,0,0,0,0,0,0
8691,C3D8,0.174597,0,0,0,0,0,0,0,0,0,0,0,0
8692,C3D8,0.180677,0,0,0,0,0,0,0,0,0,0,0,0
8693,C3D8,0.187354,0,0,0,0,0,0,0,0,0,0,0,0
8694,C3D8,0.194606,0,0,0,0,0,0,0,0,0,0,0,0
8695,C3D8,0.202406,0,0,0,0,0,0,0,0,0,0,0,0
8696,C3D8,0.210725,0,0,0,0,0,0,0,0,0,0,0,0
8697,C3D8,0.219535,0,0,0,0,0,0,0,0,0,0,0,0
8698,C3D8,0.228802,0,0,0,0,0,0,0,0,0,0,0,0
8699,C3D8,0.142709,0,0,0,0,0,0,0,0,0,0,0,0
8700,C3D8,0.143425,0,0,0,0,0,0,0,0,0,0,0,0
8701,C3D8,0.144855,0,0,0,0,0,0,0,0,0,0,0,0
8702,C3D8,0.146994,0,0,0,0,0,0,0,0,0,0,0,0
8703,C3D8,0.149832,0,0,0,0,0,0,0,0,0,0,0,0
8704,C3D8,0.15336,0,0,0,0,0,0,0,0,0,0,0,0
8705,C3D8,0.157564,0,0,0,0,0,0,0,0,0,0,0,0
8706,C3D8,0.162427,0,0,0,0,0,0,0,0,0,0,0,0
8707,C3D8,0.167931,0,0,0,0,0,0,0,0,0,0,0,0
8708,C3D8,0.174055,0,0,0,0,0,0,0,0,0,0,0,0
8709,C3D8,0.180775,0,0,0,0,0,0,0,0,0,0,0,0
8710,C3D8,0.188064,0,0,0,0,0,0,0,0,0,0,0,0
8711,C3D8,0.195896,0,0,0,0,0,0,0,0,0,0,0,0
8712,C3D8,0.204239,0,0,0,0,0,0,0,0,0,0,0,0
8713,C3D8,0.21306,0,0,0,0,0,0,0,0,0,0,0,0
8714,C3D8,0.222324,0,0,0,0,0,0,0,0,0,0,0,0
8715,C3D8,0.135805,0,0,0,0,0,0,0,0,0,0,0,0
8716,C3D8,0.13653,0,0,0,0,0,0,0,0,0,0,0,0
8717,C3D8,0.137976,0,0,0,0,0,0,0,0,0,0,0,0
8718,C3D8,0.140137,0,0,0,0,0,0,0,0,0,0,0,0
8719,C3D8,0.143005,0,0,0,0,0,0,0,0,0,0,0,0
8720,C3D8,0.146567,0,0,0,0,0,0,0,0,0,0,0,0
8721,C3D8,0.15081,0,0,0,0,0,0,0,0,0,0,0,0
8722,C3D8,0.155716,0,0,0,0,0,0,0,0,0,0,0,0
8723,C3D8,0.161265,0,0,0,0,0,0,0,0,0,0,0,0
8724,C3D8,0.167433,0,0,0,0,0,0,0,0,0,0,0,0
8725,C3D8,0.174195,0,0,0,0,0,0,0,0,0,0,0,0
8726,C3D8,0.181523,0,0,0,0,0,0,0,0,0,0,0,0
8727,C3D8,0.189386,0,0,0,0,0,0,0,0,0,0,0,0
8728,C3D8,0.197752,0,0,0,0,0,0,0,0,0,0,0,0
8729,C3D8,0.206584,0,0,0,0,0,0,0,0,0,0,0,0
8730,C3D8,0.215846,0,0,0,0,0,0,0,0,0,0,0,0
8731,C3D8,0.128902,0,0,0,0,0,0,0,0,0,0,0,0
8732,C3D8,0.129635,0,0,0,0,0,0,0,0,0,0,0,0
8733,C3D8,0.131096,0,0,0,0,0,0,0,0,0,0,0,0
8734,C3D8,0.13328,0,0,0,0,0,0,0,0,0,0,0,0
8735,C3D8,0.136177,0,0,0,0,0,0,0,0,0,0,0,0
8736,C3D8,0.139775,0,0,0,0,0,0,0,0,0,0,0,0
8737,C3D8,0.144057,0,0,0,0,0,0,0,0,0,0,0,0
8738,C3D8,0.149006,0,0,0,0,0,0,0,0,0,0,0,0
8739,C3D8,0.154598,0,0,0,0,0,0,0,0,0,0,0,0
8740,C3D8,0.160811,0,0,0,0,0,0,0,0,0,0,0,0
8741,C3D8,0.167615,0,0,0,0,0,0,0,0,0,0,0,0
8742,C3D8,0.174982,0,0,0,0,0,0,0,0,0,0,0,0
8743,C3D8,0.182877,0,0,0,0,0,0,0,0,0,0,0,0
8744,C3D8,0.191265,0,0,0,0,0,0,0,0,0,0,0,0
8745,C3D8,0.200109,0,0,0,0,0,0,0,0,0,0,0,0
8746,C3D8,0.209367,0,0,0,0,0,0,0,0,0,0,0,0
8747,C3D8,0.121999,0,0,0,0,0,0,0,0,0,0,0,0
8748,C3D8,0.122739,0,0,0,0,0,0,0,0,0,0,0,0
8749,C3D8,0.124216,0,0,0,0,0,0,0,0,0,0,0,0
8750,C3D8,0.126423,0,0,0,0,0,0,0,0,0,0,0,0
8751,C3D8,0.129349,0,0,0,0,0,0,0,0,0,0,0,0
8752,C3D8,0.132982,0,0,0,0,0,0,0,0,0,0,0,0
8753,C3D8,0.137304,0,0,0,0,0,0,0,0,0,0,0,0
8754,C3D8,0.142295,0,0,0,0,0,0,0,0,0,0,0,0
8755,C3D8,0.147932,0,0,0,0,0,0,0,0,0,0,0,0
8756,C3D8,0.154189,0,0,0,0,0,0,0,0,0,0,0,0
8757,C3D8,0.161036,0,0,0,0,0,0,0,0,0,0,0,0
8758,C3D8,0.16844,0,0,0,0,0,0,0,0,0,0,0,0
8759,C3D8,0.176367,0,0,0,0,0,0,0,0,0,0,0,0
8760,C3D8,0.184778,0,0,0,0,0,0,0,0,0,0,0,0
8761,C3D8,0.193633,0,0,0,0,0,0,0,0,0,0,0,0
8762,C3D8,0.202889,0,0,0,0,0,0,0,0,0,0,0,0
8763,C3D8,0.115096,0,0,0,0,0,0,0,0,0,0,0,0
8764,C3D8,0.115844,0,0,0,0,0,0,0,0,0,0,0,0
8765,C3D8,0.117336,0,0,0,0,0,0,0,0,0,0,0,0
8766,C3D8,0.119566,0,0,0,0,0,0,0,0,0,0,0,0
8767,C3D8,0.122522,0,0,0,0,0,0,0,0,0,0,0,0
8768,C3D8,0.126189,0,0,0,0,0,0,0,0,0,0,0,0
8769,C3D8,0.130551,0,0,0,0,0,0,0,0,0,0,0,0
8770,C3D8,0.135585,0,0,0,0,0,0,0,0,0,0,0,0
8771,C3D8,0.141266,0,0,0,0,0,0,0,0,0,0,0,0
8772,C3D8,0.147567,0,0,0,0,0,0,0,0,0,0,0,0
8773,C3D8,0.154456,0,0,0,0,0,0,0,0,0,0,0,0
8774,C3D8,0.161899,0,0,0,0,0,0,0,0,0,0,0,0
8775,C3D8,0.169858,0,0,0,0,0,0,0,0,0,0,0,0
8776,C3D8,0.178292,0,0,0,0,0,0,0,0,0,0,0,0
8777,C3D8,0.187158,0,0,0,0,0,0,0,0,0,0,0,0
8778,C3D8,0.19641,0,0,0,0,0,0,0,0,0,0,0,0
8779,C3D8,0.108193,0,0,0,0,0,0,0,0,0,0,0,0
8780,C3D8,0.108949,0,0,0,0,0,0,0,0,0,0,0,0
8781,C3D8,0.110456,0,0,0,0,0,0,0,0,0,0,0,0
8782,C3D8,0.112709,0,0,0,0,0,0,0,0,0,0,0,0
8783,C3D8,0.115694,0,0,0,0,0,0,0,0,0,0,0,0
8784,C3D8,0.119397,0,0,0,0,0,0,0,0,0,0,0,0
8785,C3D8,0.123797,0,0,0,0,0,0,0,0,0,0,0,0
8786,C3D8,0.128874,0,0,0,0,0,0,0,0,0,0,0,0
8787,C3D8,0.1346,0,0,0,0,0,0,0,0,0,0,0,0
8788,C3D8,0.140945,0,0,0,0,0,0,0,0,0,0,0,0
8789,C3D8,0.147877,0,0,0,0,0,0,0,0,0,0,0,0
8790,C3D8,0.155358,0,0,0,0,0,0,0,0,0,0,0,0
8791,C3D8,0.163348,0,0,0,0,0,0,0,0,0,0,0,0
8792,C3D8,0.171805,0,0,0,0,0,0,0,0,0,0,0,0
8793,C3D8,0.180683,0,0,0,0,0,0,0,0,0,0,0,0
8794,C3D8,0.189932,0,0,0,0,0,0,0,0,0,0,0,0
8795,C3D8,0.0721456,0,0,0,0,0,0,0,0,0,0,0,0
8796,C3D8,0.0721457,0,0,0,0,0,0,0,0,0,0,0,0
8797,C3D8,0.0721458,0,0,0,0,0,0,0,0,0,0,0,0
8798,C3D8,0.0721461,0,0,0,0,0,0,0,0,0,0,0,0
8799,C3D8,0.0721463,0,0,0,0,0,0,0,0,0,0,0,0
8800,C3D8,0.0721467,0,0,0,0,0,0,0,0,0,0,0,0
8801,C3D8,0.072147,0,0,0,0,0,0,0,0,0,0,0,0
8802,C3D8,0.0721476,0,0,0,0,0,0,0,0,0,0,0,0
8803,C3D8,0.0721481,0,0,0,0,0,0,0,0,0,0,0,0
8804,C3D8,0.0721488,0,0,0,0,0,0,0,0,0,0,0,0
8805,C3D8,0.0721495,0,0,0,0,0,0,0,0,0,0,0,0
8806,C3D8,0.0721502,0,0,0,0,0,0,0,0,0,0,0,0
8807,C3D8,0.0721511,0,0,0,0,0,0,0,0,0,0,0,0
8808,C3D8,0.0721521,0,0,0,0,0,0,0,0,0,0,0,0
8809,C3D8,0.0721531,0,0,0,0,0,0,0,0,0,0,0,0
8810,C3D8,0.0721542,0,0,0,0,0,0,0,0,0,0,0,0
8811,C3D8,0.0699524,0,0,0,0,0,0,0,0,0,0,0,0
8812,C3D8,0.0699524,0,0,0,0,0,0,0,0,0,0,0,0
8813,C3D8,0.0699526,0,0,0,0,0,0,0,0,0,0,0,0
8814,C3D8,0.0699527,0,0,0,0,0,0,0,0,0,0,0,0
8815,C3D8,0.0699529,0,0,0,0,0,0,0,0,0,0,0,0
8816,C3D8,0.0699532,0,0,0,0,0,0,0,0,0,0,0,0
8817,C3D8,0.0699535,0,0,0,0,0,0,0,0,0,0,0,0
8818,C3D8,0.0699538,0,0,0,0,0,0,0,0,0,0,0,0
8819,C3D8,0.0699542,0,0,0,0,0,0,0,0,0,0,0,0
8820,C3D8,0.0699547,0,0,0,0,0,0,0,0,0,0,0,0
8821,C3D8,0.0699551,0,0,0,0,0,0,0,0,0,0,0,0
8822,C3D8,0.0699558,0,0,0,0,0,0,0,0,0,0,0,0
8823,C3D8,0.0699564,0,0,0,0,0,0,0,0,0,0,0,0
8824,C3D8,0.069957,0,0,0,0,0,0,0,0,0,0,0,0
8825,C3D8,0.0699577,0,0,0,0,0,0,0,0,0,0,0,0
8826,C3D8,0.0699585,0,0,0,0,0,0,0,0,0,0,0,0
8827,C3D8,0.0677592,0,0,0,0,0,0,0,0,0,0,0,0
8828,C3D8,0.0677593,0,0,0,0,0,0,0,0,0,0,0,0
8829,C3D8,0.0677594,0,0,0,0,0,0,0,0,0,0,0,0
8830,C3D8,0.0677594,0,0,0,0,0,0,0,0,0,0,0,0
8831,C3D8,0.0677595,0,0,0,0,0,0,0,0,0,0,0,0
8832,C3D8,0.0677597,0,0,0,0,0,0,0,0,0,0,0,0
8833,C3D8,0.0677598,0,0,0,0,0,0,0,0,0,0,0,0
8834,C3D8,0.06776,0,0,0,0,0,0,0,0,0,0,0,0
8835,C3D8,0.0677603,0,0,0,0,0,0,0,0,0,0,0,0
8836,C3D8,0.0677606,0,0,0,0,0,0,0,0,0,0,0,0
8837,C3D8,0.0677609,0,0,0,0,0,0,0,0,0,0,0,0
8838,C3D8,0.0677612,0,0,0,0,0,0,0,0,0,0,0,0
8839,C3D8,0.0677616,0,0,0,0,0,0,0,0,0,0,0,0
8840,C3D8,0.067762,0,0,0,0,0,0,0,0,0,0,0,0
8841,C3D8,0.0677624,0,0,0,0,0,0,0,0,0,0,0,0
8842,C3D8,0.0677628,0,0,0,0,0,0,0,0,0,0,0,0
8843,C3D8,0.065566,0,0,0,0,0,0,0,0,0,0,0,0
8844,C3D8,0.065566,0,0,0,0,0,0,0,0,0,0,0,0
8845,C3D8,0.0655661,0,0,0,0,0,0,0,0,0,0,0,0
8846,C3D8,0.0655661,0,0,0,0,0,0,0,0,0,0,0,0
8847,C3D8,0.0655662,0,0,0,0,0,0,0,0,0,0,0,0
8848,C3D8,0.0655662,0,0,0,0,0,0,0,0,0,0,0,0
8849,C3D8,0.0655662,0,0,0,0,0,0,0,0,0,0,0,0
8850,C3D8,0.0655664,0,0,0,0,0,0,0,0,0,0,0,0
8851,C3D8,0.0655664,0,0,0,0,0,0,0,0,0,0,0,0
8852,C3D8,0.0655664,0,0,0,0,0,0,0,0,0,0,0,0
8853,C3D8,0.0655666,0,0,0,0,0,0,0,0,0,0,0,0
8854,C3D8,0.0655667,0,0,0,0,0,0,0,0,0,0,0,0
8855,C3D8,0.0655669,0,0,0,0,0,0,0,0,0,0,0,0
8856,C3D8,0.0655669,0,0,0,0,0,0,0,0,0,0,0,0
8857,C3D8,0.065567,0,0,0,0,0,0,0,0,0,0,0,0
8858,C3D8,0.0655672,0,0,0,0,0,0,0,0,0,0,0,0
8859,C3D8,0.0633729,0,0,0,0,0,0,0,0,0,0,0,0
8860,C3D8,0.0633728,0,0,0,0,0,0,0,0,0,0,0,0
8861,C3D8,0.0633728,0,0,0,0,0,0,0,0,0,0,0,0
8862,C3D8,0.0633728,0,0,0,0,0,0,0,0,0,0,0,0
8863,C3D8,0.0633728,0,0,0,0,0,0,0,0,0,0,0,0
8864,C3D8,0.0633727,0,0,0,0,0,0,0,0,0,0,0,0
8865,C3D8,0.0633727,0,0,0,0,0,0,0,0,0,0,0,0
8866,C3D8,0.0633725,0,0,0,0,0,0,0,0,0,0,0,0
8867,C3D8,0.0633725,0,0,0,0,0,0,0,0,0,0,0,0
8868,C3D8,0.0633724,0,0,0,0,0,0,0,0,0,0,0,0
8869,C3D8,0.0633723,0,0,0,0,0,0,0,0,0,0,0,0
8870,C3D8,0.0633721,0,0,0,0,0,0,0,0,0,0,0,0
8871,C3D8,0.0633719,0,0,0,0,0,0,0,0,0,0,0,0
8872,C3D8,0.0633719,0,0,0,0,0,0,0,0,0,0,0,0
8873,C3D8,0.0633717,0,0,0,0,0,0,0,0,0,0,0,0
8874,C3D8,0.0633716,0,0,0,0,0,0,0,0,0,0,0,0
8875,C3D8,0.0611797,0,0,0,0,0,0,0,0,0,0,0,0
8876,C3D8,0.0611797,0,0,0,0,0,0,0,0,0,0,0,0
8877,C3D8,0.0611796,0,0,0,0,0,0,0,0,0,0,0,0
8878,C3D8,0.0611795,0,0,0,0,0,0,0,0,0,0,0,0
8879,C3D8,0.0611794,0,0,0,0,0,0,0,0,0,0,0,0
8880,C3D8,0.0611792,0,0,0,0,0,0,0,0,0,0,0,0
8881,C3D8,0.0611791,0,0,0,0,0,0,0,0,0,0,0,0
8882,C3D8,0.0611788,0,0,0,0,0,0,0,0,0,0,0,0
8883,C3D8,0.0611786,0,0,0,0,0,0,0,0,0,0,0,0
8884,C3D8,0.0611783,0,0,0,0,0,0,0,0,0,0,0,0
8885,C3D8,0.061178,0,0,0,0,0,0,0,0,0,0,0,0
8886,C3D8,0.0611776,0,0,0,0,0,0,0,0,0,0,0,0
8887,C3D8,0.0611772,0,0,0,0,0,0,0,0,0,0,0,0
8888,C3D8,0.0611769,0,0,0,0,0,0,0,0,0,0,0,0
8889,C3D8,0.0611764,0,0,0,0,0,0,0,0,0,0,0,0
8890,C3D8,0.061176,0,0,0,0,0,0,0,0,0,0,0,0
8891,C3D8,0.0589865,0,0,0,0,0,0,0,0,0,0,0,0
8892,C3D8,0.0589864,0,0,0,0,0,0,0,0,0,0,0,0
8893,C3D8,0.0589863,0,0,0,0,0,0,0,0,0,0,0,0
8894,C3D8,0.0589862,0,0,0,0,0,0,0,0,0,0,0,0
8895,C3D8,0.058986,0,0,0,0,0,0,0,0,0,0,0,0
8896,C3D8,0.0589857,0,0,0,0,0,0,0,0,0,0,0,0
8897,C3D8,0.0589854,0,0,0,0,0,0,0,0,0,0,0,0
8898,C3D8,0.0589851,0,0,0,0,0,0,0,0,0,0,0,0
8899,C3D8,0.0589847,0,0,0,0,0,0,0,0,0,0,0,0
8900,C3D8,0.0589842,0,0,0,0,0,0,0,0,0,0,0,0
8901,C3D8,0.0589838,0,0,0,0,0,0,0,0,0,0,0,0
8902,C3D8,0.0589831,0,0,0,0,0,0,0,0,0,0,0,0
8903,C3D8,0.0589824,0,0,0,0,0,0,0,0,0,0,0,0
8904,C3D8,0.0589818,0,0,0,0,0,0,0,0,0,0,0,0
8905,C3D8,0.0589811,0,0,0,0,0,0,0,0,0,0,0,0
8906,C3D8,0.0589803,0,0,0,0,0,0,0,0,0,0,0,0
8907,C3D8,0.0567933,0,0,0,0,0,0,0,0,0,0,0,0
8908,C3D8,0.0567933,0,0,0,0,0,0,0,0,0,0,0,0
8909,C3D8,0.0567932,0,0,0,0,0,0,0,0,0,0,0,0
8910,C3D8,0.0567929,0,0,0,0,0,0,0,0,0,0,0,0
8911,C3D8,0.0567926,0,0,0,0,0,0,0,0,0,0,0,0
8912,C3D8,0.0567923,0,0,0,0,0,0,0,0,0,0,0,0
8913,C3D8,0.0567918,0,0,0,0,0,0,0,0,0,0,0,0
8914,C3D8,0.0567913,0,0,0,0,0,0,0,0,0,0,0,0
8915,C3D8,0.0567907,0,0,0,0,0,0,0,0,0,0,0,0
8916,C3D8,0.0567901,0,0,0,0,0,0,0,0,0,0,0,0
8917,C3D8,0.0567894,0,0,0,0,0,0,0,0,0,0,0,0
8918,C3D8,0.0567886,0,0,0,0,0,0,0,0,0,0,0,0
8919,C3D8,0.0567877,0,0,0,0,0,0,0,0,0,0,0,0
8920,C3D8,0.0567868,0,0,0,0,0,0,0,0,0,0,0,0
8921,C3D8,0.0567858,0,0,0,0,0,0,0,0,0,0,0,0
8922,C3D8,0.0567848,0,0,0,0,0,0,0,0,0,0,0,0
8923,C3D8,0.0546003,0,0,0,0,0,0,0,0,0,0,0,0
8924,C3D8,0.0546005,0,0,0,0,0,0,0,0,0,0,0,0
8925,C3D8,0.0546007,0,0,0,0,0,0,0,0,0,0,0,0
8926,C3D8,0.0546011,0,0,0,0,0,0,0,0,0,0,0,0
8927,C3D8,0.0546017,0,0,0,0,0,0,0,0,0,0,0,0
8928,C3D8,0.0546024,0,0,0,0,0,0,0,0,0,0,0,0
8929,C3D8,0.0546033,0,0,0,0,0,0,0,0,0,0,0,0
8930,C3D8,0.0546043,0,0,0,0,0,0,0,0,0,0,0,0
8931,C3D8,0.0546054,0,0,0,0,0,0,0,0,0,0,0,0
8932,C3D8,0.0546067,0,0,0,0,0,0,0,0,0,0,0,0
8933,C3D8,0.0546081,0,0,0,0,0,0,0,0,0,0,0,0
8934,C3D8,0.0546097,0,0,0,0,0,0,0,0,0,0,0,0
8935,C3D8,0.0546115,0,0,0,0,0,0,0,0,0,0,0,0
8936,C3D8,0.0546133,0,0,0,0,0,0,0,0,0,0,0,0
8937,C3D8,0.0546153,0,0,0,0,0,0,0,0,0,0,0,0
8938,C3D8,0.0546175,0,0,0,0,0,0,0,0,0,0,0,0
8939,C3D8,0.0524072,0,0,0,0,0,0,0,0,0,0,0,0
8940,C3D8,0.0524072,0,0,0,0,0,0,0,0,0,0,0,0
8941,C3D8,0.0524074,0,0,0,0,0,0,0,0,0,0,0,0
8942,C3D8,0.0524078,0,0,0,0,0,0,0,0,0,0,0,0
8943,C3D8,0.0524082,0,0,0,0,0,0,0,0,0,0,0,0
8944,C3D8,0.0524086,0,0,0,0,0,0,0,0,0,0,0,0
8945,C3D8,0.0524092,0,0,0,0,0,0,0,0,0,0,0,0
8946,C3D8,0.0524099,0,0,0,0,0,0,0,0,0,0,0,0
8947,C3D8,0.0524108,0,0,0,0,0,0,0,0,0,0,0,0
8948,C3D8,0.0524118,0,0,0,0,0,0,0,0,0,0,0,0
8949,C3D8,0.0524128,0,0,0,0,0,0,0,0,0,0,0,0
8950,C3D8,0.0524139,0,0,0,0,0,0,0,0,0,0,0,0
8951,C3D8,0.0524151,0,0,0,0,0,0,0,0,0,0,0,0
8952,C3D8,0.0524164,0,0,0,0,0,0,0,0,0,0,0,0
8953,C3D8,0.0524179,0,0,0,0,0,0,0,0,0,0,0,0
8954,C3D8,0.0524194,0,0,0,0,0,0,0,0,0,0,0,0
8955,C3D8,0.050214,0,0,0,0,0,0,0,0,0,0,0,0
8956,C3D8,0.0502141,0,0,0,0,0,0,0,0,0,0,0,0
8957,C3D8,0.0502143,0,0,0,0,0,0,0,0,0,0,0,0
8958,C3D8,0.0502144,0,0,0,0,0,0,0,0,0,0,0,0
8959,C3D8,0.0502146,0,0,0,0,0,0,0,0,0,0,0,0
8960,C3D8,0.050215,0,0,0,0,0,0,0,0,0,0,0,0
8961,C3D8,0.0502154,0,0,0,0,0,0,0,0,0,0,0,0
8962,C3D8,0.0502158,0,0,0,0,0,0,0,0,0,0,0,0
8963,C3D8,0.0502163,0,0,0,0,0,0,0,0,0,0,0,0
8964,C3D8,0.0502168,0,0,0,0,0,0,0,0,0,0,0,0
8965,C3D8,0.0502174,0,0,0,0,0,0,0,0,0,0,0,0
8966,C3D8,0.050218,0,0,0,0,0,0,0,0,0,0,0,0
8967,C3D8,0.0502187,0,0,0,0,0,0,0,0,0,0,0,0
8968,C3D8,0.0502195,0,0,0,0,0,0,0,0,0,0,0,0
8969,C3D8,0.0502204,0,0,0,0,0,0,0,0,0,0,0,0
8970,C3D8,0.0502213,0,0,0,0,0,0,0,0,0,0,0,0
8971,C3D8,0.048021,0,0,0,0,0,0,0,0,0,0,0,0
8972,C3D8,0.048021,0,0,0,0,0,0,0,0,0,0,0,0
8973,C3D8,0.048021,0,0,0,0,0,0,0,0,0,0,0,0
8974,C3D8,0.0480211,0,0,0,0,0,0,0,0,0,0,0,0
8975,C3D8,0.0480211,0,0,0,0,0,0,0,0,0,0,0,0
8976,C3D8,0.0480212,0,0,0,0,0,0,0,0,0,0,0,0
8977,C3D8,0.0480213,0,0,0,0,0,0,0,0,0,0,0,0
8978,C3D8,0.0480214,0,0,0,0,0,0,0,0,0,0,0,0
8979,C3D8,0.0480216,0,0,0,0,0,0,0,0,0,0,0,0
8980,C3D8,0.0480217,0,0,0,0,0,0,0,0,0,0,0,0
8981,C3D8,0.048022,0,0,0,0,0,0,0,0,0,0,0,0
8982,C3D8,0.0480222,0,0,0,0,0,0,0,0,0,0,0,0
8983,C3D8,0.0480224,0,0,0,0,0,0,0,0,0,0,0,0
8984,C3D8,0.0480227,0,0,0,0,0,0,0,0,0,0,0,0
8985,C3D8,0.0480229,0,0,0,0,0,0,0,0,0,0,0,0
8986,C3D8,0.0480231,0,0,0,0,0,0,0,0,0,0,0,0
8987,C3D8,0.0458278,0,0,0,0,0,0,0,0,0,0,0,0
8988,C3D8,0.0458278,0,0,0,0,0,0,0,0,0,0,0,0
8989,C3D8,0.0458278,0,0,0,0,0,0,0,0,0,0,0,0
8990,C3D8,0.0458277,0,0,0,0,0,0,0,0,0,0,0,0
8991,C3D8,0.0458276,0,0,0,0,0,0,0,0,0,0,0,0
8992,C3D8,0.0458275,0,0,0,0,0,0,0,0,0,0,0,0
8993,C3D8,0.0458274,0,0,0,0,0,0,0,0,0,0,0,0
8994,C3D8,0.0458272,0,0,0,0,0,0,0,0,0,0,0,0
8995,C3D8,0.0458271,0,0,0,0,0,0,0,0,0,0,0,0
8996,C3D8,0.0458268,0,0,0,0,0,0,0,0,0,0,0,0
8997,C3D8,0.0458265,0,0,0,0,0,0,0,0,0,0,0,0
8998,C3D8,0.0458263,0,0,0,0,0,0,0,0,0,0,0,0
8999,C3D8,0.045826,0,0,0,0,0,0,0,0,0,0,0,0
9000,C3D8,0.0458258,0,0,0,0,0,0,0,0,0,0,0,0
9001,C3D8,0.0458254,0,0,0,0,0,0,0,0,0,0,0,0
9002,C3D8,0.0458251,0,0,0,0,0,0,0,0,0,0,0,0
9003,C3D8,0.0436348,0,0,0,0,0,0,0,0,0,0,0,0
9004,C3D8,0.0436347,0,0,0,0,0,0,0,0,0,0,0,0
9005,C3D8,0.0436345,0,0,0,0,0,0,0,0,0,0,0,0
9006,C3D8,0.0436343,0,0,0,0,0,0,0,0,0,0,0,0
9007,C3D8,0.0436341,0,0,0,0,0,0,0,0,0,0,0,0
9008,C3D8,0.0436337,0,0,0,0,0,0,0,0,0,0,0,0
9009,C3D8,0.0436333,0,0,0,0,0,0,0,0,0,0,0,0
9010,C3D8,0.0436329,0,0,0,0,0,0,0,0,0,0,0,0
9011,C3D8,0.0436324,0,0,0,0,0,0,0,0,0,0,0,0
9012,C3D8,0.0436318,0,0,0,0,0,0,0,0,0,0,0,0
9013,C3D8,0.0436311,0,0,0,0,0,0,0,0,0,0,0,0
9014,C3D8,0.0436305,0,0,0,0,0,0,0,0,0,0,0,0
9015,C3D8,0.0436297,0,0,0,0,0,0,0,0,0,0,0,0
9016,C3D8,0.0436289,0,0,0,0,0,0,0,0,0,0,0,0
9017,C3D8,0.0436279,0,0,0,0,0,0,0,0,0,0,0,0
9018,C3D8,0.043627,0,0,0,0,0,0,0,0,0,0,0,0
9019,C3D8,0.0414416,0,0,0,0,0,0,0,0,0,0,0,0
9020,C3D8,0.0414415,0,0,0,0,0,0,0,0,0,0,0,0
9021,C3D8,0.0414413,0,0,0,0,0,0,0,0,0,0,0,0
9022,C3D8,0.041441,0,0,0,0,0,0,0,0,0,0,0,0
9023,C3D8,0.0414406,0,0,0,0,0,0,0,0,0,0,0,0
9024,C3D8,0.0414401,0,0,0,0,0,0,0,0,0,0,0,0
9025,C3D8,0.0414394,0,0,0,0,0,0,0,0,0,0,0,0
9026,C3D8,0.0414387,0,0,0,0,0,0,0,0,0,0,0,0
9027,C3D8,0.0414378,0,0,0,0,0,0,0,0,0,0,0,0
9028,C3D8,0.0414369,0,0,0,0,0,0,0,0,0,0,0,0
9029,C3D8,0.0414358,0,0,0,0,0,0,0,0,0,0,0,0
9030,C3D8,0.0414346,0,0,0,0,0,0,0,0,0,0,0,0
9031,C3D8,0.0414333,0,0,0,0,0,0,0,0,0,0,0,0
9032,C3D8,0.0414319,0,0,0,0,0,0,0,0,0,0,0,0
9033,C3D8,0.0414304,0,0,0,0,0,0,0,0,0,0,0,0
9034,C3D8,0.0414289,0,0,0,0,0,0,0,0,0,0,0,0
9035,C3D8,0.0392485,0,0,0,0,0,0,0,0,0,0,0,0
9036,C3D8,0.0392484,0,0,0,0,0,0,0,0,0,0,0,0
9037,C3D8,0.0392481,0,0,0,0,0,0,0,0,0,0,0,0
9038,C3D8,0.0392476,0,0,0,0,0,0,0,0,0,0,0,0
9039,C3D8,0.039247,0,0,0,0,0,0,0,0,0,0,0,0
9040,C3D8,0.0392463,0,0,0,0,0,0,0,0,0,0,0,0
9041,C3D8,0.0392454,0,0,0,0,0,0,0,0,0,0,0,0
9042,C3D8,0.0392443,0,0,0,0,0,0,0,0,0,0,0,0
9043,C3D8,0.0392431,0,0,0,0,0,0,0,0,0,0,0,0
9044,C3D8,0.0392419,0,0,0,0,0,0,0,0,0,0,0,0
9045,C3D8,0.0392404,0,0,0,0,0,0,0,0,0,0,0,0
9046,C3D8,0.0392387,0,0,0,0,0,0,0,0,0,0,0,0
9047,C3D8,0.0392369,0,0,0,0,0,0,0,0,0,0,0,0
9048,C3D8,0.039235,0,0,0,0,0,0,0,0,0,0,0,0
9049,C3D8,0.039233,0,0,0,0,0,0,0,0,0,0,0,0
9050,C3D8,0.0392307,0,0,0,0,0,0,0,0,0,0,0,0
9051,C3D8,0.0719191,0,0,0,0,0,0,0,0,0,0,0,0
9052,C3D8,0.0719198,0,0,0,0,0,0,0,0,0,0,0,0
9053,C3D8,0.0719214,0,0,0,0,0,0,0,0,0,0,0,0
9054,C3D8,0.0719236,0,0,0,0,0,0,0,0,0,0,0,0
9055,C3D8,0.0719267,0,0,0,0,0,0,0,0,0,0,0,0
9056,C3D8,0.0719305,0,0,0,0,0,0,0,0,0,0,0,0
9057,C3D8,0.0719349,0,0,0,0,0,0,0,0,0,0,0,0
9058,C3D8,0.0719404,0,0,0,0,0,0,0,0,0,0,0,0
9059,C3D8,0.0719463,0,0,0,0,0,0,0,0,0,0,0,0
9060,C3D8,0.0719532,0,0,0,0,0,0,0,0,0,0,0,0
9061,C3D8,0.0719606,0,0,0,0,0,0,0,0,0,0,0,0
9062,C3D8,0.0719689,0,0,0,0,0,0,0,0,0,0,0,0
9063,C3D8,0.0719781,0,0,0,0,0,0,0,0,0,0,0,0
9064,C3D8,0.0719878,0,0,0,0,0,0,0,0,0,0,0,0
9065,C3D8,0.0719985,0,0,0,0,0,0,0,0,0,0,0,0
9066,C3D8,0.0720097,0,0,0,0,0,0,0,0,0,0,0,0
9067,C3D8,0.0631488,0,0,0,0,0,0,0,0,0,0,0,0
9068,C3D8,0.063149,0,0,0,0,0,0,0,0,0,0,0,0
9069,C3D8,0.0631495,0,0,0,0,0,0,0,0,0,0,0,0
9070,C3D8,0.0631501,0,0,0,0,0,0,0,0,0,0,0,0
9071,C3D8,0.063151,0,0,0,0,0,0,0,0,0,0,0,0
9072,C3D8,0.0631521,0,0,0,0,0,0,0,0,0,0,0,0
9073,C3D8,0.0631535,0,0,0,0,0,0,0,0,0,0,0,0
9074,C3D8,0.0631551,0,0,0,0,0,0,0,0,0,0,0,0
9075,C3D8,0.0631568,0,0,0,0,0,0,0,0,0,0,0,0
9076,C3D8,0.0631589,0,0,0,0,0,0,0,0,0,0,0,0
9077,C3D8,0.063161,0,0,0,0,0,0,0,0,0,0,0,0
9078,C3D8,0.0631635,0,0,0,0,0,0,0,0,0,0,0,0
9079,C3D8,0.0631663,0,0,0,0,0,0,0,0,0,0,0,0
9080,C3D8,0.0631691,0,0,0,0,0,0,0,0,0,0,0,0
9081,C3D8,0.0631724,0,0,0,0,0,0,0,0,0,0,0,0
9082,C3D8,0.0631756,0,0,0,0,0,0,0,0,0,0,0,0
9083,C3D8,0.0543784,0,0,0,0,0,0,0,0,0,0,0,0
9084,C3D8,0.0543781,0,0,0,0,0,0,0,0,0,0,0,0
9085,C3D8,0.0543774,0,0,0,0,0,0,0,0,0,0,0,0
9086,C3D8,0.0543765,0,0,0,0,0,0,0,0,0,0,0,0
9087,C3D8,0.0543753,0,0,0,0,0,0,0,0,0,0,0,0
9088,C3D8,0.0543738,0,0,0,0,0,0,0,0,0,0,0,0
9089,C3D8,0.0543719,0,0,0,0,0,0,0,0,0,0,0,0
9090,C3D8,0.0543698,0,0,0,0,0,0,0,0,0,0,0,0
9091,C3D8,0.0543673,0,0,0,0,0,0,0,0,0,0,0,0
9092,C3D8,0.0543646,0,0,0,0,0,0,0,0,0,0,0,0
9093,C3D8,0.0543615,0,0,0,0,0,0,0,0,0,0,0,0
9094,C3D8,0.0543581,0,0,0,0,0,0,0,0,0,0,0,0
9095,C3D8,0.0543545,0,0,0,0,0,0,0,0,0,0,0,0
9096,C3D8,0.0543505,0,0,0,0,0,0,0,0,0,0,0,0
9097,C3D8,0.0543463,0,0,0,0,0,0,0,0,0,0,0,0
9098,C3D8,0.0543417,0,0,0,0,0,0,0,0,0,0,0,0
9099,C3D8,0.045608,0,0,0,0,0,0,0,0,0,0,0,0
9100,C3D8,0.0456072,0,0,0,0,0,0,0,0,0,0,0,0
9101,C3D8,0.0456055,0,0,0,0,0,0,0,0,0,0,0,0
9102,C3D8,0.045603,0,0,0,0,0,0,0,0,0,0,0,0
9103,C3D8,0.0455997,0,0,0,0,0,0,0,0,0,0,0,0
9104,C3D8,0.0455955,0,0,0,0,0,0,0,0,0,0,0,0
9105,C3D8,0.0455904,0,0,0,0,0,0,0,0,0,0,0,0
9106,C3D8,0.0455845,0,0,0,0,0,0,0,0,0,0,0,0
9107,C3D8,0.0455779,0,0,0,0,0,0,0,0,0,0,0,0
9108,C3D8,0.0455704,0,0,0,0,0,0,0,0,0,0,0,0
9109,C3D8,0.0455619,0,0,0,0,0,0,0,0,0,0,0,0
9110,C3D8,0.0455527,0,0,0,0,0,0,0,0,0,0,0,0
9111,C3D8,0.0455428,0,0,0,0,0,0,0,0,0,0,0,0
9112,C3D8,0.0455318,0,0,0,0,0,0,0,0,0,0,0,0
9113,C3D8,0.04552,0,0,0,0,0,0,0,0,0,0,0,0
9114,C3D8,0.0455076,0,0,0,0,0,0,0,0,0,0,0,0
9115,C3D8,0.0376353,0,0,0,0,0,0,0,0,0,0,0,0
9116,C3D8,0.0376353,0,0,0,0,0,0,0,0,0,0,0,0
9117,C3D8,0.0376353,0,0,0,0,0,0,0,0,0,0,0,0
9118,C3D8,0.0471639,0,0,0,0,0,0,0,0,0,0,0,0
9119,C3D8,0.0471639,0,0,0,0,0,0,0,0,0,0,0,0
9120,C3D8,0.0471639,0,0,0,0,0,0,0,0,0,0,0,0
9121,C3D8,0.0566926,0,0,0,0,0,0,0,0,0,0,0,0
9122,C3D8,0.0566927,0,0,0,0,0,0,0,0,0,0,0,0
9123,C3D8,0.0566926,0,0,0,0,0,0,0,0,0,0,0,0
9124,C3D8,0.0662212,0,0,0,0,0,0,0,0,0,0,0,0
9125,C3D8,0.0662212,0,0,0,0,0,0,0,0,0,0,0,0
9126,C3D8,0.0662212,0,0,0,0,0,0,0,0,0,0,0,0
9127,C3D8,0.0366022,0,0,0,0,0,0,0,0,0,0,0,0
9128,C3D8,0.0366023,0,0,0,0,0,0,0,0,0,0,0,0
9129,C3D8,0.0366023,0,0,0,0,0,0,0,0,0,0,0,0
9130,C3D8,0.0389749,0,0,0,0,0,0,0,0,0,0,0,0
9131,C3D8,0.0389749,0,0,0,0,0,0,0,0,0,0,0,0
9132,C3D8,0.0389749,0,0,0,0,0,0,0,0,0,0,0,0
9133,C3D8,0.0413475,0,0,0,0,0,0,0,0,0,0,0,0
9134,C3D8,0.0413475,0,0,0,0,0,0,0,0,0,0,0,0
9135,C3D8,0.0413475,0,0,0,0,0,0,0,0,0,0,0,0
9136,C3D8,0.0437203,0,0,0,0,0,0,0,0,0,0,0,0
9137,C3D8,0.0437203,0,0,0,0,0,0,0,0,0,0,0,0
9138,C3D8,0.0437203,0,0,0,0,0,0,0,0,0,0,0,0
9139,C3D8,0.0460929,0,0,0,0,0,0,0,0,0,0,0,0
9140,C3D8,0.0460929,0,0,0,0,0,0,0,0,0,0,0,0
9141,C3D8,0.0460929,0,0,0,0,0,0,0,0,0,0,0,0
9142,C3D8,0.0484655,0,0,0,0,0,0,0,0,0,0,0,0
9143,C3D8,0.0484655,0,0,0,0,0,0,0,0,0,0,0,0
9144,C3D8,0.0484655,0,0,0,0,0,0,0,0,0,0,0,0
9145,C3D8,0.0508381,0,0,0,0,0,0,0,0,0,0,0,0
9146,C3D8,0.0508381,0,0,0,0,0,0,0,0,0,0,0,0
9147,C3D8,0.0508381,0,0,0,0,0,0,0,0,0,0,0,0
9148,C3D8,0.0532108,0,0,0,0,0,0,0,0,0,0,0,0
9149,C3D8,0.0532108,0,0,0,0,0,0,0,0,0,0,0,0
9150,C3D8,0.0532108,0,0,0,0,0,0,0,0,0,0,0,0
9151,C3D8,0.0555529,0,0,0,0,0,0,0,0,0,0,0,0
9152,C3D8,0.0555529,0,0,0,0,0,0,0,0,0,0,0,0
9153,C3D8,0.0555529,0,0,0,0,0,0,0,0,0,0,0,0
9154,C3D8,0.057923,0,0,0,0,0,0,0,0,0,0,0,0
9155,C3D8,0.057923,0,0,0,0,0,0,0,0,0,0,0,0
9156,C3D8,0.057923,0,0,0,0,0,0,0,0,0,0,0,0
9157,C3D8,0.0602932,0,0,0,0,0,0,0,0,0,0,0,0
9158,C3D8,0.0602932,0,0,0,0,0,0,0,0,0,0,0,0
9159,C3D8,0.0602932,0,0,0,0,0,0,0,0,0,0,0,0
9160,C3D8,0.0626635,0,0,0,0,0,0,0,0,0,0,0,0
9161,C3D8,0.0626635,0,0,0,0,0,0,0,0,0,0,0,0
9162,C3D8,0.0626635,0,0,0,0,0,0,0,0,0,0,0,0
9163,C3D8,0.0650337,0,0,0,0,0,0,0,0,0,0,0,0
9164,C3D8,0.0650338,0,0,0,0,0,0,0,0,0,0,0,0
9165,C3D8,0.0650338,0,0,0,0,0,0,0,0,0,0,0,0
9166,C3D8,0.0674038,0,0,0,0,0,0,0,0,0,0,0,0
9167,C3D8,0.0674038,0,0,0,0,0,0,0,0,0,0,0,0
9168,C3D8,0.0674039,0,0,0,0,0,0,0,0,0,0,0,0
9169,C3D8,0.069774,0,0,0,0,0,0,0,0,0,0,0,0
9170,C3D8,0.0697741,0,0,0,0,0,0,0,0,0,0,0,0
9171,C3D8,0.069774,0,0,0,0,0,0,0,0,0,0,0,0
9172,C3D8,0.0721443,0,0,0,0,0,0,0,0,0,0,0,0
9173,C3D8,0.0721443,0,0,0,0,0,0,0,0,0,0,0,0
9174,C3D8,0.0721443,0,0,0,0,0,0,0,0,0,0,0,0
9175,C3D8,0.186517,0,0,0,0,0,0,0,0,0,0,0,0
9176,C3D8,0.186517,0,0,0,0,0,0,0,0,0,0,0,0
9177,C3D8,0.186517,0,0,0,0,0,0,0,0,0,0,0,0
9178,C3D8,0.187978,0,0,0,0,0,0,0,0,0,0,0,0
9179,C3D8,0.187978,0,0,0,0,0,0,0,0,0,0,0,0
9180,C3D8,0.187978,0,0,0,0,0,0,0,0,0,0,0,0
9181,C3D8,0.189439,0,0,0,0,0,0,0,0,0,0,0,0
9182,C3D8,0.189439,0,0,0,0,0,0,0,0,0,0,0,0
9183,C3D8,0.189439,0,0,0,0,0,0,0,0,0,0,0,0
9184,C3D8,0.1909,0,0,0,0,0,0,0,0,0,0,0,0
9185,C3D8,0.1909,0,0,0,0,0,0,0,0,0,0,0,0
9186,C3D8,0.1909,0,0,0,0,0,0,0,0,0,0,0,0
9187,C3D8,0.192362,0,0,0,0,0,0,0,0,0,0,0,0
9188,C3D8,0.192362,0,0,0,0,0,0,0,0,0,0,0,0
9189,C3D8,0.192362,0,0,0,0,0,0,0,0,0,0,0,0
9190,C3D8,0.193823,0,0,0,0,0,0,0,0,0,0,0,0
9191,C3D8,0.193823,0,0,0,0,0,0,0,0,0,0,0,0
9192,C3D8,0.193823,0,0,0,0,0,0,0,0,0,0,0,0
9193,C3D8,0.195284,0,0,0,0,0,0,0,0,0,0,0,0
9194,C3D8,0.195284,0,0,0,0,0,0,0,0,0,0,0,0
9195,C3D8,0.195284,0,0,0,0,0,0,0,0,0,0,0,0
9196,C3D8,0.196745,0,0,0,0,0,0,0,0,0,0,0,0
9197,C3D8,0.196745,0,0,0,0,0,0,0,0,0,0,0,0
9198,C3D8,0.196745,0,0,0,0,0,0,0,0,0,0,0,0
9199,C3D8,0.198207,0,0,0,0,0,0,0,0,0,0,0,0
9200,C3D8,0.198207,0,0,0,0,0,0,0,0,0,0,0,0
9201,C3D8,0.198207,0,0,0,0,0,0,0,0,0,0,0,0
9202,C3D8,0.199668,0,0,0,0,0,0,0,0,0,0,0,0
9203,C3D8,0.199668,0,0,0,0,0,0,0,0,0,0,0,0
9204,C3D8,0.199668,0,0,0,0,0,0,0,0,0,0,0,0
9205,C3D8,0.201129,0,0,0,0,0,0,0,0,0,0,0,0
9206,C3D8,0.201129,0,0,0,0,0,0,0,0,0,0,0,0
9207,C3D8,0.201129,0,0,0,0,0,0,0,0,0,0,0,0
9208,C3D8,0.202591,0,0,0,0,0,0,0,0,0,0,0,0
9209,C3D8,0.202591,0,0,0,0,0,0,0,0,0,0,0,0
9210,C3D8,0.202591,0,0,0,0,0,0,0,0,0,0,0,0
9211,C3D8,0.0376432,0,0,0,0,0,0,0,0,0,0,0,0
9212,C3D8,0.0376432,0,0,0,0,0,0,0,0,0,0,0,0
9213,C3D8,0.0376432,0,0,0,0,0,0,0,0,0,0,0,0
9214,C3D8,0.0471661,0,0,0,0,0,0,0,0,0,0,0,0
9215,C3D8,0.0471661,0,0,0,0,0,0,0,0,0,0,0,0
9216,C3D8,0.0471661,0,0,0,0,0,0,0,0,0,0,0,0
9217,C3D8,0.0566894,0,0,0,0,0,0,0,0,0,0,0,0
9218,C3D8,0.0566894,0,0,0,0,0,0,0,0,0,0,0,0
9219,C3D8,0.0566894,0,0,0,0,0,0,0,0,0,0,0,0
9220,C3D8,0.0662126,0,0,0,0,0,0,0,0,0,0,0,0
9221,C3D8,0.0662126,0,0,0,0,0,0,0,0,0,0,0,0
9222,C3D8,0.0662126,0,0,0,0,0,0,0,0,0,0,0,0
9223,C3D8,0.0366039,0,0,0,0,0,0,0,0,0,0,0,0
9224,C3D8,0.0366039,0,0,0,0,0,0,0,0,0,0,0,0
9225,C3D8,0.0366039,0,0,0,0,0,0,0,0,0,0,0,0
9226,C3D8,0.0389761,0,0,0,0,0,0,0,0,0,0,0,0
9227,C3D8,0.0389761,0,0,0,0,0,0,0,0,0,0,0,0
9228,C3D8,0.0389761,0,0,0,0,0,0,0,0,0,0,0,0
9229,C3D8,0.0413483,0,0,0,0,0,0,0,0,0,0,0,0
9230,C3D8,0.0413483,0,0,0,0,0,0,0,0,0,0,0,0
9231,C3D8,0.0413483,0,0,0,0,0,0,0,0,0,0,0,0
9232,C3D8,0.0437204,0,0,0,0,0,0,0,0,0,0,0,0
9233,C3D8,0.0437204,0,0,0,0,0,0,0,0,0,0,0,0
9234,C3D8,0.0437204,0,0,0,0,0,0,0,0,0,0,0,0
9235,C3D8,0.0460926,0,0,0,0,0,0,0,0,0,0,0,0
9236,C3D8,0.0460926,0,0,0,0,0,0,0,0,0,0,0,0
9237,C3D8,0.0460926,0,0,0,0,0,0,0,0,0,0,0,0
9238,C3D8,0.0484647,0,0,0,0,0,0,0,0,0,0,0,0
9239,C3D8,0.0484647,0,0,0,0,0,0,0,0,0,0,0,0
9240,C3D8,0.0484648,0,0,0,0,0,0,0,0,0,0,0,0
9241,C3D8,0.0508369,0,0,0,0,0,0,0,0,0,0,0,0
9242,C3D8,0.0508369,0,0,0,0,0,0,0,0,0,0,0,0
9243,C3D8,0.0508369,0,0,0,0,0,0,0,0,0,0,0,0
9244,C3D8,0.0532091,0,0,0,0,0,0,0,0,0,0,0,0
9245,C3D8,0.0532091,0,0,0,0,0,0,0,0,0,0,0,0
9246,C3D8,0.0532091,0,0,0,0,0,0,0,0,0,0,0,0
9247,C3D8,0.0555537,0,0,0,0,0,0,0,0,0,0,0,0
9248,C3D8,0.0555537,0,0,0,0,0,0,0,0,0,0,0,0
9249,C3D8,0.0555537,0,0,0,0,0,0,0,0,0,0,0,0
9250,C3D8,0.0579238,0,0,0,0,0,0,0,0,0,0,0,0
9251,C3D8,0.0579238,0,0,0,0,0,0,0,0,0,0,0,0
9252,C3D8,0.0579238,0,0,0,0,0,0,0,0,0,0,0,0
9253,C3D8,0.0602935,0,0,0,0,0,0,0,0,0,0,0,0
9254,C3D8,0.0602935,0,0,0,0,0,0,0,0,0,0,0,0
9255,C3D8,0.0602935,0,0,0,0,0,0,0,0,0,0,0,0
9256,C3D8,0.0626636,0,0,0,0,0,0,0,0,0,0,0,0
9257,C3D8,0.0626636,0,0,0,0,0,0,0,0,0,0,0,0
9258,C3D8,0.0626636,0,0,0,0,0,0,0,0,0,0,0,0
9259,C3D8,0.0650335,0,0,0,0,0,0,0,0,0,0,0,0
9260,C3D8,0.0650335,0,0,0,0,0,0,0,0,0,0,0,0
9261,C3D8,0.0650335,0,0,0,0,0,0,0,0,0,0,0,0
9262,C3D8,0.0674035,0,0,0,0,0,0,0,0,0,0,0,0
9263,C3D8,0.0674035,0,0,0,0,0,0,0,0,0,0,0,0
9264,C3D8,0.0674035,0,0,0,0,0,0,0,0,0,0,0,0
9265,C3D8,0.0697734,0,0,0,0,0,0,0,0,0,0,0,0
9266,C3D8,0.0697734,0,0,0,0,0,0,0,0,0,0,0,0
9267,C3D8,0.0697734,0,0,0,0,0,0,0,0,0,0,0,0
9268,C3D8,0.0721433,0,0,0,0,0,0,0,0,0,0,0,0
9269,C3D8,0.0721433,0,0,0,0,0,0,0,0,0,0,0,0
9270,C3D8,0.0721433,0,0,0,0,0,0,0,0,0,0,0,0
9271,C3D8,0.17493,0,0,0,0,0,0,0,0,0,0,0,0
9272,C3D8,0.17493,0,0,0,0,0,0,0,0,0,0,0,0
9273,C3D8,0.17493,0,0,0,0,0,0,0,0,0,0,0,0
9274,C3D8,0.176436,0,0,0,0,0,0,0,0,0,0,0,0
9275,C3D8,0.176436,0,0,0,0,0,0,0,0,0,0,0,0
9276,C3D8,0.176436,0,0,0,0,0,0,0,0,0,0,0,0
9277,C3D8,0.177942,0,0,0,0,0,0,0,0,0,0,0,0
9278,C3D8,0.177942,0,0,0,0,0,0,0,0,0,0,0,0
9279,C3D8,0.177942,0,0,0,0,0,0,0,0,0,0,0,0
9280,C3D8,0.179448,0,0,0,0,0,0,0,0,0,0,0,0
9281,C3D8,0.179448,0,0,0,0,0,0,0,0,0,0,0,0
9282,C3D8,0.179448,0,0,0,0,0,0,0,0,0,0,0,0
9283,C3D8,0.180954,0,0,0,0,0,0,0,0,0,0,0,0
9284,C3D8,0.180954,0,0,0,0,0,0,0,0,0,0,0,0
9285,C3D8,0.180954,0,0,0,0,0,0,0,0,0,0,0,0
9286,C3D8,0.18246,0,0,0,0,0,0,0,0,0,0,0,0
9287,C3D8,0.18246,0,0,0,0,0,0,0,0,0,0,0,0
9288,C3D8,0.18246,0,0,0,0,0,0,0,0,0,0,0,0
9289,C3D8,0.183966,0,0,0,0,0,0,0,0,0,0,0,0
9290,C3D8,0.183966,0,0,0,0,0,0,0,0,0,0,0,0
9291,C3D8,0.183966,0,0,0,0,0,0,0,0,0,0,0,0
9292,C3D8,0.185473,0,0,0,0,0,0,0,0,0,0,0,0
9293,C3D8,0.185473,0,0,0,0,0,0,0,0,0,0,0,0
9294,C3D8,0.185473,0,0,0,0,0,0,0,0,0,0,0,0
9295,C3D8,0.186979,0,0,0,0,0,0,0,0,0,0,0,0
9296,C3D8,0.186979,0,0,0,0,0,0,0,0,0,0,0,0
9297,C3D8,0.186979,0,0,0,0,0,0,0,0,0,0,0,0
9298,C3D8,0.188485,0,0,0,0,0,0,0,0,0,0,0,0
9299,C3D8,0.188485,0,0,0,0,0,0,0,0,0,0,0,0
9300,C3D8,0.188485,0,0,0,0,0,0,0,0,0,0,0,0
9301,C3D8,0.189991,0,0,0,0,0,0,0,0,0,0,0,0
9302,C3D8,0.189991,0,0,0,0,0,0,0,0,0,0,0,0
9303,C3D8,0.189991,0,0,0,0,0,0,0,0,0,0,0,0
9304,C3D8,0.191497,0,0,0,0,0,0,0,0,0,0,0,0
9305,C3D8,0.191497,0,0,0,0,0,0,0,0,0,0,0,0
9306,C3D8,0.191497,0,0,0,0,0,0,0,0,0,0,0,0
9307,C3D8,0.037651,0,0,0,0,0,0,0,0,0,0,0,0
9308,C3D8,0.0376509,0,0,0,0,0,0,0,0,0,0,0,0
9309,C3D8,0.037651,0,0,0,0,0,0,0,0,0,0,0,0
9310,C3D8,0.0471688,0,0,0,0,0,0,0,0,0,0,0,0
9311,C3D8,0.0471688,0,0,0,0,0,0,0,0,0,0,0,0
9312,C3D8,0.0471688,0,0,0,0,0,0,0,0,0,0,0,0
9313,C3D8,0.0566864,0,0,0,0,0,0,0,0,0,0,0,0
9314,C3D8,0.0566864,0,0,0,0,0,0,0,0,0,0,0,0
9315,C3D8,0.0566864,0,0,0,0,0,0,0,0,0,0,0,0
9316,C3D8,0.0662042,0,0,0,0,0,0,0,0,0,0,0,0
9317,C3D8,0.0662042,0,0,0,0,0,0,0,0,0,0,0,0
9318,C3D8,0.0662042,0,0,0,0,0,0,0,0,0,0,0,0
9319,C3D8,0.0366055,0,0,0,0,0,0,0,0,0,0,0,0
9320,C3D8,0.0366056,0,0,0,0,0,0,0,0,0,0,0,0
9321,C3D8,0.0366056,0,0,0,0,0,0,0,0,0,0,0,0
9322,C3D8,0.0389772,0,0,0,0,0,0,0,0,0,0,0,0
9323,C3D8,0.0389772,0,0,0,0,0,0,0,0,0,0,0,0
9324,C3D8,0.0389772,0,0,0,0,0,0,0,0,0,0,0,0
9325,C3D8,0.0413489,0,0,0,0,0,0,0,0,0,0,0,0
9326,C3D8,0.0413489,0,0,0,0,0,0,0,0,0,0,0,0
9327,C3D8,0.0413489,0,0,0,0,0,0,0,0,0,0,0,0
9328,C3D8,0.0437206,0,0,0,0,0,0,0,0,0,0,0,0
9329,C3D8,0.0437206,0,0,0,0,0,0,0,0,0,0,0,0
9330,C3D8,0.0437206,0,0,0,0,0,0,0,0,0,0,0,0
9331,C3D8,0.0460923,0,0,0,0,0,0,0,0,0,0,0,0
9332,C3D8,0.0460923,0,0,0,0,0,0,0,0,0,0,0,0
9333,C3D8,0.0460923,0,0,0,0,0,0,0,0,0,0,0,0
9334,C3D8,0.048464,0,0,0,0,0,0,0,0,0,0,0,0
9335,C3D8,0.048464,0,0,0,0,0,0,0,0,0,0,0,0
9336,C3D8,0.048464,0,0,0,0,0,0,0,0,0,0,0,0
9337,C3D8,0.0508358,0,0,0,0,0,0,0,0,0,0,0,0
9338,C3D8,0.0508358,0,0,0,0,0,0,0,0,0,0,0,0
9339,C3D8,0.0508358,0,0,0,0,0,0,0,0,0,0,0,0
9340,C3D8,0.0532075,0,0,0,0,0,0,0,0,0,0,0,0
9341,C3D8,0.0532075,0,0,0,0,0,0,0,0,0,0,0,0
9342,C3D8,0.0532075,0,0,0,0,0,0,0,0,0,0,0,0
9343,C3D8,0.0555545,0,0,0,0,0,0,0,0,0,0,0,0
9344,C3D8,0.0555545,0,0,0,0,0,0,0,0,0,0,0,0
9345,C3D8,0.0555545,0,0,0,0,0,0,0,0,0,0,0,0
9346,C3D8,0.0579242,0,0,0,0,0,0,0,0,0,0,0,0
9347,C3D8,0.0579243,0,0,0,0,0,0,0,0,0,0,0,0
9348,C3D8,0.0579243,0,0,0,0,0,0,0,0,0,0,0,0
9349,C3D8,0.0602939,0,0,0,0,0,0,0,0,0,0,0,0
9350,C3D8,0.0602939,0,0,0,0,0,0,0,0,0,0,0,0
9351,C3D8,0.0602939,0,0,0,0,0,0,0,0,0,0,0,0
9352,C3D8,0.0626637,0,0,0,0,0,0,0,0,0,0,0,0
9353,C3D8,0.0626637,0,0,0,0,0,0,0,0,0,0,0,0
9354,C3D8,0.0626637,0,0,0,0,0,0,0,0,0,0,0,0
9355,C3D8,0.0650334,0,0,0,0,0,0,0,0,0,0,0,0
9356,C3D8,0.0650334,0,0,0,0,0,0,0,0,0,0,0,0
9357,C3D8,0.0650334,0,0,0,0,0,0,0,0,0,0,0,0
9358,C3D8,0.0674032,0,0,0,0,0,0,0,0,0,0,0,0
9359,C3D8,0.0674032,0,0,0,0,0,0,0,0,0,0,0,0
9360,C3D8,0.0674032,0,0,0,0,0,0,0,0,0,0,0,0
9361,C3D8,0.069773,0,0,0,0,0,0,0,0,0,0,0,0
9362,C3D8,0.069773,0,0,0,0,0,0,0,0,0,0,0,0
9363,C3D8,0.069773,0,0,0,0,0,0,0,0,0,0,0,0
9364,C3D8,0.0721426,0,0,0,0,0,0,0,0,0,0,0,0
9365,C3D8,0.0721426,0,0,0,0,0,0,0,0,0,0,0,0
9366,C3D8,0.0721426,0,0,0,0,0,0,0,0,0,0,0,0
9367,C3D8,0.163554,0,0,0,0,0,0,0,0,0,0,0,0
9368,C3D8,0.163554,0,0,0,0,0,0,0,0,0,0,0,0
9369,C3D8,0.163554,0,0,0,0,0,0,0,0,0,0,0,0
9370,C3D8,0.165126,0,0,0,0,0,0,0,0,0,0,0,0
9371,C3D8,0.165126,0,0,0,0,0,0,0,0,0,0,0,0
9372,C3D8,0.165126,0,0,0,0,0,0,0,0,0,0,0,0
9373,C3D8,0.166698,0,0,0,0,0,0,0,0,0,0,0,0
9374,C3D8,0.166698,0,0,0,0,0,0,0,0,0,0,0,0
9375,C3D8,0.166698,0,0,0,0,0,0,0,0,0,0,0,0
9376,C3D8,0.16827,0,0,0,0,0,0,0,0,0,0,0,0
9377,C3D8,0.16827,0,0,0,0,0,0,0,0,0,0,0,0
9378,C3D8,0.16827,0,0,0,0,0,0,0,0,0,0,0,0
9379,C3D8,0.169842,0,0,0,0,0,0,0,0,0,0,0,0
9380,C3D8,0.169842,0,0,0,0,0,0,0,0,0,0,0,0
9381,C3D8,0.169842,0,0,0,0,0,0,0,0,0,0,0,0
9382,C3D8,0.171414,0,0,0,0,0,0,0,0,0,0,0,0
9383,C3D8,0.171414,0,0,0,0,0,0,0,0,0,0,0,0
9384,C3D8,0.171414,0,0,0,0,0,0,0,0,0,0,0,0
9385,C3D8,0.172986,0,0,0,0,0,0,0,0,0,0,0,0
9386,C3D8,0.172986,0,0,0,0,0,0,0,0,0,0,0,0
9387,C3D8,0.172986,0,0,0,0,0,0,0,0,0,0,0,0
9388,C3D8,0.174558,0,0,0,0,0,0,0,0,0,0,0,0
9389,C3D8,0.174558,0,0,0,0,0,0,0,0,0,0,0,0
9390,C3D8,0.174558,0,0,0,0,0,0,0,0,0,0,0,0
9391,C3D8,0.17613,0,0,0,0,0,0,0,0,0,0,0,0
9392,C3D8,0.17613,0,0,0,0,0,0,0,0,0,0,0,0
9393,C3D8,0.17613,0,0,0,0,0,0,0,0,0,0,0,0
9394,C3D8,0.177702,0,0,0,0,0,0,0,0,0,0,0,0
9395,C3D8,0.177702,0,0,0,0,0,0,0,0,0,0,0,0
9396,C3D8,0.177702,0,0,0,0,0,0,0,0,0,0,0,0
9397,C3D8,0.179274,0,0,0,0,0,0,0,0,0,0,0,0
9398,C3D8,0.179274,0,0,0,0,0,0,0,0,0,0,0,0
9399,C3D8,0.179274,0,0,0,0,0,0,0,0,0,0,0,0
9400,C3D8,0.180846,0,0,0,0,0,0,0,0,0,0,0,0
9401,C3D8,0.180846,0,0,0,0,0,0,0,0,0,0,0,0
9402,C3D8,0.180846,0,0,0,0,0,0,0,0,0,0,0,0
9403,C3D8,0.0376579,0,0,0,0,0,0,0,0,0,0,0,0
9404,C3D8,0.0376579,0,0,0,0,0,0,0,0,0,0,0,0
9405,C3D8,0.0376579,0,0,0,0,0,0,0,0,0,0,0,0
9406,C3D8,0.0471708,0,0,0,0,0,0,0,0,0,0,0,0
9407,C3D8,0.0471708,0,0,0,0,0,0,0,0,0,0,0,0
9408,C3D8,0.0471708,0,0,0,0,0,0,0,0,0,0,0,0
9409,C3D8,0.0566837,0,0,0,0,0,0,0,0,0,0,0,0
9410,C3D8,0.0566837,0,0,0,0,0,0,0,0,0,0,0,0
9411,C3D8,0.0566837,0,0,0,0,0,0,0,0,0,0,0,0
9412,C3D8,0.0661964,0,0,0,0,0,0,0,0,0,0,0,0
9413,C3D8,0.0661964,0,0,0,0,0,0,0,0,0,0,0,0
9414,C3D8,0.0661964,0,0,0,0,0,0,0,0,0,0,0,0
9415,C3D8,0.0366071,0,0,0,0,0,0,0,0,0,0,0,0
9416,C3D8,0.0366071,0,0,0,0,0,0,0,0,0,0,0,0
9417,C3D8,0.0366071,0,0,0,0,0,0,0,0,0,0,0,0
9418,C3D8,0.0389783,0,0,0,0,0,0,0,0,0,0,0,0
9419,C3D8,0.0389783,0,0,0,0,0,0,0,0,0,0,0,0
9420,C3D8,0.0389783,0,0,0,0,0,0,0,0,0,0,0,0
9421,C3D8,0.0413496,0,0,0,0,0,0,0,0,0,0,0,0
9422,C3D8,0.0413496,0,0,0,0,0,0,0,0,0,0,0,0
9423,C3D8,0.0413496,0,0,0,0,0,0,0,0,0,0,0,0
9424,C3D8,0.0437208,0,0,0,0,0,0,0,0,0,0,0,0
9425,C3D8,0.0437209,0,0,0,0,0,0,0,0,0,0,0,0
9426,C3D8,0.0437209,0,0,0,0,0,0,0,0,0,0,0,0
9427,C3D8,0.0460921,0,0,0,0,0,0,0,0,0,0,0,0
9428,C3D8,0.0460921,0,0,0,0,0,0,0,0,0,0,0,0
9429,C3D8,0.0460921,0,0,0,0,0,0,0,0,0,0,0,0
9430,C3D8,0.0484633,0,0,0,0,0,0,0,0,0,0,0,0
9431,C3D8,0.0484633,0,0,0,0,0,0,0,0,0,0,0,0
9432,C3D8,0.0484633,0,0,0,0,0,0,0,0,0,0,0,0
9433,C3D8,0.0508346,0,0,0,0,0,0,0,0,0,0,0,0
9434,C3D8,0.0508346,0,0,0,0,0,0,0,0,0,0,0,0
9435,C3D8,0.0508346,0,0,0,0,0,0,0,0,0,0,0,0
9436,C3D8,0.0532059,0,0,0,0,0,0,0,0,0,0,0,0
9437,C3D8,0.0532059,0,0,0,0,0,0,0,0,0,0,0,0
9438,C3D8,0.0532059,0,0,0,0,0,0,0,0,0,0,0,0
9439,C3D8,0.0555553,0,0,0,0,0,0,0,0,0,0,0,0
9440,C3D8,0.0555553,0,0,0,0,0,0,0,0,0,0,0,0
9441,C3D8,0.0555553,0,0,0,0,0,0,0,0,0,0,0,0
9442,C3D8,0.0579248,0,0,0,0,0,0,0,0,0,0,0,0
9443,C3D8,0.0579248,0,0,0,0,0,0,0,0,0,0,0,0
9444,C3D8,0.0579248,0,0,0,0,0,0,0,0,0,0,0,0
9445,C3D8,0.0602943,0,0,0,0,0,0,0,0,0,0,0,0
9446,C3D8,0.0602943,0,0,0,0,0,0,0,0,0,0,0,0
9447,C3D8,0.0602943,0,0,0,0,0,0,0,0,0,0,0,0
9448,C3D8,0.0626637,0,0,0,0,0,0,0,0,0,0,0,0
9449,C3D8,0.0626637,0,0,0,0,0,0,0,0,0,0,0,0
9450,C3D8,0.0626637,0,0,0,0,0,0,0,0,0,0,0,0
9451,C3D8,0.0650333,0,0,0,0,0,0,0,0,0,0,0,0
9452,C3D8,0.0650333,0,0,0,0,0,0,0,0,0,0,0,0
9453,C3D8,0.0650333,0,0,0,0,0,0,0,0,0,0,0,0
9454,C3D8,0.0674028,0,0,0,0,0,0,0,0,0,0,0,0
9455,C3D8,0.0674028,0,0,0,0,0,0,0,0,0,0,0,0
9456,C3D8,0.0674028,0,0,0,0,0,0,0,0,0,0,0,0
9457,C3D8,0.0697723,0,0,0,0,0,0,0,0,0,0,0,0
9458,C3D8,0.0697723,0,0,0,0,0,0,0,0,0,0,0,0
9459,C3D8,0.0697723,0,0,0,0,0,0,0,0,0,0,0,0
9460,C3D8,0.0721419,0,0,0,0,0,0,0,0,0,0,0,0
9461,C3D8,0.0721419,0,0,0,0,0,0,0,0,0,0,0,0
9462,C3D8,0.0721419,0,0,0,0,0,0,0,0,0,0,0,0
9463,C3D8,0.152451,0,0,0,0,0,0,0,0,0,0,0,0
9464,C3D8,0.152451,0,0,0,0,0,0,0,0,0,0,0,0
9465,C3D8,0.152451,0,0,0,0,0,0,0,0,0,0,0,0
9466,C3D8,0.154107,0,0,0,0,0,0,0,0,0,0,0,0
9467,C3D8,0.154107,0,0,0,0,0,0,0,0,0,0,0,0
9468,C3D8,0.154107,0,0,0,0,0,0,0,0,0,0,0,0
9469,C3D8,0.155762,0,0,0,0,0,0,0,0,0,0,0,0
9470,C3D8,0.155762,0,0,0,0,0,0,0,0,0,0,0,0
9471,C3D8,0.155762,0,0,0,0,0,0,0,0,0,0,0,0
9472,C3D8,0.157417,0,0,0,0,0,0,0,0,0,0,0,0
9473,C3D8,0.157417,0,0,0,0,0,0,0,0,0,0,0,0
9474,C3D8,0.157417,0,0,0,0,0,0,0,0,0,0,0,0
9475,C3D8,0.159072,0,0,0,0,0,0,0,0,0,0,0,0
9476,C3D8,0.159072,0,0,0,0,0,0,0,0,0,0,0,0
9477,C3D8,0.159072,0,0,0,0,0,0,0,0,0,0,0,0
9478,C3D8,0.160728,0,0,0,0,0,0,0,0,0,0,0,0
9479,C3D8,0.160728,0,0,0,0,0,0,0,0,0,0,0,0
9480,C3D8,0.160728,0,0,0,0,0,0,0,0,0,0,0,0
9481,C3D8,0.162383,0,0,0,0,0,0,0,0,0,0,0,0
9482,C3D8,0.162383,0,0,0,0,0,0,0,0,0,0,0,0
9483,C3D8,0.162383,0,0,0,0,0,0,0,0,0,0,0,0
9484,C3D8,0.164038,0,0,0,0,0,0,0,0,0,0,0,0
9485,C3D8,0.164038,0,0,0,0,0,0,0,0,0,0,0,0
9486,C3D8,0.164038,0,0,0,0,0,0,0,0,0,0,0,0
9487,C3D8,0.165694,0,0,0,0,0,0,0,0,0,0,0,0
9488,C3D8,0.165694,0,0,0,0,0,0,0,0,0,0,0,0
9489,C3D8,0.165694,0,0,0,0,0,0,0,0,0,0,0,0
9490,C3D8,0.167349,0,0,0,0,0,0,0,0,0,0,0,0
9491,C3D8,0.167349,0,0,0,0,0,0,0,0,0,0,0,0
9492,C3D8,0.167349,0,0,0,0,0,0,0,0,0,0,0,0
9493,C3D8,0.169004,0,0,0,0,0,0,0,0,0,0,0,0
9494,C3D8,0.169004,0,0,0,0,0,0,0,0,0,0,0,0
9495,C3D8,0.169004,0,0,0,0,0,0,0,0,0,0,0,0
9496,C3D8,0.170659,0,0,0,0,0,0,0,0,0,0,0,0
9497,C3D8,0.170659,0,0,0,0,0,0,0,0,0,0,0,0
9498,C3D8,0.170659,0,0,0,0,0,0,0,0,0,0,0,0
9499,C3D8,0.0376644,0,0,0,0,0,0,0,0,0,0,0,0
9500,C3D8,0.0376644,0,0,0,0,0,0,0,0,0,0,0,0
9501,C3D8,0.0376644,0,0,0,0,0,0,0,0,0,0,0,0
9502,C3D8,0.0471726,0,0,0,0,0,0,0,0,0,0,0,0
9503,C3D8,0.0471726,0,0,0,0,0,0,0,0,0,0,0,0
9504,C3D8,0.0471726,0,0,0,0,0,0,0,0,0,0,0,0
9505,C3D8,0.0566808,0,0,0,0,0,0,0,0,0,0,0,0
9506,C3D8,0.0566808,0,0,0,0,0,0,0,0,0,0,0,0
9507,C3D8,0.0566808,0,0,0,0,0,0,0,0,0,0,0,0
9508,C3D8,0.066189,0,0,0,0,0,0,0,0,0,0,0,0
9509,C3D8,0.066189,0,0,0,0,0,0,0,0,0,0,0,0
9510,C3D8,0.066189,0,0,0,0,0,0,0,0,0,0,0,0
9511,C3D8,0.0366083,0,0,0,0,0,0,0,0,0,0,0,0
9512,C3D8,0.0366084,0,0,0,0,0,0,0,0,0,0,0,0
9513,C3D8,0.0366084,0,0,0,0,0,0,0,0,0,0,0,0
9514,C3D8,0.0389793,0,0,0,0,0,0,0,0,0,0,0,0
9515,C3D8,0.0389793,0,0,0,0,0,0,0,0,0,0,0,0
9516,C3D8,0.0389793,0,0,0,0,0,0,0,0,0,0,0,0
9517,C3D8,0.0413502,0,0,0,0,0,0,0,0,0,0,0,0
9518,C3D8,0.0413502,0,0,0,0,0,0,0,0,0,0,0,0
9519,C3D8,0.0413502,0,0,0,0,0,0,0,0,0,0,0,0
9520,C3D8,0.043721,0,0,0,0,0,0,0,0,0,0,0,0
9521,C3D8,0.043721,0,0,0,0,0,0,0,0,0,0,0,0
9522,C3D8,0.043721,0,0,0,0,0,0,0,0,0,0,0,0
9523,C3D8,0.0460918,0,0,0,0,0,0,0,0,0,0,0,0
9524,C3D8,0.0460918,0,0,0,0,0,0,0,0,0,0,0,0
9525,C3D8,0.0460918,0,0,0,0,0,0,0,0,0,0,0,0
9526,C3D8,0.0484628,0,0,0,0,0,0,0,0,0,0,0,0
9527,C3D8,0.0484628,0,0,0,0,0,0,0,0,0,0,0,0
9528,C3D8,0.0484628,0,0,0,0,0,0,0,0,0,0,0,0
9529,C3D8,0.0508336,0,0,0,0,0,0,0,0,0,0,0,0
9530,C3D8,0.0508336,0,0,0,0,0,0,0,0,0,0,0,0
9531,C3D8,0.0508336,0,0,0,0,0,0,0,0,0,0,0,0
9532,C3D8,0.0532044,0,0,0,0,0,0,0,0,0,0,0,0
9533,C3D8,0.0532044,0,0,0,0,0,0,0,0,0,0,0,0
9534,C3D8,0.0532044,0,0,0,0,0,0,0,0,0,0,0,0
9535,C3D8,0.0555559,0,0,0,0,0,0,0,0,0,0,0,0
9536,C3D8,0.0555559,0,0,0,0,0,0,0,0,0,0,0,0
9537,C3D8,0.0555559,0,0,0,0,0,0,0,0,0,0,0,0
9538,C3D8,0.0579253,0,0,0,0,0,0,0,0,0,0,0,0
9539,C3D8,0.0579253,0,0,0,0,0,0,0,0,0,0,0,0
9540,C3D8,0.0579253,0,0,0,0,0,0,0,0,0,0,0,0
9541,C3D8,0.0602946,0,0,0,0,0,0,0,0,0,0,0,0
9542,C3D8,0.0602946,0,0,0,0,0,0,0,0,0,0,0,0
9543,C3D8,0.0602946,0,0,0,0,0,0,0,0,0,0,0,0
9544,C3D8,0.0626638,0,0,0,0,0,0,0,0,0,0,0,0
9545,C3D8,0.0626638,0,0,0,0,0,0,0,0,0,0,0,0
9546,C3D8,0.0626638,0,0,0,0,0,0,0,0,0,0,0,0
9547,C3D8,0.0650332,0,0,0,0,0,0,0,0,0,0,0,0
9548,C3D8,0.0650332,0,0,0,0,0,0,0,0,0,0,0,0
9549,C3D8,0.0650332,0,0,0,0,0,0,0,0,0,0,0,0
9550,C3D8,0.0674025,0,0,0,0,0,0,0,0,0,0,0,0
9551,C3D8,0.0674025,0,0,0,0,0,0,0,0,0,0,0,0
9552,C3D8,0.0674025,0,0,0,0,0,0,0,0,0,0,0,0
9553,C3D8,0.0697718,0,0,0,0,0,0,0,0,0,0,0,0
9554,C3D8,0.0697718,0,0,0,0,0,0,0,0,0,0,0,0
9555,C3D8,0.0697718,0,0,0,0,0,0,0,0,0,0,0,0
9556,C3D8,0.0721411,0,0,0,0,0,0,0,0,0,0,0,0
9557,C3D8,0.0721411,0,0,0,0,0,0,0,0,0,0,0,0
9558,C3D8,0.0721411,0,0,0,0,0,0,0,0,0,0,0,0
9559,C3D8,0.141679,0,0,0,0,0,0,0,0,0,0,0,0
9560,C3D8,0.141679,0,0,0,0,0,0,0,0,0,0,0,0
9561,C3D8,0.141679,0,0,0,0,0,0,0,0,0,0,0,0
9562,C3D8,0.143431,0,0,0,0,0,0,0,0,0,0,0,0
9563,C3D8,0.143431,0,0,0,0,0,0,0,0,0,0,0,0
9564,C3D8,0.143431,0,0,0,0,0,0,0,0,0,0,0,0
9565,C3D8,0.145184,0,0,0,0,0,0,0,0,0,0,0,0
9566,C3D8,0.145184,0,0,0,0,0,0,0,0,0,0,0,0
9567,C3D8,0.145184,0,0,0,0,0,0,0,0,0,0,0,0
9568,C3D8,0.146937,0,0,0,0,0,0,0,0,0,0,0,0
9569,C3D8,0.146937,0,0,0,0,0,0,0,0,0,0,0,0
9570,C3D8,0.146937,0,0,0,0,0,0,0,0,0,0,0,0
9571,C3D8,0.14869,0,0,0,0,0,0,0,0,0,0,0,0
9572,C3D8,0.14869,0,0,0,0,0,0,0,0,0,0,0,0
9573,C3D8,0.14869,0,0,0,0,0,0,0,0,0,0,0,0
9574,C3D8,0.150442,0,0,0,0,0,0,0,0,0,0,0,0
9575,C3D8,0.150442,0,0,0,0,0,0,0,0,0,0,0,0
9576,C3D8,0.150442,0,0,0,0,0,0,0,0,0,0,0,0
9577,C3D8,0.152195,0,0,0,0,0,0,0,0,0,0,0,0
9578,C3D8,0.152195,0,0,0,0,0,0,0,0,0,0,0,0
9579,C3D8,0.152195,0,0,0,0,0,0,0,0,0,0,0,0
9580,C3D8,0.153948,0,0,0,0,0,0,0,0,0,0,0,0
9581,C3D8,0.153948,0,0,0,0,0,0,0,0,0,0,0,0
9582,C3D8,0.153948,0,0,0,0,0,0,0,0,0,0,0,0
9583,C3D8,0.1557,0,0,0,0,0,0,0,0,0,0,0,0
9584,C3D8,0.1557,0,0,0,0,0,0,0,0,0,0,0,0
9585,C3D8,0.1557,0,0,0,0,0,0,0,0,0,0,0,0
9586,C3D8,0.157453,0,0,0,0,0,0,0,0,0,0,0,0
9587,C3D8,0.157453,0,0,0,0,0,0,0,0,0,0,0,0
9588,C3D8,0.157453,0,0,0,0,0,0,0,0,0,0,0,0
9589,C3D8,0.159206,0,0,0,0,0,0,0,0,0,0,0,0
9590,C3D8,0.159206,0,0,0,0,0,0,0,0,0,0,0,0
9591,C3D8,0.159206,0,0,0,0,0,0,0,0,0,0,0,0
9592,C3D8,0.160958,0,0,0,0,0,0,0,0,0,0,0,0
9593,C3D8,0.160958,0,0,0,0,0,0,0,0,0,0,0,0
9594,C3D8,0.160958,0,0,0,0,0,0,0,0,0,0,0,0
9595,C3D8,0.0376709,0,0,0,0,0,0,0,0,0,0,0,0
9596,C3D8,0.0376709,0,0,0,0,0,0,0,0,0,0,0,0
9597,C3D8,0.0376709,0,0,0,0,0,0,0,0,0,0,0,0
9598,C3D8,0.0471745,0,0,0,0,0,0,0,0,0,0,0,0
9599,C3D8,0.0471745,0,0,0,0,0,0,0,0,0,0,0,0
9600,C3D8,0.0471745,0,0,0,0,0,0,0,0,0,0,0,0
9601,C3D8,0.0566783,0,0,0,0,0,0,0,0,0,0,0,0
9602,C3D8,0.0566783,0,0,0,0,0,0,0,0,0,0,0,0
9603,C3D8,0.0566783,0,0,0,0,0,0,0,0,0,0,0,0
9604,C3D8,0.0661821,0,0,0,0,0,0,0,0,0,0,0,0
9605,C3D8,0.0661821,0,0,0,0,0,0,0,0,0,0,0,0
9606,C3D8,0.0661821,0,0,0,0,0,0,0,0,0,0,0,0
9607,C3D8,0.0366097,0,0,0,0,0,0,0,0,0,0,0,0
9608,C3D8,0.0366097,0,0,0,0,0,0,0,0,0,0,0,0
9609,C3D8,0.0366097,0,0,0,0,0,0,0,0,0,0,0,0
9610,C3D8,0.0389802,0,0,0,0,0,0,0,0,0,0,0,0
9611,C3D8,0.0389802,0,0,0,0,0,0,0,0,0,0,0,0
9612,C3D8,0.0389802,0,0,0,0,0,0,0,0,0,0,0,0
9613,C3D8,0.0413507,0,0,0,0,0,0,0,0,0,0,0,0
9614,C3D8,0.0413507,0,0,0,0,0,0,0,0,0,0,0,0
9615,C3D8,0.0413507,0,0,0,0,0,0,0,0,0,0,0,0
9616,C3D8,0.0437213,0,0,0,0,0,0,0,0,0,0,0,0
9617,C3D8,0.0437213,0,0,0,0,0,0,0,0,0,0,0,0
9618,C3D8,0.0437213,0,0,0,0,0,0,0,0,0,0,0,0
9619,C3D8,0.0460916,0,0,0,0,0,0,0,0,0,0,0,0
9620,C3D8,0.0460916,0,0,0,0,0,0,0,0,0,0,0,0
9621,C3D8,0.0460916,0,0,0,0,0,0,0,0,0,0,0,0
9622,C3D8,0.0484621,0,0,0,0,0,0,0,0,0,0,0,0
9623,C3D8,0.0484621,0,0,0,0,0,0,0,0,0,0,0,0
9624,C3D8,0.0484621,0,0,0,0,0,0,0,0,0,0,0,0
9625,C3D8,0.0508326,0,0,0,0,0,0,0,0,0,0,0,0
9626,C3D8,0.0508326,0,0,0,0,0,0,0,0,0,0,0,0
9627,C3D8,0.0508326,0,0,0,0,0,0,0,0,0,0,0,0
9628,C3D8,0.0532032,0,0,0,0,0,0,0,0,0,0,0,0
9629,C3D8,0.0532032,0,0,0,0,0,0,0,0,0,0,0,0
9630,C3D8,0.0532032,0,0,0,0,0,0,0,0,0,0,0,0
9631,C3D8,0.0555567,0,0,0,0,0,0,0,0,0,0,0,0
9632,C3D8,0.0555567,0,0,0,0,0,0,0,0,0,0,0,0
9633,C3D8,0.0555567,0,0,0,0,0,0,0,0,0,0,0,0
9634,C3D8,0.0579258,0,0,0,0,0,0,0,0,0,0,0,0
9635,C3D8,0.0579258,0,0,0,0,0,0,0,0,0,0,0,0
9636,C3D8,0.0579258,0,0,0,0,0,0,0,0,0,0,0,0
9637,C3D8,0.060295,0,0,0,0,0,0,0,0,0,0,0,0
9638,C3D8,0.060295,0,0,0,0,0,0,0,0,0,0,0,0
9639,C3D8,0.060295,0,0,0,0,0,0,0,0,0,0,0,0
9640,C3D8,0.062664,0,0,0,0,0,0,0,0,0,0,0,0
9641,C3D8,0.062664,0,0,0,0,0,0,0,0,0,0,0,0
9642,C3D8,0.062664,0,0,0,0,0,0,0,0,0,0,0,0
9643,C3D8,0.0650331,0,0,0,0,0,0,0,0,0,0,0,0
9644,C3D8,0.0650331,0,0,0,0,0,0,0,0,0,0,0,0
9645,C3D8,0.0650331,0,0,0,0,0,0,0,0,0,0,0,0
9646,C3D8,0.0674021,0,0,0,0,0,0,0,0,0,0,0,0
9647,C3D8,0.0674021,0,0,0,0,0,0,0,0,0,0,0,0
9648,C3D8,0.0674021,0,0,0,0,0,0,0,0,0,0,0,0
9649,C3D8,0.0697713,0,0,0,0,0,0,0,0,0,0,0,0
9650,C3D8,0.0697713,0,0,0,0,0,0,0,0,0,0,0,0
9651,C3D8,0.0697713,0,0,0,0,0,0,0,0,0,0,0,0
9652,C3D8,0.0721404,0,0,0,0,0,0,0,0,0,0,0,0
9653,C3D8,0.0721404,0,0,0,0,0,0,0,0,0,0,0,0
9654,C3D8,0.0721404,0,0,0,0,0,0,0,0,0,0,0,0
9655,C3D8,0.131293,0,0,0,0,0,0,0,0,0,0,0,0
9656,C3D8,0.131293,0,0,0,0,0,0,0,0,0,0,0,0
9657,C3D8,0.131293,0,0,0,0,0,0,0,0,0,0,0,0
9658,C3D8,0.133154,0,0,0,0,0,0,0,0,0,0,0,0
9659,C3D8,0.133154,0,0,0,0,0,0,0,0,0,0,0,0
9660,C3D8,0.133154,0,0,0,0,0,0,0,0,0,0,0,0
9661,C3D8,0.135015,0,0,0,0,0,0,0,0,0,0,0,0
9662,C3D8,0.135015,0,0,0,0,0,0,0,0,0,0,0,0
9663,C3D8,0.135015,0,0,0,0,0,0,0,0,0,0,0,0
9664,C3D8,0.136876,0,0,0,0,0,0,0,0,0,0,0,0
9665,C3D8,0.136876,0,0,0,0,0,0,0,0,0,0,0,0
9666,C3D8,0.136876,0,0,0,0,0,0,0,0,0,0,0,0
9667,C3D8,0.138736,0,0,0,0,0,0,0,0,0,0,0,0
9668,C3D8,0.138736,0,0,0,0,0,0,0,0,0,0,0,0
9669,C3D8,0.138736,0,0,0,0,0,0,0,0,0,0,0,0
9670,C3D8,0.140597,0,0,0,0,0,0,0,0,0,0,0,0
9671,C3D8,0.140597,0,0,0,0,0,0,0,0,0,0,0,0
9672,C3D8,0.140597,0,0,0,0,0,0,0,0,0,0,0,0
9673,C3D8,0.142458,0,0,0,0,0,0,0,0,0,0,0,0
9674,C3D8,0.142458,0,0,0,0,0,0,0,0,0,0,0,0
9675,C3D8,0.142458,0,0,0,0,0,0,0,0,0,0,0,0
9676,C3D8,0.144319,0,0,0,0,0,0,0,0,0,0,0,0
9677,C3D8,0.144319,0,0,0,0,0,0,0,0,0,0,0,0
9678,C3D8,0.144319,0,0,0,0,0,0,0,0,0,0,0,0
9679,C3D8,0.14618,0,0,0,0,0,0,0,0,0,0,0,0
9680,C3D8,0.14618,0,0,0,0,0,0,0,0,0,0,0,0
9681,C3D8,0.14618,0,0,0,0,0,0,0,0,0,0,0,0
9682,C3D8,0.148041,0,0,0,0,0,0,0,0,0,0,0,0
9683,C3D8,0.148041,0,0,0,0,0,0,0,0,0,0,0,0
9684,C3D8,0.148041,0,0,0,0,0,0,0,0,0,0,0,0
9685,C3D8,0.149902,0,0,0,0,0,0,0,0,0,0,0,0
9686,C3D8,0.149902,0,0,0,0,0,0,0,0,0,0,0,0
9687,C3D8,0.149902,0,0,0,0,0,0,0,0,0,0,0,0
9688,C3D8,0.151763,0,0,0,0,0,0,0,0,0,0,0,0
9689,C3D8,0.151763,0,0,0,0,0,0,0,0,0,0,0,0
9690,C3D8,0.151763,0,0,0,0,0,0,0,0,0,0,0,0
9691,C3D8,0.0376767,0,0,0,0,0,0,0,0,0,0,0,0
9692,C3D8,0.0376767,0,0,0,0,0,0,0,0,0,0,0,0
9693,C3D8,0.0376767,0,0,0,0,0,0,0,0,0,0,0,0
9694,C3D8,0.0471766,0,0,0,0,0,0,0,0,0,0,0,0
9695,C3D8,0.0471766,0,0,0,0,0,0,0,0,0,0,0,0
9696,C3D8,0.0471766,0,0,0,0,0,0,0,0,0,0,0,0
9697,C3D8,0.0566761,0,0,0,0,0,0,0,0,0,0,0,0
9698,C3D8,0.0566761,0,0,0,0,0,0,0,0,0,0,0,0
9699,C3D8,0.0566761,0,0,0,0,0,0,0,0,0,0,0,0
9700,C3D8,0.0661757,0,0,0,0,0,0,0,0,0,0,0,0
9701,C3D8,0.0661757,0,0,0,0,0,0,0,0,0,0,0,0
9702,C3D8,0.0661757,0,0,0,0,0,0,0,0,0,0,0,0
9703,C3D8,0.036611,0,0,0,0,0,0,0,0,0,0,0,0
9704,C3D8,0.036611,0,0,0,0,0,0,0,0,0,0,0,0
9705,C3D8,0.036611,0,0,0,0,0,0,0,0,0,0,0,0
9706,C3D8,0.0389811,0,0,0,0,0,0,0,0,0,0,0,0
9707,C3D8,0.0389811,0,0,0,0,0,0,0,0,0,0,0,0
9708,C3D8,0.0389811,0,0,0,0,0,0,0,0,0,0,0,0
9709,C3D8,0.0413512,0,0,0,0,0,0,0,0,0,0,0,0
9710,C3D8,0.0413512,0,0,0,0,0,0,0,0,0,0,0,0
9711,C3D8,0.0413512,0,0,0,0,0,0,0,0,0,0,0,0
9712,C3D8,0.0437214,0,0,0,0,0,0,0,0,0,0,0,0
9713,C3D8,0.0437214,0,0,0,0,0,0,0,0,0,0,0,0
9714,C3D8,0.0437214,0,0,0,0,0,0,0,0,0,0,0,0
9715,C3D8,0.0460914,0,0,0,0,0,0,0,0,0,0,0,0
9716,C3D8,0.0460914,0,0,0,0,0,0,0,0,0,0,0,0
9717,C3D8,0.0460914,0,0,0,0,0,0,0,0,0,0,0,0
9718,C3D8,0.0484616,0,0,0,0,0,0,0,0,0,0,0,0
9719,C3D8,0.0484616,0,0,0,0,0,0,0,0,0,0,0,0
9720,C3D8,0.0484616,0,0,0,0,0,0,0,0,0,0,0,0
9721,C3D8,0.0508317,0,0,0,0,0,0,0,0,0,0,0,0
9722,C3D8,0.0508317,0,0,0,0,0,0,0,0,0,0,0,0
9723,C3D8,0.0508317,0,0,0,0,0,0,0,0,0,0,0,0
9724,C3D8,0.0532018,0,0,0,0,0,0,0,0,0,0,0,0
9725,C3D8,0.0532019,0,0,0,0,0,0,0,0,0,0,0,0
9726,C3D8,0.0532019,0,0,0,0,0,0,0,0,0,0,0,0
9727,C3D8,0.0555573,0,0,0,0,0,0,0,0,0,0,0,0
9728,C3D8,0.0555573,0,0,0,0,0,0,0,0,0,0,0,0
9729,C3D8,0.0555573,0,0,0,0,0,0,0,0,0,0,0,0
9730,C3D8,0.0579262,0,0,0,0,0,0,0,0,0,0,0,0
9731,C3D8,0.0579262,0,0,0,0,0,0,0,0,0,0,0,0
9732,C3D8,0.0579262,0,0,0,0,0,0,0,0,0,0,0,0
9733,C3D8,0.0602953,0,0,0,0,0,0,0,0,0,0,0,0
9734,C3D8,0.0602953,0,0,0,0,0,0,0,0,0,0,0,0
9735,C3D8,0.0602953,0,0,0,0,0,0,0,0,0,0,0,0
9736,C3D8,0.0626641,0,0,0,0,0,0,0,0,0,0,0,0
9737,C3D8,0.0626641,0,0,0,0,0,0,0,0,0,0,0,0
9738,C3D8,0.0626641,0,0,0,0,0,0,0,0,0,0,0,0
9739,C3D8,0.065033,0,0,0,0,0,0,0,0,0,0,0,0
9740,C3D8,0.065033,0,0,0,0,0,0,0,0,0,0,0,0
9741,C3D8,0.065033,0,0,0,0,0,0,0,0,0,0,0,0
9742,C3D8,0.0674019,0,0,0,0,0,0,0,0,0,0,0,0
9743,C3D8,0.0674019,0,0,0,0,0,0,0,0,0,0,0,0
9744,C3D8,0.0674019,0,0,0,0,0,0,0,0,0,0,0,0
9745,C3D8,0.0697709,0,0,0,0,0,0,0,0,0,0,0,0
9746,C3D8,0.0697709,0,0,0,0,0,0,0,0,0,0,0,0
9747,C3D8,0.0697709,0,0,0,0,0,0,0,0,0,0,0,0
9748,C3D8,0.0721398,0,0,0,0,0,0,0,0,0,0,0,0
9749,C3D8,0.0721398,0,0,0,0,0,0,0,0,0,0,0,0
9750,C3D8,0.0721398,0,0,0,0,0,0,0,0,0,0,0,0
9751,C3D8,0.121346,0,0,0,0,0,0,0,0,0,0,0,0
9752,C3D8,0.121346,0,0,0,0,0,0,0,0,0,0,0,0
9753,C3D8,0.121346,0,0,0,0,0,0,0,0,0,0,0,0
9754,C3D8,0.123323,0,0,0,0,0,0,0,0,0,0,0,0
9755,C3D8,0.123323,0,0,0,0,0,0,0,0,0,0,0,0
9756,C3D8,0.123323,0,0,0,0,0,0,0,0,0,0,0,0
9757,C3D8,0.1253,0,0,0,0,0,0,0,0,0,0,0,0
9758,C3D8,0.1253,0,0,0,0,0,0,0,0,0,0,0,0
9759,C3D8,0.1253,0,0,0,0,0,0,0,0,0,0,0,0
9760,C3D8,0.127277,0,0,0,0,0,0,0,0,0,0,0,0
9761,C3D8,0.127277,0,0,0,0,0,0,0,0,0,0,0,0
9762,C3D8,0.127277,0,0,0,0,0,0,0,0,0,0,0,0
9763,C3D8,0.129253,0,0,0,0,0,0,0,0,0,0,0,0
9764,C3D8,0.129253,0,0,0,0,0,0,0,0,0,0,0,0
9765,C3D8,0.129253,0,0,0,0,0,0,0,0,0,0,0,0
9766,C3D8,0.13123,0,0,0,0,0,0,0,0,0,0,0,0
9767,C3D8,0.13123,0,0,0,0,0,0,0,0,0,0,0,0
9768,C3D8,0.13123,0,0,0,0,0,0,0,0,0,0,0,0
9769,C3D8,0.133207,0,0,0,0,0,0,0,0,0,0,0,0
9770,C3D8,0.133207,0,0,0,0,0,0,0,0,0,0,0,0
9771,C3D8,0.133207,0,0,0,0,0,0,0,0,0,0,0,0
9772,C3D8,0.135184,0,0,0,0,0,0,0,0,0,0,0,0
9773,C3D8,0.135184,0,0,0,0,0,0,0,0,0,0,0,0
9774,C3D8,0.135184,0,0,0,0,0,0,0,0,0,0,0,0
9775,C3D8,0.137161,0,0,0,0,0,0,0,0,0,0,0,0
9776,C3D8,0.137161,0,0,0,0,0,0,0,0,0,0,0,0
9777,C3D8,0.137161,0,0,0,0,0,0,0,0,0,0,0,0
9778,C3D8,0.139138,0,0,0,0,0,0,0,0,0,0,0,0
9779,C3D8,0.139138,0,0,0,0,0,0,0,0,0,0,0,0
9780,C3D8,0.139138,0,0,0,0,0,0,0,0,0,0,0,0
9781,C3D8,0.141114,0,0,0,0,0,0,0,0,0,0,0,0
9782,C3D8,0.141114,0,0,0,0,0,0,0,0,0,0,0,0
9783,C3D8,0.141114,0,0,0,0,0,0,0,0,0,0,0,0
9784,C3D8,0.143091,0,0,0,0,0,0,0,0,0,0,0,0
9785,C3D8,0.143091,0,0,0,0,0,0,0,0,0,0,0,0
9786,C3D8,0.143091,0,0,0,0,0,0,0,0,0,0,0,0
9787,C3D8,0.0376822,0,0,0,0,0,0,0,0,0,0,0,0
9788,C3D8,0.0376822,0,0,0,0,0,0,0,0,0,0,0,0
9789,C3D8,0.0376822,0,0,0,0,0,0,0,0,0,0,0,0
9790,C3D8,0.0471779,0,0,0,0,0,0,0,0,0,0,0,0
9791,C3D8,0.0471779,0,0,0,0,0,0,0,0,0,0,0,0
9792,C3D8,0.0471779,0,0,0,0,0,0,0,0,0,0,0,0
9793,C3D8,0.0566738,0,0,0,0,0,0,0,0,0,0,0,0
9794,C3D8,0.0566738,0,0,0,0,0,0,0,0,0,0,0,0
9795,C3D8,0.0566738,0,0,0,0,0,0,0,0,0,0,0,0
9796,C3D8,0.0661697,0,0,0,0,0,0,0,0,0,0,0,0
9797,C3D8,0.0661697,0,0,0,0,0,0,0,0,0,0,0,0
9798,C3D8,0.0661697,0,0,0,0,0,0,0,0,0,0,0,0
9799,C3D8,0.0366121,0,0,0,0,0,0,0,0,0,0,0,0
9800,C3D8,0.0366121,0,0,0,0,0,0,0,0,0,0,0,0
9801,C3D8,0.0366121,0,0,0,0,0,0,0,0,0,0,0,0
9802,C3D8,0.0389819,0,0,0,0,0,0,0,0,0,0,0,0
9803,C3D8,0.0389818,0,0,0,0,0,0,0,0,0,0,0,0
9804,C3D8,0.0389819,0,0,0,0,0,0,0,0,0,0,0,0
9805,C3D8,0.0413517,0,0,0,0,0,0,0,0,0,0,0,0
9806,C3D8,0.0413518,0,0,0,0,0,0,0,0,0,0,0,0
9807,C3D8,0.0413517,0,0,0,0,0,0,0,0,0,0,0,0
9808,C3D8,0.0437216,0,0,0,0,0,0,0,0,0,0,0,0
9809,C3D8,0.0437216,0,0,0,0,0,0,0,0,0,0,0,0
9810,C3D8,0.0437216,0,0,0,0,0,0,0,0,0,0,0,0
9811,C3D8,0.0460913,0,0,0,0,0,0,0,0,0,0,0,0
9812,C3D8,0.0460913,0,0,0,0,0,0,0,0,0,0,0,0
9813,C3D8,0.0460913,0,0,0,0,0,0,0,0,0,0,0,0
9814,C3D8,0.048461,0,0,0,0,0,0,0,0,0,0,0,0
9815,C3D8,0.048461,0,0,0,0,0,0,0,0,0,0,0,0
9816,C3D8,0.048461,0,0,0,0,0,0,0,0,0,0,0,0
9817,C3D8,0.0508309,0,0,0,0,0,0,0,0,0,0,0,0
9818,C3D8,0.0508309,0,0,0,0,0,0,0,0,0,0,0,0
9819,C3D8,0.0508309,0,0,0,0,0,0,0,0,0,0,0,0
9820,C3D8,0.0532008,0,0,0,0,0,0,0,0,0,0,0,0
9821,C3D8,0.0532008,0,0,0,0,0,0,0,0,0,0,0,0
9822,C3D8,0.0532008,0,0,0,0,0,0,0,0,0,0,0,0
9823,C3D8,0.055558,0,0,0,0,0,0,0,0,0,0,0,0
9824,C3D8,0.055558,0,0,0,0,0,0,0,0,0,0,0,0
9825,C3D8,0.055558,0,0,0,0,0,0,0,0,0,0,0,0
9826,C3D8,0.0579266,0,0,0,0,0,0,0,0,0,0,0,0
9827,C3D8,0.0579266,0,0,0,0,0,0,0,0,0,0,0,0
9828,C3D8,0.0579266,0,0,0,0,0,0,0,0,0,0,0,0
9829,C3D8,0.0602954,0,0,0,0,0,0,0,0,0,0,0,0
9830,C3D8,0.0602954,0,0,0,0,0,0,0,0,0,0,0,0
9831,C3D8,0.0602954,0,0,0,0,0,0,0,0,0,0,0,0
9832,C3D8,0.0626641,0,0,0,0,0,0,0,0,0,0,0,0
9833,C3D8,0.0626642,0,0,0,0,0,0,0,0,0,0,0,0
9834,C3D8,0.0626642,0,0,0,0,0,0,0,0,0,0,0,0
9835,C3D8,0.0650328,0,0,0,0,0,0,0,0,0,0,0,0
9836,C3D8,0.0650328,0,0,0,0,0,0,0,0,0,0,0,0
9837,C3D8,0.0650328,0,0,0,0,0,0,0,0,0,0,0,0
9838,C3D8,0.0674017,0,0,0,0,0,0,0,0,0,0,0,0
9839,C3D8,0.0674017,0,0,0,0,0,0,0,0,0,0,0,0
9840,C3D8,0.0674017,0,0,0,0,0,0,0,0,0,0,0,0
9841,C3D8,0.0697704,0,0,0,0,0,0,0,0,0,0,0,0
9842,C3D8,0.0697704,0,0,0,0,0,0,0,0,0,0,0,0
9843,C3D8,0.0697704,0,0,0,0,0,0,0,0,0,0,0,0
9844,C3D8,0.0721391,0,0,0,0,0,0,0,0,0,0,0,0
9845,C3D8,0.0721391,0,0,0,0,0,0,0,0,0,0,0,0
9846,C3D8,0.0721391,0,0,0,0,0,0,0,0,0,0,0,0
9847,C3D8,0.111889,0,0,0,0,0,0,0,0,0,0,0,0
9848,C3D8,0.111889,0,0,0,0,0,0,0,0,0,0,0,0
9849,C3D8,0.111889,0,0,0,0,0,0,0,0,0,0,0,0
9850,C3D8,0.113987,0,0,0,0,0,0,0,0,0,0,0,0
9851,C3D8,0.113987,0,0,0,0,0,0,0,0,0,0,0,0
9852,C3D8,0.113987,0,0,0,0,0,0,0,0,0,0,0,0
9853,C3D8,0.116084,0,0,0,0,0,0,0,0,0,0,0,0
9854,C3D8,0.116084,0,0,0,0,0,0,0,0,0,0,0,0
9855,C3D8,0.116084,0,0,0,0,0,0,0,0,0,0,0,0
9856,C3D8,0.118182,0,0,0,0,0,0,0,0,0,0,0,0
9857,C3D8,0.118182,0,0,0,0,0,0,0,0,0,0,0,0
9858,C3D8,0.118182,0,0,0,0,0,0,0,0,0,0,0,0
9859,C3D8,0.120279,0,0,0,0,0,0,0,0,0,0,0,0
9860,C3D8,0.120279,0,0,0,0,0,0,0,0,0,0,0,0
9861,C3D8,0.120279,0,0,0,0,0,0,0,0,0,0,0,0
9862,C3D8,0.122377,0,0,0,0,0,0,0,0,0,0,0,0
9863,C3D8,0.122377,0,0,0,0,0,0,0,0,0,0,0,0
9864,C3D8,0.122377,0,0,0,0,0,0,0,0,0,0,0,0
9865,C3D8,0.124475,0,0,0,0,0,0,0,0,0,0,0,0
9866,C3D8,0.124475,0,0,0,0,0,0,0,0,0,0,0,0
9867,C3D8,0.124475,0,0,0,0,0,0,0,0,0,0,0,0
9868,C3D8,0.126572,0,0,0,0,0,0,0,0,0,0,0,0
9869,C3D8,0.126572,0,0,0,0,0,0,0,0,0,0,0,0
9870,C3D8,0.126572,0,0,0,0,0,0,0,0,0,0,0,0
9871,C3D8,0.12867,0,0,0,0,0,0,0,0,0,0,0,0
9872,C3D8,0.12867,0,0,0,0,0,0,0,0,0,0,0,0
9873,C3D8,0.12867,0,0,0,0,0,0,0,0,0,0,0,0
9874,C3D8,0.130767,0,0,0,0,0,0,0,0,0,0,0,0
9875,C3D8,0.130767,0,0,0,0,0,0,0,0,0,0,0,0
9876,C3D8,0.130767,0,0,0,0,0,0,0,0,0,0,0,0
9877,C3D8,0.132865,0,0,0,0,0,0,0,0,0,0,0,0
9878,C3D8,0.132865,0,0,0,0,0,0,0,0,0,0,0,0
9879,C3D8,0.132865,0,0,0,0,0,0,0,0,0,0,0,0
9880,C3D8,0.134962,0,0,0,0,0,0,0,0,0,0,0,0
9881,C3D8,0.134962,0,0,0,0,0,0,0,0,0,0,0,0
9882,C3D8,0.134962,0,0,0,0,0,0,0,0,0,0,0,0
9883,C3D8,0.0376871,0,0,0,0,0,0,0,0,0,0,0,0
9884,C3D8,0.0376871,0,0,0,0,0,0,0,0,0,0,0,0
9885,C3D8,0.0376871,0,0,0,0,0,0,0,0,0,0,0,0
9886,C3D8,0.0471795,0,0,0,0,0,0,0,0,0,0,0,0
9887,C3D8,0.0471795,0,0,0,0,0,0,0,0,0,0,0,0
9888,C3D8,0.0471795,0,0,0,0,0,0,0,0,0,0,0,0
9889,C3D8,0.056672,0,0,0,0,0,0,0,0,0,0,0,0
9890,C3D8,0.056672,0,0,0,0,0,0,0,0,0,0,0,0
9891,C3D8,0.056672,0,0,0,0,0,0,0,0,0,0,0,0
9892,C3D8,0.0661642,0,0,0,0,0,0,0,0,0,0,0,0
9893,C3D8,0.0661642,0,0,0,0,0,0,0,0,0,0,0,0
9894,C3D8,0.0661642,0,0,0,0,0,0,0,0,0,0,0,0
9895,C3D8,0.0366131,0,0,0,0,0,0,0,0,0,0,0,0
9896,C3D8,0.0366131,0,0,0,0,0,0,0,0,0,0,0,0
9897,C3D8,0.0366131,0,0,0,0,0,0,0,0,0,0,0,0
9898,C3D8,0.0389827,0,0,0,0,0,0,0,0,0,0,0,0
9899,C3D8,0.0389827,0,0,0,0,0,0,0,0,0,0,0,0
9900,C3D8,0.0389827,0,0,0,0,0,0,0,0,0,0,0,0
9901,C3D8,0.0413522,0,0,0,0,0,0,0,0,0,0,0,0
9902,C3D8,0.0413522,0,0,0,0,0,0,0,0,0,0,0,0
9903,C3D8,0.0413522,0,0,0,0,0,0,0,0,0,0,0,0
9904,C3D8,0.0437216,0,0,0,0,0,0,0,0,0,0,0,0
9905,C3D8,0.0437217,0,0,0,0,0,0,0,0,0,0,0,0
9906,C3D8,0.0437217,0,0,0,0,0,0,0,0,0,0,0,0
9907,C3D8,0.0460911,0,0,0,0,0,0,0,0,0,0,0,0
9908,C3D8,0.0460911,0,0,0,0,0,0,0,0,0,0,0,0
9909,C3D8,0.0460911,0,0,0,0,0,0,0,0,0,0,0,0
9910,C3D8,0.0484606,0,0,0,0,0,0,0,0,0,0,0,0
9911,C3D8,0.0484605,0,0,0,0,0,0,0,0,0,0,0,0
9912,C3D8,0.0484606,0,0,0,0,0,0,0,0,0,0,0,0
9913,C3D8,0.0508301,0,0,0,0,0,0,0,0,0,0,0,0
9914,C3D8,0.0508301,0,0,0,0,0,0,0,0,0,0,0,0
9915,C3D8,0.0508301,0,0,0,0,0,0,0,0,0,0,0,0
9916,C3D8,0.0531996,0,0,0,0,0,0,0,0,0,0,0,0
9917,C3D8,0.0531996,0,0,0,0,0,0,0,0,0,0,0,0
9918,C3D8,0.0531996,0,0,0,0,0,0,0,0,0,0,0,0
9919,C3D8,0.0555583,0,0,0,0,0,0,0,0,0,0,0,0
9920,C3D8,0.0555583,0,0,0,0,0,0,0,0,0,0,0,0
9921,C3D8,0.0555583,0,0,0,0,0,0,0,0,0,0,0,0
9922,C3D8,0.057927,0,0,0,0,0,0,0,0,0,0,0,0
9923,C3D8,0.057927,0,0,0,0,0,0,0,0,0,0,0,0
9924,C3D8,0.057927,0,0,0,0,0,0,0,0,0,0,0,0
9925,C3D8,0.0602955,0,0,0,0,0,0,0,0,0,0,0,0
9926,C3D8,0.0602955,0,0,0,0,0,0,0,0,0,0,0,0
9927,C3D8,0.0602955,0,0,0,0,0,0,0,0,0,0,0,0
9928,C3D8,0.0626642,0,0,0,0,0,0,0,0,0,0,0,0
9929,C3D8,0.0626642,0,0,0,0,0,0,0,0,0,0,0,0
9930,C3D8,0.0626642,0,0,0,0,0,0,0,0,0,0,0,0
9931,C3D8,0.0650329,0,0,0,0,0,0,0,0,0,0,0,0
9932,C3D8,0.0650329,0,0,0,0,0,0,0,0,0,0,0,0
9933,C3D8,0.0650329,0,0,0,0,0,0,0,0,0,0,0,0
9934,C3D8,0.0674014,0,0,0,0,0,0,0,0,0,0,0,0
9935,C3D8,0.0674014,0,0,0,0,0,0,0,0,0,0,0,0
9936,C3D8,0.0674014,0,0,0,0,0,0,0,0,0,0,0,0
9937,C3D8,0.0697701,0,0,0,0,0,0,0,0,0,0,0,0
9938,C3D8,0.0697701,0,0,0,0,0,0,0,0,0,0,0,0
9939,C3D8,0.0697701,0,0,0,0,0,0,0,0,0,0,0,0
9940,C3D8,0.0721387,0,0,0,0,0,0,0,0,0,0,0,0
9941,C3D8,0.0721387,0,0,0,0,0,0,0,0,0,0,0,0
9942,C3D8,0.0721387,0,0,0,0,0,0,0,0,0,0,0,0
9943,C3D8,0.10297,0,0,0,0,0,0,0,0,0,0,0,0
9944,C3D8,0.10297,0,0,0,0,0,0,0,0,0,0,0,0
9945,C3D8,0.10297,0,0,0,0,0,0,0,0,0,0,0,0
9946,C3D8,0.10519,0,0,0,0,0,0,0,0,0,0,0,0
9947,C3D8,0.10519,0,0,0,0,0,0,0,0,0,0,0,0
9948,C3D8,0.10519,0,0,0,0,0,0,0,0,0,0,0,0
9949,C3D8,0.107411,0,0,0,0,0,0,0,0,0,0,0,0
9950,C3D8,0.107411,0,0,0,0,0,0,0,0,0,0,0,0
9951,C3D8,0.107411,0,0,0,0,0,0,0,0,0,0,0,0
9952,C3D8,0.109631,0,0,0,0,0,0,0,0,0,0,0,0
9953,C3D8,0.109631,0,0,0,0,0,0,0,0,0,0,0,0
9954,C3D8,0.109631,0,0,0,0,0,0,0,0,0,0,0,0
9955,C3D8,0.111851,0,0,0,0,0,0,0,0,0,0,0,0
9956,C3D8,0.111851,0,0,0,0,0,0,0,0,0,0,0,0
9957,C3D8,0.111851,0,0,0,0,0,0,0,0,0,0,0,0
9958,C3D8,0.114071,0,0,0,0,0,0,0,0,0,0,0,0
9959,C3D8,0.114071,0,0,0,0,0,0,0,0,0,0,0,0
9960,C3D8,0.114071,0,0,0,0,0,0,0,0,0,0,0,0
9961,C3D8,0.116292,0,0,0,0,0,0,0,0,0,0,0,0
9962,C3D8,0.116292,0,0,0,0,0,0,0,0,0,0,0,0
9963,C3D8,0.116292,0,0,0,0,0,0,0,0,0,0,0,0
9964,C3D8,0.118511,0,0,0,0,0,0,0,0,0,0,0,0
9965,C3D8,0.118511,0,0,0,0,0,0,0,0,0,0,0,0
9966,C3D8,0.118511,0,0,0,0,0,0,0,0,0,0,0,0
9967,C3D8,0.120732,0,0,0,0,0,0,0,0,0,0,0,0
9968,C3D8,0.120732,0,0,0,0,0,0,0,0,0,0,0,0
9969,C3D8,0.120732,0,0,0,0,0,0,0,0,0,0,0,0
9970,C3D8,0.122952,0,0,0,0,0,0,0,0,0,0,0,0
9971,C3D8,0.122952,0,0,0,0,0,0,0,0,0,0,0,0
9972,C3D8,0.122952,0,0,0,0,0,0,0,0,0,0,0,0
9973,C3D8,0.125172,0,0,0,0,0,0,0,0,0,0,0,0
9974,C3D8,0.125172,0,0,0,0,0,0,0,0,0,0,0,0
9975,C3D8,0.125172,0,0,0,0,0,0,0,0,0,0,0,0
9976,C3D8,0.127392,0,0,0,0,0,0,0,0,0,0,0,0
9977,C3D8,0.127392,0,0,0,0,0,0,0,0,0,0,0,0
9978,C3D8,0.127392,0,0,0,0,0,0,0,0,0,0,0,0
9979,C3D8,0.0376919,0,0,0,0,0,0,0,0,0,0,0,0
9980,C3D8,0.0376919,0,0,0,0,0,0,0,0,0,0,0,0
9981,C3D8,0.0376919,0,0,0,0,0,0,0,0,0,0,0,0
9982,C3D8,0.0471809,0,0,0,0,0,0,0,0,0,0,0,0
9983,C3D8,0.0471809,0,0,0,0,0,0,0,0,0,0,0,0
9984,C3D8,0.0471809,0,0,0,0,0,0,0,0,0,0,0,0
9985,C3D8,0.0566698,0,0,0,0,0,0,0,0,0,0,0,0
9986,C3D8,0.0566698,0,0,0,0,0,0,0,0,0,0,0,0
9987,C3D8,0.0566698,0,0,0,0,0,0,0,0,0,0,0,0
9988,C3D8,0.0661592,0,0,0,0,0,0,0,0,0,0,0,0
9989,C3D8,0.0661592,0,0,0,0,0,0,0,0,0,0,0,0
9990,C3D8,0.0661592,0,0,0,0,0,0,0,0,0,0,0,0
9991,C3D8,0.0366142,0,0,0,0,0,0,0,0,0,0,0,0
9992,C3D8,0.0366142,0,0,0,0,0,0,0,0,0,0,0,0
9993,C3D8,0.0366142,0,0,0,0,0,0,0,0,0,0,0,0
9994,C3D8,0.0389834,0,0,0,0,0,0,0,0,0,0,0,0
9995,C3D8,0.0389834,0,0,0,0,0,0,0,0,0,0,0,0
9996,C3D8,0.0389834,0,0,0,0,0,0,0,0,0,0,0,0
9997,C3D8,0.0413526,0,0,0,0,0,0,0,0,0,0,0,0
9998,C3D8,0.0413526,0,0,0,0,0,0,0,0,0,0,0,0
9999,C3D8,0.0413526,0,0,0,0,0,0,0,0,0,0,0,0
10000,C3D8,0.0437218,0,0,0,0,0,0,0,0,0,0,0,0
10001,C3D8,0.0437218,0,0,0,0,0,0,0,0,0,0,0,0
10002,C3D8,0.0437218,0,0,0,0,0,0,0,0,0,0,0,0
10003,C3D8,0.046091,0,0,0,0,0,0,0,0,0,0,0,0
10004,C3D8,0.046091,0,0,0,0,0,0,0,0,0,0,0,0
10005,C3D8,0.046091,0,0,0,0,0,0,0,0,0,0,0,0
10006,C3D8,0.0484601,0,0,0,0,0,0,0,0,0,0,0,0
10007,C3D8,0.0484601,0,0,0,0,0,0,0,0,0,0,0,0
10008,C3D8,0.0484601,0,0,0,0,0,0,0,0,0,0,0,0
10009,C3D8,0.0508295,0,0,0,0,0,0,0,0,0,0,0,0
10010,C3D8,0.0508295,0,0,0,0,0,0,0,0,0,0,0,0
10011,C3D8,0.0508295,0,0,0,0,0,0,0,0,0,0,0,0
10012,C3D8,0.0531986,0,0,0,0,0,0,0,0,0,0,0,0
10013,C3D8,0.0531986,0,0,0,0,0,0,0,0,0,0,0,0
10014,C3D8,0.0531986,0,0,0,0,0,0,0,0,0,0,0,0
10015,C3D8,0.0555589,0,0,0,0,0,0,0,0,0,0,0,0
10016,C3D8,0.0555589,0,0,0,0,0,0,0,0,0,0,0,0
10017,C3D8,0.0555589,0,0,0,0,0,0,0,0,0,0,0,0
10018,C3D8,0.0579274,0,0,0,0,0,0,0,0,0,0,0,0
10019,C3D8,0.0579274,0,0,0,0,0,0,0,0,0,0,0,0
10020,C3D8,0.0579274,0,0,0,0,0,0,0,0,0,0,0,0
10021,C3D8,0.0602958,0,0,0,0,0,0,0,0,0,0,0,0
10022,C3D8,0.0602959,0,0,0,0,0,0,0,0,0,0,0,0
10023,C3D8,0.0602959,0,0,0,0,0,0,0,0,0,0,0,0
10024,C3D8,0.0626643,0,0,0,0,0,0,0,0,0,0,0,0
10025,C3D8,0.0626643,0,0,0,0,0,0,0,0,0,0,0,0
10026,C3D8,0.0626643,0,0,0,0,0,0,0,0,0,0,0,0
10027,C3D8,0.0650328,0,0,0,0,0,0,0,0,0,0,0,0
10028,C3D8,0.0650328,0,0,0,0,0,0,0,0,0,0,0,0
10029,C3D8,0.0650328,0,0,0,0,0,0,0,0,0,0,0,0
10030,C3D8,0.0674011,0,0,0,0,0,0,0,0,0,0,0,0
10031,C3D8,0.0674011,0,0,0,0,0,0,0,0,0,0,0,0
10032,C3D8,0.0674011,0,0,0,0,0,0,0,0,0,0,0,0
10033,C3D8,0.0697696,0,0,0,0,0,0,0,0,0,0,0,0
10034,C3D8,0.0697697,0,0,0,0,0,0,0,0,0,0,0,0
10035,C3D8,0.0697697,0,0,0,0,0,0,0,0,0,0,0,0
10036,C3D8,0.0721382,0,0,0,0,0,0,0,0,0,0,0,0
10037,C3D8,0.0721382,0,0,0,0,0,0,0,0,0,0,0,0
10038,C3D8,0.0721382,0,0,0,0,0,0,0,0,0,0,0,0
10039,C3D8,0.0946325,0,0,0,0,0,0,0,0,0,0,0,0
10040,C3D8,0.0946325,0,0,0,0,0,0,0,0,0,0,0,0
10041,C3D8,0.0946325,0,0,0,0,0,0,0,0,0,0,0,0
10042,C3D8,0.0969749,0,0,0,0,0,0,0,0,0,0,0,0
10043,C3D8,0.0969749,0,0,0,0,0,0,0,0,0,0,0,0
10044,C3D8,0.0969749,0,0,0,0,0,0,0,0,0,0,0,0
10045,C3D8,0.099317,0,0,0,0,0,0,0,0,0,0,0,0
10046,C3D8,0.099317,0,0,0,0,0,0,0,0,0,0,0,0
10047,C3D8,0.099317,0,0,0,0,0,0,0,0,0,0,0,0
10048,C3D8,0.101659,0,0,0,0,0,0,0,0,0,0,0,0
10049,C3D8,0.101659,0,0,0,0,0,0,0,0,0,0,0,0
10050,C3D8,0.101659,0,0,0,0,0,0,0,0,0,0,0,0
10051,C3D8,0.104002,0,0,0,0,0,0,0,0,0,0,0,0
10052,C3D8,0.104002,0,0,0,0,0,0,0,0,0,0,0,0
10053,C3D8,0.104002,0,0,0,0,0,0,0,0,0,0,0,0
10054,C3D8,0.106344,0,0,0,0,0,0,0,0,0,0,0,0
10055,C3D8,0.106344,0,0,0,0,0,0,0,0,0,0,0,0
10056,C3D8,0.106344,0,0,0,0,0,0,0,0,0,0,0,0
10057,C3D8,0.108686,0,0,0,0,0,0,0,0,0,0,0,0
10058,C3D8,0.108686,0,0,0,0,0,0,0,0,0,0,0,0
10059,C3D8,0.108686,0,0,0,0,0,0,0,0,0,0,0,0
10060,C3D8,0.111028,0,0,0,0,0,0,0,0,0,0,0,0
10061,C3D8,0.111028,0,0,0,0,0,0,0,0,0,0,0,0
10062,C3D8,0.111028,0,0,0,0,0,0,0,0,0,0,0,0
10063,C3D8,0.113371,0,0,0,0,0,0,0,0,0,0,0,0
10064,C3D8,0.113371,0,0,0,0,0,0,0,0,0,0,0,0
10065,C3D8,0.113371,0,0,0,0,0,0,0,0,0,0,0,0
10066,C3D8,0.115713,0,0,0,0,0,0,0,0,0,0,0,0
10067,C3D8,0.115713,0,0,0,0,0,0,0,0,0,0,0,0
10068,C3D8,0.115713,0,0,0,0,0,0,0,0,0,0,0,0
10069,C3D8,0.118055,0,0,0,0,0,0,0,0,0,0,0,0
10070,C3D8,0.118055,0,0,0,0,0,0,0,0,0,0,0,0
10071,C3D8,0.118055,0,0,0,0,0,0,0,0,0,0,0,0
10072,C3D8,0.120397,0,0,0,0,0,0,0,0,0,0,0,0
10073,C3D8,0.120397,0,0,0,0,0,0,0,0,0,0,0,0
10074,C3D8,0.120397,0,0,0,0,0,0,0,0,0,0,0,0
10075,C3D8,0.0376959,0,0,0,0,0,0,0,0,0,0,0,0
10076,C3D8,0.0376959,0,0,0,0,0,0,0,0,0,0,0,0
10077,C3D8,0.0376959,0,0,0,0,0,0,0,0,0,0,0,0
10078,C3D8,0.0471823,0,0,0,0,0,0,0,0,0,0,0,0
10079,C3D8,0.0471823,0,0,0,0,0,0,0,0,0,0,0,0
10080,C3D8,0.0471823,0,0,0,0,0,0,0,0,0,0,0,0
10081,C3D8,0.0566684,0,0,0,0,0,0,0,0,0,0,0,0
10082,C3D8,0.0566684,0,0,0,0,0,0,0,0,0,0,0,0
10083,C3D8,0.0566684,0,0,0,0,0,0,0,0,0,0,0,0
10084,C3D8,0.0661543,0,0,0,0,0,0,0,0,0,0,0,0
10085,C3D8,0.0661543,0,0,0,0,0,0,0,0,0,0,0,0
10086,C3D8,0.0661543,0,0,0,0,0,0,0,0,0,0,0,0
10087,C3D8,0.0366149,0,0,0,0,0,0,0,0,0,0,0,0
10088,C3D8,0.0366149,0,0,0,0,0,0,0,0,0,0,0,0
10089,C3D8,0.0366149,0,0,0,0,0,0,0,0,0,0,0,0
10090,C3D8,0.0389838,0,0,0,0,0,0,0,0,0,0,0,0
10091,C3D8,0.0389838,0,0,0,0,0,0,0,0,0,0,0,0
10092,C3D8,0.0389838,0,0,0,0,0,0,0,0,0,0,0,0
10093,C3D8,0.0413528,0,0,0,0,0,0,0,0,0,0,0,0
10094,C3D8,0.0413528,0,0,0,0,0,0,0,0,0,0,0,0
10095,C3D8,0.0413528,0,0,0,0,0,0,0,0,0,0,0,0
10096,C3D8,0.0437218,0,0,0,0,0,0,0,0,0,0,0,0
10097,C3D8,0.0437219,0,0,0,0,0,0,0,0,0,0,0,0
10098,C3D8,0.0437219,0,0,0,0,0,0,0,0,0,0,0,0
10099,C3D8,0.0460909,0,0,0,0,0,0,0,0,0,0,0,0
10100,C3D8,0.0460909,0,0,0,0,0,0,0,0,0,0,0,0
10101,C3D8,0.0460909,0,0,0,0,0,0,0,0,0,0,0,0
10102,C3D8,0.0484597,0,0,0,0,0,0,0,0,0,0,0,0
10103,C3D8,0.0484597,0,0,0,0,0,0,0,0,0,0,0,0
10104,C3D8,0.0484597,0,0,0,0,0,0,0,0,0,0,0,0
10105,C3D8,0.0508287,0,0,0,0,0,0,0,0,0,0,0,0
10106,C3D8,0.0508287,0,0,0,0,0,0,0,0,0,0,0,0
10107,C3D8,0.0508287,0,0,0,0,0,0,0,0,0,0,0,0
10108,C3D8,0.0531977,0,0,0,0,0,0,0,0,0,0,0,0
10109,C3D8,0.0531977,0,0,0,0,0,0,0,0,0,0,0,0
10110,C3D8,0.0531977,0,0,0,0,0,0,0,0,0,0,0,0
10111,C3D8,0.0555594,0,0,0,0,0,0,0,0,0,0,0,0
10112,C3D8,0.0555595,0,0,0,0,0,0,0,0,0,0,0,0
10113,C3D8,0.0555595,0,0,0,0,0,0,0,0,0,0,0,0
10114,C3D8,0.0579277,0,0,0,0,0,0,0,0,0,0,0,0
10115,C3D8,0.0579277,0,0,0,0,0,0,0,0,0,0,0,0
10116,C3D8,0.0579277,0,0,0,0,0,0,0,0,0,0,0,0
10117,C3D8,0.0602961,0,0,0,0,0,0,0,0,0,0,0,0
10118,C3D8,0.0602961,0,0,0,0,0,0,0,0,0,0,0,0
10119,C3D8,0.0602961,0,0,0,0,0,0,0,0,0,0,0,0
10120,C3D8,0.0626644,0,0,0,0,0,0,0,0,0,0,0,0
10121,C3D8,0.0626644,0,0,0,0,0,0,0,0,0,0,0,0
10122,C3D8,0.0626644,0,0,0,0,0,0,0,0,0,0,0,0
10123,C3D8,0.0650327,0,0,0,0,0,0,0,0,0,0,0,0
10124,C3D8,0.0650327,0,0,0,0,0,0,0,0,0,0,0,0
10125,C3D8,0.0650327,0,0,0,0,0,0,0,0,0,0,0,0
10126,C3D8,0.0674011,0,0,0,0,0,0,0,0,0,0,0,0
10127,C3D8,0.0674011,0,0,0,0,0,0,0,0,0,0,0,0
10128,C3D8,0.0674011,0,0,0,0,0,0,0,0,0,0,0,0
10129,C3D8,0.0697693,0,0,0,0,0,0,0,0,0,0,0,0
10130,C3D8,0.0697693,0,0,0,0,0,0,0,0,0,0,0,0
10131,C3D8,0.0697693,0,0,0,0,0,0,0,0,0,0,0,0
10132,C3D8,0.0721377,0,0,0,0,0,0,0,0,0,0,0,0
10133,C3D8,0.0721377,0,0,0,0,0,0,0,0,0,0,0,0
10134,C3D8,0.0721377,0,0,0,0,0,0,0,0,0,0,0,0
10135,C3D8,0.0869181,0,0,0,0,0,0,0,0,0,0,0,0
10136,C3D8,0.0869181,0,0,0,0,0,0,0,0,0,0,0,0
10137,C3D8,0.0869181,0,0,0,0,0,0,0,0,0,0,0,0
10138,C3D8,0.0893794,0,0,0,0,0,0,0,0,0,0,0,0
10139,C3D8,0.0893794,0,0,0,0,0,0,0,0,0,0,0,0
10140,C3D8,0.0893794,0,0,0,0,0,0,0,0,0,0,0,0
10141,C3D8,0.0918405,0,0,0,0,0,0,0,0,0,0,0,0
10142,C3D8,0.0918405,0,0,0,0,0,0,0,0,0,0,0,0
10143,C3D8,0.0918405,0,0,0,0,0,0,0,0,0,0,0,0
10144,C3D8,0.0943016,0,0,0,0,0,0,0,0,0,0,0,0
10145,C3D8,0.0943016,0,0,0,0,0,0,0,0,0,0,0,0
10146,C3D8,0.0943016,0,0,0,0,0,0,0,0,0,0,0,0
10147,C3D8,0.0967629,0,0,0,0,0,0,0,0,0,0,0,0
10148,C3D8,0.0967629,0,0,0,0,0,0,0,0,0,0,0,0
10149,C3D8,0.0967629,0,0,0,0,0,0,0,0,0,0,0,0
10150,C3D8,0.099224,0,0,0,0,0,0,0,0,0,0,0,0
10151,C3D8,0.099224,0,0,0,0,0,0,0,0,0,0,0,0
10152,C3D8,0.099224,0,0,0,0,0,0,0,0,0,0,0,0
10153,C3D8,0.101685,0,0,0,0,0,0,0,0,0,0,0,0
10154,C3D8,0.101685,0,0,0,0,0,0,0,0,0,0,0,0
10155,C3D8,0.101685,0,0,0,0,0,0,0,0,0,0,0,0
10156,C3D8,0.104146,0,0,0,0,0,0,0,0,0,0,0,0
10157,C3D8,0.104146,0,0,0,0,0,0,0,0,0,0,0,0
10158,C3D8,0.104146,0,0,0,0,0,0,0,0,0,0,0,0
10159,C3D8,0.106608,0,0,0,0,0,0,0,0,0,0,0,0
10160,C3D8,0.106608,0,0,0,0,0,0,0,0,0,0,0,0
10161,C3D8,0.106608,0,0,0,0,0,0,0,0,0,0,0,0
10162,C3D8,0.109069,0,0,0,0,0,0,0,0,0,0,0,0
10163,C3D8,0.109069,0,0,0,0,0,0,0,0,0,0,0,0
10164,C3D8,0.109069,0,0,0,0,0,0,0,0,0,0,0,0
10165,C3D8,0.11153,0,0,0,0,0,0,0,0,0,0,0,0
10166,C3D8,0.11153,0,0,0,0,0,0,0,0,0,0,0,0
10167,C3D8,0.11153,0,0,0,0,0,0,0,0,0,0,0,0
10168,C3D8,0.113991,0,0,0,0,0,0,0,0,0,0,0,0
10169,C3D8,0.113991,0,0,0,0,0,0,0,0,0,0,0,0
10170,C3D8,0.113991,0,0,0,0,0,0,0,0,0,0,0,0
10171,C3D8,0.0376995,0,0,0,0,0,0,0,0,0,0,0,0
10172,C3D8,0.0376995,0,0,0,0,0,0,0,0,0,0,0,0
10173,C3D8,0.0376995,0,0,0,0,0,0,0,0,0,0,0,0
10174,C3D8,0.0471829,0,0,0,0,0,0,0,0,0,0,0,0
10175,C3D8,0.0471829,0,0,0,0,0,0,0,0,0,0,0,0
10176,C3D8,0.0471829,0,0,0,0,0,0,0,0,0,0,0,0
10177,C3D8,0.0566668,0,0,0,0,0,0,0,0,0,0,0,0
10178,C3D8,0.0566668,0,0,0,0,0,0,0,0,0,0,0,0
10179,C3D8,0.0566668,0,0,0,0,0,0,0,0,0,0,0,0
10180,C3D8,0.0661506,0,0,0,0,0,0,0,0,0,0,0,0
10181,C3D8,0.0661506,0,0,0,0,0,0,0,0,0,0,0,0
10182,C3D8,0.0661506,0,0,0,0,0,0,0,0,0,0,0,0
10183,C3D8,0.0366159,0,0,0,0,0,0,0,0,0,0,0,0
10184,C3D8,0.0366159,0,0,0,0,0,0,0,0,0,0,0,0
10185,C3D8,0.0366159,0,0,0,0,0,0,0,0,0,0,0,0
10186,C3D8,0.0389847,0,0,0,0,0,0,0,0,0,0,0,0
10187,C3D8,0.0389847,0,0,0,0,0,0,0,0,0,0,0,0
10188,C3D8,0.0389847,0,0,0,0,0,0,0,0,0,0,0,0
10189,C3D8,0.0413534,0,0,0,0,0,0,0,0,0,0,0,0
10190,C3D8,0.0413534,0,0,0,0,0,0,0,0,0,0,0,0
10191,C3D8,0.0413534,0,0,0,0,0,0,0,0,0,0,0,0
10192,C3D8,0.043722,0,0,0,0,0,0,0,0,0,0,0,0
10193,C3D8,0.043722,0,0,0,0,0,0,0,0,0,0,0,0
10194,C3D8,0.043722,0,0,0,0,0,0,0,0,0,0,0,0
10195,C3D8,0.0460907,0,0,0,0,0,0,0,0,0,0,0,0
10196,C3D8,0.0460907,0,0,0,0,0,0,0,0,0,0,0,0
10197,C3D8,0.0460907,0,0,0,0,0,0,0,0,0,0,0,0
10198,C3D8,0.0484594,0,0,0,0,0,0,0,0,0,0,0,0
10199,C3D8,0.0484594,0,0,0,0,0,0,0,0,0,0,0,0
10200,C3D8,0.0484594,0,0,0,0,0,0,0,0,0,0,0,0
10201,C3D8,0.0508281,0,0,0,0,0,0,0,0,0,0,0,0
10202,C3D8,0.0508281,0,0,0,0,0,0,0,0,0,0,0,0
10203,C3D8,0.0508281,0,0,0,0,0,0,0,0,0,0,0,0
10204,C3D8,0.053197,0,0,0,0,0,0,0,0,0,0,0,0
10205,C3D8,0.053197,0,0,0,0,0,0,0,0,0,0,0,0
10206,C3D8,0.053197,0,0,0,0,0,0,0,0,0,0,0,0
10207,C3D8,0.0555597,0,0,0,0,0,0,0,0,0,0,0,0
10208,C3D8,0.0555597,0,0,0,0,0,0,0,0,0,0,0,0
10209,C3D8,0.0555597,0,0,0,0,0,0,0,0,0,0,0,0
10210,C3D8,0.0579279,0,0,0,0,0,0,0,0,0,0,0,0
10211,C3D8,0.0579279,0,0,0,0,0,0,0,0,0,0,0,0
10212,C3D8,0.0579279,0,0,0,0,0,0,0,0,0,0,0,0
10213,C3D8,0.0602962,0,0,0,0,0,0,0,0,0,0,0,0
10214,C3D8,0.0602962,0,0,0,0,0,0,0,0,0,0,0,0
10215,C3D8,0.0602962,0,0,0,0,0,0,0,0,0,0,0,0
10216,C3D8,0.0626644,0,0,0,0,0,0,0,0,0,0,0,0
10217,C3D8,0.0626644,0,0,0,0,0,0,0,0,0,0,0,0
10218,C3D8,0.0626644,0,0,0,0,0,0,0,0,0,0,0,0
10219,C3D8,0.0650326,0,0,0,0,0,0,0,0,0,0,0,0
10220,C3D8,0.0650326,0,0,0,0,0,0,0,0,0,0,0,0
10221,C3D8,0.0650326,0,0,0,0,0,0,0,0,0,0,0,0
10222,C3D8,0.0674009,0,0,0,0,0,0,0,0,0,0,0,0
10223,C3D8,0.0674009,0,0,0,0,0,0,0,0,0,0,0,0
10224,C3D8,0.0674009,0,0,0,0,0,0,0,0,0,0,0,0
10225,C3D8,0.069769,0,0,0,0,0,0,0,0,0,0,0,0
10226,C3D8,0.069769,0,0,0,0,0,0,0,0,0,0,0,0
10227,C3D8,0.069769,0,0,0,0,0,0,0,0,0,0,0,0
10228,C3D8,0.0721372,0,0,0,0,0,0,0,0,0,0,0,0
10229,C3D8,0.0721372,0,0,0,0,0,0,0,0,0,0,0,0
10230,C3D8,0.0721372,0,0,0,0,0,0,0,0,0,0,0,0
10231,C3D8,0.0798645,0,0,0,0,0,0,0,0,0,0,0,0
10232,C3D8,0.0798645,0,0,0,0,0,0,0,0,0,0,0,0
10233,C3D8,0.0798645,0,0,0,0,0,0,0,0,0,0,0,0
10234,C3D8,0.0824393,0,0,0,0,0,0,0,0,0,0,0,0
10235,C3D8,0.0824393,0,0,0,0,0,0,0,0,0,0,0,0
10236,C3D8,0.0824393,0,0,0,0,0,0,0,0,0,0,0,0
10237,C3D8,0.0850139,0,0,0,0,0,0,0,0,0,0,0,0
10238,C3D8,0.0850139,0,0,0,0,0,0,0,0,0,0,0,0
10239,C3D8,0.0850139,0,0,0,0,0,0,0,0,0,0,0,0
10240,C3D8,0.0875888,0,0,0,0,0,0,0,0,0,0,0,0
10241,C3D8,0.0875888,0,0,0,0,0,0,0,0,0,0,0,0
10242,C3D8,0.0875888,0,0,0,0,0,0,0,0,0,0,0,0
10243,C3D8,0.0901638,0,0,0,0,0,0,0,0,0,0,0,0
10244,C3D8,0.0901638,0,0,0,0,0,0,0,0,0,0,0,0
10245,C3D8,0.0901638,0,0,0,0,0,0,0,0,0,0,0,0
10246,C3D8,0.0927386,0,0,0,0,0,0,0,0,0,0,0,0
10247,C3D8,0.0927386,0,0,0,0,0,0,0,0,0,0,0,0
10248,C3D8,0.0927386,0,0,0,0,0,0,0,0,0,0,0,0
10249,C3D8,0.0953133,0,0,0,0,0,0,0,0,0,0,0,0
10250,C3D8,0.0953133,0,0,0,0,0,0,0,0,0,0,0,0
10251,C3D8,0.0953133,0,0,0,0,0,0,0,0,0,0,0,0
10252,C3D8,0.0978882,0,0,0,0,0,0,0,0,0,0,0,0
10253,C3D8,0.0978882,0,0,0,0,0,0,0,0,0,0,0,0
10254,C3D8,0.0978882,0,0,0,0,0,0,0,0,0,0,0,0
10255,C3D8,0.100463,0,0,0,0,0,0,0,0,0,0,0,0
10256,C3D8,0.100463,0,0,0,0,0,0,0,0,0,0,0,0
10257,C3D8,0.100463,0,0,0,0,0,0,0,0,0,0,0,0
10258,C3D8,0.103038,0,0,0,0,0,0,0,0,0,0,0,0
10259,C3D8,0.103038,0,0,0,0,0,0,0,0,0,0,0,0
10260,C3D8,0.103038,0,0,0,0,0,0,0,0,0,0,0,0
10261,C3D8,0.105613,0,0,0,0,0,0,0,0,0,0,0,0
10262,C3D8,0.105613,0,0,0,0,0,0,0,0,0,0,0,0
10263,C3D8,0.105613,0,0,0,0,0,0,0,0,0,0,0,0
10264,C3D8,0.108187,0,0,0,0,0,0,0,0,0,0,0,0
10265,C3D8,0.108187,0,0,0,0,0,0,0,0,0,0,0,0
10266,C3D8,0.108187,0,0,0,0,0,0,0,0,0,0,0,0
10267,C3D8,0.0377034,0,0,0,0,0,0,0,0,0,0,0,0
10268,C3D8,0.0377034,0,0,0,0,0,0,0,0,0,0,0,0
10269,C3D8,0.0377034,0,0,0,0,0,0,0,0,0,0,0,0
10270,C3D8,0.0471845,0,0,0,0,0,0,0,0,0,0,0,0
10271,C3D8,0.0471845,0,0,0,0,0,0,0,0,0,0,0,0
10272,C3D8,0.0471845,0,0,0,0,0,0,0,0,0,0,0,0
10273,C3D8,0.0566653,0,0,0,0,0,0,0,0,0,0,0,0
10274,C3D8,0.0566653,0,0,0,0,0,0,0,0,0,0,0,0
10275,C3D8,0.0566653,0,0,0,0,0,0,0,0,0,0,0,0
10276,C3D8,0.0661464,0,0,0,0,0,0,0,0,0,0,0,0
10277,C3D8,0.0661464,0,0,0,0,0,0,0,0,0,0,0,0
10278,C3D8,0.0661464,0,0,0,0,0,0,0,0,0,0,0,0
10279,C3D8,0.0366165,0,0,0,0,0,0,0,0,0,0,0,0
10280,C3D8,0.0366165,0,0,0,0,0,0,0,0,0,0,0,0
10281,C3D8,0.0366165,0,0,0,0,0,0,0,0,0,0,0,0
10282,C3D8,0.038985,0,0,0,0,0,0,0,0,0,0,0,0
10283,C3D8,0.038985,0,0,0,0,0,0,0,0,0,0,0,0
10284,C3D8,0.038985,0,0,0,0,0,0,0,0,0,0,0,0
10285,C3D8,0.0413535,0,0,0,0,0,0,0,0,0,0,0,0
10286,C3D8,0.0413535,0,0,0,0,0,0,0,0,0,0,0,0
10287,C3D8,0.0413535,0,0,0,0,0,0,0,0,0,0,0,0
10288,C3D8,0.043722,0,0,0,0,0,0,0,0,0,0,0,0
10289,C3D8,0.043722,0,0,0,0,0,0,0,0,0,0,0,0
10290,C3D8,0.043722,0,0,0,0,0,0,0,0,0,0,0,0
10291,C3D8,0.0460906,0,0,0,0,0,0,0,0,0,0,0,0
10292,C3D8,0.0460906,0,0,0,0,0,0,0,0,0,0,0,0
10293,C3D8,0.0460906,0,0,0,0,0,0,0,0,0,0,0,0
10294,C3D8,0.0484592,0,0,0,0,0,0,0,0,0,0,0,0
10295,C3D8,0.0484592,0,0,0,0,0,0,0,0,0,0,0,0
10296,C3D8,0.0484592,0,0,0,0,0,0,0,0,0,0,0,0
10297,C3D8,0.0508277,0,0,0,0,0,0,0,0,0,0,0,0
10298,C3D8,0.0508277,0,0,0,0,0,0,0,0,0,0,0,0
10299,C3D8,0.0508277,0,0,0,0,0,0,0,0,0,0,0,0
10300,C3D8,0.0531961,0,0,0,0,0,0,0,0,0,0,0,0
10301,C3D8,0.0531962,0,0,0,0,0,0,0,0,0,0,0,0
10302,C3D8,0.0531962,0,0,0,0,0,0,0,0,0,0,0,0
10303,C3D8,0.0555601,0,0,0,0,0,0,0,0,0,0,0,0
10304,C3D8,0.0555601,0,0,0,0,0,0,0,0,0,0,0,0
10305,C3D8,0.0555601,0,0,0,0,0,0,0,0,0,0,0,0
10306,C3D8,0.0579283,0,0,0,0,0,0,0,0,0,0,0,0
10307,C3D8,0.0579283,0,0,0,0,0,0,0,0,0,0,0,0
10308,C3D8,0.0579283,0,0,0,0,0,0,0,0,0,0,0,0
10309,C3D8,0.0602963,0,0,0,0,0,0,0,0,0,0,0,0
10310,C3D8,0.0602963,0,0,0,0,0,0,0,0,0,0,0,0
10311,C3D8,0.0602963,0,0,0,0,0,0,0,0,0,0,0,0
10312,C3D8,0.0626644,0,0,0,0,0,0,0,0,0,0,0,0
10313,C3D8,0.0626644,0,0,0,0,0,0,0,0,0,0,0,0
10314,C3D8,0.0626644,0,0,0,0,0,0,0,0,0,0,0,0
10315,C3D8,0.0650326,0,0,0,0,0,0,0,0,0,0,0,0
10316,C3D8,0.0650326,0,0,0,0,0,0,0,0,0,0,0,0
10317,C3D8,0.0650326,0,0,0,0,0,0,0,0,0,0,0,0
10318,C3D8,0.0674008,0,0,0,0,0,0,0,0,0,0,0,0
10319,C3D8,0.0674008,0,0,0,0,0,0,0,0,0,0,0,0
10320,C3D8,0.0674008,0,0,0,0,0,0,0,0,0,0,0,0
10321,C3D8,0.0697687,0,0,0,0,0,0,0,0,0,0,0,0
10322,C3D8,0.0697687,0,0,0,0,0,0,0,0,0,0,0,0
10323,C3D8,0.0697687,0,0,0,0,0,0,0,0,0,0,0,0
10324,C3D8,0.0721369,0,0,0,0,0,0,0,0,0,0,0,0
10325,C3D8,0.0721369,0,0,0,0,0,0,0,0,0,0,0,0
10326,C3D8,0.0721369,0,0,0,0,0,0,0,0,0,0,0,0
10327,C3D8,0.0735062,0,0,0,0,0,0,0,0,0,0,0,0
10328,C3D8,0.0735062,0,0,0,0,0,0,0,0,0,0,0,0
10329,C3D8,0.0735062,0,0,0,0,0,0,0,0,0,0,0,0
10330,C3D8,0.0761872,0,0,0,0,0,0,0,0,0,0,0,0
10331,C3D8,0.0761872,0,0,0,0,0,0,0,0,0,0,0,0
10332,C3D8,0.0761872,0,0,0,0,0,0,0,0,0,0,0,0
10333,C3D8,0.0788683,0,0,0,0,0,0,0,0,0,0,0,0
10334,C3D8,0.0788683,0,0,0,0,0,0,0,0,0,0,0,0
10335,C3D8,0.0788683,0,0,0,0,0,0,0,0,0,0,0,0
10336,C3D8,0.0815494,0,0,0,0,0,0,0,0,0,0,0,0
10337,C3D8,0.0815494,0,0,0,0,0,0,0,0,0,0,0,0
10338,C3D8,0.0815494,0,0,0,0,0,0,0,0,0,0,0,0
10339,C3D8,0.0842306,0,0,0,0,0,0,0,0,0,0,0,0
10340,C3D8,0.0842306,0,0,0,0,0,0,0,0,0,0,0,0
10341,C3D8,0.0842306,0,0,0,0,0,0,0,0,0,0,0,0
10342,C3D8,0.0869115,0,0,0,0,0,0,0,0,0,0,0,0
10343,C3D8,0.0869115,0,0,0,0,0,0,0,0,0,0,0,0
10344,C3D8,0.0869115,0,0,0,0,0,0,0,0,0,0,0,0
10345,C3D8,0.0895926,0,0,0,0,0,0,0,0,0,0,0,0
10346,C3D8,0.0895926,0,0,0,0,0,0,0,0,0,0,0,0
10347,C3D8,0.0895926,0,0,0,0,0,0,0,0,0,0,0,0
10348,C3D8,0.0922737,0,0,0,0,0,0,0,0,0,0,0,0
10349,C3D8,0.0922737,0,0,0,0,0,0,0,0,0,0,0,0
10350,C3D8,0.0922737,0,0,0,0,0,0,0,0,0,0,0,0
10351,C3D8,0.0949549,0,0,0,0,0,0,0,0,0,0,0,0
10352,C3D8,0.0949549,0,0,0,0,0,0,0,0,0,0,0,0
10353,C3D8,0.0949549,0,0,0,0,0,0,0,0,0,0,0,0
10354,C3D8,0.0976358,0,0,0,0,0,0,0,0,0,0,0,0
10355,C3D8,0.0976358,0,0,0,0,0,0,0,0,0,0,0,0
10356,C3D8,0.0976358,0,0,0,0,0,0,0,0,0,0,0,0
10357,C3D8,0.100317,0,0,0,0,0,0,0,0,0,0,0,0
10358,C3D8,0.100317,0,0,0,0,0,0,0,0,0,0,0,0
10359,C3D8,0.100317,0,0,0,0,0,0,0,0,0,0,0,0
10360,C3D8,0.102998,0,0,0,0,0,0,0,0,0,0,0,0
10361,C3D8,0.102998,0,0,0,0,0,0,0,0,0,0,0,0
10362,C3D8,0.102998,0,0,0,0,0,0,0,0,0,0,0,0
10363,C3D8,0.0377059,0,0,0,0,0,0,0,0,0,0,0,0
10364,C3D8,0.0377059,0,0,0,0,0,0,0,0,0,0,0,0
10365,C3D8,0.0377059,0,0,0,0,0,0,0,0,0,0,0,0
10366,C3D8,0.0471852,0,0,0,0,0,0,0,0,0,0,0,0
10367,C3D8,0.0471852,0,0,0,0,0,0,0,0,0,0,0,0
10368,C3D8,0.0471852,0,0,0,0,0,0,0,0,0,0,0,0
10369,C3D8,0.0566643,0,0,0,0,0,0,0,0,0,0,0,0
10370,C3D8,0.0566643,0,0,0,0,0,0,0,0,0,0,0,0
10371,C3D8,0.0566643,0,0,0,0,0,0,0,0,0,0,0,0
10372,C3D8,0.0661436,0,0,0,0,0,0,0,0,0,0,0,0
10373,C3D8,0.0661436,0,0,0,0,0,0,0,0,0,0,0,0
10374,C3D8,0.0661436,0,0,0,0,0,0,0,0,0,0,0,0
10375,C3D8,0.0366171,0,0,0,0,0,0,0,0,0,0,0,0
10376,C3D8,0.0366171,0,0,0,0,0,0,0,0,0,0,0,0
10377,C3D8,0.0366171,0,0,0,0,0,0,0,0,0,0,0,0
10378,C3D8,0.0389854,0,0,0,0,0,0,0,0,0,0,0,0
10379,C3D8,0.0389854,0,0,0,0,0,0,0,0,0,0,0,0
10380,C3D8,0.0389854,0,0,0,0,0,0,0,0,0,0,0,0
10381,C3D8,0.0413539,0,0,0,0,0,0,0,0,0,0,0,0
10382,C3D8,0.0413539,0,0,0,0,0,0,0,0,0,0,0,0
10383,C3D8,0.0413539,0,0,0,0,0,0,0,0,0,0,0,0
10384,C3D8,0.0437223,0,0,0,0,0,0,0,0,0,0,0,0
10385,C3D8,0.0437223,0,0,0,0,0,0,0,0,0,0,0,0
10386,C3D8,0.0437223,0,0,0,0,0,0,0,0,0,0,0,0
10387,C3D8,0.0460906,0,0,0,0,0,0,0,0,0,0,0,0
10388,C3D8,0.0460906,0,0,0,0,0,0,0,0,0,0,0,0
10389,C3D8,0.0460906,0,0,0,0,0,0,0,0,0,0,0,0
10390,C3D8,0.0484588,0,0,0,0,0,0,0,0,0,0,0,0
10391,C3D8,0.0484588,0,0,0,0,0,0,0,0,0,0,0,0
10392,C3D8,0.0484588,0,0,0,0,0,0,0,0,0,0,0,0
10393,C3D8,0.0508271,0,0,0,0,0,0,0,0,0,0,0,0
10394,C3D8,0.0508271,0,0,0,0,0,0,0,0,0,0,0,0
10395,C3D8,0.0508271,0,0,0,0,0,0,0,0,0,0,0,0
10396,C3D8,0.0531956,0,0,0,0,0,0,0,0,0,0,0,0
10397,C3D8,0.0531956,0,0,0,0,0,0,0,0,0,0,0,0
10398,C3D8,0.0531956,0,0,0,0,0,0,0,0,0,0,0,0
10399,C3D8,0.0555604,0,0,0,0,0,0,0,0,0,0,0,0
10400,C3D8,0.0555605,0,0,0,0,0,0,0,0,0,0,0,0
10401,C3D8,0.0555605,0,0,0,0,0,0,0,0,0,0,0,0
10402,C3D8,0.0579285,0,0,0,0,0,0,0,0,0,0,0,0
10403,C3D8,0.0579285,0,0,0,0,0,0,0,0,0,0,0,0
10404,C3D8,0.0579285,0,0,0,0,0,0,0,0,0,0,0,0
10405,C3D8,0.0602965,0,0,0,0,0,0,0,0,0,0,0,0
10406,C3D8,0.0602965,0,0,0,0,0,0,0,0,0,0,0,0
10407,C3D8,0.0602965,0,0,0,0,0,0,0,0,0,0,0,0
10408,C3D8,0.0626645,0,0,0,0,0,0,0,0,0,0,0,0
10409,C3D8,0.0626645,0,0,0,0,0,0,0,0,0,0,0,0
10410,C3D8,0.0626645,0,0,0,0,0,0,0,0,0,0,0,0
10411,C3D8,0.0650325,0,0,0,0,0,0,0,0,0,0,0,0
10412,C3D8,0.0650325,0,0,0,0,0,0,0,0,0,0,0,0
10413,C3D8,0.0650325,0,0,0,0,0,0,0,0,0,0,0,0
10414,C3D8,0.0674007,0,0,0,0,0,0,0,0,0,0,0,0
10415,C3D8,0.0674007,0,0,0,0,0,0,0,0,0,0,0,0
10416,C3D8,0.0674007,0,0,0,0,0,0,0,0,0,0,0,0
10417,C3D8,0.0697685,0,0,0,0,0,0,0,0,0,0,0,0
10418,C3D8,0.0697685,0,0,0,0,0,0,0,0,0,0,0,0
10419,C3D8,0.0697685,0,0,0,0,0,0,0,0,0,0,0,0
10420,C3D8,0.0721366,0,0,0,0,0,0,0,0,0,0,0,0
10421,C3D8,0.0721366,0,0,0,0,0,0,0,0,0,0,0,0
10422,C3D8,0.0721366,0,0,0,0,0,0,0,0,0,0,0,0
10423,C3D8,0.0678741,0,0,0,0,0,0,0,0,0,0,0,0
10424,C3D8,0.0678741,0,0,0,0,0,0,0,0,0,0,0,0
10425,C3D8,0.0678741,0,0,0,0,0,0,0,0,0,0,0,0
10426,C3D8,0.0706521,0,0,0,0,0,0,0,0,0,0,0,0
10427,C3D8,0.0706521,0,0,0,0,0,0,0,0,0,0,0,0
10428,C3D8,0.0706521,0,0,0,0,0,0,0,0,0,0,0,0
10429,C3D8,0.0734303,0,0,0,0,0,0,0,0,0,0,0,0
10430,C3D8,0.0734303,0,0,0,0,0,0,0,0,0,0,0,0
10431,C3D8,0.0734303,0,0,0,0,0,0,0,0,0,0,0,0
10432,C3D8,0.0762083,0,0,0,0,0,0,0,0,0,0,0,0
10433,C3D8,0.0762083,0,0,0,0,0,0,0,0,0,0,0,0
10434,C3D8,0.0762083,0,0,0,0,0,0,0,0,0,0,0,0
10435,C3D8,0.0789865,0,0,0,0,0,0,0,0,0,0,0,0
10436,C3D8,0.0789865,0,0,0,0,0,0,0,0,0,0,0,0
10437,C3D8,0.0789865,0,0,0,0,0,0,0,0,0,0,0,0
10438,C3D8,0.0817646,0,0,0,0,0,0,0,0,0,0,0,0
10439,C3D8,0.0817646,0,0,0,0,0,0,0,0,0,0,0,0
10440,C3D8,0.0817646,0,0,0,0,0,0,0,0,0,0,0,0
10441,C3D8,0.0845429,0,0,0,0,0,0,0,0,0,0,0,0
10442,C3D8,0.0845429,0,0,0,0,0,0,0,0,0,0,0,0
10443,C3D8,0.0845429,0,0,0,0,0,0,0,0,0,0,0,0
10444,C3D8,0.0873209,0,0,0,0,0,0,0,0,0,0,0,0
10445,C3D8,0.0873209,0,0,0,0,0,0,0,0,0,0,0,0
10446,C3D8,0.0873209,0,0,0,0,0,0,0,0,0,0,0,0
10447,C3D8,0.0900993,0,0,0,0,0,0,0,0,0,0,0,0
10448,C3D8,0.0900993,0,0,0,0,0,0,0,0,0,0,0,0
10449,C3D8,0.0900993,0,0,0,0,0,0,0,0,0,0,0,0
10450,C3D8,0.0928771,0,0,0,0,0,0,0,0,0,0,0,0
10451,C3D8,0.0928771,0,0,0,0,0,0,0,0,0,0,0,0
10452,C3D8,0.0928771,0,0,0,0,0,0,0,0,0,0,0,0
10453,C3D8,0.0956555,0,0,0,0,0,0,0,0,0,0,0,0
10454,C3D8,0.0956555,0,0,0,0,0,0,0,0,0,0,0,0
10455,C3D8,0.0956555,0,0,0,0,0,0,0,0,0,0,0,0
10456,C3D8,0.0984335,0,0,0,0,0,0,0,0,0,0,0,0
10457,C3D8,0.0984335,0,0,0,0,0,0,0,0,0,0,0,0
10458,C3D8,0.0984335,0,0,0,0,0,0,0,0,0,0,0,0
10459,C3D8,0.0377082,0,0,0,0,0,0,0,0,0,0,0,0
10460,C3D8,0.0377082,0,0,0,0,0,0,0,0,0,0,0,0
10461,C3D8,0.0377083,0,0,0,0,0,0,0,0,0,0,0,0
10462,C3D8,0.0471858,0,0,0,0,0,0,0,0,0,0,0,0
10463,C3D8,0.0471858,0,0,0,0,0,0,0,0,0,0,0,0
10464,C3D8,0.0471858,0,0,0,0,0,0,0,0,0,0,0,0
10465,C3D8,0.0566633,0,0,0,0,0,0,0,0,0,0,0,0
10466,C3D8,0.0566633,0,0,0,0,0,0,0,0,0,0,0,0
10467,C3D8,0.0566633,0,0,0,0,0,0,0,0,0,0,0,0
10468,C3D8,0.0661407,0,0,0,0,0,0,0,0,0,0,0,0
10469,C3D8,0.0661407,0,0,0,0,0,0,0,0,0,0,0,0
10470,C3D8,0.0661407,0,0,0,0,0,0,0,0,0,0,0,0
10471,C3D8,0.0366176,0,0,0,0,0,0,0,0,0,0,0,0
10472,C3D8,0.0366176,0,0,0,0,0,0,0,0,0,0,0,0
10473,C3D8,0.0366176,0,0,0,0,0,0,0,0,0,0,0,0
10474,C3D8,0.0389859,0,0,0,0,0,0,0,0,0,0,0,0
10475,C3D8,0.0389859,0,0,0,0,0,0,0,0,0,0,0,0
10476,C3D8,0.0389859,0,0,0,0,0,0,0,0,0,0,0,0
10477,C3D8,0.041354,0,0,0,0,0,0,0,0,0,0,0,0
10478,C3D8,0.041354,0,0,0,0,0,0,0,0,0,0,0,0
10479,C3D8,0.041354,0,0,0,0,0,0,0,0,0,0,0,0
10480,C3D8,0.0437221,0,0,0,0,0,0,0,0,0,0,0,0
10481,C3D8,0.0437221,0,0,0,0,0,0,0,0,0,0,0,0
10482,C3D8,0.0437221,0,0,0,0,0,0,0,0,0,0,0,0
10483,C3D8,0.0460905,0,0,0,0,0,0,0,0,0,0,0,0
10484,C3D8,0.0460905,0,0,0,0,0,0,0,0,0,0,0,0
10485,C3D8,0.0460905,0,0,0,0,0,0,0,0,0,0,0,0
10486,C3D8,0.0484586,0,0,0,0,0,0,0,0,0,0,0,0
10487,C3D8,0.0484586,0,0,0,0,0,0,0,0,0,0,0,0
10488,C3D8,0.0484586,0,0,0,0,0,0,0,0,0,0,0,0
10489,C3D8,0.0508269,0,0,0,0,0,0,0,0,0,0,0,0
10490,C3D8,0.0508269,0,0,0,0,0,0,0,0,0,0,0,0
10491,C3D8,0.0508269,0,0,0,0,0,0,0,0,0,0,0,0
10492,C3D8,0.053195,0,0,0,0,0,0,0,0,0,0,0,0
10493,C3D8,0.053195,0,0,0,0,0,0,0,0,0,0,0,0
10494,C3D8,0.053195,0,0,0,0,0,0,0,0,0,0,0,0
10495,C3D8,0.0555606,0,0,0,0,0,0,0,0,0,0,0,0
10496,C3D8,0.0555607,0,0,0,0,0,0,0,0,0,0,0,0
10497,C3D8,0.0555607,0,0,0,0,0,0,0,0,0,0,0,0
10498,C3D8,0.0579288,0,0,0,0,0,0,0,0,0,0,0,0
10499,C3D8,0.0579288,0,0,0,0,0,0,0,0,0,0,0,0
10500,C3D8,0.0579288,0,0,0,0,0,0,0,0,0,0,0,0
10501,C3D8,0.0602965,0,0,0,0,0,0,0,0,0,0,0,0
10502,C3D8,0.0602965,0,0,0,0,0,0,0,0,0,0,0,0
10503,C3D8,0.0602965,0,0,0,0,0,0,0,0,0,0,0,0
10504,C3D8,0.0626645,0,0,0,0,0,0,0,0,0,0,0,0
10505,C3D8,0.0626645,0,0,0,0,0,0,0,0,0,0,0,0
10506,C3D8,0.0626645,0,0,0,0,0,0,0,0,0,0,0,0
10507,C3D8,0.0650325,0,0,0,0,0,0,0,0,0,0,0,0
10508,C3D8,0.0650325,0,0,0,0,0,0,0,0,0,0,0,0
10509,C3D8,0.0650325,0,0,0,0,0,0,0,0,0,0,0,0
10510,C3D8,0.0674004,0,0,0,0,0,0,0,0,0,0,0,0
10511,C3D8,0.0674004,0,0,0,0,0,0,0,0,0,0,0,0
10512,C3D8,0.0674004,0,0,0,0,0,0,0,0,0,0,0,0
10513,C3D8,0.0697684,0,0,0,0,0,0,0,0,0,0,0,0
10514,C3D8,0.0697684,0,0,0,0,0,0,0,0,0,0,0,0
10515,C3D8,0.0697684,0,0,0,0,0,0,0,0,0,0,0,0
10516,C3D8,0.0721362,0,0,0,0,0,0,0,0,0,0,0,0
10517,C3D8,0.0721362,0,0,0,0,0,0,0,0,0,0,0,0
10518,C3D8,0.0721362,0,0,0,0,0,0,0,0,0,0,0,0
10519,C3D8,0.0629951,0,0,0,0,0,0,0,0,0,0,0,0
10520,C3D8,0.0629951,0,0,0,0,0,0,0,0,0,0,0,0
10521,C3D8,0.0629951,0,0,0,0,0,0,0,0,0,0,0,0
10522,C3D8,0.0658597,0,0,0,0,0,0,0,0,0,0,0,0
10523,C3D8,0.0658598,0,0,0,0,0,0,0,0,0,0,0,0
10524,C3D8,0.0658598,0,0,0,0,0,0,0,0,0,0,0,0
10525,C3D8,0.0687241,0,0,0,0,0,0,0,0,0,0,0,0
10526,C3D8,0.0687241,0,0,0,0,0,0,0,0,0,0,0,0
10527,C3D8,0.0687241,0,0,0,0,0,0,0,0,0,0,0,0
10528,C3D8,0.0715885,0,0,0,0,0,0,0,0,0,0,0,0
10529,C3D8,0.0715885,0,0,0,0,0,0,0,0,0,0,0,0
10530,C3D8,0.0715885,0,0,0,0,0,0,0,0,0,0,0,0
10531,C3D8,0.0744527,0,0,0,0,0,0,0,0,0,0,0,0
10532,C3D8,0.0744528,0,0,0,0,0,0,0,0,0,0,0,0
10533,C3D8,0.0744527,0,0,0,0,0,0,0,0,0,0,0,0
10534,C3D8,0.0773174,0,0,0,0,0,0,0,0,0,0,0,0
10535,C3D8,0.0773174,0,0,0,0,0,0,0,0,0,0,0,0
10536,C3D8,0.0773174,0,0,0,0,0,0,0,0,0,0,0,0
10537,C3D8,0.0801816,0,0,0,0,0,0,0,0,0,0,0,0
10538,C3D8,0.0801817,0,0,0,0,0,0,0,0,0,0,0,0
10539,C3D8,0.0801817,0,0,0,0,0,0,0,0,0,0,0,0
10540,C3D8,0.0830461,0,0,0,0,0,0,0,0,0,0,0,0
10541,C3D8,0.0830461,0,0,0,0,0,0,0,0,0,0,0,0
10542,C3D8,0.0830461,0,0,0,0,0,0,0,0,0,0,0,0
10543,C3D8,0.0859104,0,0,0,0,0,0,0,0,0,0,0,0
10544,C3D8,0.0859104,0,0,0,0,0,0,0,0,0,0,0,0
10545,C3D8,0.0859104,0,0,0,0,0,0,0,0,0,0,0,0
10546,C3D8,0.0887748,0,0,0,0,0,0,0,0,0,0,0,0
10547,C3D8,0.0887748,0,0,0,0,0,0,0,0,0,0,0,0
10548,C3D8,0.0887748,0,0,0,0,0,0,0,0,0,0,0,0
10549,C3D8,0.0916392,0,0,0,0,0,0,0,0,0,0,0,0
10550,C3D8,0.0916392,0,0,0,0,0,0,0,0,0,0,0,0
10551,C3D8,0.0916392,0,0,0,0,0,0,0,0,0,0,0,0
10552,C3D8,0.0945038,0,0,0,0,0,0,0,0,0,0,0,0
10553,C3D8,0.0945038,0,0,0,0,0,0,0,0,0,0,0,0
10554,C3D8,0.0945038,0,0,0,0,0,0,0,0,0,0,0,0
10555,C3D8,0.0377107,0,0,0,0,0,0,0,0,0,0,0,0
10556,C3D8,0.0377107,0,0,0,0,0,0,0,0,0,0,0,0
10557,C3D8,0.0377107,0,0,0,0,0,0,0,0,0,0,0,0
10558,C3D8,0.0471867,0,0,0,0,0,0,0,0,0,0,0,0
10559,C3D8,0.0471867,0,0,0,0,0,0,0,0,0,0,0,0
10560,C3D8,0.0471867,0,0,0,0,0,0,0,0,0,0,0,0
10561,C3D8,0.0566625,0,0,0,0,0,0,0,0,0,0,0,0
10562,C3D8,0.0566625,0,0,0,0,0,0,0,0,0,0,0,0
10563,C3D8,0.0566625,0,0,0,0,0,0,0,0,0,0,0,0
10564,C3D8,0.0661383,0,0,0,0,0,0,0,0,0,0,0,0
10565,C3D8,0.0661383,0,0,0,0,0,0,0,0,0,0,0,0
10566,C3D8,0.0661383,0,0,0,0,0,0,0,0,0,0,0,0
10567,C3D8,0.0366181,0,0,0,0,0,0,0,0,0,0,0,0
10568,C3D8,0.0366181,0,0,0,0,0,0,0,0,0,0,0,0
10569,C3D8,0.0366181,0,0,0,0,0,0,0,0,0,0,0,0
10570,C3D8,0.0389861,0,0,0,0,0,0,0,0,0,0,0,0
10571,C3D8,0.0389861,0,0,0,0,0,0,0,0,0,0,0,0
10572,C3D8,0.0389861,0,0,0,0,0,0,0,0,0,0,0,0
10573,C3D8,0.0413542,0,0,0,0,0,0,0,0,0,0,0,0
10574,C3D8,0.0413542,0,0,0,0,0,0,0,0,0,0,0,0
10575,C3D8,0.0413542,0,0,0,0,0,0,0,0,0,0,0,0
10576,C3D8,0.0437222,0,0,0,0,0,0,0,0,0,0,0,0
10577,C3D8,0.0437222,0,0,0,0,0,0,0,0,0,0,0,0
10578,C3D8,0.0437222,0,0,0,0,0,0,0,0,0,0,0,0
10579,C3D8,0.0460903,0,0,0,0,0,0,0,0,0,0,0,0
10580,C3D8,0.0460903,0,0,0,0,0,0,0,0,0,0,0,0
10581,C3D8,0.0460903,0,0,0,0,0,0,0,0,0,0,0,0
10582,C3D8,0.0484585,0,0,0,0,0,0,0,0,0,0,0,0
10583,C3D8,0.0484585,0,0,0,0,0,0,0,0,0,0,0,0
10584,C3D8,0.0484585,0,0,0,0,0,0,0,0,0,0,0,0
10585,C3D8,0.0508265,0,0,0,0,0,0,0,0,0,0,0,0
10586,C3D8,0.0508265,0,0,0,0,0,0,0,0,0,0,0,0
10587,C3D8,0.0508265,0,0,0,0,0,0,0,0,0,0,0,0
10588,C3D8,0.0531946,0,0,0,0,0,0,0,0,0,0,0,0
10589,C3D8,0.0531946,0,0,0,0,0,0,0,0,0,0,0,0
10590,C3D8,0.0531946,0,0,0,0,0,0,0,0,0,0,0,0
10591,C3D8,0.0555609,0,0,0,0,0,0,0,0,0,0,0,0
10592,C3D8,0.0555609,0,0,0,0,0,0,0,0,0,0,0,0
10593,C3D8,0.0555609,0,0,0,0,0,0,0,0,0,0,0,0
10594,C3D8,0.0579289,0,0,0,0,0,0,0,0,0,0,0,0
10595,C3D8,0.0579289,0,0,0,0,0,0,0,0,0,0,0,0
10596,C3D8,0.0579289,0,0,0,0,0,0,0,0,0,0,0,0
10597,C3D8,0.0602968,0,0,0,0,0,0,0,0,0,0,0,0
10598,C3D8,0.0602968,0,0,0,0,0,0,0,0,0,0,0,0
10599,C3D8,0.0602968,0,0,0,0,0,0,0,0,0,0,0,0
10600,C3D8,0.0626646,0,0,0,0,0,0,0,0,0,0,0,0
10601,C3D8,0.0626646,0,0,0,0,0,0,0,0,0,0,0,0
10602,C3D8,0.0626646,0,0,0,0,0,0,0,0,0,0,0,0
10603,C3D8,0.0650323,0,0,0,0,0,0,0,0,0,0,0,0
10604,C3D8,0.0650323,0,0,0,0,0,0,0,0,0,0,0,0
10605,C3D8,0.0650323,0,0,0,0,0,0,0,0,0,0,0,0
10606,C3D8,0.0674003,0,0,0,0,0,0,0,0,0,0,0,0
10607,C3D8,0.0674003,0,0,0,0,0,0,0,0,0,0,0,0
10608,C3D8,0.0674003,0,0,0,0,0,0,0,0,0,0,0,0
10609,C3D8,0.0697684,0,0,0,0,0,0,0,0,0,0,0,0
10610,C3D8,0.0697684,0,0,0,0,0,0,0,0,0,0,0,0
10611,C3D8,0.0697684,0,0,0,0,0,0,0,0,0,0,0,0
10612,C3D8,0.072136,0,0,0,0,0,0,0,0,0,0,0,0
10613,C3D8,0.0721361,0,0,0,0,0,0,0,0,0,0,0,0
10614,C3D8,0.0721361,0,0,0,0,0,0,0,0,0,0,0,0
10615,C3D8,0.0588934,0,0,0,0,0,0,0,0,0,0,0,0
10616,C3D8,0.0588934,0,0,0,0,0,0,0,0,0,0,0,0
10617,C3D8,0.0588934,0,0,0,0,0,0,0,0,0,0,0,0
10618,C3D8,0.0618319,0,0,0,0,0,0,0,0,0,0,0,0
10619,C3D8,0.0618319,0,0,0,0,0,0,0,0,0,0,0,0
10620,C3D8,0.0618319,0,0,0,0,0,0,0,0,0,0,0,0
10621,C3D8,0.0647701,0,0,0,0,0,0,0,0,0,0,0,0
10622,C3D8,0.0647701,0,0,0,0,0,0,0,0,0,0,0,0
10623,C3D8,0.0647701,0,0,0,0,0,0,0,0,0,0,0,0
10624,C3D8,0.0677087,0,0,0,0,0,0,0,0,0,0,0,0
10625,C3D8,0.0677087,0,0,0,0,0,0,0,0,0,0,0,0
10626,C3D8,0.0677087,0,0,0,0,0,0,0,0,0,0,0,0
10627,C3D8,0.070647,0,0,0,0,0,0,0,0,0,0,0,0
10628,C3D8,0.070647,0,0,0,0,0,0,0,0,0,0,0,0
10629,C3D8,0.070647,0,0,0,0,0,0,0,0,0,0,0,0
10630,C3D8,0.0735857,0,0,0,0,0,0,0,0,0,0,0,0
10631,C3D8,0.0735857,0,0,0,0,0,0,0,0,0,0,0,0
10632,C3D8,0.0735857,0,0,0,0,0,0,0,0,0,0,0,0
10633,C3D8,0.0765238,0,0,0,0,0,0,0,0,0,0,0,0
10634,C3D8,0.0765238,0,0,0,0,0,0,0,0,0,0,0,0
10635,C3D8,0.0765238,0,0,0,0,0,0,0,0,0,0,0,0
10636,C3D8,0.0794625,0,0,0,0,0,0,0,0,0,0,0,0
10637,C3D8,0.0794625,0,0,0,0,0,0,0,0,0,0,0,0
10638,C3D8,0.0794625,0,0,0,0,0,0,0,0,0,0,0,0
10639,C3D8,0.0824007,0,0,0,0,0,0,0,0,0,0,0,0
10640,C3D8,0.0824008,0,0,0,0,0,0,0,0,0,0,0,0
10641,C3D8,0.0824008,0,0,0,0,0,0,0,0,0,0,0,0
10642,C3D8,0.0853394,0,0,0,0,0,0,0,0,0,0,0,0
10643,C3D8,0.0853394,0,0,0,0,0,0,0,0,0,0,0,0
10644,C3D8,0.0853394,0,0,0,0,0,0,0,0,0,0,0,0
10645,C3D8,0.0882775,0,0,0,0,0,0,0,0,0,0,0,0
10646,C3D8,0.0882776,0,0,0,0,0,0,0,0,0,0,0,0
10647,C3D8,0.0882776,0,0,0,0,0,0,0,0,0,0,0,0
10648,C3D8,0.0912163,0,0,0,0,0,0,0,0,0,0,0,0
10649,C3D8,0.0912163,0,0,0,0,0,0,0,0,0,0,0,0
10650,C3D8,0.0912163,0,0,0,0,0,0,0,0,0,0,0,0
10651,C3D8,0.0377122,0,0,0,0,0,0,0,0,0,0,0,0
10652,C3D8,0.0377122,0,0,0,0,0,0,0,0,0,0,0,0
10653,C3D8,0.0377122,0,0,0,0,0,0,0,0,0,0,0,0
10654,C3D8,0.0471868,0,0,0,0,0,0,0,0,0,0,0,0
10655,C3D8,0.0471868,0,0,0,0,0,0,0,0,0,0,0,0
10656,C3D8,0.0471868,0,0,0,0,0,0,0,0,0,0,0,0
10657,C3D8,0.0566617,0,0,0,0,0,0,0,0,0,0,0,0
10658,C3D8,0.0566617,0,0,0,0,0,0,0,0,0,0,0,0
10659,C3D8,0.0566617,0,0,0,0,0,0,0,0,0,0,0,0
10660,C3D8,0.0661365,0,0,0,0,0,0,0,0,0,0,0,0
10661,C3D8,0.0661365,0,0,0,0,0,0,0,0,0,0,0,0
10662,C3D8,0.0661365,0,0,0,0,0,0,0,0,0,0,0,0
10663,C3D8,0.0366184,0,0,0,0,0,0,0,0,0,0,0,0
10664,C3D8,0.0366184,0,0,0,0,0,0,0,0,0,0,0,0
10665,C3D8,0.0366184,0,0,0,0,0,0,0,0,0,0,0,0
10666,C3D8,0.0389864,0,0,0,0,0,0,0,0,0,0,0,0
10667,C3D8,0.0389864,0,0,0,0,0,0,0,0,0,0,0,0
10668,C3D8,0.0389864,0,0,0,0,0,0,0,0,0,0,0,0
10669,C3D8,0.0413543,0,0,0,0,0,0,0,0,0,0,0,0
10670,C3D8,0.0413543,0,0,0,0,0,0,0,0,0,0,0,0
10671,C3D8,0.0413543,0,0,0,0,0,0,0,0,0,0,0,0
10672,C3D8,0.0437223,0,0,0,0,0,0,0,0,0,0,0,0
10673,C3D8,0.0437223,0,0,0,0,0,0,0,0,0,0,0,0
10674,C3D8,0.0437223,0,0,0,0,0,0,0,0,0,0,0,0
10675,C3D8,0.0460902,0,0,0,0,0,0,0,0,0,0,0,0
10676,C3D8,0.0460902,0,0,0,0,0,0,0,0,0,0,0,0
10677,C3D8,0.0460902,0,0,0,0,0,0,0,0,0,0,0,0
10678,C3D8,0.0484582,0,0,0,0,0,0,0,0,0,0,0,0
10679,C3D8,0.0484582,0,0,0,0,0,0,0,0,0,0,0,0
10680,C3D8,0.0484582,0,0,0,0,0,0,0,0,0,0,0,0
10681,C3D8,0.0508262,0,0,0,0,0,0,0,0,0,0,0,0
10682,C3D8,0.0508262,0,0,0,0,0,0,0,0,0,0,0,0
10683,C3D8,0.0508262,0,0,0,0,0,0,0,0,0,0,0,0
10684,C3D8,0.0531942,0,0,0,0,0,0,0,0,0,0,0,0
10685,C3D8,0.0531942,0,0,0,0,0,0,0,0,0,0,0,0
10686,C3D8,0.0531942,0,0,0,0,0,0,0,0,0,0,0,0
10687,C3D8,0.0555612,0,0,0,0,0,0,0,0,0,0,0,0
10688,C3D8,0.0555612,0,0,0,0,0,0,0,0,0,0,0,0
10689,C3D8,0.0555612,0,0,0,0,0,0,0,0,0,0,0,0
10690,C3D8,0.0579289,0,0,0,0,0,0,0,0,0,0,0,0
10691,C3D8,0.0579289,0,0,0,0,0,0,0,0,0,0,0,0
10692,C3D8,0.0579289,0,0,0,0,0,0,0,0,0,0,0,0
10693,C3D8,0.0602967,0,0,0,0,0,0,0,0,0,0,0,0
10694,C3D8,0.0602967,0,0,0,0,0,0,0,0,0,0,0,0
10695,C3D8,0.0602967,0,0,0,0,0,0,0,0,0,0,0,0
10696,C3D8,0.0626647,0,0,0,0,0,0,0,0,0,0,0,0
10697,C3D8,0.0626647,0,0,0,0,0,0,0,0,0,0,0,0
10698,C3D8,0.0626647,0,0,0,0,0,0,0,0,0,0,0,0
10699,C3D8,0.0650325,0,0,0,0,0,0,0,0,0,0,0,0
10700,C3D8,0.0650325,0,0,0,0,0,0,0,0,0,0,0,0
10701,C3D8,0.0650325,0,0,0,0,0,0,0,0,0,0,0,0
10702,C3D8,0.0674003,0,0,0,0,0,0,0,0,0,0,0,0
10703,C3D8,0.0674003,0,0,0,0,0,0,0,0,0,0,0,0
10704,C3D8,0.0674003,0,0,0,0,0,0,0,0,0,0,0,0
10705,C3D8,0.069768,0,0,0,0,0,0,0,0,0,0,0,0
10706,C3D8,0.069768,0,0,0,0,0,0,0,0,0,0,0,0
10707,C3D8,0.069768,0,0,0,0,0,0,0,0,0,0,0,0
10708,C3D8,0.0721359,0,0,0,0,0,0,0,0,0,0,0,0
10709,C3D8,0.0721359,0,0,0,0,0,0,0,0,0,0,0,0
10710,C3D8,0.0721359,0,0,0,0,0,0,0,0,0,0,0,0
10711,C3D8,0.0555882,0,0,0,0,0,0,0,0,0,0,0,0
10712,C3D8,0.0555882,0,0,0,0,0,0,0,0,0,0,0,0
10713,C3D8,0.0555882,0,0,0,0,0,0,0,0,0,0,0,0
10714,C3D8,0.0585873,0,0,0,0,0,0,0,0,0,0,0,0
10715,C3D8,0.0585873,0,0,0,0,0,0,0,0,0,0,0,0
10716,C3D8,0.0585873,0,0,0,0,0,0,0,0,0,0,0,0
10717,C3D8,0.0615863,0,0,0,0,0,0,0,0,0,0,0,0
10718,C3D8,0.0615863,0,0,0,0,0,0,0,0,0,0,0,0
10719,C3D8,0.0615863,0,0,0,0,0,0,0,0,0,0,0,0
10720,C3D8,0.0645854,0,0,0,0,0,0,0,0,0,0,0,0
10721,C3D8,0.0645854,0,0,0,0,0,0,0,0,0,0,0,0
10722,C3D8,0.0645854,0,0,0,0,0,0,0,0,0,0,0,0
10723,C3D8,0.0675844,0,0,0,0,0,0,0,0,0,0,0,0
10724,C3D8,0.0675844,0,0,0,0,0,0,0,0,0,0,0,0
10725,C3D8,0.0675844,0,0,0,0,0,0,0,0,0,0,0,0
10726,C3D8,0.0705836,0,0,0,0,0,0,0,0,0,0,0,0
10727,C3D8,0.0705836,0,0,0,0,0,0,0,0,0,0,0,0
10728,C3D8,0.0705836,0,0,0,0,0,0,0,0,0,0,0,0
10729,C3D8,0.0735826,0,0,0,0,0,0,0,0,0,0,0,0
10730,C3D8,0.0735826,0,0,0,0,0,0,0,0,0,0,0,0
10731,C3D8,0.0735826,0,0,0,0,0,0,0,0,0,0,0,0
10732,C3D8,0.0765818,0,0,0,0,0,0,0,0,0,0,0,0
10733,C3D8,0.0765818,0,0,0,0,0,0,0,0,0,0,0,0
10734,C3D8,0.0765818,0,0,0,0,0,0,0,0,0,0,0,0
10735,C3D8,0.0795807,0,0,0,0,0,0,0,0,0,0,0,0
10736,C3D8,0.0795807,0,0,0,0,0,0,0,0,0,0,0,0
10737,C3D8,0.0795807,0,0,0,0,0,0,0,0,0,0,0,0
10738,C3D8,0.08258,0,0,0,0,0,0,0,0,0,0,0,0
10739,C3D8,0.08258,0,0,0,0,0,0,0,0,0,0,0,0
10740,C3D8,0.08258,0,0,0,0,0,0,0,0,0,0,0,0
10741,C3D8,0.0855789,0,0,0,0,0,0,0,0,0,0,0,0
10742,C3D8,0.0855789,0,0,0,0,0,0,0,0,0,0,0,0
10743,C3D8,0.0855789,0,0,0,0,0,0,0,0,0,0,0,0
10744,C3D8,0.0885782,0,0,0,0,0,0,0,0,0,0,0,0
10745,C3D8,0.0885782,0,0,0,0,0,0,0,0,0,0,0,0
10746,C3D8,0.0885782,0,0,0,0,0,0,0,0,0,0,0,0
10747,C3D8,0.0377135,0,0,0,0,0,0,0,0,0,0,0,0
10748,C3D8,0.0377135,0,0,0,0,0,0,0,0,0,0,0,0
10749,C3D8,0.0377135,0,0,0,0,0,0,0,0,0,0,0,0
10750,C3D8,0.0471874,0,0,0,0,0,0,0,0,0,0,0,0
10751,C3D8,0.0471874,0,0,0,0,0,0,0,0,0,0,0,0
10752,C3D8,0.0471874,0,0,0,0,0,0,0,0,0,0,0,0
10753,C3D8,0.0566613,0,0,0,0,0,0,0,0,0,0,0,0
10754,C3D8,0.0566613,0,0,0,0,0,0,0,0,0,0,0,0
10755,C3D8,0.0566613,0,0,0,0,0,0,0,0,0,0,0,0
10756,C3D8,0.0661354,0,0,0,0,0,0,0,0,0,0,0,0
10757,C3D8,0.0661354,0,0,0,0,0,0,0,0,0,0,0,0
10758,C3D8,0.0661354,0,0,0,0,0,0,0,0,0,0,0,0
10759,C3D8,0.0366188,0,0,0,0,0,0,0,0,0,0,0,0
10760,C3D8,0.0366189,0,0,0,0,0,0,0,0,0,0,0,0
10761,C3D8,0.0366189,0,0,0,0,0,0,0,0,0,0,0,0
10762,C3D8,0.0389867,0,0,0,0,0,0,0,0,0,0,0,0
10763,C3D8,0.0389867,0,0,0,0,0,0,0,0,0,0,0,0
10764,C3D8,0.0389867,0,0,0,0,0,0,0,0,0,0,0,0
10765,C3D8,0.0413546,0,0,0,0,0,0,0,0,0,0,0,0
10766,C3D8,0.0413546,0,0,0,0,0,0,0,0,0,0,0,0
10767,C3D8,0.0413546,0,0,0,0,0,0,0,0,0,0,0,0
10768,C3D8,0.0437224,0,0,0,0,0,0,0,0,0,0,0,0
10769,C3D8,0.0437224,0,0,0,0,0,0,0,0,0,0,0,0
10770,C3D8,0.0437224,0,0,0,0,0,0,0,0,0,0,0,0
10771,C3D8,0.0460903,0,0,0,0,0,0,0,0,0,0,0,0
10772,C3D8,0.0460903,0,0,0,0,0,0,0,0,0,0,0,0
10773,C3D8,0.0460903,0,0,0,0,0,0,0,0,0,0,0,0
10774,C3D8,0.0484581,0,0,0,0,0,0,0,0,0,0,0,0
10775,C3D8,0.0484581,0,0,0,0,0,0,0,0,0,0,0,0
10776,C3D8,0.0484581,0,0,0,0,0,0,0,0,0,0,0,0
10777,C3D8,0.050826,0,0,0,0,0,0,0,0,0,0,0,0
10778,C3D8,0.050826,0,0,0,0,0,0,0,0,0,0,0,0
10779,C3D8,0.050826,0,0,0,0,0,0,0,0,0,0,0,0
10780,C3D8,0.0531938,0,0,0,0,0,0,0,0,0,0,0,0
10781,C3D8,0.0531938,0,0,0,0,0,0,0,0,0,0,0,0
10782,C3D8,0.0531938,0,0,0,0,0,0,0,0,0,0,0,0
10783,C3D8,0.0555611,0,0,0,0,0,0,0,0,0,0,0,0
10784,C3D8,0.0555611,0,0,0,0,0,0,0,0,0,0,0,0
10785,C3D8,0.0555611,0,0,0,0,0,0,0,0,0,0,0,0
10786,C3D8,0.0579291,0,0,0,0,0,0,0,0,0,0,0,0
10787,C3D8,0.0579291,0,0,0,0,0,0,0,0,0,0,0,0
10788,C3D8,0.0579291,0,0,0,0,0,0,0,0,0,0,0,0
10789,C3D8,0.0602968,0,0,0,0,0,0,0,0,0,0,0,0
10790,C3D8,0.0602968,0,0,0,0,0,0,0,0,0,0,0,0
10791,C3D8,0.0602968,0,0,0,0,0,0,0,0,0,0,0,0
10792,C3D8,0.0626646,0,0,0,0,0,0,0,0,0,0,0,0
10793,C3D8,0.0626646,0,0,0,0,0,0,0,0,0,0,0,0
10794,C3D8,0.0626646,0,0,0,0,0,0,0,0,0,0,0,0
10795,C3D8,0.0650324,0,0,0,0,0,0,0,0,0,0,0,0
10796,C3D8,0.0650324,0,0,0,0,0,0,0,0,0,0,0,0
10797,C3D8,0.0650324,0,0,0,0,0,0,0,0,0,0,0,0
10798,C3D8,0.0674003,0,0,0,0,0,0,0,0,0,0,0,0
10799,C3D8,0.0674003,0,0,0,0,0,0,0,0,0,0,0,0
10800,C3D8,0.0674003,0,0,0,0,0,0,0,0,0,0,0,0
10801,C3D8,0.0697678,0,0,0,0,0,0,0,0,0,0,0,0
10802,C3D8,0.0697678,0,0,0,0,0,0,0,0,0,0,0,0
10803,C3D8,0.0697678,0,0,0,0,0,0,0,0,0,0,0,0
10804,C3D8,0.0721358,0,0,0,0,0,0,0,0,0,0,0,0
10805,C3D8,0.0721358,0,0,0,0,0,0,0,0,0,0,0,0
10806,C3D8,0.0721358,0,0,0,0,0,0,0,0,0,0,0,0
10807,C3D8,0.0530954,0,0,0,0,0,0,0,0,0,0,0,0
10808,C3D8,0.0530954,0,0,0,0,0,0,0,0,0,0,0,0
10809,C3D8,0.0530954,0,0,0,0,0,0,0,0,0,0,0,0
10810,C3D8,0.0561407,0,0,0,0,0,0,0,0,0,0,0,0
10811,C3D8,0.0561407,0,0,0,0,0,0,0,0,0,0,0,0
10812,C3D8,0.0561407,0,0,0,0,0,0,0,0,0,0,0,0
10813,C3D8,0.0591859,0,0,0,0,0,0,0,0,0,0,0,0
10814,C3D8,0.059186,0,0,0,0,0,0,0,0,0,0,0,0
10815,C3D8,0.059186,0,0,0,0,0,0,0,0,0,0,0,0
10816,C3D8,0.0622314,0,0,0,0,0,0,0,0,0,0,0,0
10817,C3D8,0.0622314,0,0,0,0,0,0,0,0,0,0,0,0
10818,C3D8,0.0622314,0,0,0,0,0,0,0,0,0,0,0,0
10819,C3D8,0.0652769,0,0,0,0,0,0,0,0,0,0,0,0
10820,C3D8,0.0652769,0,0,0,0,0,0,0,0,0,0,0,0
10821,C3D8,0.0652769,0,0,0,0,0,0,0,0,0,0,0,0
10822,C3D8,0.0683224,0,0,0,0,0,0,0,0,0,0,0,0
10823,C3D8,0.0683224,0,0,0,0,0,0,0,0,0,0,0,0
10824,C3D8,0.0683224,0,0,0,0,0,0,0,0,0,0,0,0
10825,C3D8,0.0713676,0,0,0,0,0,0,0,0,0,0,0,0
10826,C3D8,0.0713677,0,0,0,0,0,0,0,0,0,0,0,0
10827,C3D8,0.0713677,0,0,0,0,0,0,0,0,0,0,0,0
10828,C3D8,0.0744131,0,0,0,0,0,0,0,0,0,0,0,0
10829,C3D8,0.0744131,0,0,0,0,0,0,0,0,0,0,0,0
10830,C3D8,0.0744131,0,0,0,0,0,0,0,0,0,0,0,0
10831,C3D8,0.0774585,0,0,0,0,0,0,0,0,0,0,0,0
10832,C3D8,0.0774585,0,0,0,0,0,0,0,0,0,0,0,0
10833,C3D8,0.0774585,0,0,0,0,0,0,0,0,0,0,0,0
10834,C3D8,0.0805039,0,0,0,0,0,0,0,0,0,0,0,0
10835,C3D8,0.0805039,0,0,0,0,0,0,0,0,0,0,0,0
10836,C3D8,0.0805039,0,0,0,0,0,0,0,0,0,0,0,0
10837,C3D8,0.0835492,0,0,0,0,0,0,0,0,0,0,0,0
10838,C3D8,0.0835492,0,0,0,0,0,0,0,0,0,0,0,0
10839,C3D8,0.0835492,0,0,0,0,0,0,0,0,0,0,0,0
10840,C3D8,0.0865948,0,0,0,0,0,0,0,0,0,0,0,0
10841,C3D8,0.0865948,0,0,0,0,0,0,0,0,0,0,0,0
10842,C3D8,0.0865948,0,0,0,0,0,0,0,0,0,0,0,0
10843,C3D8,0.0377145,0,0,0,0,0,0,0,0,0,0,0,0
10844,C3D8,0.0377145,0,0,0,0,0,0,0,0,0,0,0,0
10845,C3D8,0.0377145,0,0,0,0,0,0,0,0,0,0,0,0
10846,C3D8,0.0471878,0,0,0,0,0,0,0,0,0,0,0,0
10847,C3D8,0.0471878,0,0,0,0,0,0,0,0,0,0,0,0
10848,C3D8,0.0471878,0,0,0,0,0,0,0,0,0,0,0,0
10849,C3D8,0.0566611,0,0,0,0,0,0,0,0,0,0,0,0
10850,C3D8,0.0566611,0,0,0,0,0,0,0,0,0,0,0,0
10851,C3D8,0.0566611,0,0,0,0,0,0,0,0,0,0,0,0
10852,C3D8,0.0661343,0,0,0,0,0,0,0,0,0,0,0,0
10853,C3D8,0.0661344,0,0,0,0,0,0,0,0,0,0,0,0
10854,C3D8,0.0661344,0,0,0,0,0,0,0,0,0,0,0,0
10855,C3D8,0.0366189,0,0,0,0,0,0,0,0,0,0,0,0
10856,C3D8,0.0366189,0,0,0,0,0,0,0,0,0,0,0,0
10857,C3D8,0.0366189,0,0,0,0,0,0,0,0,0,0,0,0
10858,C3D8,0.0389868,0,0,0,0,0,0,0,0,0,0,0,0
10859,C3D8,0.0389868,0,0,0,0,0,0,0,0,0,0,0,0
10860,C3D8,0.0389868,0,0,0,0,0,0,0,0,0,0,0,0
10861,C3D8,0.0413546,0,0,0,0,0,0,0,0,0,0,0,0
10862,C3D8,0.0413546,0,0,0,0,0,0,0,0,0,0,0,0
10863,C3D8,0.0413546,0,0,0,0,0,0,0,0,0,0,0,0
10864,C3D8,0.0437224,0,0,0,0,0,0,0,0,0,0,0,0
10865,C3D8,0.0437224,0,0,0,0,0,0,0,0,0,0,0,0
10866,C3D8,0.0437224,0,0,0,0,0,0,0,0,0,0,0,0
10867,C3D8,0.0460903,0,0,0,0,0,0,0,0,0,0,0,0
10868,C3D8,0.0460903,0,0,0,0,0,0,0,0,0,0,0,0
10869,C3D8,0.0460903,0,0,0,0,0,0,0,0,0,0,0,0
10870,C3D8,0.0484581,0,0,0,0,0,0,0,0,0,0,0,0
10871,C3D8,0.0484581,0,0,0,0,0,0,0,0,0,0,0,0
10872,C3D8,0.0484581,0,0,0,0,0,0,0,0,0,0,0,0
10873,C3D8,0.050826,0,0,0,0,0,0,0,0,0,0,0,0
10874,C3D8,0.050826,0,0,0,0,0,0,0,0,0,0,0,0
10875,C3D8,0.050826,0,0,0,0,0,0,0,0,0,0,0,0
10876,C3D8,0.0531938,0,0,0,0,0,0,0,0,0,0,0,0
10877,C3D8,0.0531938,0,0,0,0,0,0,0,0,0,0,0,0
10878,C3D8,0.0531938,0,0,0,0,0,0,0,0,0,0,0,0
10879,C3D8,0.0555613,0,0,0,0,0,0,0,0,0,0,0,0
10880,C3D8,0.0555613,0,0,0,0,0,0,0,0,0,0,0,0
10881,C3D8,0.0555613,0,0,0,0,0,0,0,0,0,0,0,0
10882,C3D8,0.057929,0,0,0,0,0,0,0,0,0,0,0,0
10883,C3D8,0.057929,0,0,0,0,0,0,0,0,0,0,0,0
10884,C3D8,0.057929,0,0,0,0,0,0,0,0,0,0,0,0
10885,C3D8,0.0602969,0,0,0,0,0,0,0,0,0,0,0,0
10886,C3D8,0.0602969,0,0,0,0,0,0,0,0,0,0,0,0
10887,C3D8,0.0602969,0,0,0,0,0,0,0,0,0,0,0,0
10888,C3D8,0.0626646,0,0,0,0,0,0,0,0,0,0,0,0
10889,C3D8,0.0626646,0,0,0,0,0,0,0,0,0,0,0,0
10890,C3D8,0.0626646,0,0,0,0,0,0,0,0,0,0,0,0
10891,C3D8,0.0650323,0,0,0,0,0,0,0,0,0,0,0,0
10892,C3D8,0.0650323,0,0,0,0,0,0,0,0,0,0,0,0
10893,C3D8,0.0650323,0,0,0,0,0,0,0,0,0,0,0,0
10894,C3D8,0.0674003,0,0,0,0,0,0,0,0,0,0,0,0
10895,C3D8,0.0674003,0,0,0,0,0,0,0,0,0,0,0,0
10896,C3D8,0.0674003,0,0,0,0,0,0,0,0,0,0,0,0
10897,C3D8,0.0697678,0,0,0,0,0,0,0,0,0,0,0,0
10898,C3D8,0.0697678,0,0,0,0,0,0,0,0,0,0,0,0
10899,C3D8,0.0697678,0,0,0,0,0,0,0,0,0,0,0,0
10900,C3D8,0.0721356,0,0,0,0,0,0,0,0,0,0,0,0
10901,C3D8,0.0721356,0,0,0,0,0,0,0,0,0,0,0,0
10902,C3D8,0.0721356,0,0,0,0,0,0,0,0,0,0,0,0
10903,C3D8,0.0514267,0,0,0,0,0,0,0,0,0,0,0,0
10904,C3D8,0.0514267,0,0,0,0,0,0,0,0,0,0,0,0
10905,C3D8,0.0514267,0,0,0,0,0,0,0,0,0,0,0,0
10906,C3D8,0.0545035,0,0,0,0,0,0,0,0,0,0,0,0
10907,C3D8,0.0545035,0,0,0,0,0,0,0,0,0,0,0,0
10908,C3D8,0.0545035,0,0,0,0,0,0,0,0,0,0,0,0
10909,C3D8,0.0575801,0,0,0,0,0,0,0,0,0,0,0,0
10910,C3D8,0.0575801,0,0,0,0,0,0,0,0,0,0,0,0
10911,C3D8,0.0575801,0,0,0,0,0,0,0,0,0,0,0,0
10912,C3D8,0.0606568,0,0,0,0,0,0,0,0,0,0,0,0
10913,C3D8,0.0606568,0,0,0,0,0,0,0,0,0,0,0,0
10914,C3D8,0.0606568,0,0,0,0,0,0,0,0,0,0,0,0
10915,C3D8,0.0637335,0,0,0,0,0,0,0,0,0,0,0,0
10916,C3D8,0.0637335,0,0,0,0,0,0,0,0,0,0,0,0
10917,C3D8,0.0637335,0,0,0,0,0,0,0,0,0,0,0,0
10918,C3D8,0.0668101,0,0,0,0,0,0,0,0,0,0,0,0
10919,C3D8,0.0668101,0,0,0,0,0,0,0,0,0,0,0,0
10920,C3D8,0.0668101,0,0,0,0,0,0,0,0,0,0,0,0
10921,C3D8,0.0698867,0,0,0,0,0,0,0,0,0,0,0,0
10922,C3D8,0.0698867,0,0,0,0,0,0,0,0,0,0,0,0
10923,C3D8,0.0698867,0,0,0,0,0,0,0,0,0,0,0,0
10924,C3D8,0.0729635,0,0,0,0,0,0,0,0,0,0,0,0
10925,C3D8,0.0729635,0,0,0,0,0,0,0,0,0,0,0,0
10926,C3D8,0.0729635,0,0,0,0,0,0,0,0,0,0,0,0
10927,C3D8,0.0760402,0,0,0,0,0,0,0,0,0,0,0,0
10928,C3D8,0.0760402,0,0,0,0,0,0,0,0,0,0,0,0
10929,C3D8,0.0760402,0,0,0,0,0,0,0,0,0,0,0,0
10930,C3D8,0.0791169,0,0,0,0,0,0,0,0,0,0,0,0
10931,C3D8,0.0791169,0,0,0,0,0,0,0,0,0,0,0,0
10932,C3D8,0.0791169,0,0,0,0,0,0,0,0,0,0,0,0
10933,C3D8,0.0821934,0,0,0,0,0,0,0,0,0,0,0,0
10934,C3D8,0.0821934,0,0,0,0,0,0,0,0,0,0,0,0
10935,C3D8,0.0821934,0,0,0,0,0,0,0,0,0,0,0,0
10936,C3D8,0.0852702,0,0,0,0,0,0,0,0,0,0,0,0
10937,C3D8,0.0852702,0,0,0,0,0,0,0,0,0,0,0,0
10938,C3D8,0.0852702,0,0,0,0,0,0,0,0,0,0,0,0
10939,C3D8,0.0377144,0,0,0,0,0,0,0,0,0,0,0,0
10940,C3D8,0.0377144,0,0,0,0,0,0,0,0,0,0,0,0
10941,C3D8,0.0377144,0,0,0,0,0,0,0,0,0,0,0,0
10942,C3D8,0.0471875,0,0,0,0,0,0,0,0,0,0,0,0
10943,C3D8,0.0471875,0,0,0,0,0,0,0,0,0,0,0,0
10944,C3D8,0.0471875,0,0,0,0,0,0,0,0,0,0,0,0
10945,C3D8,0.0566606,0,0,0,0,0,0,0,0,0,0,0,0
10946,C3D8,0.0566606,0,0,0,0,0,0,0,0,0,0,0,0
10947,C3D8,0.0566606,0,0,0,0,0,0,0,0,0,0,0,0
10948,C3D8,0.0661334,0,0,0,0,0,0,0,0,0,0,0,0
10949,C3D8,0.0661334,0,0,0,0,0,0,0,0,0,0,0,0
10950,C3D8,0.0661334,0,0,0,0,0,0,0,0,0,0,0,0
10951,C3D8,0.0366187,0,0,0,0,0,0,0,0,0,0,0,0
10952,C3D8,0.0366187,0,0,0,0,0,0,0,0,0,0,0,0
10953,C3D8,0.0366187,0,0,0,0,0,0,0,0,0,0,0,0
10954,C3D8,0.0389866,0,0,0,0,0,0,0,0,0,0,0,0
10955,C3D8,0.0389866,0,0,0,0,0,0,0,0,0,0,0,0
10956,C3D8,0.0389866,0,0,0,0,0,0,0,0,0,0,0,0
10957,C3D8,0.0413544,0,0,0,0,0,0,0,0,0,0,0,0
10958,C3D8,0.0413544,0,0,0,0,0,0,0,0,0,0,0,0
10959,C3D8,0.0413544,0,0,0,0,0,0,0,0,0,0,0,0
10960,C3D8,0.0437222,0,0,0,0,0,0,0,0,0,0,0,0
10961,C3D8,0.0437222,0,0,0,0,0,0,0,0,0,0,0,0
10962,C3D8,0.0437222,0,0,0,0,0,0,0,0,0,0,0,0
10963,C3D8,0.0460901,0,0,0,0,0,0,0,0,0,0,0,0
10964,C3D8,0.0460901,0,0,0,0,0,0,0,0,0,0,0,0
10965,C3D8,0.0460901,0,0,0,0,0,0,0,0,0,0,0,0
10966,C3D8,0.0484578,0,0,0,0,0,0,0,0,0,0,0,0
10967,C3D8,0.0484578,0,0,0,0,0,0,0,0,0,0,0,0
10968,C3D8,0.0484578,0,0,0,0,0,0,0,0,0,0,0,0
10969,C3D8,0.0508257,0,0,0,0,0,0,0,0,0,0,0,0
10970,C3D8,0.0508257,0,0,0,0,0,0,0,0,0,0,0,0
10971,C3D8,0.0508257,0,0,0,0,0,0,0,0,0,0,0,0
10972,C3D8,0.0531936,0,0,0,0,0,0,0,0,0,0,0,0
10973,C3D8,0.0531936,0,0,0,0,0,0,0,0,0,0,0,0
10974,C3D8,0.0531936,0,0,0,0,0,0,0,0,0,0,0,0
10975,C3D8,0.0555614,0,0,0,0,0,0,0,0,0,0,0,0
10976,C3D8,0.0555614,0,0,0,0,0,0,0,0,0,0,0,0
10977,C3D8,0.0555614,0,0,0,0,0,0,0,0,0,0,0,0
10978,C3D8,0.057929,0,0,0,0,0,0,0,0,0,0,0,0
10979,C3D8,0.057929,0,0,0,0,0,0,0,0,0,0,0,0
10980,C3D8,0.057929,0,0,0,0,0,0,0,0,0,0,0,0
10981,C3D8,0.0602967,0,0,0,0,0,0,0,0,0,0,0,0
10982,C3D8,0.0602967,0,0,0,0,0,0,0,0,0,0,0,0
10983,C3D8,0.0602967,0,0,0,0,0,0,0,0,0,0,0,0
10984,C3D8,0.0626646,0,0,0,0,0,0,0,0,0,0,0,0
10985,C3D8,0.0626646,0,0,0,0,0,0,0,0,0,0,0,0
10986,C3D8,0.0626646,0,0,0,0,0,0,0,0,0,0,0,0
10987,C3D8,0.0650323,0,0,0,0,0,0,0,0,0,0,0,0
10988,C3D8,0.0650323,0,0,0,0,0,0,0,0,0,0,0,0
10989,C3D8,0.0650323,0,0,0,0,0,0,0,0,0,0,0,0
10990,C3D8,0.0674,0,0,0,0,0,0,0,0,0,0,0,0
10991,C3D8,0.0674,0,0,0,0,0,0,0,0,0,0,0,0
10992,C3D8,0.0674,0,0,0,0,0,0,0,0,0,0,0,0
10993,C3D8,0.0697678,0,0,0,0,0,0,0,0,0,0,0,0
10994,C3D8,0.0697678,0,0,0,0,0,0,0,0,0,0,0,0
10995,C3D8,0.0697678,0,0,0,0,0,0,0,0,0,0,0,0
10996,C3D8,0.0721355,0,0,0,0,0,0,0,0,0,0,0,0
10997,C3D8,0.0721355,0,0,0,0,0,0,0,0,0,0,0,0
10998,C3D8,0.0721355,0,0,0,0,0,0,0,0,0,0,0,0
10999,C3D8,0.0505904,0,0,0,0,0,0,0,0,0,0,0,0
11000,C3D8,0.0505905,0,0,0,0,0,0,0,0,0,0,0,0
11001,C3D8,0.0505905,0,0,0,0,0,0,0,0,0,0,0,0
11002,C3D8,0.0536829,0,0,0,0,0,0,0,0,0,0,0,0
11003,C3D8,0.0536829,0,0,0,0,0,0,0,0,0,0,0,0
11004,C3D8,0.0536829,0,0,0,0,0,0,0,0,0,0,0,0
11005,C3D8,0.0567752,0,0,0,0,0,0,0,0,0,0,0,0
11006,C3D8,0.0567752,0,0,0,0,0,0,0,0,0,0,0,0
11007,C3D8,0.0567752,0,0,0,0,0,0,0,0,0,0,0,0
11008,C3D8,0.0598677,0,0,0,0,0,0,0,0,0,0,0,0
11009,C3D8,0.0598677,0,0,0,0,0,0,0,0,0,0,0,0
11010,C3D8,0.0598677,0,0,0,0,0,0,0,0,0,0,0,0
11011,C3D8,0.0629602,0,0,0,0,0,0,0,0,0,0,0,0
11012,C3D8,0.0629602,0,0,0,0,0,0,0,0,0,0,0,0
11013,C3D8,0.0629602,0,0,0,0,0,0,0,0,0,0,0,0
11014,C3D8,0.0660526,0,0,0,0,0,0,0,0,0,0,0,0
11015,C3D8,0.0660526,0,0,0,0,0,0,0,0,0,0,0,0
11016,C3D8,0.0660526,0,0,0,0,0,0,0,0,0,0,0,0
11017,C3D8,0.0691449,0,0,0,0,0,0,0,0,0,0,0,0
11018,C3D8,0.0691449,0,0,0,0,0,0,0,0,0,0,0,0
11019,C3D8,0.0691449,0,0,0,0,0,0,0,0,0,0,0,0
11020,C3D8,0.0722374,0,0,0,0,0,0,0,0,0,0,0,0
11021,C3D8,0.0722374,0,0,0,0,0,0,0,0,0,0,0,0
11022,C3D8,0.0722374,0,0,0,0,0,0,0,0,0,0,0,0
11023,C3D8,0.0753299,0,0,0,0,0,0,0,0,0,0,0,0
11024,C3D8,0.0753299,0,0,0,0,0,0,0,0,0,0,0,0
11025,C3D8,0.0753299,0,0,0,0,0,0,0,0,0,0,0,0
11026,C3D8,0.0784223,0,0,0,0,0,0,0,0,0,0,0,0
11027,C3D8,0.0784223,0,0,0,0,0,0,0,0,0,0,0,0
11028,C3D8,0.0784223,0,0,0,0,0,0,0,0,0,0,0,0
11029,C3D8,0.0815146,0,0,0,0,0,0,0,0,0,0,0,0
11030,C3D8,0.0815146,0,0,0,0,0,0,0,0,0,0,0,0
11031,C3D8,0.0815146,0,0,0,0,0,0,0,0,0,0,0,0
11032,C3D8,0.0846071,0,0,0,0,0,0,0,0,0,0,0,0
11033,C3D8,0.0846072,0,0,0,0,0,0,0,0,0,0,0,0
11034,C3D8,0.0846072,0,0,0,0,0,0,0,0,0,0,0,0
11035,C3D8,0.323766,0,0,0,0,0,0,0,0,0,0,0,0
11036,C3D8,0.323766,0,0,0,0,0,0,0,0,0,0,0,0
11037,C3D8,0.323766,0,0,0,0,0,0,0,0,0,0,0,0
11038,C3D8,0.323766,0,0,0,0,0,0,0,0,0,0,0,0
11039,C3D8,0.323766,0,0,0,0,0,0,0,0,0,0,0,0
11040,C3D8,0.323766,0,0,0,0,0,0,0,0,0,0,0,0
11041,C3D8,0.323766,0,0,0,0,0,0,0,0,0,0,0,0
11042,C3D8,0.323766,0,0,0,0,0,0,0,0,0,0,0,0
11043,C3D8,0.323766,0,0,0,0,0,0,0,0,0,0,0,0
11044,C3D8,0.323766,0,0,0,0,0,0,0,0,0,0,0,0
11045,C3D8,0.323766,0,0,0,0,0,0,0,0,0,0,0,0
11046,C3D8,0.323766,0,0,0,0,0,0,0,0,0,0,0,0
11047,C3D8,0.323766,0,0,0,0,0,0,0,0,0,0,0,0
11048,C3D8,0.323766,0,0,0,0,0,0,0,0,0,0,0,0
11049,C3D8,0.323766,0,0,0,0,0,0,0,0,0,0,0,0
11050,C3D8,0.323766,0,0,0,0,0,0,0,0,0,0,0,0
11051,C3D8,0.323766,0,0,0,0,0,0,0,0,0,0,0,0
11052,C3D8,0.323766,0,0,0,0,0,0,0,0,0,0,0,0
11053,C3D8,0.323766,0,0,0,0,0,0,0,0,0,0,0,0
11054,C3D8,0.323766,0,0,0,0,0,0,0,0,0,0,0,0
11055,C3D8,0.323766,0,0,0,0,0,0,0,0,0,0,0,0
11056,C3D8,0.323766,0,0,0,0,0,0,0,0,0,0,0,0
11057,C3D8,0.323766,0,0,0,0,0,0,0,0,0,0,0,0
11058,C3D8,0.323766,0,0,0,0,0,0,0,0,0,0,0,0
11059,C3D8,0.323766,0,0,0,0,0,0,0,0,0,0,0,0
11060,C3D8,0.323766,0,0,0,0,0,0,0,0,0,0,0,0
11061,C3D8,0.323766,0,0,0,0,0,0,0,0,0,0,0,0
11062,C3D8,0.323766,0,0,0,0,0,0,0,0,0,0,0,0
11063,C3D8,0.323766,0,0,0,0,0,0,0,0,0,0,0,0
11064,C3D8,0.323766,0,0,0,0,0,0,0,0,0,0,0,0
11065,C3D8,0.323766,0,0,0,0,0,0,0,0,0,0,0,0
11066,C3D8,0.323766,0,0,0,0,0,0,0,0,0,0,0,0
11067,C3D8,0.323766,0,0,0,0,0,0,0,0,0,0,0,0
11068,C3D8,0.323766,0,0,0,0,0,0,0,0,0,0,0,0
11069,C3D8,0.323766,0,0,0,0,0,0,0,0,0,0,0,0
11070,C3D8,0.323766,0,0,0,0,0,0,0,0,0,0,0,0
11071,C3D8,0.323766,0,0,0,0,0,0,0,0,0,0,0,0
11072,C3D8,0.323766,0,0,0,0,0,0,0,0,0,0,0,0
11073,C3D8,0.323766,0,0,0,0,0,0,0,0,0,0,0,0
11074,C3D8,0.323766,0,0,0,0,0,0,0,0,0,0,0,0
11075,C3D8,0.323766,0,0,0,0,0,0,0,0,0,0,0,0
11076,C3D8,0.323766,0,0,0,0,0,0,0,0,0,0,0,0
11077,C3D8,0.323766,0,0,0,0,0,0,0,0,0,0,0,0
11078,C3D8,0.323766,0,0,0,0,0,0,0,0,0,0,0,0
11079,C3D8,0.323766,0,0,0,0,0,0,0,0,0,0,0,0
11080,C3D8,0.323766,0,0,0,0,0,0,0,0,0,0,0,0
11081,C3D8,0.323766,0,0,0,0,0,0,0,0,0,0,0,0
11082,C3D8,0.323766,0,0,0,0,0,0,0,0,0,0,0,0
11083,C3D8,0.323766,0,0,0,0,0,0,0,0,0,0,0,0
11084,C3D8,0.323766,0,0,0,0,0,0,0,0,0,0,0,0
11085,C3D8,0.323766,0,0,0,0,0,0,0,0,0,0,0,0
11086,C3D8,0.323766,0,0,0,0,0,0,0,0,0,0,0,0
11087,C3D8,0.323766,0,0,0,0,0,0,0,0,0,0,0,0
11088,C3D8,0.323766,0,0,0,0,0,0,0,0,0,0,0,0
11089,C3D8,0.323766,0,0,0,0,0,0,0,0,0,0,0,0
11090,C3D8,0.323766,0,0,0,0,0,0,0,0,0,0,0,0
11091,C3D8,0.323766,0,0,0,0,0,0,0,0,0,0,0,0
11092,C3D8,0.323766,0,0,0,0,0,0,0,0,0,0,0,0
11093,C3D8,0.323766,0,0,0,0,0,0,0,0,0,0,0,0
11094,C3D8,0.323766,0,0,0,0,0,0,0,0,0,0,0,0
11095,C3D8,0.323766,0,0,0,0,0,0,0,0,0,0,0,0
11096,C3D8,0.323766,0,0,0,0,0,0,0,0,0,0,0,0
11097,C3D8,0.323766,0,0,0,0,0,0,0,0,0,0,0,0
11098,C3D8,0.323766,0,0,0,0,0,0,0,0,0,0,0,0
11099,C3D8,0.323766,0,0,0,0,0,0,0,0,0,0,0,0
11100,C3D8,0.323766,0,0,0,0,0,0,0,0,0,0,0,0
11101,C3D8,0.323766,0,0,0,0,0,0,0,0,0,0,0,0
11102,C3D8,0.323766,0,0,0,0,0,0,0,0,0,0,0,0
11103,C3D8,0.323766,0,0,0,0,0,0,0,0,0,0,0,0
11104,C3D8,0.323766,0,0,0,0,0,0,0,0,0,0,0,0
11105,C3D8,0.323766,0,0,0,0,0,0,0,0,0,0,0,0
11106,C3D8,0.323766,0,0,0,0,0,0,0,0,0,0,0,0
11107,C3D8,0.323766,0,0,0,0,0,0,0,0,0,0,0,0
11108,C3D8,0.323766,0,0,0,0,0,0,0,0,0,0,0,0
11109,C3D8,0.323766,0,0,0,0,0,0,0,0,0,0,0,0
11110,C3D8,0.323766,0,0,0,0,0,0,0,0,0,0,0,0
11111,C3D8,0.323766,0,0,0,0,0,0,0,0,0,0,0,0
11112,C3D8,0.323766,0,0,0,0,0,0,0,0,0,0,0,0
11113,C3D8,0.323766,0,0,0,0,0,0,0,0,0,0,0,0
11114,C3D8,0.323766,0,0,0,0,0,0,0,0,0,0,0,0
11115,C3D8,0.323766,0,0,0,0,0,0,0,0,0,0,0,0
11116,C3D8,0.323766,0,0,0,0,0,0,0,0,0,0,0,0
11117,C3D8,0.323766,0,0,0,0,0,0,0,0,0,0,0,0
11118,C3D8,0.323766,0,0,0,0,0,0,0,0,0,0,0,0
11119,C3D8,0.323766,0,0,0,0,0,0,0,0,0,0,0,0
11120,C3D8,0.323766,0,0,0,0,0,0,0,0,0,0,0,0
11121,C3D8,0.323766,0,0,0,0,0,0,0,0,0,0,0,0
11122,C3D8,0.323766,0,0,0,0,0,0,0,0,0,0,0,0
11123,C3D8,0.323766,0,0,0,0,0,0,0,0,0,0,0,0
11124,C3D8,0.323766,0,0,0,0,0,0,0,0,0,0,0,0
11125,C3D8,0.323766,0,0,0,0,0,0,0,0,0,0,0,0
11126,C3D8,0.323766,0,0,0,0,0,0,0,0,0,0,0,0
11127,C3D8,0.323766,0,0,0,0,0,0,0,0,0,0,0,0
11128,C3D8,0.323766,0,0,0,0,0,0,0,0,0,0,0,0
11129,C3D8,0.323766,0,0,0,0,0,0,0,0,0,0,0,0
11130,C3D8,0.323766,0,0,0,0,0,0,0,0,0,0,0,0
11131,C3D8,0.323767,0,0,0,0,0,0,0,0,0,0,0,0
11132,C3D8,0.323767,0,0,0,0,0,0,0,0,0,0,0,0
11133,C3D8,0.323767,0,0,0,0,0,0,0,0,0,0,0,0
11134,C3D8,0.323767,0,0,0,0,0,0,0,0,0,0,0,0
11135,C3D8,0.323767,0,0,0,0,0,0,0,0,0,0,0,0
11136,C3D8,0.323767,0,0,0,0,0,0,0,0,0,0,0,0
11137,C3D8,0.323767,0,0,0,0,0,0,0,0,0,0,0,0
11138,C3D8,0.323767,0,0,0,0,0,0,0,0,0,0,0,0
11139,C3D8,0.323767,0,0,0,0,0,0,0,0,0,0,0,0
11140,C3D8,0.323767,0,0,0,0,0,0,0,0,0,0,0,0
11141,C3D8,0.323767,0,0,0,0,0,0,0,0,0,0,0,0
11142,C3D8,0.323767,0,0,0,0,0,0,0,0,0,0,0,0
11143,C3D8,0.323767,0,0,0,0,0,0,0,0,0,0,0,0
11144,C3D8,0.323767,0,0,0,0,0,0,0,0,0,0,0,0
11145,C3D8,0.323767,0,0,0,0,0,0,0,0,0,0,0,0
11146,C3D8,0.323767,0,0,0,0,0,0,0,0,0,0,0,0
11147,C3D8,0.323767,0,0,0,0,0,0,0,0,0,0,0,0
11148,C3D8,0.323767,0,0,0,0,0,0,0,0,0,0,0,0
11149,C3D8,0.323767,0,0,0,0,0,0,0,0,0,0,0,0
11150,C3D8,0.323767,0,0,0,0,0,0,0,0,0,0,0,0
11151,C3D8,0.323767,0,0,0,0,0,0,0,0,0,0,0,0
11152,C3D8,0.323767,0,0,0,0,0,0,0,0,0,0,0,0
11153,C3D8,0.323767,0,0,0,0,0,0,0,0,0,0,0,0
11154,C3D8,0.323767,0,0,0,0,0,0,0,0,0,0,0,0
11155,C3D8,0.323767,0,0,0,0,0,0,0,0,0,0,0,0
11156,C3D8,0.323767,0,0,0,0,0,0,0,0,0,0,0,0
11157,C3D8,0.323767,0,0,0,0,0,0,0,0,0,0,0,0
11158,C3D8,0.323767,0,0,0,0,0,0,0,0,0,0,0,0
11159,C3D8,0.323767,0,0,0,0,0,0,0,0,0,0,0,0
11160,C3D8,0.323767,0,0,0,0,0,0,0,0,0,0,0,0
11161,C3D8,0.323767,0,0,0,0,0,0,0,0,0,0,0,0
11162,C3D8,0.323767,0,0,0,0,0,0,0,0,0,0,0,0
11163,C3D8,0.323767,0,0,0,0,0,0,0,0,0,0,0,0
11164,C3D8,0.323767,0,0,0,0,0,0,0,0,0,0,0,0
11165,C3D8,0.323767,0,0,0,0,0,0,0,0,0,0,0,0
11166,C3D8,0.323767,0,0,0,0,0,0,0,0,0,0,0,0
11167,C3D8,0.323767,0,0,0,0,0,0,0,0,0,0,0,0
11168,C3D8,0.323767,0,0,0,0,0,0,0,0,0,0,0,0
11169,C3D8,0.323767,0,0,0,0,0,0,0,0,0,0,0,0
11170,C3D8,0.323767,0,0,0,0,0,0,0,0,0,0,0,0
11171,C3D8,0.323767,0,0,0,0,0,0,0,0,0,0,0,0
11172,C3D8,0.323767,0,0,0,0,0,0,0,0,0,0,0,0
11173,C3D8,0.323767,0,0,0,0,0,0,0,0,0,0,0,0
11174,C3D8,0.323767,0,0,0,0,0,0,0,0,0,0,0,0
11175,C3D8,0.323767,0,0,0,0,0,0,0,0,0,0,0,0
11176,C3D8,0.323767,0,0,0,0,0,0,0,0,0,0,0,0
11177,C3D8,0.323767,0,0,0,0,0,0,0,0,0,0,0,0
11178,C3D8,0.323767,0,0,0,0,0,0,0,0,0,0,0,0
11179,C3D8,0.323766,0,0,0,0,0,0,0,0,0,0,0,0
11180,C3D8,0.323766,0,0,0,0,0,0,0,0,0,0,0,0
11181,C3D8,0.323766,0,0,0,0,0,0,0,0,0,0,0,0
11182,C3D8,0.323766,0,0,0,0,0,0,0,0,0,0,0,0
11183,C3D8,0.323766,0,0,0,0,0,0,0,0,0,0,0,0
11184,C3D8,0.323766,0,0,0,0,0,0,0,0,0,0,0,0
11185,C3D8,0.323766,0,0,0,0,0,0,0,0,0,0,0,0
11186,C3D8,0.323766,0,0,0,0,0,0,0,0,0,0,0,0
11187,C3D8,0.323766,0,0,0,0,0,0,0,0,0,0,0,0
11188,C3D8,0.323766,0,0,0,0,0,0,0,0,0,0,0,0
11189,C3D8,0.323766,0,0,0,0,0,0,0,0,0,0,0,0
11190,C3D8,0.323766,0,0,0,0,0,0,0,0,0,0,0,0
11191,C3D8,0.323766,0,0,0,0,0,0,0,0,0,0,0,0
11192,C3D8,0.323766,0,0,0,0,0,0,0,0,0,0,0,0
11193,C3D8,0.323766,0,0,0,0,0,0,0,0,0,0,0,0
11194,C3D8,0.323766,0,0,0,0,0,0,0,0,0,0,0,0
11195,C3D8,0.323766,0,0,0,0,0,0,0,0,0,0,0,0
11196,C3D8,0.323766,0,0,0,0,0,0,0,0,0,0,0,0
11197,C3D8,0.323766,0,0,0,0,0,0,0,0,0,0,0,0
11198,C3D8,0.323766,0,0,0,0,0,0,0,0,0,0,0,0
11199,C3D8,0.323766,0,0,0,0,0,0,0,0,0,0,0,0
11200,C3D8,0.323766,0,0,0,0,0,0,0,0,0,0,0,0
11201,C3D8,0.323766,0,0,0,0,0,0,0,0,0,0,0,0
11202,C3D8,0.323766,0,0,0,0,0,0,0,0,0,0,0,0
11203,C3D8,0.323766,0,0,0,0,0,0,0,0,0,0,0,0
11204,C3D8,0.323766,0,0,0,0,0,0,0,0,0,0,0,0
11205,C3D8,0.323766,0,0,0,0,0,0,0,0,0,0,0,0
11206,C3D8,0.323766,0,0,0,0,0,0,0,0,0,0,0,0
11207,C3D8,0.323766,0,0,0,0,0,0,0,0,0,0,0,0
11208,C3D8,0.323766,0,0,0,0,0,0,0,0,0,0,0,0
11209,C3D8,0.323766,0,0,0,0,0,0,0,0,0,0,0,0
11210,C3D8,0.323766,0,0,0,0,0,0,0,0,0,0,0,0
11211,C3D8,0.323766,0,0,0,0,0,0,0,0,0,0,0,0
11212,C3D8,0.323766,0,0,0,0,0,0,0,0,0,0,0,0
11213,C3D8,0.323766,0,0,0,0,0,0,0,0,0,0,0,0
11214,C3D8,0.323766,0,0,0,0,0,0,0,0,0,0,0,0
11215,C3D8,0.323766,0,0,0,0,0,0,0,0,0,0,0,0
11216,C3D8,0.323766,0,0,0,0,0,0,0,0,0,0,0,0
11217,C3D8,0.323766,0,0,0,0,0,0,0,0,0,0,0,0
11218,C3D8,0.323766,0,0,0,0,0,0,0,0,0,0,0,0
11219,C3D8,0.323766,0,0,0,0,0,0,0,0,0,0,0,0
11220,C3D8,0.323766,0,0,0,0,0,0,0,0,0,0,0,0
11221,C3D8,0.323766,0,0,0,0,0,0,0,0,0,0,0,0
11222,C3D8,0.323766,0,0,0,0,0,0,0,0,0,0,0,0
11223,C3D8,0.323766,0,0,0,0,0,0,0,0,0,0,0,0
11224,C3D8,0.323766,0,0,0,0,0,0,0,0,0,0,0,0
11225,C3D8,0.323766,0,0,0,0,0,0,0,0,0,0,0,0
11226,C3D8,0.323766,0,0,0,0,0,0,0,0,0,0,0,0
11227,C3D8,0.323767,0,0,0,0,0,0,0,0,0,0,0,0
11228,C3D8,0.323767,0,0,0,0,0,0,0,0,0,0,0,0
11229,C3D8,0.323767,0,0,0,0,0,0,0,0,0,0,0,0
11230,C3D8,0.323767,0,0,0,0,0,0,0,0,0,0,0,0
11231,C3D8,0.323767,0,0,0,0,0,0,0,0,0,0,0,0
11232,C3D8,0.323767,0,0,0,0,0,0,0,0,0,0,0,0
11233,C3D8,0.323767,0,0,0,0,0,0,0,0,0,0,0,0
11234,C3D8,0.323767,0,0,0,0,0,0,0,0,0,0,0,0
11235,C3D8,0.323767,0,0,0,0,0,0,0,0,0,0,0,0
11236,C3D8,0.323767,0,0,0,0,0,0,0,0,0,0,0,0
11237,C3D8,0.323767,0,0,0,0,0,0,0,0,0,0,0,0
11238,C3D8,0.323767,0,0,0,0,0,0,0,0,0,0,0,0
11239,C3D8,0.323767,0,0,0,0,0,0,0,0,0,0,0,0
11240,C3D8,0.323767,0,0,0,0,0,0,0,0,0,0,0,0
11241,C3D8,0.323767,0,0,0,0,0,0,0,0,0,0,0,0
11242,C3D8,0.323767,0,0,0,0,0,0,0,0,0,0,0,0
11243,C3D8,0.323767,0,0,0,0,0,0,0,0,0,0,0,0
11244,C3D8,0.323767,0,0,0,0,0,0,0,0,0,0,0,0
11245,C3D8,0.323767,0,0,0,0,0,0,0,0,0,0,0,0
11246,C3D8,0.323767,0,0,0,0,0,0,0,0,0,0,0,0
11247,C3D8,0.323767,0,0,0,0,0,0,0,0,0,0,0,0
11248,C3D8,0.323767,0,0,0,0,0,0,0,0,0,0,0,0
11249,C3D8,0.323767,0,0,0,0,0,0,0,0,0,0,0,0
11250,C3D8,0.323767,0,0,0,0,0,0,0,0,0,0,0,0
11251,C3D8,0.323767,0,0,0,0,0,0,0,0,0,0,0,0
11252,C3D8,0.323767,0,0,0,0,0,0,0,0,0,0,0,0
11253,C3D8,0.323767,0,0,0,0,0,0,0,0,0,0,0,0
11254,C3D8,0.323767,0,0,0,0,0,0,0,0,0,0,0,0
11255,C3D8,0.323767,0,0,0,0,0,0,0,0,0,0,0,0
11256,C3D8,0.323767,0,0,0,0,0,0,0,0,0,0,0,0
11257,C3D8,0.323767,0,0,0,0,0,0,0,0,0,0,0,0
11258,C3D8,0.323767,0,0,0,0,0,0,0,0,0,0,0,0
11259,C3D8,0.323767,0,0,0,0,0,0,0,0,0,0,0,0
11260,C3D8,0.323767,0,0,0,0,0,0,0,0,0,0,0,0
11261,C3D8,0.323767,0,0,0,0,0,0,0,0,0,0,0,0
11262,C3D8,0.323767,0,0,0,0,0,0,0,0,0,0,0,0
11263,C3D8,0.323767,0,0,0,0,0,0,0,0,0,0,0,0
11264,C3D8,0.323767,0,0,0,0,0,0,0,0,0,0,0,0
11265,C3D8,0.323767,0,0,0,0,0,0,0,0,0,0,0,0
11266,C3D8,0.323767,0,0,0,0,0,0,0,0,0,0,0,0
11267,C3D8,0.323767,0,0,0,0,0,0,0,0,0,0,0,0
11268,C3D8,0.323767,0,0,0,0,0,0,0,0,0,0,0,0
11269,C3D8,0.323767,0,0,0,0,0,0,0,0,0,0,0,0
11270,C3D8,0.323767,0,0,0,0,0,0,0,0,0,0,0,0
11271,C3D8,0.323767,0,0,0,0,0,0,0,0,0,0,0,0
11272,C3D8,0.323767,0,0,0,0,0,0,0,0,0,0,0,0
11273,C3D8,0.323767,0,0,0,0,0,0,0,0,0,0,0,0
11274,C3D8,0.323767,0,0,0,0,0,0,0,0,0,0,0,0
11275,C3D8,0.323766,0,0,0,0,0,0,0,0,0,0,0,0
11276,C3D8,0.323766,0,0,0,0,0,0,0,0,0,0,0,0
11277,C3D8,0.323766,0,0,0,0,0,0,0,0,0,0,0,0
11278,C3D8,0.323766,0,0,0,0,0,0,0,0,0,0,0,0
11279,C3D8,0.323766,0,0,0,0,0,0,0,0,0,0,0,0
11280,C3D8,0.323766,0,0,0,0,0,0,0,0,0,0,0,0
11281,C3D8,0.323766,0,0,0,0,0,0,0,0,0,0,0,0
11282,C3D8,0.323766,0,0,0,0,0,0,0,0,0,0,0,0
11283,C3D8,0.323766,0,0,0,0,0,0,0,0,0,0,0,0
11284,C3D8,0.323766,0,0,0,0,0,0,0,0,0,0,0,0
11285,C3D8,0.323766,0,0,0,0,0,0,0,0,0,0,0,0
11286,C3D8,0.323766,0,0,0,0,0,0,0,0,0,0,0,0
11287,C3D8,0.323766,0,0,0,0,0,0,0,0,0,0,0,0
11288,C3D8,0.323766,0,0,0,0,0,0,0,0,0,0,0,0
11289,C3D8,0.323766,0,0,0,0,0,0,0,0,0,0,0,0
11290,C3D8,0.323766,0,0,0,0,0,0,0,0,0,0,0,0
11291,C3D8,0.323766,0,0,0,0,0,0,0,0,0,0,0,0
11292,C3D8,0.323766,0,0,0,0,0,0,0,0,0,0,0,0
11293,C3D8,0.323766,0,0,0,0,0,0,0,0,0,0,0,0
11294,C3D8,0.323766,0,0,0,0,0,0,0,0,0,0,0,0
11295,C3D8,0.323766,0,0,0,0,0,0,0,0,0,0,0,0
11296,C3D8,0.323766,0,0,0,0,0,0,0,0,0,0,0,0
11297,C3D8,0.323766,0,0,0,0,0,0,0,0,0,0,0,0
11298,C3D8,0.323766,0,0,0,0,0,0,0,0,0,0,0,0
11299,C3D8,0.323766,0,0,0,0,0,0,0,0,0,0,0,0
11300,C3D8,0.323766,0,0,0,0,0,0,0,0,0,0,0,0
11301,C3D8,0.323766,0,0,0,0,0,0,0,0,0,0,0,0
11302,C3D8,0.323766,0,0,0,0,0,0,0,0,0,0,0,0
11303,C3D8,0.323766,0,0,0,0,0,0,0,0,0,0,0,0
11304,C3D8,0.323766,0,0,0,0,0,0,0,0,0,0,0,0
11305,C3D8,0.323766,0,0,0,0,0,0,0,0,0,0,0,0
11306,C3D8,0.323766,0,0,0,0,0,0,0,0,0,0,0,0
11307,C3D8,0.323766,0,0,0,0,0,0,0,0,0,0,0,0
11308,C3D8,0.323766,0,0,0,0,0,0,0,0,0,0,0,0
11309,C3D8,0.323766,0,0,0,0,0,0,0,0,0,0,0,0
11310,C3D8,0.323766,0,0,0,0,0,0,0,0,0,0,0,0
11311,C3D8,0.323766,0,0,0,0,0,0,0,0,0,0,0,0
11312,C3D8,0.323766,0,0,0,0,0,0,0,0,0,0,0,0
11313,C3D8,0.323766,0,0,0,0,0,0,0,0,0,0,0,0
11314,C3D8,0.323766,0,0,0,0,0,0,0,0,0,0,0,0
11315,C3D8,0.323766,0,0,0,0,0,0,0,0,0,0,0,0
11316,C3D8,0.323766,0,0,0,0,0,0,0,0,0,0,0,0
11317,C3D8,0.323766,0,0,0,0,0,0,0,0,0,0,0,0
11318,C3D8,0.323766,0,0,0,0,0,0,0,0,0,0,0,0
11319,C3D8,0.323766,0,0,0,0,0,0,0,0,0,0,0,0
11320,C3D8,0.323766,0,0,0,0,0,0,0,0,0,0,0,0
11321,C3D8,0.323766,0,0,0,0,0,0,0,0,0,0,0,0
11322,C3D8,0.323766,0,0,0,0,0,0,0,0,0,0,0,0
11323,C3D8,0.323767,0,0,0,0,0,0,0,0,0,0,0,0
11324,C3D8,0.323767,0,0,0,0,0,0,0,0,0,0,0,0
11325,C3D8,0.323767,0,0,0,0,0,0,0,0,0,0,0,0
11326,C3D8,0.323767,0,0,0,0,0,0,0,0,0,0,0,0
11327,C3D8,0.323767,0,0,0,0,0,0,0,0,0,0,0,0
11328,C3D8,0.323767,0,0,0,0,0,0,0,0,0,0,0,0
11329,C3D8,0.323767,0,0,0,0,0,0,0,0,0,0,0,0
11330,C3D8,0.323767,0,0,0,0,0,0,0,0,0,0,0,0
11331,C3D8,0.323767,0,0,0,0,0,0,0,0,0,0,0,0
11332,C3D8,0.323767,0,0,0,0,0,0,0,0,0,0,0,0
11333,C3D8,0.323767,0,0,0,0,0,0,0,0,0,0,0,0
11334,C3D8,0.323767,0,0,0,0,0,0,0,0,0,0,0,0
11335,C3D8,0.323767,0,0,0,0,0,0,0,0,0,0,0,0
11336,C3D8,0.323767,0,0,0,0,0,0,0,0,0,0,0,0
11337,C3D8,0.323767,0,0,0,0,0,0,0,0,0,0,0,0
11338,C3D8,0.323767,0,0,0,0,0,0,0,0,0,0,0,0
11339,C3D8,0.323767,0,0,0,0,0,0,0,0,0,0,0,0
11340,C3D8,0.323767,0,0,0,0,0,0,0,0,0,0,0,0
11341,C3D8,0.323767,0,0,0,0,0,0,0,0,0,0,0,0
11342,C3D8,0.323767,0,0,0,0,0,0,0,0,0,0,0,0
11343,C3D8,0.323767,0,0,0,0,0,0,0,0,0,0,0,0
11344,C3D8,0.323767,0,0,0,0,0,0,0,0,0,0,0,0
11345,C3D8,0.323767,0,0,0,0,0,0,0,0,0,0,0,0
11346,C3D8,0.323767,0,0,0,0,0,0,0,0,0,0,0,0
11347,C3D8,0.323767,0,0,0,0,0,0,0,0,0,0,0,0
11348,C3D8,0.323767,0,0,0,0,0,0,0,0,0,0,0,0
11349,C3D8,0.323767,0,0,0,0,0,0,0,0,0,0,0,0
11350,C3D8,0.323767,0,0,0,0,0,0,0,0,0,0,0,0
11351,C3D8,0.323767,0,0,0,0,0,0,0,0,0,0,0,0
11352,C3D8,0.323767,0,0,0,0,0,0,0,0,0,0,0,0
11353,C3D8,0.323767,0,0,0,0,0,0,0,0,0,0,0,0
11354,C3D8,0.323767,0,0,0,0,0,0,0,0,0,0,0,0
11355,C3D8,0.323767,0,0,0,0,0,0,0,0,0,0,0,0
11356,C3D8,0.323767,0,0,0,0,0,0,0,0,0,0,0,0
11357,C3D8,0.323767,0,0,0,0,0,0,0,0,0,0,0,0
11358,C3D8,0.323767,0,0,0,0,0,0,0,0,0,0,0,0
11359,C3D8,0.323767,0,0,0,0,0,0,0,0,0,0,0,0
11360,C3D8,0.323767,0,0,0,0,0,0,0,0,0,0,0,0
11361,C3D8,0.323767,0,0,0,0,0,0,0,0,0,0,0,0
11362,C3D8,0.323767,0,0,0,0,0,0,0,0,0,0,0,0
11363,C3D8,0.323767,0,0,0,0,0,0,0,0,0,0,0,0
11364,C3D8,0.323767,0,0,0,0,0,0,0,0,0,0,0,0
11365,C3D8,0.323767,0,0,0,0,0,0,0,0,0,0,0,0
11366,C3D8,0.323767,0,0,0,0,0,0,0,0,0,0,0,0
11367,C3D8,0.323767,0,0,0,0,0,0,0,0,0,0,0,0
11368,C3D8,0.323767,0,0,0,0,0,0,0,0,0,0,0,0
11369,C3D8,0.323767,0,0,0,0,0,0,0,0,0,0,0,0
11370,C3D8,0.323767,0,0,0,0,0,0,0,0,0,0,0,0
11371,C3D8,0.323767,0,0,0,0,0,0,0,0,0,0,0,0
11372,C3D8,0.323767,0,0,0,0,0,0,0,0,0,0,0,0
11373,C3D8,0.323767,0,0,0,0,0,0,0,0,0,0,0,0
11374,C3D8,0.323767,0,0,0,0,0,0,0,0,0,0,0,0
11375,C3D8,0.323767,0,0,0,0,0,0,0,0,0,0,0,0
11376,C3D8,0.323767,0,0,0,0,0,0,0,0,0,0,0,0
11377,C3D8,0.323767,0,0,0,0,0,0,0,0,0,0,0,0
11378,C3D8,0.323767,0,0,0,0,0,0,0,0,0,0,0,0
11379,C3D8,0.323767,0,0,0,0,0,0,0,0,0,0,0,0
11380,C3D8,0.323767,0,0,0,0,0,0,0,0,0,0,0,0
11381,C3D8,0.323767,0,0,0,0,0,0,0,0,0,0,0,0
11382,C3D8,0.323767,0,0,0,0,0,0,0,0,0,0,0,0
11383,C3D8,0.323767,0,0,0,0,0,0,0,0,0,0,0,0
11384,C3D8,0.323767,0,0,0,0,0,0,0,0,0,0,0,0
11385,C3D8,0.323767,0,0,0,0,0,0,0,0,0,0,0,0
11386,C3D8,0.323767,0,0,0,0,0,0,0,0,0,0,0,0
11387,C3D8,0.323767,0,0,0,0,0,0,0,0,0,0,0,0
11388,C3D8,0.323767,0,0,0,0,0,0,0,0,0,0,0,0
11389,C3D8,0.323767,0,0,0,0,0,0,0,0,0,0,0,0
11390,C3D8,0.323767,0,0,0,0,0,0,0,0,0,0,0,0
11391,C3D8,0.323767,0,0,0,0,0,0,0,0,0,0,0,0
11392,C3D8,0.323767,0,0,0,0,0,0,0,0,0,0,0,0
11393,C3D8,0.323767,0,0,0,0,0,0,0,0,0,0,0,0
11394,C3D8,0.323767,0,0,0,0,0,0,0,0,0,0,0,0
11395,C3D8,0.323767,0,0,0,0,0,0,0,0,0,0,0,0
11396,C3D8,0.323767,0,0,0,0,0,0,0,0,0,0,0,0
11397,C3D8,0.323767,0,0,0,0,0,0,0,0,0,0,0,0
11398,C3D8,0.323767,0,0,0,0,0,0,0,0,0,0,0,0
11399,C3D8,0.323767,0,0,0,0,0,0,0,0,0,0,0,0
11400,C3D8,0.323767,0,0,0,0,0,0,0,0,0,0,0,0
11401,C3D8,0.323767,0,0,0,0,0,0,0,0,0,0,0,0
11402,C3D8,0.323767,0,0,0,0,0,0,0,0,0,0,0,0
11403,C3D8,0.323767,0,0,0,0,0,0,0,0,0,0,0,0
11404,C3D8,0.323767,0,0,0,0,0,0,0,0,0,0,0,0
11405,C3D8,0.323767,0,0,0,0,0,0,0,0,0,0,0,0
11406,C3D8,0.323767,0,0,0,0,0,0,0,0,0,0,0,0
11407,C3D8,0.323767,0,0,0,0,0,0,0,0,0,0,0,0
11408,C3D8,0.323767,0,0,0,0,0,0,0,0,0,0,0,0
11409,C3D8,0.323767,0,0,0,0,0,0,0,0,0,0,0,0
11410,C3D8,0.323767,0,0,0,0,0,0,0,0,0,0,0,0
11411,C3D8,0.323767,0,0,0,0,0,0,0,0,0,0,0,0
11412,C3D8,0.323767,0,0,0,0,0,0,0,0,0,0,0,0
11413,C3D8,0.323767,0,0,0,0,0,0,0,0,0,0,0,0
11414,C3D8,0.323767,0,0,0,0,0,0,0,0,0,0,0,0
11415,C3D8,0.323767,0,0,0,0,0,0,0,0,0,0,0,0
11416,C3D8,0.323767,0,0,0,0,0,0,0,0,0,0,0,0
11417,C3D8,0.323767,0,0,0,0,0,0,0,0,0,0,0,0
11418,C3D8,0.323767,0,0,0,0,0,0,0,0,0,0,0,0
11419,C3D8,0.323767,0,0,0,0,0,0,0,0,0,0,0,0
11420,C3D8,0.323767,0,0,0,0,0,0,0,0,0,0,0,0
11421,C3D8,0.323767,0,0,0,0,0,0,0,0,0,0,0,0
11422,C3D8,0.323767,0,0,0,0,0,0,0,0,0,0,0,0
11423,C3D8,0.323767,0,0,0,0,0,0,0,0,0,0,0,0
11424,C3D8,0.323767,0,0,0,0,0,0,0,0,0,0,0,0
11425,C3D8,0.323767,0,0,0,0,0,0,0,0,0,0,0,0
11426,C3D8,0.323767,0,0,0,0,0,0,0,0,0,0,0,0
11427,C3D8,0.323767,0,0,0,0,0,0,0,0,0,0,0,0
11428,C3D8,0.323767,0,0,0,0,0,0,0,0,0,0,0,0
11429,C3D8,0.323767,0,0,0,0,0,0,0,0,0,0,0,0
11430,C3D8,0.323767,0,0,0,0,0,0,0,0,0,0,0,0
11431,C3D8,0.323767,0,0,0,0,0,0,0,0,0,0,0,0
11432,C3D8,0.323767,0,0,0,0,0,0,0,0,0,0,0,0
11433,C3D8,0.323767,0,0,0,0,0,0,0,0,0,0,0,0
11434,C3D8,0.323767,0,0,0,0,0,0,0,0,0,0,0,0
11435,C3D8,0.323767,0,0,0,0,0,0,0,0,0,0,0,0
11436,C3D8,0.323767,0,0,0,0,0,0,0,0,0,0,0,0
11437,C3D8,0.323767,0,0,0,0,0,0,0,0,0,0,0,0
11438,C3D8,0.323767,0,0,0,0,0,0,0,0,0,0,0,0
11439,C3D8,0.323767,0,0,0,0,0,0,0,0,0,0,0,0
11440,C3D8,0.323767,0,0,0,0,0,0,0,0,0,0,0,0
11441,C3D8,0.323767,0,0,0,0,0,0,0,0,0,0,0,0
11442,C3D8,0.323767,0,0,0,0,0,0,0,0,0,0,0,0
11443,C3D8,0.323767,0,0,0,0,0,0,0,0,0,0,0,0
11444,C3D8,0.323767,0,0,0,0,0,0,0,0,0,0,0,0
11445,C3D8,0.323767,0,0,0,0,0,0,0,0,0,0,0,0
11446,C3D8,0.323767,0,0,0,0,0,0,0,0,0,0,0,0
11447,C3D8,0.323767,0,0,0,0,0,0,0,0,0,0,0,0
11448,C3D8,0.323767,0,0,0,0,0,0,0,0,0,0,0,0
11449,C3D8,0.323767,0,0,0,0,0,0,0,0,0,0,0,0
11450,C3D8,0.323767,0,0,0,0,0,0,0,0,0,0,0,0
11451,C3D8,0.323767,0,0,0,0,0,0,0,0,0,0,0,0
11452,C3D8,0.323767,0,0,0,0,0,0,0,0,0,0,0,0
11453,C3D8,0.323767,0,0,0,0,0,0,0,0,0,0,0,0
11454,C3D8,0.323767,0,0,0,0,0,0,0,0,0,0,0,0
11455,C3D8,0.323767,0,0,0,0,0,0,0,0,0,0,0,0
11456,C3D8,0.323767,0,0,0,0,0,0,0,0,0,0,0,0
11457,C3D8,0.323767,0,0,0,0,0,0,0,0,0,0,0,0
11458,C3D8,0.323767,0,0,0,0,0,0,0,0,0,0,0,0
11459,C3D8,0.323767,0,0,0,0,0,0,0,0,0,0,0,0
11460,C3D8,0.323767,0,0,0,0,0,0,0,0,0,0,0,0
11461,C3D8,0.323767,0,0,0,0,0,0,0,0,0,0,0,0
11462,C3D8,0.323767,0,0,0,0,0,0,0,0,0,0,0,0
11463,C3D8,0.323767,0,0,0,0,0,0,0,0,0,0,0,0
11464,C3D8,0.323767,0,0,0,0,0,0,0,0,0,0,0,0
11465,C3D8,0.323767,0,0,0,0,0,0,0,0,0,0,0,0
11466,C3D8,0.323767,0,0,0,0,0,0,0,0,0,0,0,0
11467,C3D8,0.323766,0,0,0,0,0,0,0,0,0,0,0,0
11468,C3D8,0.323766,0,0,0,0,0,0,0,0,0,0,0,0
11469,C3D8,0.323766,0,0,0,0,0,0,0,0,0,0,0,0
11470,C3D8,0.323766,0,0,0,0,0,0,0,0,0,0,0,0
11471,C3D8,0.323766,0,0,0,0,0,0,0,0,0,0,0,0
11472,C3D8,0.323766,0,0,0,0,0,0,0,0,0,0,0,0
11473,C3D8,0.323766,0,0,0,0,0,0,0,0,0,0,0,0
11474,C3D8,0.323766,0,0,0,0,0,0,0,0,0,0,0,0
11475,C3D8,0.323766,0,0,0,0,0,0,0,0,0,0,0,0
11476,C3D8,0.323766,0,0,0,0,0,0,0,0,0,0,0,0
11477,C3D8,0.323766,0,0,0,0,0,0,0,0,0,0,0,0
11478,C3D8,0.323766,0,0,0,0,0,0,0,0,0,0,0,0
11479,C3D8,0.323766,0,0,0,0,0,0,0,0,0,0,0,0
11480,C3D8,0.323766,0,0,0,0,0,0,0,0,0,0,0,0
11481,C3D8,0.323766,0,0,0,0,0,0,0,0,0,0,0,0
11482,C3D8,0.323766,0,0,0,0,0,0,0,0,0,0,0,0
11483,C3D8,0.323766,0,0,0,0,0,0,0,0,0,0,0,0
11484,C3D8,0.323766,0,0,0,0,0,0,0,0,0,0,0,0
11485,C3D8,0.323766,0,0,0,0,0,0,0,0,0,0,0,0
11486,C3D8,0.323766,0,0,0,0,0,0,0,0,0,0,0,0
11487,C3D8,0.323766,0,0,0,0,0,0,0,0,0,0,0,0
11488,C3D8,0.323766,0,0,0,0,0,0,0,0,0,0,0,0
11489,C3D8,0.323766,0,0,0,0,0,0,0,0,0,0,0,0
11490,C3D8,0.323766,0,0,0,0,0,0,0,0,0,0,0,0
11491,C3D8,0.323766,0,0,0,0,0,0,0,0,0,0,0,0
11492,C3D8,0.323766,0,0,0,0,0,0,0,0,0,0,0,0
11493,C3D8,0.323766,0,0,0,0,0,0,0,0,0,0,0,0
11494,C3D8,0.323766,0,0,0,0,0,0,0,0,0,0,0,0
11495,C3D8,0.323766,0,0,0,0,0,0,0,0,0,0,0,0
11496,C3D8,0.323766,0,0,0,0,0,0,0,0,0,0,0,0
11497,C3D8,0.323766,0,0,0,0,0,0,0,0,0,0,0,0
11498,C3D8,0.323766,0,0,0,0,0,0,0,0,0,0,0,0
11499,C3D8,0.323766,0,0,0,0,0,0,0,0,0,0,0,0
11500,C3D8,0.323766,0,0,0,0,0,0,0,0,0,0,0,0
11501,C3D8,0.323766,0,0,0,0,0,0,0,0,0,0,0,0
11502,C3D8,0.323766,0,0,0,0,0,0,0,0,0,0,0,0
11503,C3D8,0.323766,0,0,0,0,0,0,0,0,0,0,0,0
11504,C3D8,0.323766,0,0,0,0,0,0,0,0,0,0,0,0
11505,C3D8,0.323766,0,0,0,0,0,0,0,0,0,0,0,0
11506,C3D8,0.323766,0,0,0,0,0,0,0,0,0,0,0,0
11507,C3D8,0.323766,0,0,0,0,0,0,0,0,0,0,0,0
11508,C3D8,0.323766,0,0,0,0,0,0,0,0,0,0,0,0
11509,C3D8,0.323766,0,0,0,0,0,0,0,0,0,0,0,0
11510,C3D8,0.323766,0,0,0,0,0,0,0,0,0,0,0,0
11511,C3D8,0.323766,0,0,0,0,0,0,0,0,0,0,0,0
11512,C3D8,0.323766,0,0,0,0,0,0,0,0,0,0,0,0
11513,C3D8,0.323766,0,0,0,0,0,0,0,0,0,0,0,0
11514,C3D8,0.323766,0,0,0,0,0,0,0,0,0,0,0,0
11515,C3D8,0.323767,0,0,0,0,0,0,0,0,0,0,0,0
11516,C3D8,0.323767,0,0,0,0,0,0,0,0,0,0,0,0
11517,C3D8,0.323767,0,0,0,0,0,0,0,0,0,0,0,0
11518,C3D8,0.323767,0,0,0,0,0,0,0,0,0,0,0,0
11519,C3D8,0.323767,0,0,0,0,0,0,0,0,0,0,0,0
11520,C3D8,0.323767,0,0,0,0,0,0,0,0,0,0,0,0
11521,C3D8,0.323767,0,0,0,0,0,0,0,0,0,0,0,0
11522,C3D8,0.323767,0,0,0,0,0,0,0,0,0,0,0,0
11523,C3D8,0.323767,0,0,0,0,0,0,0,0,0,0,0,0
11524,C3D8,0.323767,0,0,0,0,0,0,0,0,0,0,0,0
11525,C3D8,0.323767,0,0,0,0,0,0,0,0,0,0,0,0
11526,C3D8,0.323767,0,0,0,0,0,0,0,0,0,0,0,0
11527,C3D8,0.323767,0,0,0,0,0,0,0,0,0,0,0,0
11528,C3D8,0.323767,0,0,0,0,0,0,0,0,0,0,0,0
11529,C3D8,0.323767,0,0,0,0,0,0,0,0,0,0,0,0
11530,C3D8,0.323767,0,0,0,0,0,0,0,0,0,0,0,0
11531,C3D8,0.323767,0,0,0,0,0,0,0,0,0,0,0,0
11532,C3D8,0.323767,0,0,0,0,0,0,0,0,0,0,0,0
11533,C3D8,0.323767,0,0,0,0,0,0,0,0,0,0,0,0
11534,C3D8,0.323767,0,0,0,0,0,0,0,0,0,0,0,0
11535,C3D8,0.323767,0,0,0,0,0,0,0,0,0,0,0,0
11536,C3D8,0.323767,0,0,0,0,0,0,0,0,0,0,0,0
11537,C3D8,0.323767,0,0,0,0,0,0,0,0,0,0,0,0
11538,C3D8,0.323767,0,0,0,0,0,0,0,0,0,0,0,0
11539,C3D8,0.323767,0,0,0,0,0,0,0,0,0,0,0,0
11540,C3D8,0.323767,0,0,0,0,0,0,0,0,0,0,0,0
11541,C3D8,0.323767,0,0,0,0,0,0,0,0,0,0,0,0
11542,C3D8,0.323767,0,0,0,0,0,0,0,0,0,0,0,0
11543,C3D8,0.323767,0,0,0,0,0,0,0,0,0,0,0,0
11544,C3D8,0.323767,0,0,0,0,0,0,0,0,0,0,0,0
11545,C3D8,0.323767,0,0,0,0,0,0,0,0,0,0,0,0
11546,C3D8,0.323767,0,0,0,0,0,0,0,0,0,0,0,0
11547,C3D8,0.323767,0,0,0,0,0,0,0,0,0,0,0,0
11548,C3D8,0.323767,0,0,0,0,0,0,0,0,0,0,0,0
11549,C3D8,0.323767,0,0,0,0,0,0,0,0,0,0,0,0
11550,C3D8,0.323767,0,0,0,0,0,0,0,0,0,0,0,0
11551,C3D8,0.323767,0,0,0,0,0,0,0,0,0,0,0,0
11552,C3D8,0.323767,0,0,0,0,0,0,0,0,0,0,0,0
11553,C3D8,0.323767,0,0,0,0,0,0,0,0,0,0,0,0
11554,C3D8,0.323767,0,0,0,0,0,0,0,0,0,0,0,0
11555,C3D8,0.323767,0,0,0,0,0,0,0,0,0,0,0,0
11556,C3D8,0.323767,0,0,0,0,0,0,0,0,0,0,0,0
11557,C3D8,0.323767,0,0,0,0,0,0,0,0,0,0,0,0
11558,C3D8,0.323767,0,0,0,0,0,0,0,0,0,0,0,0
11559,C3D8,0.323767,0,0,0,0,0,0,0,0,0,0,0,0
11560,C3D8,0.323767,0,0,0,0,0,0,0,0,0,0,0,0
11561,C3D8,0.323767,0,0,0,0,0,0,0,0,0,0,0,0
11562,C3D8,0.323767,0,0,0,0,0,0,0,0,0,0,0,0
11563,C3D8,0.323767,0,0,0,0,0,0,0,0,0,0,0,0
11564,C3D8,0.323767,0,0,0,0,0,0,0,0,0,0,0,0
11565,C3D8,0.323767,0,0,0,0,0,0,0,0,0,0,0,0
11566,C3D8,0.323767,0,0,0,0,0,0,0,0,0,0,0,0
11567,C3D8,0.323767,0,0,0,0,0,0,0,0,0,0,0,0
11568,C3D8,0.323767,0,0,0,0,0,0,0,0,0,0,0,0
11569,C3D8,0.323767,0,0,0,0,0,0,0,0,0,0,0,0
11570,C3D8,0.323767,0,0,0,0,0,0,0,0,0,0,0,0
11571,C3D8,0.323767,0,0,0,0,0,0,0,0,0,0,0,0
11572,C3D8,0.323767,0,0,0,0,0,0,0,0,0,0,0,0
11573,C3D8,0.323767,0,0,0,0,0,0,0,0,0,0,0,0
11574,C3D8,0.323767,0,0,0,0,0,0,0,0,0,0,0,0
11575,C3D8,0.323767,0,0,0,0,0,0,0,0,0,0,0,0
11576,C3D8,0.323767,0,0,0,0,0,0,0,0,0,0,0,0
11577,C3D8,0.323767,0,0,0,0,0,0,0,0,0,0,0,0
11578,C3D8,0.323767,0,0,0,0,0,0,0,0,0,0,0,0
11579,C3D8,0.323767,0,0,0,0,0,0,0,0,0,0,0,0
11580,C3D8,0.323767,0,0,0,0,0,0,0,0,0,0,0,0
11581,C3D8,0.323767,0,0,0,0,0,0,0,0,0,0,0,0
11582,C3D8,0.323767,0,0,0,0,0,0,0,0,0,0,0,0
11583,C3D8,0.323767,0,0,0,0,0,0,0,0,0,0,0,0
11584,C3D8,0.323767,0,0,0,0,0,0,0,0,0,0,0,0
11585,C3D8,0.323767,0,0,0,0,0,0,0,0,0,0,0,0
11586,C3D8,0.323767,0,0,0,0,0,0,0,0,0,0,0,0
11587,C3D8,0.323767,0,0,0,0,0,0,0,0,0,0,0,0
11588,C3D8,0.323767,0,0,0,0,0,0,0,0,0,0,0,0
11589,C3D8,0.323767,0,0,0,0,0,0,0,0,0,0,0,0
11590,C3D8,0.323767,0,0,0,0,0,0,0,0,0,0,0,0
11591,C3D8,0.323767,0,0,0,0,0,0,0,0,0,0,0,0
11592,C3D8,0.323767,0,0,0,0,0,0,0,0,0,0,0,0
11593,C3D8,0.323767,0,0,0,0,0,0,0,0,0,0,0,0
11594,C3D8,0.323767,0,0,0,0,0,0,0,0,0,0,0,0
11595,C3D8,0.323767,0,0,0,0,0,0,0,0,0,0,0,0
11596,C3D8,0.323767,0,0,0,0,0,0,0,0,0,0,0,0
11597,C3D8,0.323767,0,0,0,0,0,0,0,0,0,0,0,0
11598,C3D8,0.323767,0,0,0,0,0,0,0,0,0,0,0,0
11599,C3D8,0.323767,0,0,0,0,0,0,0,0,0,0,0,0
11600,C3D8,0.323767,0,0,0,0,0,0,0,0,0,0,0,0
11601,C3D8,0.323767,0,0,0,0,0,0,0,0,0,0,0,0
11602,C3D8,0.323767,0,0,0,0,0,0,0,0,0,0,0,0
11603,C3D8,0.323767,0,0,0,0,0,0,0,0,0,0,0,0
11604,C3D8,0.323767,0,0,0,0,0,0,0,0,0,0,0,0
11605,C3D8,0.323767,0,0,0,0,0,0,0,0,0,0,0,0
11606,C3D8,0.323767,0,0,0,0,0,0,0,0,0,0,0,0
11607,C3D8,0.323767,0,0,0,0,0,0,0,0,0,0,0,0
11608,C3D8,0.323767,0,0,0,0,0,0,0,0,0,0,0,0
11609,C3D8,0.323767,0,0,0,0,0,0,0,0,0,0,0,0
11610,C3D8,0.323767,0,0,0,0,0,0,0,0,0,0,0,0
11611,C3D8,0.323766,0,0,0,0,0,0,0,0,0,0,0,0
11612,C3D8,0.323766,0,0,0,0,0,0,0,0,0,0,0,0
11613,C3D8,0.323766,0,0,0,0,0,0,0,0,0,0,0,0
11614,C3D8,0.323766,0,0,0,0,0,0,0,0,0,0,0,0
11615,C3D8,0.323766,0,0,0,0,0,0,0,0,0,0,0,0
11616,C3D8,0.323766,0,0,0,0,0,0,0,0,0,0,0,0
11617,C3D8,0.323766,0,0,0,0,0,0,0,0,0,0,0,0
11618,C3D8,0.323766,0,0,0,0,0,0,0,0,0,0,0,0
11619,C3D8,0.323766,0,0,0,0,0,0,0,0,0,0,0,0
11620,C3D8,0.323766,0,0,0,0,0,0,0,0,0,0,0,0
11621,C3D8,0.323766,0,0,0,0,0,0,0,0,0,0,0,0
11622,C3D8,0.323766,0,0,0,0,0,0,0,0,0,0,0,0
11623,C3D8,0.323766,0,0,0,0,0,0,0,0,0,0,0,0
11624,C3D8,0.323766,0,0,0,0,0,0,0,0,0,0,0,0
11625,C3D8,0.323766,0,0,0,0,0,0,0,0,0,0,0,0
11626,C3D8,0.323766,0,0,0,0,0,0,0,0,0,0,0,0
11627,C3D8,0.323766,0,0,0,0,0,0,0,0,0,0,0,0
11628,C3D8,0.323766,0,0,0,0,0,0,0,0,0,0,0,0
11629,C3D8,0.323766,0,0,0,0,0,0,0,0,0,0,0,0
11630,C3D8,0.323766,0,0,0,0,0,0,0,0,0,0,0,0
11631,C3D8,0.323766,0,0,0,0,0,0,0,0,0,0,0,0
11632,C3D8,0.323766,0,0,0,0,0,0,0,0,0,0,0,0
11633,C3D8,0.323766,0,0,0,0,0,0,0,0,0,0,0,0
11634,C3D8,0.323766,0,0,0,0,0,0,0,0,0,0,0,0
11635,C3D8,0.323766,0,0,0,0,0,0,0,0,0,0,0,0
11636,C3D8,0.323766,0,0,0,0,0,0,0,0,0,0,0,0
11637,C3D8,0.323766,0,0,0,0,0,0,0,0,0,0,0,0
11638,C3D8,0.323766,0,0,0,0,0,0,0,0,0,0,0,0
11639,C3D8,0.323766,0,0,0,0,0,0,0,0,0,0,0,0
11640,C3D8,0.323766,0,0,0,0,0,0,0,0,0,0,0,0
11641,C3D8,0.323766,0,0,0,0,0,0,0,0,0,0,0,0
11642,C3D8,0.323766,0,0,0,0,0,0,0,0,0,0,0,0
11643,C3D8,0.323766,0,0,0,0,0,0,0,0,0,0,0,0
11644,C3D8,0.323766,0,0,0,0,0,0,0,0,0,0,0,0
11645,C3D8,0.323766,0,0,0,0,0,0,0,0,0,0,0,0
11646,C3D8,0.323766,0,0,0,0,0,0,0,0,0,0,0,0
11647,C3D8,0.323766,0,0,0,0,0,0,0,0,0,0,0,0
11648,C3D8,0.323766,0,0,0,0,0,0,0,0,0,0,0,0
11649,C3D8,0.323766,0,0,0,0,0,0,0,0,0,0,0,0
11650,C3D8,0.323766,0,0,0,0,0,0,0,0,0,0,0,0
11651,C3D8,0.323766,0,0,0,0,0,0,0,0,0,0,0,0
11652,C3D8,0.323766,0,0,0,0,0,0,0,0,0,0,0,0
11653,C3D8,0.323766,0,0,0,0,0,0,0,0,0,0,0,0
11654,C3D8,0.323766,0,0,0,0,0,0,0,0,0,0,0,0
11655,C3D8,0.323766,0,0,0,0,0,0,0,0,0,0,0,0
11656,C3D8,0.323766,0,0,0,0,0,0,0,0,0,0,0,0
11657,C3D8,0.323766,0,0,0,0,0,0,0,0,0,0,0,0
11658,C3D8,0.323766,0,0,0,0,0,0,0,0,0,0,0,0
11659,C3D8,0.323766,0,0,0,0,0,0,0,0,0,0,0,0
11660,C3D8,0.323766,0,0,0,0,0,0,0,0,0,0,0,0
11661,C3D8,0.323766,0,0,0,0,0,0,0,0,0,0,0,0
11662,C3D8,0.323766,0,0,0,0,0,0,0,0,0,0,0,0
11663,C3D8,0.323766,0,0,0,0,0,0,0,0,0,0,0,0
11664,C3D8,0.323766,0,0,0,0,0,0,0,0,0,0,0,0
11665,C3D8,0.323766,0,0,0,0,0,0,0,0,0,0,0,0
11666,C3D8,0.323766,0,0,0,0,0,0,0,0,0,0,0,0
11667,C3D8,0.323766,0,0,0,0,0,0,0,0,0,0,0,0
11668,C3D8,0.323766,0,0,0,0,0,0,0,0,0,0,0,0
11669,C3D8,0.323766,0,0,0,0,0,0,0,0,0,0,0,0
11670,C3D8,0.323766,0,0,0,0,0,0,0,0,0,0,0,0
11671,C3D8,0.323766,0,0,0,0,0,0,0,0,0,0,0,0
11672,C3D8,0.323766,0,0,0,0,0,0,0,0,0,0,0,0
11673,C3D8,0.323766,0,0,0,0,0,0,0,0,0,0,0,0
11674,C3D8,0.323766,0,0,0,0,0,0,0,0,0,0,0,0
11675,C3D8,0.323766,0,0,0,0,0,0,0,0,0,0,0,0
11676,C3D8,0.323766,0,0,0,0,0,0,0,0,0,0,0,0
11677,C3D8,0.323766,0,0,0,0,0,0,0,0,0,0,0,0
11678,C3D8,0.323766,0,0,0,0,0,0,0,0,0,0,0,0
11679,C3D8,0.323766,0,0,0,0,0,0,0,0,0,0,0,0
11680,C3D8,0.323766,0,0,0,0,0,0,0,0,0,0,0,0
11681,C3D8,0.323766,0,0,0,0,0,0,0,0,0,0,0,0
11682,C3D8,0.323766,0,0,0,0,0,0,0,0,0,0,0,0
11683,C3D8,0.323766,0,0,0,0,0,0,0,0,0,0,0,0
11684,C3D8,0.323766,0,0,0,0,0,0,0,0,0,0,0,0
11685,C3D8,0.323766,0,0,0,0,0,0,0,0,0,0,0,0
11686,C3D8,0.323766,0,0,0,0,0,0,0,0,0,0,0,0
11687,C3D8,0.323766,0,0,0,0,0,0,0,0,0,0,0,0
11688,C3D8,0.323766,0,0,0,0,0,0,0,0,0,0,0,0
11689,C3D8,0.323766,0,0,0,0,0,0,0,0,0,0,0,0
11690,C3D8,0.323766,0,0,0,0,0,0,0,0,0,0,0,0
11691,C3D8,0.323766,0,0,0,0,0,0,0,0,0,0,0,0
11692,C3D8,0.323766,0,0,0,0,0,0,0,0,0,0,0,0
11693,C3D8,0.323766,0,0,0,0,0,0,0,0,0,0,0,0
11694,C3D8,0.323766,0,0,0,0,0,0,0,0,0,0,0,0
11695,C3D8,0.323766,0,0,0,0,0,0,0,0,0,0,0,0
11696,C3D8,0.323766,0,0,0,0,0,0,0,0,0,0,0,0
11697,C3D8,0.323766,0,0,0,0,0,0,0,0,0,0,0,0
11698,C3D8,0.323766,0,0,0,0,0,0,0,0,0,0,0,0
11699,C3D8,0.323766,0,0,0,0,0,0,0,0,0,0,0,0
11700,C3D8,0.323766,0,0,0,0,0,0,0,0,0,0,0,0
11701,C3D8,0.323766,0,0,0,0,0,0,0,0,0,0,0,0
11702,C3D8,0.323766,0,0,0,0,0,0,0,0,0,0,0,0
11703,C3D8,0.323766,0,0,0,0,0,0,0,0,0,0,0,0
11704,C3D8,0.323766,0,0,0,0,0,0,0,0,0,0,0,0
11705,C3D8,0.323766,0,0,0,0,0,0,0,0,0,0,0,0
11706,C3D8,0.323766,0,0,0,0,0,0,0,0,0,0,0,0
11707,C3D8,0.323767,0,0,0,0,0,0,0,0,0,0,0,0
11708,C3D8,0.323767,0,0,0,0,0,0,0,0,0,0,0,0
11709,C3D8,0.323767,0,0,0,0,0,0,0,0,0,0,0,0
11710,C3D8,0.323767,0,0,0,0,0,0,0,0,0,0,0,0
11711,C3D8,0.323767,0,0,0,0,0,0,0,0,0,0,0,0
11712,C3D8,0.323767,0,0,0,0,0,0,0,0,0,0,0,0
11713,C3D8,0.323767,0,0,0,0,0,0,0,0,0,0,0,0
11714,C3D8,0.323767,0,0,0,0,0,0,0,0,0,0,0,0
11715,C3D8,0.323767,0,0,0,0,0,0,0,0,0,0,0,0
11716,C3D8,0.323767,0,0,0,0,0,0,0,0,0,0,0,0
11717,C3D8,0.323767,0,0,0,0,0,0,0,0,0,0,0,0
11718,C3D8,0.323767,0,0,0,0,0,0,0,0,0,0,0,0
11719,C3D8,0.323767,0,0,0,0,0,0,0,0,0,0,0,0
11720,C3D8,0.323767,0,0,0,0,0,0,0,0,0,0,0,0
11721,C3D8,0.323767,0,0,0,0,0,0,0,0,0,0,0,0
11722,C3D8,0.323767,0,0,0,0,0,0,0,0,0,0,0,0
11723,C3D8,0.323767,0,0,0,0,0,0,0,0,0,0,0,0
11724,C3D8,0.323767,0,0,0,0,0,0,0,0,0,0,0,0
11725,C3D8,0.323767,0,0,0,0,0,0,0,0,0,0,0,0
11726,C3D8,0.323767,0,0,0,0,0,0,0,0,0,0,0,0
11727,C3D8,0.323767,0,0,0,0,0,0,0,0,0,0,0,0
11728,C3D8,0.323767,0,0,0,0,0,0,0,0,0,0,0,0
11729,C3D8,0.323767,0,0,0,0,0,0,0,0,0,0,0,0
11730,C3D8,0.323767,0,0,0,0,0,0,0,0,0,0,0,0
11731,C3D8,0.323767,0,0,0,0,0,0,0,0,0,0,0,0
11732,C3D8,0.323767,0,0,0,0,0,0,0,0,0,0,0,0
11733,C3D8,0.323767,0,0,0,0,0,0,0,0,0,0,0,0
11734,C3D8,0.323767,0,0,0,0,0,0,0,0,0,0,0,0
11735,C3D8,0.323767,0,0,0,0,0,0,0,0,0,0,0,0
11736,C3D8,0.323767,0,0,0,0,0,0,0,0,0,0,0,0
11737,C3D8,0.323767,0,0,0,0,0,0,0,0,0,0,0,0
11738,C3D8,0.323767,0,0,0,0,0,0,0,0,0,0,0,0
11739,C3D8,0.323767,0,0,0,0,0,0,0,0,0,0,0,0
11740,C3D8,0.323767,0,0,0,0,0,0,0,0,0,0,0,0
11741,C3D8,0.323767,0,0,0,0,0,0,0,0,0,0,0,0
11742,C3D8,0.323767,0,0,0,0,0,0,0,0,0,0,0,0
11743,C3D8,0.323767,0,0,0,0,0,0,0,0,0,0,0,0
11744,C3D8,0.323767,0,0,0,0,0,0,0,0,0,0,0,0
11745,C3D8,0.323767,0,0,0,0,0,0,0,0,0,0,0,0
11746,C3D8,0.323767,0,0,0,0,0,0,0,0,0,0,0,0
11747,C3D8,0.323767,0,0,0,0,0,0,0,0,0,0,0,0
11748,C3D8,0.323767,0,0,0,0,0,0,0,0,0,0,0,0
11749,C3D8,0.323767,0,0,0,0,0,0,0,0,0,0,0,0
11750,C3D8,0.323767,0,0,0,0,0,0,0,0,0,0,0,0
11751,C3D8,0.323767,0,0,0,0,0,0,0,0,0,0,0,0
11752,C3D8,0.323767,0,0,0,0,0,0,0,0,0,0,0,0
11753,C3D8,0.323767,0,0,0,0,0,0,0,0,0,0,0,0
11754,C3D8,0.323767,0,0,0,0,0,0,0,0,0,0,0,0
11755,C3D8,0.323766,0,0,0,0,0,0,0,0,0,0,0,0
11756,C3D8,0.323766,0,0,0,0,0,0,0,0,0,0,0,0
11757,C3D8,0.323766,0,0,0,0,0,0,0,0,0,0,0,0
11758,C3D8,0.323766,0,0,0,0,0,0,0,0,0,0,0,0
11759,C3D8,0.323766,0,0,0,0,0,0,0,0,0,0,0,0
11760,C3D8,0.323766,0,0,0,0,0,0,0,0,0,0,0,0
11761,C3D8,0.323766,0,0,0,0,0,0,0,0,0,0,0,0
11762,C3D8,0.323766,0,0,0,0,0,0,0,0,0,0,0,0
11763,C3D8,0.323766,0,0,0,0,0,0,0,0,0,0,0,0
11764,C3D8,0.323766,0,0,0,0,0,0,0,0,0,0,0,0
11765,C3D8,0.323766,0,0,0,0,0,0,0,0,0,0,0,0
11766,C3D8,0.323766,0,0,0,0,0,0,0,0,0,0,0,0
11767,C3D8,0.323766,0,0,0,0,0,0,0,0,0,0,0,0
11768,C3D8,0.323766,0,0,0,0,0,0,0,0,0,0,0,0
11769,C3D8,0.323766,0,0,0,0,0,0,0,0,0,0,0,0
11770,C3D8,0.323766,0,0,0,0,0,0,0,0,0,0,0,0
11771,C3D8,0.323766,0,0,0,0,0,0,0,0,0,0,0,0
11772,C3D8,0.323766,0,0,0,0,0,0,0,0,0,0,0,0
11773,C3D8,0.323766,0,0,0,0,0,0,0,0,0,0,0,0
11774,C3D8,0.323766,0,0,0,0,0,0,0,0,0,0,0,0
11775,C3D8,0.323766,0,0,0,0,0,0,0,0,0,0,0,0
11776,C3D8,0.323766,0,0,0,0,0,0,0,0,0,0,0,0
11777,C3D8,0.323766,0,0,0,0,0,0,0,0,0,0,0,0
11778,C3D8,0.323766,0,0,0,0,0,0,0,0,0,0,0,0
11779,C3D8,0.323766,0,0,0,0,0,0,0,0,0,0,0,0
11780,C3D8,0.323766,0,0,0,0,0,0,0,0,0,0,0,0
11781,C3D8,0.323766,0,0,0,0,0,0,0,0,0,0,0,0
11782,C3D8,0.323766,0,0,0,0,0,0,0,0,0,0,0,0
11783,C3D8,0.323766,0,0,0,0,0,0,0,0,0,0,0,0
11784,C3D8,0.323766,0,0,0,0,0,0,0,0,0,0,0,0
11785,C3D8,0.323766,0,0,0,0,0,0,0,0,0,0,0,0
11786,C3D8,0.323766,0,0,0,0,0,0,0,0,0,0,0,0
11787,C3D8,0.323766,0,0,0,0,0,0,0,0,0,0,0,0
11788,C3D8,0.323766,0,0,0,0,0,0,0,0,0,0,0,0
11789,C3D8,0.323766,0,0,0,0,0,0,0,0,0,0,0,0
11790,C3D8,0.323766,0,0,0,0,0,0,0,0,0,0,0,0
11791,C3D8,0.323766,0,0,0,0,0,0,0,0,0,0,0,0
11792,C3D8,0.323766,0,0,0,0,0,0,0,0,0,0,0,0
11793,C3D8,0.323766,0,0,0,0,0,0,0,0,0,0,0,0
11794,C3D8,0.323766,0,0,0,0,0,0,0,0,0,0,0,0
11795,C3D8,0.323766,0,0,0,0,0,0,0,0,0,0,0,0
11796,C3D8,0.323766,0,0,0,0,0,0,0,0,0,0,0,0
11797,C3D8,0.323766,0,0,0,0,0,0,0,0,0,0,0,0
11798,C3D8,0.323766,0,0,0,0,0,0,0,0,0,0,0,0
11799,C3D8,0.323766,0,0,0,0,0,0,0,0,0,0,0,0
11800,C3D8,0.323766,0,0,0,0,0,0,0,0,0,0,0,0
11801,C3D8,0.323766,0,0,0,0,0,0,0,0,0,0,0,0
11802,C3D8,0.323766,0,0,0,0,0,0,0,0,0,0,0,0
11803,C3D8,0.323766,0,0,0,0,0,0,0,0,0,0,0,0
11804,C3D8,0.323766,0,0,0,0,0,0,0,0,0,0,0,0
11805,C3D8,0.323766,0,0,0,0,0,0,0,0,0,0,0,0
11806,C3D8,0.323766,0,0,0,0,0,0,0,0,0,0,0,0
11807,C3D8,0.323766,0,0,0,0,0,0,0,0,0,0,0,0
11808,C3D8,0.323766,0,0,0,0,0,0,0,0,0,0,0,0
11809,C3D8,0.323766,0,0,0,0,0,0,0,0,0,0,0,0
11810,C3D8,0.323766,0,0,0,0,0,0,0,0,0,0,0,0
11811,C3D8,0.323766,0,0,0,0,0,0,0,0,0,0,0,0
11812,C3D8,0.323766,0,0,0,0,0,0,0,0,0,0,0,0
11813,C3D8,0.323766,0,0,0,0,0,0,0,0,0,0,0,0
11814,C3D8,0.323766,0,0,0,0,0,0,0,0,0,0,0,0
11815,C3D8,0.323766,0,0,0,0,0,0,0,0,0,0,0,0
11816,C3D8,0.323766,0,0,0,0,0,0,0,0,0,0,0,0
11817,C3D8,0.323766,0,0,0,0,0,0,0,0,0,0,0,0
11818,C3D8,0.323766,0,0,0,0,0,0,0,0,0,0,0,0
11819,C3D8,0.323766,0,0,0,0,0,0,0,0,0,0,0,0
11820,C3D8,0.323766,0,0,0,0,0,0,0,0,0,0,0,0
11821,C3D8,0.323766,0,0,0,0,0,0,0,0,0,0,0,0
11822,C3D8,0.323766,0,0,0,0,0,0,0,0,0,0,0,0
11823,C3D8,0.323766,0,0,0,0,0,0,0,0,0,0,0,0
11824,C3D8,0.323766,0,0,0,0,0,0,0,0,0,0,0,0
11825,C3D8,0.323766,0,0,0,0,0,0,0,0,0,0,0,0
11826,C3D8,0.323766,0,0,0,0,0,0,0,0,0,0,0,0
11827,C3D8,0.323766,0,0,0,0,0,0,0,0,0,0,0,0
11828,C3D8,0.323766,0,0,0,0,0,0,0,0,0,0,0,0
11829,C3D8,0.323766,0,0,0,0,0,0,0,0,0,0,0,0
11830,C3D8,0.323766,0,0,0,0,0,0,0,0,0,0,0,0
11831,C3D8,0.323766,0,0,0,0,0,0,0,0,0,0,0,0
11832,C3D8,0.323766,0,0,0,0,0,0,0,0,0,0,0,0
11833,C3D8,0.323766,0,0,0,0,0,0,0,0,0,0,0,0
11834,C3D8,0.323766,0,0,0,0,0,0,0,0,0,0,0,0
11835,C3D8,0.323766,0,0,0,0,0,0,0,0,0,0,0,0
11836,C3D8,0.323766,0,0,0,0,0,0,0,0,0,0,0,0
11837,C3D8,0.323766,0,0,0,0,0,0,0,0,0,0,0,0
11838,C3D8,0.323766,0,0,0,0,0,0,0,0,0,0,0,0
11839,C3D8,0.323766,0,0,0,0,0,0,0,0,0,0,0,0
11840,C3D8,0.323766,0,0,0,0,0,0,0,0,0,0,0,0
11841,C3D8,0.323766,0,0,0,0,0,0,0,0,0,0,0,0
11842,C3D8,0.323766,0,0,0,0,0,0,0,0,0,0,0,0
11843,C3D8,0.323766,0,0,0,0,0,0,0,0,0,0,0,0
11844,C3D8,0.323766,0,0,0,0,0,0,0,0,0,0,0,0
11845,C3D8,0.323766,0,0,0,0,0,0,0,0,0,0,0,0
11846,C3D8,0.323766,0,0,0,0,0,0,0,0,0,0,0,0
11847,C3D8,0.323766,0,0,0,0,0,0,0,0,0,0,0,0
11848,C3D8,0.323766,0,0,0,0,0,0,0,0,0,0,0,0
11849,C3D8,0.323766,0,0,0,0,0,0,0,0,0,0,0,0
11850,C3D8,0.323766,0,0,0,0,0,0,0,0,0,0,0,0
11851,C3D8,0.323766,0,0,0,0,0,0,0,0,0,0,0,0
11852,C3D8,0.323767,0,0,0,0,0,0,0,0,0,0,0,0
11853,C3D8,0.323767,0,0,0,0,0,0,0,0,0,0,0,0
11854,C3D8,0.323766,0,0,0,0,0,0,0,0,0,0,0,0
11855,C3D8,0.323767,0,0,0,0,0,0,0,0,0,0,0,0
11856,C3D8,0.323767,0,0,0,0,0,0,0,0,0,0,0,0
11857,C3D8,0.323766,0,0,0,0,0,0,0,0,0,0,0,0
11858,C3D8,0.323767,0,0,0,0,0,0,0,0,0,0,0,0
11859,C3D8,0.323767,0,0,0,0,0,0,0,0,0,0,0,0
11860,C3D8,0.323766,0,0,0,0,0,0,0,0,0,0,0,0
11861,C3D8,0.323767,0,0,0,0,0,0,0,0,0,0,0,0
11862,C3D8,0.323767,0,0,0,0,0,0,0,0,0,0,0,0
11863,C3D8,0.323766,0,0,0,0,0,0,0,0,0,0,0,0
11864,C3D8,0.323767,0,0,0,0,0,0,0,0,0,0,0,0
11865,C3D8,0.323767,0,0,0,0,0,0,0,0,0,0,0,0
11866,C3D8,0.323766,0,0,0,0,0,0,0,0,0,0,0,0
11867,C3D8,0.323767,0,0,0,0,0,0,0,0,0,0,0,0
11868,C3D8,0.323767,0,0,0,0,0,0,0,0,0,0,0,0
11869,C3D8,0.323766,0,0,0,0,0,0,0,0,0,0,0,0
11870,C3D8,0.323767,0,0,0,0,0,0,0,0,0,0,0,0
11871,C3D8,0.323767,0,0,0,0,0,0,0,0,0,0,0,0
11872,C3D8,0.323766,0,0,0,0,0,0,0,0,0,0,0,0
11873,C3D8,0.323767,0,0,0,0,0,0,0,0,0,0,0,0
11874,C3D8,0.323767,0,0,0,0,0,0,0,0,0,0,0,0
11875,C3D8,0.323766,0,0,0,0,0,0,0,0,0,0,0,0
11876,C3D8,0.323767,0,0,0,0,0,0,0,0,0,0,0,0
11877,C3D8,0.323767,0,0,0,0,0,0,0,0,0,0,0,0
11878,C3D8,0.323766,0,0,0,0,0,0,0,0,0,0,0,0
11879,C3D8,0.323767,0,0,0,0,0,0,0,0,0,0,0,0
11880,C3D8,0.323767,0,0,0,0,0,0,0,0,0,0,0,0
11881,C3D8,0.323766,0,0,0,0,0,0,0,0,0,0,0,0
11882,C3D8,0.323767,0,0,0,0,0,0,0,0,0,0,0,0
11883,C3D8,0.323767,0,0,0,0,0,0,0,0,0,0,0,0
11884,C3D8,0.323766,0,0,0,0,0,0,0,0,0,0,0,0
11885,C3D8,0.323767,0,0,0,0,0,0,0,0,0,0,0,0
11886,C3D8,0.323767,0,0,0,0,0,0,0,0,0,0,0,0
11887,C3D8,0.323766,0,0,0,0,0,0,0,0,0,0,0,0
11888,C3D8,0.323767,0,0,0,0,0,0,0,0,0,0,0,0
11889,C3D8,0.323767,0,0,0,0,0,0,0,0,0,0,0,0
11890,C3D8,0.323766,0,0,0,0,0,0,0,0,0,0,0,0
11891,C3D8,0.323767,0,0,0,0,0,0,0,0,0,0,0,0
11892,C3D8,0.323767,0,0,0,0,0,0,0,0,0,0,0,0
11893,C3D8,0.323766,0,0,0,0,0,0,0,0,0,0,0,0
11894,C3D8,0.323767,0,0,0,0,0,0,0,0,0,0,0,0
11895,C3D8,0.323767,0,0,0,0,0,0,0,0,0,0,0,0
11896,C3D8,0.323766,0,0,0,0,0,0,0,0,0,0,0,0
11897,C3D8,0.323767,0,0,0,0,0,0,0,0,0,0,0,0
11898,C3D8,0.323767,0,0,0,0,0,0,0,0,0,0,0,0
11899,C3D8,0.323766,0,0,0,0,0,0,0,0,0,0,0,0
11900,C3D8,0.323766,0,0,0,0,0,0,0,0,0,0,0,0
11901,C3D8,0.323766,0,0,0,0,0,0,0,0,0,0,0,0
11902,C3D8,0.323766,0,0,0,0,0,0,0,0,0,0,0,0
11903,C3D8,0.323766,0,0,0,0,0,0,0,0,0,0,0,0
11904,C3D8,0.323766,0,0,0,0,0,0,0,0,0,0,0,0
11905,C3D8,0.323766,0,0,0,0,0,0,0,0,0,0,0,0
11906,C3D8,0.323766,0,0,0,0,0,0,0,0,0,0,0,0
11907,C3D8,0.323766,0,0,0,0,0,0,0,0,0,0,0,0
11908,C3D8,0.323766,0,0,0,0,0,0,0,0,0,0,0,0
11909,C3D8,0.323766,0,0,0,0,0,0,0,0,0,0,0,0
11910,C3D8,0.323766,0,0,0,0,0,0,0,0,0,0,0,0
11911,C3D8,0.323766,0,0,0,0,0,0,0,0,0,0,0,0
11912,C3D8,0.323766,0,0,0,0,0,0,0,0,0,0,0,0
11913,C3D8,0.323766,0,0,0,0,0,0,0,0,0,0,0,0
11914,C3D8,0.323766,0,0,0,0,0,0,0,0,0,0,0,0
11915,C3D8,0.323766,0,0,0,0,0,0,0,0,0,0,0,0
11916,C3D8,0.323766,0,0,0,0,0,0,0,0,0,0,0,0
11917,C3D8,0.323766,0,0,0,0,0,0,0,0,0,0,0,0
11918,C3D8,0.323766,0,0,0,0,0,0,0,0,0,0,0,0
11919,C3D8,0.323766,0,0,0,0,0,0,0,0,0,0,0,0
11920,C3D8,0.323766,0,0,0,0,0,0,0,0,0,0,0,0
11921,C3D8,0.323766,0,0,0,0,0,0,0,0,0,0,0,0
11922,C3D8,0.323766,0,0,0,0,0,0,0,0,0,0,0,0
11923,C3D8,0.323766,0,0,0,0,0,0,0,0,0,0,0,0
11924,C3D8,0.323766,0,0,0,0,0,0,0,0,0,0,0,0
11925,C3D8,0.323766,0,0,0,0,0,0,0,0,0,0,0,0
11926,C3D8,0.323766,0,0,0,0,0,0,0,0,0,0,0,0
11927,C3D8,0.323766,0,0,0,0,0,0,0,0,0,0,0,0
11928,C3D8,0.323766,0,0,0,0,0,0,0,0,0,0,0,0
11929,C3D8,0.323766,0,0,0,0,0,0,0,0,0,0,0,0
11930,C3D8,0.323766,0,0,0,0,0,0,0,0,0,0,0,0
11931,C3D8,0.323766,0,0,0,0,0,0,0,0,0,0,0,0
11932,C3D8,0.323766,0,0,0,0,0,0,0,0,0,0,0,0
11933,C3D8,0.323766,0,0,0,0,0,0,0,0,0,0,0,0
11934,C3D8,0.323766,0,0,0,0,0,0,0,0,0,0,0,0
11935,C3D8,0.323766,0,0,0,0,0,0,0,0,0,0,0,0
11936,C3D8,0.323766,0,0,0,0,0,0,0,0,0,0,0,0
11937,C3D8,0.323766,0,0,0,0,0,0,0,0,0,0,0,0
11938,C3D8,0.323766,0,0,0,0,0,0,0,0,0,0,0,0
11939,C3D8,0.323766,0,0,0,0,0,0,0,0,0,0,0,0
11940,C3D8,0.323766,0,0,0,0,0,0,0,0,0,0,0,0
11941,C3D8,0.323766,0,0,0,0,0,0,0,0,0,0,0,0
11942,C3D8,0.323766,0,0,0,0,0,0,0,0,0,0,0,0
11943,C3D8,0.323766,0,0,0,0,0,0,0,0,0,0,0,0
11944,C3D8,0.323766,0,0,0,0,0,0,0,0,0,0,0,0
11945,C3D8,0.323766,0,0,0,0,0,0,0,0,0,0,0,0
11946,C3D8,0.323766,0,0,0,0,0,0,0,0,0,0,0,0
11947,C3D8,0.323766,0,0,0,0,0,0,0,0,0,0,0,0
11948,C3D8,0.323766,0,0,0,0,0,0,0,0,0,0,0,0
11949,C3D8,0.323766,0,0,0,0,0,0,0,0,0,0,0,0
11950,C3D8,0.323766,0,0,0,0,0,0,0,0,0,0,0,0
11951,C3D8,0.323767,0,0,0,0,0,0,0,0,0,0,0,0
11952,C3D8,0.323767,0,0,0,0,0,0,0,0,0,0,0,0
11953,C3D8,0.323766,0,0,0,0,0,0,0,0,0,0,0,0
11954,C3D8,0.323766,0,0,0,0,0,0,0,0,0,0,0,0
11955,C3D8,0.323766,0,0,0,0,0,0,0,0,0,0,0,0
11956,C3D8,0.323766,0,0,0,0,0,0,0,0,0,0,0,0
11957,C3D8,0.323766,0,0,0,0,0,0,0,0,0,0,0,0
11958,C3D8,0.323766,0,0,0,0,0,0,0,0,0,0,0,0
11959,C3D8,0.323767,0,0,0,0,0,0,0,0,0,0,0,0
11960,C3D8,0.323767,0,0,0,0,0,0,0,0,0,0,0,0
11961,C3D8,0.323767,0,0,0,0,0,0,0,0,0,0,0,0
11962,C3D8,0.323766,0,0,0,0,0,0,0,0,0,0,0,0
11963,C3D8,0.323766,0,0,0,0,0,0,0,0,0,0,0,0
11964,C3D8,0.323766,0,0,0,0,0,0,0,0,0,0,0,0
11965,C3D8,0.323766,0,0,0,0,0,0,0,0,0,0,0,0
11966,C3D8,0.323766,0,0,0,0,0,0,0,0,0,0,0,0
11967,C3D8,0.323766,0,0,0,0,0,0,0,0,0,0,0,0
11968,C3D8,0.323767,0,0,0,0,0,0,0,0,0,0,0,0
11969,C3D8,0.323767,0,0,0,0,0,0,0,0,0,0,0,0
11970,C3D8,0.323767,0,0,0,0,0,0,0,0,0,0,0,0
11971,C3D8,0.323767,0,0,0,0,0,0,0,0,0,0,0,0
11972,C3D8,0.323767,0,0,0,0,0,0,0,0,0,0,0,0
11973,C3D8,0.323767,0,0,0,0,0,0,0,0,0,0,0,0
11974,C3D8,0.323766,0,0,0,0,0,0,0,0,0,0,0,0
11975,C3D8,0.323766,0,0,0,0,0,0,0,0,0,0,0,0
11976,C3D8,0.323766,0,0,0,0,0,0,0,0,0,0,0,0
11977,C3D8,0.323767,0,0,0,0,0,0,0,0,0,0,0,0
11978,C3D8,0.323767,0,0,0,0,0,0,0,0,0,0,0,0
11979,C3D8,0.323767,0,0,0,0,0,0,0,0,0,0,0,0
11980,C3D8,0.323767,0,0,0,0,0,0,0,0,0,0,0,0
11981,C3D8,0.323767,0,0,0,0,0,0,0,0,0,0,0,0
11982,C3D8,0.323767,0,0,0,0,0,0,0,0,0,0,0,0
11983,C3D8,0.323767,0,0,0,0,0,0,0,0,0,0,0,0
11984,C3D8,0.323767,0,0,0,0,0,0,0,0,0,0,0,0
11985,C3D8,0.323767,0,0,0,0,0,0,0,0,0,0,0,0
11986,C3D8,0.323766,0,0,0,0,0,0,0,0,0,0,0,0
11987,C3D8,0.323766,0,0,0,0,0,0,0,0,0,0,0,0
11988,C3D8,0.323766,0,0,0,0,0,0,0,0,0,0,0,0
11989,C3D8,0.323767,0,0,0,0,0,0,0,0,0,0,0,0
11990,C3D8,0.323767,0,0,0,0,0,0,0,0,0,0,0,0
11991,C3D8,0.323767,0,0,0,0,0,0,0,0,0,0,0,0
11992,C3D8,0.323766,0,0,0,0,0,0,0,0,0,0,0,0
11993,C3D8,0.323766,0,0,0,0,0,0,0,0,0,0,0,0
11994,C3D8,0.323766,0,0,0,0,0,0,0,0,0,0,0,0
11995,C3D8,0.323767,0,0,0,0,0,0,0,0,0,0,0,0
11996,C3D8,0.323767,0,0,0,0,0,0,0,0,0,0,0,0
11997,C3D8,0.323767,0,0,0,0,0,0,0,0,0,0,0,0
11998,C3D8,0.323766,0,0,0,0,0,0,0,0,0,0,0,0
11999,C3D8,0.323766,0,0,0,0,0,0,0,0,0,0,0,0
12000,C3D8,0.323766,0,0,0,0,0,0,0,0,0,0,0,0
12001,C3D8,0.323766,0,0,0,0,0,0,0,0,0,0,0,0
12002,C3D8,0.323766,0,0,0,0,0,0,0,0,0,0,0,0
12003,C3D8,0.323766,0,0,0,0,0,0,0,0,0,0,0,0
12004,C3D8,0.323766,0,0,0,0,0,0,0,0,0,0,0,0
12005,C3D8,0.323766,0,0,0,0,0,0,0,0,0,0,0,0
12006,C3D8,0.323766,0,0,0,0,0,0,0,0,0,0,0,0
12007,C3D8,0.323766,0,0,0,0,0,0,0,0,0,0,0,0
12008,C3D8,0.323767,0,0,0,0,0,0,0,0,0,0,0,0
12009,C3D8,0.323767,0,0,0,0,0,0,0,0,0,0,0,0
12010,C3D8,0.323766,0,0,0,0,0,0,0,0,0,0,0,0
12011,C3D8,0.323766,0,0,0,0,0,0,0,0,0,0,0,0
12012,C3D8,0.323766,0,0,0,0,0,0,0,0,0,0,0,0
12013,C3D8,0.323766,0,0,0,0,0,0,0,0,0,0,0,0
12014,C3D8,0.323766,0,0,0,0,0,0,0,0,0,0,0,0
12015,C3D8,0.323766,0,0,0,0,0,0,0,0,0,0,0,0
12016,C3D8,0.323767,0,0,0,0,0,0,0,0,0,0,0,0
12017,C3D8,0.323767,0,0,0,0,0,0,0,0,0,0,0,0
12018,C3D8,0.323767,0,0,0,0,0,0,0,0,0,0,0,0
12019,C3D8,0.323766,0,0,0,0,0,0,0,0,0,0,0,0
12020,C3D8,0.323766,0,0,0,0,0,0,0,0,0,0,0,0
12021,C3D8,0.323766,0,0,0,0,0,0,0,0,0,0,0,0
12022,C3D8,0.323766,0,0,0,0,0,0,0,0,0,0,0,0
12023,C3D8,0.323766,0,0,0,0,0,0,0,0,0,0,0,0
12024,C3D8,0.323766,0,0,0,0,0,0,0,0,0,0,0,0
12025,C3D8,0.323767,0,0,0,0,0,0,0,0,0,0,0,0
12026,C3D8,0.323767,0,0,0,0,0,0,0,0,0,0,0,0
12027,C3D8,0.323767,0,0,0,0,0,0,0,0,0,0,0,0
12028,C3D8,0.323767,0,0,0,0,0,0,0,0,0,0,0,0
12029,C3D8,0.323767,0,0,0,0,0,0,0,0,0,0,0,0
12030,C3D8,0.323767,0,0,0,0,0,0,0,0,0,0,0,0
12031,C3D8,0.323766,0,0,0,0,0,0,0,0,0,0,0,0
12032,C3D8,0.323766,0,0,0,0,0,0,0,0,0,0,0,0
12033,C3D8,0.323766,0,0,0,0,0,0,0,0,0,0,0,0
12034,C3D8,0.323767,0,0,0,0,0,0,0,0,0,0,0,0
12035,C3D8,0.323767,0,0,0,0,0,0,0,0,0,0,0,0
12036,C3D8,0.323767,0,0,0,0,0,0,0,0,0,0,0,0
12037,C3D8,0.323767,0,0,0,0,0,0,0,0,0,0,0,0
12038,C3D8,0.323767,0,0,0,0,0,0,0,0,0,0,0,0
12039,C3D8,0.323767,0,0,0,0,0,0,0,0,0,0,0,0
12040,C3D8,0.323767,0,0,0,0,0,0,0,0,0,0,0,0
12041,C3D8,0.323767,0,0,0,0,0,0,0,0,0,0,0,0
12042,C3D8,0.323767,0,0,0,0,0,0,0,0,0,0,0,0
12043,C3D8,0.323766,0,0,0,0,0,0,0,0,0,0,0,0
12044,C3D8,0.323766,0,0,0,0,0,0,0,0,0,0,0,0
12045,C3D8,0.323766,0,0,0,0,0,0,0,0,0,0,0,0
12046,C3D8,0.323767,0,0,0,0,0,0,0,0,0,0,0,0
12047,C3D8,0.323767,0,0,0,0,0,0,0,0,0,0,0,0
12048,C3D8,0.323767,0,0,0,0,0,0,0,0,0,0,0,0
12049,C3D8,0.323766,0,0,0,0,0,0,0,0,0,0,0,0
12050,C3D8,0.323766,0,0,0,0,0,0,0,0,0,0,0,0
12051,C3D8,0.323766,0,0,0,0,0,0,0,0,0,0,0,0
12052,C3D8,0.323767,0,0,0,0,0,0,0,0,0,0,0,0
12053,C3D8,0.323767,0,0,0,0,0,0,0,0,0,0,0,0
12054,C3D8,0.323767,0,0,0,0,0,0,0,0,0,0,0,0
12055,C3D8,0.323766,0,0,0,0,0,0,0,0,0,0,0,0
12056,C3D8,0.323766,0,0,0,0,0,0,0,0,0,0,0,0
12057,C3D8,0.323766,0,0,0,0,0,0,0,0,0,0,0,0
12058,C3D8,0.323766,0,0,0,0,0,0,0,0,0,0,0,0
12059,C3D8,0.323766,0,0,0,0,0,0,0,0,0,0,0,0
12060,C3D8,0.323766,0,0,0,0,0,0,0,0,0,0,0,0
12061,C3D8,0.323766,0,0,0,0,0,0,0,0,0,0,0,0
12062,C3D8,0.323766,0,0,0,0,0,0,0,0,0,0,0,0
12063,C3D8,0.323766,0,0,0,0,0,0,0,0,0,0,0,0
12064,C3D8,0.323766,0,0,0,0,0,0,0,0,0,0,0,0
12065,C3D8,0.323767,0,0,0,0,0,0,0,0,0,0,0,0
12066,C3D8,0.323767,0,0,0,0,0,0,0,0,0,0,0,0
12067,C3D8,0.323766,0,0,0,0,0,0,0,0,0,0,0,0
12068,C3D8,0.323766,0,0,0,0,0,0,0,0,0,0,0,0
12069,C3D8,0.323766,0,0,0,0,0,0,0,0,0,0,0,0
12070,C3D8,0.323766,0,0,0,0,0,0,0,0,0,0,0,0
12071,C3D8,0.323766,0,0,0,0,0,0,0,0,0,0,0,0
12072,C3D8,0.323766,0,0,0,0,0,0,0,0,0,0,0,0
12073,C3D8,0.323767,0,0,0,0,0,0,0,0,0,0,0,0
12074,C3D8,0.323767,0,0,0,0,0,0,0,0,0,0,0,0
12075,C3D8,0.323767,0,0,0,0,0,0,0,0,0,0,0,0
12076,C3D8,0.323766,0,0,0,0,0,0,0,0,0,0,0,0
12077,C3D8,0.323766,0,0,0,0,0,0,0,0,0,0,0,0
12078,C3D8,0.323766,0,0,0,0,0,0,0,0,0,0,0,0
12079,C3D8,0.323766,0,0,0,0,0,0,0,0,0,0,0,0
12080,C3D8,0.323766,0,0,0,0,0,0,0,0,0,0,0,0
12081,C3D8,0.323766,0,0,0,0,0,0,0,0,0,0,0,0
12082,C3D8,0.323767,0,0,0,0,0,0,0,0,0,0,0,0
12083,C3D8,0.323767,0,0,0,0,0,0,0,0,0,0,0,0
12084,C3D8,0.323767,0,0,0,0,0,0,0,0,0,0,0,0
12085,C3D8,0.323767,0,0,0,0,0,0,0,0,0,0,0,0
12086,C3D8,0.323767,0,0,0,0,0,0,0,0,0,0,0,0
12087,C3D8,0.323767,0,0,0,0,0,0,0,0,0,0,0,0
12088,C3D8,0.323766,0,0,0,0,0,0,0,0,0,0,0,0
12089,C3D8,0.323766,0,0,0,0,0,0,0,0,0,0,0,0
12090,C3D8,0.323766,0,0,0,0,0,0,0,0,0,0,0,0
12091,C3D8,0.323767,0,0,0,0,0,0,0,0,0,0,0,0
12092,C3D8,0.323767,0,0,0,0,0,0,0,0,0,0,0,0
12093,C3D8,0.323767,0,0,0,0,0,0,0,0,0,0,0,0
12094,C3D8,0.323767,0,0,0,0,0,0,0,0,0,0,0,0
12095,C3D8,0.323767,0,0,0,0,0,0,0,0,0,0,0,0
12096,C3D8,0.323767,0,0,0,0,0,0,0,0,0,0,0,0
12097,C3D8,0.323767,0,0,0,0,0,0,0,0,0,0,0,0
12098,C3D8,0.323767,0,0,0,0,0,0,0,0,0,0,0,0
12099,C3D8,0.323767,0,0,0,0,0,0,0,0,0,0,0,0
12100,C3D8,0.323766,0,0,0,0,0,0,0,0,0,0,0,0
12101,C3D8,0.323766,0,0,0,0,0,0,0,0,0,0,0,0
12102,C3D8,0.323766,0,0,0,0,0,0,0,0,0,0,0,0
12103,C3D8,0.323767,0,0,0,0,0,0,0,0,0,0,0,0
12104,C3D8,0.323767,0,0,0,0,0,0,0,0,0,0,0,0
12105,C3D8,0.323767,0,0,0,0,0,0,0,0,0,0,0,0
12106,C3D8,0.323766,0,0,0,0,0,0,0,0,0,0,0,0
12107,C3D8,0.323766,0,0,0,0,0,0,0,0,0,0,0,0
12108,C3D8,0.323766,0,0,0,0,0,0,0,0,0,0,0,0
12109,C3D8,0.323767,0,0,0,0,0,0,0,0,0,0,0,0
12110,C3D8,0.323767,0,0,0,0,0,0,0,0,0,0,0,0
12111,C3D8,0.323767,0,0,0,0,0,0,0,0,0,0,0,0
12112,C3D8,0.323766,0,0,0,0,0,0,0,0,0,0,0,0
12113,C3D8,0.323766,0,0,0,0,0,0,0,0,0,0,0,0
12114,C3D8,0.323766,0,0,0,0,0,0,0,0,0,0,0,0
12115,C3D8,0.323766,0,0,0,0,0,0,0,0,0,0,0,0
12116,C3D8,0.323766,0,0,0,0,0,0,0,0,0,0,0,0
12117,C3D8,0.323766,0,0,0,0,0,0,0,0,0,0,0,0
12118,C3D8,0.323766,0,0,0,0,0,0,0,0,0,0,0,0
12119,C3D8,0.323766,0,0,0,0,0,0,0,0,0,0,0,0
12120,C3D8,0.323766,0,0,0,0,0,0,0,0,0,0,0,0
12121,C3D8,0.323766,0,0,0,0,0,0,0,0,0,0,0,0
12122,C3D8,0.323767,0,0,0,0,0,0,0,0,0,0,0,0
12123,C3D8,0.323767,0,0,0,0,0,0,0,0,0,0,0,0
12124,C3D8,0.323766,0,0,0,0,0,0,0,0,0,0,0,0
12125,C3D8,0.323766,0,0,0,0,0,0,0,0,0,0,0,0
12126,C3D8,0.323766,0,0,0,0,0,0,0,0,0,0,0,0
12127,C3D8,0.323766,0,0,0,0,0,0,0,0,0,0,0,0
12128,C3D8,0.323766,0,0,0,0,0,0,0,0,0,0,0,0
12129,C3D8,0.323766,0,0,0,0,0,0,0,0,0,0,0,0
12130,C3D8,0.323767,0,0,0,0,0,0,0,0,0,0,0,0
12131,C3D8,0.323767,0,0,0,0,0,0,0,0,0,0,0,0
12132,C3D8,0.323767,0,0,0,0,0,0,0,0,0,0,0,0
12133,C3D8,0.323766,0,0,0,0,0,0,0,0,0,0,0,0
12134,C3D8,0.323766,0,0,0,0,0,0,0,0,0,0,0,0
12135,C3D8,0.323766,0,0,0,0,0,0,0,0,0,0,0,0
12136,C3D8,0.323766,0,0,0,0,0,0,0,0,0,0,0,0
12137,C3D8,0.323766,0,0,0,0,0,0,0,0,0,0,0,0
12138,C3D8,0.323766,0,0,0,0,0,0,0,0,0,0,0,0
12139,C3D8,0.323767,0,0,0,0,0,0,0,0,0,0,0,0
12140,C3D8,0.323767,0,0,0,0,0,0,0,0,0,0,0,0
12141,C3D8,0.323767,0,0,0,0,0,0,0,0,0,0,0,0
12142,C3D8,0.323767,0,0,0,0,0,0,0,0,0,0,0,0
12143,C3D8,0.323767,0,0,0,0,0,0,0,0,0,0,0,0
12144,C3D8,0.323767,0,0,0,0,0,0,0,0,0,0,0,0
12145,C3D8,0.323766,0,0,0,0,0,0,0,0,0,0,0,0
12146,C3D8,0.323766,0,0,0,0,0,0,0,0,0,0,0,0
12147,C3D8,0.323766,0,0,0,0,0,0,0,0,0,0,0,0
12148,C3D8,0.323767,0,0,0,0,0,0,0,0,0,0,0,0
12149,C3D8,0.323767,0,0,0,0,0,0,0,0,0,0,0,0
12150,C3D8,0.323767,0,0,0,0,0,0,0,0,0,0,0,0
12151,C3D8,0.323767,0,0,0,0,0,0,0,0,0,0,0,0
12152,C3D8,0.323767,0,0,0,0,0,0,0,0,0,0,0,0
12153,C3D8,0.323767,0,0,0,0,0,0,0,0,0,0,0,0
12154,C3D8,0.323767,0,0,0,0,0,0,0,0,0,0,0,0
12155,C3D8,0.323767,0,0,0,0,0,0,0,0,0,0,0,0
12156,C3D8,0.323767,0,0,0,0,0,0,0,0,0,0,0,0
12157,C3D8,0.323766,0,0,0,0,0,0,0,0,0,0,0,0
12158,C3D8,0.323766,0,0,0,0,0,0,0,0,0,0,0,0
12159,C3D8,0.323766,0,0,0,0,0,0,0,0,0,0,0,0
12160,C3D8,0.323767,0,0,0,0,0,0,0,0,0,0,0,0
12161,C3D8,0.323767,0,0,0,0,0,0,0,0,0,0,0,0
12162,C3D8,0.323767,0,0,0,0,0,0,0,0,0,0,0,0
12163,C3D8,0.323766,0,0,0,0,0,0,0,0,0,0,0,0
12164,C3D8,0.323766,0,0,0,0,0,0,0,0,0,0,0,0
12165,C3D8,0.323766,0,0,0,0,0,0,0,0,0,0,0,0
12166,C3D8,0.323767,0,0,0,0,0,0,0,0,0,0,0,0
12167,C3D8,0.323767,0,0,0,0,0,0,0,0,0,0,0,0
12168,C3D8,0.323767,0,0,0,0,0,0,0,0,0,0,0,0
12169,C3D8,0.323766,0,0,0,0,0,0,0,0,0,0,0,0
12170,C3D8,0.323766,0,0,0,0,0,0,0,0,0,0,0,0
12171,C3D8,0.323766,0,0,0,0,0,0,0,0,0,0,0,0
12172,C3D8,0.323766,0,0,0,0,0,0,0,0,0,0,0,0
12173,C3D8,0.323766,0,0,0,0,0,0,0,0,0,0,0,0
12174,C3D8,0.323766,0,0,0,0,0,0,0,0,0,0,0,0
12175,C3D8,0.323766,0,0,0,0,0,0,0,0,0,0,0,0
12176,C3D8,0.323766,0,0,0,0,0,0,0,0,0,0,0,0
12177,C3D8,0.323766,0,0,0,0,0,0,0,0,0,0,0,0
12178,C3D8,0.323766,0,0,0,0,0,0,0,0,0,0,0,0
12179,C3D8,0.323767,0,0,0,0,0,0,0,0,0,0,0,0
12180,C3D8,0.323767,0,0,0,0,0,0,0,0,0,0,0,0
12181,C3D8,0.323766,0,0,0,0,0,0,0,0,0,0,0,0
12182,C3D8,0.323766,0,0,0,0,0,0,0,0,0,0,0,0
12183,C3D8,0.323766,0,0,0,0,0,0,0,0,0,0,0,0
12184,C3D8,0.323766,0,0,0,0,0,0,0,0,0,0,0,0
12185,C3D8,0.323766,0,0,0,0,0,0,0,0,0,0,0,0
12186,C3D8,0.323766,0,0,0,0,0,0,0,0,0,0,0,0
12187,C3D8,0.323767,0,0,0,0,0,0,0,0,0,0,0,0
12188,C3D8,0.323767,0,0,0,0,0,0,0,0,0,0,0,0
12189,C3D8,0.323767,0,0,0,0,0,0,0,0,0,0,0,0
12190,C3D8,0.323766,0,0,0,0,0,0,0,0,0,0,0,0
12191,C3D8,0.323766,0,0,0,0,0,0,0,0,0,0,0,0
12192,C3D8,0.323766,0,0,0,0,0,0,0,0,0,0,0,0
12193,C3D8,0.323766,0,0,0,0,0,0,0,0,0,0,0,0
12194,C3D8,0.323766,0,0,0,0,0,0,0,0,0,0,0,0
12195,C3D8,0.323766,0,0,0,0,0,0,0,0,0,0,0,0
12196,C3D8,0.323767,0,0,0,0,0,0,0,0,0,0,0,0
12197,C3D8,0.323767,0,0,0,0,0,0,0,0,0,0,0,0
12198,C3D8,0.323767,0,0,0,0,0,0,0,0,0,0,0,0
12199,C3D8,0.323767,0,0,0,0,0,0,0,0,0,0,0,0
12200,C3D8,0.323767,0,0,0,0,0,0,0,0,0,0,0,0
12201,C3D8,0.323767,0,0,0,0,0,0,0,0,0,0,0,0
12202,C3D8,0.323766,0,0,0,0,0,0,0,0,0,0,0,0
12203,C3D8,0.323766,0,0,0,0,0,0,0,0,0,0,0,0
12204,C3D8,0.323766,0,0,0,0,0,0,0,0,0,0,0,0
12205,C3D8,0.323767,0,0,0,0,0,0,0,0,0,0,0,0
12206,C3D8,0.323767,0,0,0,0,0,0,0,0,0,0,0,0
12207,C3D8,0.323767,0,0,0,0,0,0,0,0,0,0,0,0
12208,C3D8,0.323767,0,0,0,0,0,0,0,0,0,0,0,0
12209,C3D8,0.323767,0,0,0,0,0,0,0,0,0,0,0,0
12210,C3D8,0.323767,0,0,0,0,0,0,0,0,0,0,0,0
12211,C3D8,0.323767,0,0,0,0,0,0,0,0,0,0,0,0
12212,C3D8,0.323767,0,0,0,0,0,0,0,0,0,0,0,0
12213,C3D8,0.323767,0,0,0,0,0,0,0,0,0,0,0,0
12214,C3D8,0.323766,0,0,0,0,0,0,0,0,0,0,0,0
12215,C3D8,0.323766,0,0,0,0,0,0,0,0,0,0,0,0
12216,C3D8,0.323766,0,0,0,0,0,0,0,0,0,0,0,0
12217,C3D8,0.323767,0,0,0,0,0,0,0,0,0,0,0,0
12218,C3D8,0.323767,0,0,0,0,0,0,0,0,0,0,0,0
12219,C3D8,0.323767,0,0,0,0,0,0,0,0,0,0,0,0
12220,C3D8,0.323766,0,0,0,0,0,0,0,0,0,0,0,0
12221,C3D8,0.323766,0,0,0,0,0,0,0,0,0,0,0,0
12222,C3D8,0.323766,0,0,0,0,0,0,0,0,0,0,0,0
12223,C3D8,0.323767,0,0,0,0,0,0,0,0,0,0,0,0
12224,C3D8,0.323767,0,0,0,0,0,0,0,0,0,0,0,0
12225,C3D8,0.323767,0,0,0,0,0,0,0,0,0,0,0,0
12226,C3D8,0.323766,0,0,0,0,0,0,0,0,0,0,0,0
12227,C3D8,0.323766,0,0,0,0,0,0,0,0,0,0,0,0
12228,C3D8,0.323766,0,0,0,0,0,0,0,0,0,0,0,0
12229,C3D8,0.323766,0,0,0,0,0,0,0,0,0,0,0,0
12230,C3D8,0.323766,0,0,0,0,0,0,0,0,0,0,0,0
12231,C3D8,0.323766,0,0,0,0,0,0,0,0,0,0,0,0
12232,C3D8,0.323766,0,0,0,0,0,0,0,0,0,0,0,0
12233,C3D8,0.323766,0,0,0,0,0,0,0,0,0,0,0,0
12234,C3D8,0.323766,0,0,0,0,0,0,0,0,0,0,0,0
12235,C3D8,0.323766,0,0,0,0,0,0,0,0,0,0,0,0
12236,C3D8,0.323767,0,0,0,0,0,0,0,0,0,0,0,0
12237,C3D8,0.323767,0,0,0,0,0,0,0,0,0,0,0,0
12238,C3D8,0.323766,0,0,0,0,0,0,0,0,0,0,0,0
12239,C3D8,0.323766,0,0,0,0,0,0,0,0,0,0,0,0
12240,C3D8,0.323766,0,0,0,0,0,0,0,0,0,0,0,0
12241,C3D8,0.323766,0,0,0,0,0,0,0,0,0,0,0,0
12242,C3D8,0.323766,0,0,0,0,0,0,0,0,0,0,0,0
12243,C3D8,0.323766,0,0,0,0,0,0,0,0,0,0,0,0
12244,C3D8,0.323767,0,0,0,0,0,0,0,0,0,0,0,0
12245,C3D8,0.323767,0,0,0,0,0,0,0,0,0,0,0,0
12246,C3D8,0.323767,0,0,0,0,0,0,0,0,0,0,0,0
12247,C3D8,0.323766,0,0,0,0,0,0,0,0,0,0,0,0
12248,C3D8,0.323766,0,0,0,0,0,0,0,0,0,0,0,0
12249,C3D8,0.323766,0,0,0,0,0,0,0,0,0,0,0,0
12250,C3D8,0.323766,0,0,0,0,0,0,0,0,0,0,0,0
12251,C3D8,0.323766,0,0,0,0,0,0,0,0,0,0,0,0
12252,C3D8,0.323766,0,0,0,0,0,0,0,0,0,0,0,0
12253,C3D8,0.323767,0,0,0,0,0,0,0,0,0,0,0,0
12254,C3D8,0.323767,0,0,0,0,0,0,0,0,0,0,0,0
12255,C3D8,0.323767,0,0,0,0,0,0,0,0,0,0,0,0
12256,C3D8,0.323767,0,0,0,0,0,0,0,0,0,0,0,0
12257,C3D8,0.323767,0,0,0,0,0,0,0,0,0,0,0,0
12258,C3D8,0.323767,0,0,0,0,0,0,0,0,0,0,0,0
12259,C3D8,0.323766,0,0,0,0,0,0,0,0,0,0,0,0
12260,C3D8,0.323766,0,0,0,0,0,0,0,0,0,0,0,0
12261,C3D8,0.323766,0,0,0,0,0,0,0,0,0,0,0,0
12262,C3D8,0.323767,0,0,0,0,0,0,0,0,0,0,0,0
12263,C3D8,0.323767,0,0,0,0,0,0,0,0,0,0,0,0
12264,C3D8,0.323767,0,0,0,0,0,0,0,0,0,0,0,0
12265,C3D8,0.323767,0,0,0,0,0,0,0,0,0,0,0,0
12266,C3D8,0.323767,0,0,0,0,0,0,0,0,0,0,0,0
12267,C3D8,0.323767,0,0,0,0,0,0,0,0,0,0,0,0
12268,C3D8,0.323767,0,0,0,0,0,0,0,0,0,0,0,0
12269,C3D8,0.323767,0,0,0,0,0,0,0,0,0,0,0,0
12270,C3D8,0.323767,0,0,0,0,0,0,0,0,0,0,0,0
12271,C3D8,0.323766,0,0,0,0,0,0,0,0,0,0,0,0
12272,C3D8,0.323766,0,0,0,0,0,0,0,0,0,0,0,0
12273,C3D8,0.323766,0,0,0,0,0,0,0,0,0,0,0,0
12274,C3D8,0.323767,0,0,0,0,0,0,0,0,0,0,0,0
12275,C3D8,0.323767,0,0,0,0,0,0,0,0,0,0,0,0
12276,C3D8,0.323767,0,0,0,0,0,0,0,0,0,0,0,0
12277,C3D8,0.323766,0,0,0,0,0,0,0,0,0,0,0,0
12278,C3D8,0.323766,0,0,0,0,0,0,0,0,0,0,0,0
12279,C3D8,0.323766,0,0,0,0,0,0,0,0,0,0,0,0
12280,C3D8,0.323767,0,0,0,0,0,0,0,0,0,0,0,0
12281,C3D8,0.323767,0,0,0,0,0,0,0,0,0,0,0,0
12282,C3D8,0.323767,0,0,0,0,0,0,0,0,0,0,0,0
12283,C3D8,0.323766,0,0,0,0,0,0,0,0,0,0,0,0
12284,C3D8,0.323766,0,0,0,0,0,0,0,0,0,0,0,0
12285,C3D8,0.323766,0,0,0,0,0,0,0,0,0,0,0,0
12286,C3D8,0.323766,0,0,0,0,0,0,0,0,0,0,0,0
12287,C3D8,0.323766,0,0,0,0,0,0,0,0,0,0,0,0
12288,C3D8,0.323766,0,0,0,0,0,0,0,0,0,0,0,0
12289,C3D8,0.323766,0,0,0,0,0,0,0,0,0,0,0,0
12290,C3D8,0.323766,0,0,0,0,0,0,0,0,0,0,0,0
12291,C3D8,0.323766,0,0,0,0,0,0,0,0,0,0,0,0
12292,C3D8,0.323766,0,0,0,0,0,0,0,0,0,0,0,0
12293,C3D8,0.323767,0,0,0,0,0,0,0,0,0,0,0,0
12294,C3D8,0.323767,0,0,0,0,0,0,0,0,0,0,0,0
12295,C3D8,0.323766,0,0,0,0,0,0,0,0,0,0,0,0
12296,C3D8,0.323766,0,0,0,0,0,0,0,0,0,0,0,0
12297,C3D8,0.323766,0,0,0,0,0,0,0,0,0,0,0,0
12298,C3D8,0.323766,0,0,0,0,0,0,0,0,0,0,0,0
12299,C3D8,0.323766,0,0,0,0,0,0,0,0,0,0,0,0
12300,C3D8,0.323766,0,0,0,0,0,0,0,0,0,0,0,0
12301,C3D8,0.323767,0,0,0,0,0,0,0,0,0,0,0,0
12302,C3D8,0.323767,0,0,0,0,0,0,0,0,0,0,0,0
12303,C3D8,0.323767,0,0,0,0,0,0,0,0,0,0,0,0
12304,C3D8,0.323766,0,0,0,0,0,0,0,0,0,0,0,0
12305,C3D8,0.323766,0,0,0,0,0,0,0,0,0,0,0,0
12306,C3D8,0.323766,0,0,0,0,0,0,0,0,0,0,0,0
12307,C3D8,0.323766,0,0,0,0,0,0,0,0,0,0,0,0
12308,C3D8,0.323766,0,0,0,0,0,0,0,0,0,0,0,0
12309,C3D8,0.323766,0,0,0,0,0,0,0,0,0,0,0,0
12310,C3D8,0.323767,0,0,0,0,0,0,0,0,0,0,0,0
12311,C3D8,0.323767,0,0,0,0,0,0,0,0,0,0,0,0
12312,C3D8,0.323767,0,0,0,0,0,0,0,0,0,0,0,0
12313,C3D8,0.323767,0,0,0,0,0,0,0,0,0,0,0,0
12314,C3D8,0.323767,0,0,0,0,0,0,0,0,0,0,0,0
12315,C3D8,0.323767,0,0,0,0,0,0,0,0,0,0,0,0
12316,C3D8,0.323766,0,0,0,0,0,0,0,0,0,0,0,0
12317,C3D8,0.323766,0,0,0,0,0,0,0,0,0,0,0,0
12318,C3D8,0.323766,0,0,0,0,0,0,0,0,0,0,0,0
12319,C3D8,0.323767,0,0,0,0,0,0,0,0,0,0,0,0
12320,C3D8,0.323767,0,0,0,0,0,0,0,0,0,0,0,0
12321,C3D8,0.323767,0,0,0,0,0,0,0,0,0,0,0,0
12322,C3D8,0.323767,0,0,0,0,0,0,0,0,0,0,0,0
12323,C3D8,0.323767,0,0,0,0,0,0,0,0,0,0,0,0
12324,C3D8,0.323767,0,0,0,0,0,0,0,0,0,0,0,0
12325,C3D8,0.323767,0,0,0,0,0,0,0,0,0,0,0,0
12326,C3D8,0.323767,0,0,0,0,0,0,0,0,0,0,0,0
12327,C3D8,0.323767,0,0,0,0,0,0,0,0,0,0,0,0
12328,C3D8,0.323766,0,0,0,0,0,0,0,0,0,0,0,0
12329,C3D8,0.323766,0,0,0,0,0,0,0,0,0,0,0,0
12330,C3D8,0.323766,0,0,0,0,0,0,0,0,0,0,0,0
12331,C3D8,0.323767,0,0,0,0,0,0,0,0,0,0,0,0
12332,C3D8,0.323767,0,0,0,0,0,0,0,0,0,0,0,0
12333,C3D8,0.323767,0,0,0,0,0,0,0,0,0,0,0,0
12334,C3D8,0.323766,0,0,0,0,0,0,0,0,0,0,0,0
12335,C3D8,0.323766,0,0,0,0,0,0,0,0,0,0,0,0
12336,C3D8,0.323766,0,0,0,0,0,0,0,0,0,0,0,0
12337,C3D8,0.323767,0,0,0,0,0,0,0,0,0,0,0,0
12338,C3D8,0.323767,0,0,0,0,0,0,0,0,0,0,0,0
12339,C3D8,0.323767,0,0,0,0,0,0,0,0,0,0,0,0
12340,C3D8,0.323766,0,0,0,0,0,0,0,0,0,0,0,0
12341,C3D8,0.323766,0,0,0,0,0,0,0,0,0,0,0,0
12342,C3D8,0.323766,0,0,0,0,0,0,0,0,0,0,0,0
12343,C3D8,0.323766,0,0,0,0,0,0,0,0,0,0,0,0
12344,C3D8,0.323766,0,0,0,0,0,0,0,0,0,0,0,0
12345,C3D8,0.323766,0,0,0,0,0,0,0,0,0,0,0,0
12346,C3D8,0.323766,0,0,0,0,0,0,0,0,0,0,0,0
12347,C3D8,0.323766,0,0,0,0,0,0,0,0,0,0,0,0
12348,C3D8,0.323766,0,0,0,0,0,0,0,0,0,0,0,0
12349,C3D8,0.323766,0,0,0,0,0,0,0,0,0,0,0,0
12350,C3D8,0.323767,0,0,0,0,0,0,0,0,0,0,0,0
12351,C3D8,0.323767,0,0,0,0,0,0,0,0,0,0,0,0
12352,C3D8,0.323766,0,0,0,0,0,0,0,0,0,0,0,0
12353,C3D8,0.323766,0,0,0,0,0,0,0,0,0,0,0,0
12354,C3D8,0.323766,0,0,0,0,0,0,0,0,0,0,0,0
12355,C3D8,0.323766,0,0,0,0,0,0,0,0,0,0,0,0
12356,C3D8,0.323766,0,0,0,0,0,0,0,0,0,0,0,0
12357,C3D8,0.323766,0,0,0,0,0,0,0,0,0,0,0,0
12358,C3D8,0.323767,0,0,0,0,0,0,0,0,0,0,0,0
12359,C3D8,0.323767,0,0,0,0,0,0,0,0,0,0,0,0
12360,C3D8,0.323767,0,0,0,0,0,0,0,0,0,0,0,0
12361,C3D8,0.323766,0,0,0,0,0,0,0,0,0,0,0,0
12362,C3D8,0.323766,0,0,0,0,0,0,0,0,0,0,0,0
12363,C3D8,0.323766,0,0,0,0,0,0,0,0,0,0,0,0
12364,C3D8,0.323766,0,0,0,0,0,0,0,0,0,0,0,0
12365,C3D8,0.323766,0,0,0,0,0,0,0,0,0,0,0,0
12366,C3D8,0.323766,0,0,0,0,0,0,0,0,0,0,0,0
12367,C3D8,0.323767,0,0,0,0,0,0,0,0,0,0,0,0
12368,C3D8,0.323767,0,0,0,0,0,0,0,0,0,0,0,0
12369,C3D8,0.323767,0,0,0,0,0,0,0,0,0,0,0,0
12370,C3D8,0.323767,0,0,0,0,0,0,0,0,0,0,0,0
12371,C3D8,0.323767,0,0,0,0,0,0,0,0,0,0,0,0
12372,C3D8,0.323767,0,0,0,0,0,0,0,0,0,0,0,0
12373,C3D8,0.323766,0,0,0,0,0,0,0,0,0,0,0,0
12374,C3D8,0.323766,0,0,0,0,0,0,0,0,0,0,0,0
12375,C3D8,0.323766,0,0,0,0,0,0,0,0,0,0,0,0
12376,C3D8,0.323767,0,0,0,0,0,0,0,0,0,0,0,0
12377,C3D8,0.323767,0,0,0,0,0,0,0,0,0,0,0,0
12378,C3D8,0.323767,0,0,0,0,0,0,0,0,0,0,0,0
12379,C3D8,0.323767,0,0,0,0,0,0,0,0,0,0,0,0
12380,C3D8,0.323767,0,0,0,0,0,0,0,0,0,0,0,0
12381,C3D8,0.323767,0,0,0,0,0,0,0,0,0,0,0,0
12382,C3D8,0.323767,0,0,0,0,0,0,0,0,0,0,0,0
12383,C3D8,0.323767,0,0,0,0,0,0,0,0,0,0,0,0
12384,C3D8,0.323767,0,0,0,0,0,0,0,0,0,0,0,0
12385,C3D8,0.323766,0,0,0,0,0,0,0,0,0,0,0,0
12386,C3D8,0.323766,0,0,0,0,0,0,0,0,0,0,0,0
12387,C3D8,0.323766,0,0,0,0,0,0,0,0,0,0,0,0
12388,C3D8,0.323767,0,0,0,0,0,0,0,0,0,0,0,0
12389,C3D8,0.323767,0,0,0,0,0,0,0,0,0,0,0,0
12390,C3D8,0.323767,0,0,0,0,0,0,0,0,0,0,0,0
12391,C3D8,0.323766,0,0,0,0,0,0,0,0,0,0,0,0
12392,C3D8,0.323766,0,0,0,0,0,0,0,0,0,0,0,0
12393,C3D8,0.323766,0,0,0,0,0,0,0,0,0,0,0,0
12394,C3D8,0.323767,0,0,0,0,0,0,0,0,0,0,0,0
12395,C3D8,0.323767,0,0,0,0,0,0,0,0,0,0,0,0
12396,C3D8,0.323767,0,0,0,0,0,0,0,0,0,0,0,0
12397,C3D8,0.323766,0,0,0,0,0,0,0,0,0,0,0,0
12398,C3D8,0.323766,0,0,0,0,0,0,0,0,0,0,0,0
12399,C3D8,0.323766,0,0,0,0,0,0,0,0,0,0,0,0
12400,C3D8,0.323766,0,0,0,0,0,0,0,0,0,0,0,0
12401,C3D8,0.323766,0,0,0,0,0,0,0,0,0,0,0,0
12402,C3D8,0.323766,0,0,0,0,0,0,0,0,0,0,0,0
12403,C3D8,0.323766,0,0,0,0,0,0,0,0,0,0,0,0
12404,C3D8,0.323766,0,0,0,0,0,0,0,0,0,0,0,0
12405,C3D8,0.323766,0,0,0,0,0,0,0,0,0,0,0,0
12406,C3D8,0.323766,0,0,0,0,0,0,0,0,0,0,0,0
12407,C3D8,0.323767,0,0,0,0,0,0,0,0,0,0,0,0
12408,C3D8,0.323767,0,0,0,0,0,0,0,0,0,0,0,0
12409,C3D8,0.323766,0,0,0,0,0,0,0,0,0,0,0,0
12410,C3D8,0.323766,0,0,0,0,0,0,0,0,0,0,0,0
12411,C3D8,0.323766,0,0,0,0,0,0,0,0,0,0,0,0
12412,C3D8,0.323766,0,0,0,0,0,0,0,0,0,0,0,0
12413,C3D8,0.323766,0,0,0,0,0,0,0,0,0,0,0,0
12414,C3D8,0.323766,0,0,0,0,0,0,0,0,0,0,0,0
12415,C3D8,0.323767,0,0,0,0,0,0,0,0,0,0,0,0
12416,C3D8,0.323767,0,0,0,0,0,0,0,0,0,0,0,0
12417,C3D8,0.323767,0,0,0,0,0,0,0,0,0,0,0,0
12418,C3D8,0.323766,0,0,0,0,0,0,0,0,0,0,0,0
12419,C3D8,0.323766,0,0,0,0,0,0,0,0,0,0,0,0
12420,C3D8,0.323766,0,0,0,0,0,0,0,0,0,0,0,0
12421,C3D8,0.323766,0,0,0,0,0,0,0,0,0,0,0,0
12422,C3D8,0.323766,0,0,0,0,0,0,0,0,0,0,0,0
12423,C3D8,0.323766,0,0,0,0,0,0,0,0,0,0,0,0
12424,C3D8,0.323767,0,0,0,0,0,0,0,0,0,0,0,0
12425,C3D8,0.323767,0,0,0,0,0,0,0,0,0,0,0,0
12426,C3D8,0.323767,0,0,0,0,0,0,0,0,0,0,0,0
12427,C3D8,0.323767,0,0,0,0,0,0,0,0,0,0,0,0
12428,C3D8,0.323767,0,0,0,0,0,0,0,0,0,0,0,0
12429,C3D8,0.323767,0,0,0,0,0,0,0,0,0,0,0,0
12430,C3D8,0.323766,0,0,0,0,0,0,0,0,0,0,0,0
12431,C3D8,0.323766,0,0,0,0,0,0,0,0,0,0,0,0
12432,C3D8,0.323766,0,0,0,0,0,0,0,0,0,0,0,0
12433,C3D8,0.323767,0,0,0,0,0,0,0,0,0,0,0,0
12434,C3D8,0.323767,0,0,0,0,0,0,0,0,0,0,0,0
12435,C3D8,0.323767,0,0,0,0,0,0,0,0,0,0,0,0
12436,C3D8,0.323767,0,0,0,0,0,0,0,0,0,0,0,0
12437,C3D8,0.323767,0,0,0,0,0,0,0,0,0,0,0,0
12438,C3D8,0.323767,0,0,0,0,0,0,0,0,0,0,0,0
12439,C3D8,0.323767,0,0,0,0,0,0,0,0,0,0,0,0
12440,C3D8,0.323767,0,0,0,0,0,0,0,0,0,0,0,0
12441,C3D8,0.323767,0,0,0,0,0,0,0,0,0,0,0,0
12442,C3D8,0.323766,0,0,0,0,0,0,0,0,0,0,0,0
12443,C3D8,0.323766,0,0,0,0,0,0,0,0,0,0,0,0
12444,C3D8,0.323766,0,0,0,0,0,0,0,0,0,0,0,0
12445,C3D8,0.323767,0,0,0,0,0,0,0,0,0,0,0,0
12446,C3D8,0.323767,0,0,0,0,0,0,0,0,0,0,0,0
12447,C3D8,0.323767,0,0,0,0,0,0,0,0,0,0,0,0
12448,C3D8,0.323766,0,0,0,0,0,0,0,0,0,0,0,0
12449,C3D8,0.323766,0,0,0,0,0,0,0,0,0,0,0,0
12450,C3D8,0.323766,0,0,0,0,0,0,0,0,0,0,0,0
12451,C3D8,0.323767,0,0,0,0,0,0,0,0,0,0,0,0
12452,C3D8,0.323767,0,0,0,0,0,0,0,0,0,0,0,0
12453,C3D8,0.323767,0,0,0,0,0,0,0,0,0,0,0,0
12454,C3D8,0.323766,0,0,0,0,0,0,0,0,0,0,0,0
12455,C3D8,0.323766,0,0,0,0,0,0,0,0,0,0,0,0
12456,C3D8,0.323766,0,0,0,0,0,0,0,0,0,0,0,0
12457,C3D8,0.323766,0,0,0,0,0,0,0,0,0,0,0,0
12458,C3D8,0.323766,0,0,0,0,0,0,0,0,0,0,0,0
12459,C3D8,0.323766,0,0,0,0,0,0,0,0,0,0,0,0
12460,C3D8,0.323766,0,0,0,0,0,0,0,0,0,0,0,0
12461,C3D8,0.323766,0,0,0,0,0,0,0,0,0,0,0,0
12462,C3D8,0.323766,0,0,0,0,0,0,0,0,0,0,0,0
12463,C3D8,0.323766,0,0,0,0,0,0,0,0,0,0,0,0
12464,C3D8,0.323767,0,0,0,0,0,0,0,0,0,0,0,0
12465,C3D8,0.323767,0,0,0,0,0,0,0,0,0,0,0,0
12466,C3D8,0.323766,0,0,0,0,0,0,0,0,0,0,0,0
12467,C3D8,0.323766,0,0,0,0,0,0,0,0,0,0,0,0
12468,C3D8,0.323766,0,0,0,0,0,0,0,0,0,0,0,0
12469,C3D8,0.323766,0,0,0,0,0,0,0,0,0,0,0,0
12470,C3D8,0.323766,0,0,0,0,0,0,0,0,0,0,0,0
12471,C3D8,0.323766,0,0,0,0,0,0,0,0,0,0,0,0
12472,C3D8,0.323767,0,0,0,0,0,0,0,0,0,0,0,0
12473,C3D8,0.323767,0,0,0,0,0,0,0,0,0,0,0,0
12474,C3D8,0.323767,0,0,0,0,0,0,0,0,0,0,0,0
12475,C3D8,0.323766,0,0,0,0,0,0,0,0,0,0,0,0
12476,C3D8,0.323766,0,0,0,0,0,0,0,0,0,0,0,0
12477,C3D8,0.323766,0,0,0,0,0,0,0,0,0,0,0,0
12478,C3D8,0.323766,0,0,0,0,0,0,0,0,0,0,0,0
12479,C3D8,0.323766,0,0,0,0,0,0,0,0,0,0,0,0
12480,C3D8,0.323766,0,0,0,0,0,0,0,0,0,0,0,0
12481,C3D8,0.323767,0,0,0,0,0,0,0,0,0,0,0,0
12482,C3D8,0.323767,0,0,0,0,0,0,0,0,0,0,0,0
12483,C3D8,0.323767,0,0,0,0,0,0,0,0,0,0,0,0
12484,C3D8,0.323767,0,0,0,0,0,0,0,0,0,0,0,0
12485,C3D8,0.323767,0,0,0,0,0,0,0,0,0,0,0,0
12486,C3D8,0.323767,0,0,0,0,0,0,0,0,0,0,0,0
12487,C3D8,0.323766,0,0,0,0,0,0,0,0,0,0,0,0
12488,C3D8,0.323766,0,0,0,0,0,0,0,0,0,0,0,0
12489,C3D8,0.323766,0,0,0,0,0,0,0,0,0,0,0,0
12490,C3D8,0.323767,0,0,0,0,0,0,0,0,0,0,0,0
12491,C3D8,0.323767,0,0,0,0,0,0,0,0,0,0,0,0
12492,C3D8,0.323767,0,0,0,0,0,0,0,0,0,0,0,0
12493,C3D8,0.323767,0,0,0,0,0,0,0,0,0,0,0,0
12494,C3D8,0.323767,0,0,0,0,0,0,0,0,0,0,0,0
12495,C3D8,0.323767,0,0,0,0,0,0,0,0,0,0,0,0
12496,C3D8,0.323767,0,0,0,0,0,0,0,0,0,0,0,0
12497,C3D8,0.323767,0,0,0,0,0,0,0,0,0,0,0,0
12498,C3D8,0.323767,0,0,0,0,0,0,0,0,0,0,0,0
12499,C3D8,0.323766,0,0,0,0,0,0,0,0,0,0,0,0
12500,C3D8,0.323766,0,0,0,0,0,0,0,0,0,0,0,0
12501,C3D8,0.323766,0,0,0,0,0,0,0,0,0,0,0,0
12502,C3D8,0.323767,0,0,0,0,0,0,0,0,0,0,0,0
12503,C3D8,0.323767,0,0,0,0,0,0,0,0,0,0,0,0
12504,C3D8,0.323767,0,0,0,0,0,0,0,0,0,0,0,0
12505,C3D8,0.323766,0,0,0,0,0,0,0,0,0,0,0,0
12506,C3D8,0.323766,0,0,0,0,0,0,0,0,0,0,0,0
12507,C3D8,0.323766,0,0,0,0,0,0,0,0,0,0,0,0
12508,C3D8,0.323767,0,0,0,0,0,0,0,0,0,0,0,0
12509,C3D8,0.323767,0,0,0,0,0,0,0,0,0,0,0,0
12510,C3D8,0.323767,0,0,0,0,0,0,0,0,0,0,0,0
12511,C3D8,0.323766,0,0,0,0,0,0,0,0,0,0,0,0
12512,C3D8,0.323766,0,0,0,0,0,0,0,0,0,0,0,0
12513,C3D8,0.323766,0,0,0,0,0,0,0,0,0,0,0,0
12514,C3D8,0.323766,0,0,0,0,0,0,0,0,0,0,0,0
12515,C3D8,0.323766,0,0,0,0,0,0,0,0,0,0,0,0
12516,C3D8,0.323766,0,0,0,0,0,0,0,0,0,0,0,0
12517,C3D8,0.323766,0,0,0,0,0,0,0,0,0,0,0,0
12518,C3D8,0.323766,0,0,0,0,0,0,0,0,0,0,0,0
12519,C3D8,0.323766,0,0,0,0,0,0,0,0,0,0,0,0
12520,C3D8,0.323766,0,0,0,0,0,0,0,0,0,0,0,0
12521,C3D8,0.323767,0,0,0,0,0,0,0,0,0,0,0,0
12522,C3D8,0.323767,0,0,0,0,0,0,0,0,0,0,0,0
12523,C3D8,0.323766,0,0,0,0,0,0,0,0,0,0,0,0
12524,C3D8,0.323766,0,0,0,0,0,0,0,0,0,0,0,0
12525,C3D8,0.323766,0,0,0,0,0,0,0,0,0,0,0,0
12526,C3D8,0.323766,0,0,0,0,0,0,0,0,0,0,0,0
12527,C3D8,0.323766,0,0,0,0,0,0,0,0,0,0,0,0
12528,C3D8,0.323766,0,0,0,0,0,0,0,0,0,0,0,0
12529,C3D8,0.323767,0,0,0,0,0,0,0,0,0,0,0,0
12530,C3D8,0.323767,0,0,0,0,0,0,0,0,0,0,0,0
12531,C3D8,0.323767,0,0,0,0,0,0,0,0,0,0,0,0
12532,C3D8,0.323766,0,0,0,0,0,0,0,0,0,0,0,0
12533,C3D8,0.323766,0,0,0,0,0,0,0,0,0,0,0,0
12534,C3D8,0.323766,0,0,0,0,0,0,0,0,0,0,0,0
12535,C3D8,0.323766,0,0,0,0,0,0,0,0,0,0,0,0
12536,C3D8,0.323766,0,0,0,0,0,0,0,0,0,0,0,0
12537,C3D8,0.323766,0,0,0,0,0,0,0,0,0,0,0,0
12538,C3D8,0.323767,0,0,0,0,0,0,0,0,0,0,0,0
12539,C3D8,0.323767,0,0,0,0,0,0,0,0,0,0,0,0
12540,C3D8,0.323767,0,0,0,0,0,0,0,0,0,0,0,0
12541,C3D8,0.323767,0,0,0,0,0,0,0,0,0,0,0,0
12542,C3D8,0.323767,0,0,0,0,0,0,0,0,0,0,0,0
12543,C3D8,0.323767,0,0,0,0,0,0,0,0,0,0,0,0
12544,C3D8,0.323766,0,0,0,0,0,0,0,0,0,0,0,0
12545,C3D8,0.323766,0,0,0,0,0,0,0,0,0,0,0,0
12546,C3D8,0.323766,0,0,0,0,0,0,0,0,0,0,0,0
12547,C3D8,0.323767,0,0,0,0,0,0,0,0,0,0,0,0
12548,C3D8,0.323767,0,0,0,0,0,0,0,0,0,0,0,0
12549,C3D8,0.323767,0,0,0,0,0,0,0,0,0,0,0,0
12550,C3D8,0.323767,0,0,0,0,0,0,0,0,0,0,0,0
12551,C3D8,0.323767,0,0,0,0,0,0,0,0,0,0,0,0
12552,C3D8,0.323767,0,0,0,0,0,0,0,0,0,0,0,0
12553,C3D8,0.323767,0,0,0,0,0,0,0,0,0,0,0,0
12554,C3D8,0.323767,0,0,0,0,0,0,0,0,0,0,0,0
12555,C3D8,0.323767,0,0,0,0,0,0,0,0,0,0,0,0
12556,C3D8,0.323766,0,0,0,0,0,0,0,0,0,0,0,0
12557,C3D8,0.323766,0,0,0,0,0,0,0,0,0,0,0,0
12558,C3D8,0.323766,0,0,0,0,0,0,0,0,0,0,0,0
12559,C3D8,0.323767,0,0,0,0,0,0,0,0,0,0,0,0
12560,C3D8,0.323767,0,0,0,0,0,0,0,0,0,0,0,0
12561,C3D8,0.323767,0,0,0,0,0,0,0,0,0,0,0,0
12562,C3D8,0.323766,0,0,0,0,0,0,0,0,0,0,0,0
12563,C3D8,0.323766,0,0,0,0,0,0,0,0,0,0,0,0
12564,C3D8,0.323766,0,0,0,0,0,0,0,0,0,0,0,0
12565,C3D8,0.323767,0,0,0,0,0,0,0,0,0,0,0,0
12566,C3D8,0.323767,0,0,0,0,0,0,0,0,0,0,0,0
12567,C3D8,0.323767,0,0,0,0,0,0,0,0,0,0,0,0
12568,C3D8,0.323766,0,0,0,0,0,0,0,0,0,0,0,0
12569,C3D8,0.323766,0,0,0,0,0,0,0,0,0,0,0,0
12570,C3D8,0.323766,0,0,0,0,0,0,0,0,0,0,0,0
12571,C3D8,0.323766,0,0,0,0,0,0,0,0,0,0,0,0
12572,C3D8,0.323766,0,0,0,0,0,0,0,0,0,0,0,0
12573,C3D8,0.323766,0,0,0,0,0,0,0,0,0,0,0,0
12574,C3D8,0.323766,0,0,0,0,0,0,0,0,0,0,0,0
12575,C3D8,0.323766,0,0,0,0,0,0,0,0,0,0,0,0
12576,C3D8,0.323766,0,0,0,0,0,0,0,0,0,0,0,0
12577,C3D8,0.323766,0,0,0,0,0,0,0,0,0,0,0,0
12578,C3D8,0.323767,0,0,0,0,0,0,0,0,0,0,0,0
12579,C3D8,0.323767,0,0,0,0,0,0,0,0,0,0,0,0
12580,C3D8,0.323766,0,0,0,0,0,0,0,0,0,0,0,0
12581,C3D8,0.323766,0,0,0,0,0,0,0,0,0,0,0,0
12582,C3D8,0.323766,0,0,0,0,0,0,0,0,0,0,0,0
12583,C3D8,0.323766,0,0,0,0,0,0,0,0,0,0,0,0
12584,C3D8,0.323766,0,0,0,0,0,0,0,0,0,0,0,0
12585,C3D8,0.323766,0,0,0,0,0,0,0,0,0,0,0,0
12586,C3D8,0.323767,0,0,0,0,0,0,0,0,0,0,0,0
12587,C3D8,0.323767,0,0,0,0,0,0,0,0,0,0,0,0
12588,C3D8,0.323767,0,0,0,0,0,0,0,0,0,0,0,0
12589,C3D8,0.323766,0,0,0,0,0,0,0,0,0,0,0,0
12590,C3D8,0.323766,0,0,0,0,0,0,0,0,0,0,0,0
12591,C3D8,0.323766,0,0,0,0,0,0,0,0,0,0,0,0
12592,C3D8,0.323766,0,0,0,0,0,0,0,0,0,0,0,0
12593,C3D8,0.323766,0,0,0,0,0,0,0,0,0,0,0,0
12594,C3D8,0.323766,0,0,0,0,0,0,0,0,0,0,0,0
12595,C3D8,0.323767,0,0,0,0,0,0,0,0,0,0,0,0
12596,C3D8,0.323767,0,0,0,0,0,0,0,0,0,0,0,0
12597,C3D8,0.323767,0,0,0,0,0,0,0,0,0,0,0,0
12598,C3D8,0.323767,0,0,0,0,0,0,0,0,0,0,0,0
12599,C3D8,0.323767,0,0,0,0,0,0,0,0,0,0,0,0
12600,C3D8,0.323767,0,0,0,0,0,0,0,0,0,0,0,0
12601,C3D8,0.323766,0,0,0,0,0,0,0,0,0,0,0,0
12602,C3D8,0.323766,0,0,0,0,0,0,0,0,0,0,0,0
12603,C3D8,0.323766,0,0,0,0,0,0,0,0,0,0,0,0
12604,C3D8,0.323767,0,0,0,0,0,0,0,0,0,0,0,0
12605,C3D8,0.323767,0,0,0,0,0,0,0,0,0,0,0,0
12606,C3D8,0.323767,0,0,0,0,0,0,0,0,0,0,0,0
12607,C3D8,0.323767,0,0,0,0,0,0,0,0,0,0,0,0
12608,C3D8,0.323767,0,0,0,0,0,0,0,0,0,0,0,0
12609,C3D8,0.323767,0,0,0,0,0,0,0,0,0,0,0,0
12610,C3D8,0.323767,0,0,0,0,0,0,0,0,0,0,0,0
12611,C3D8,0.323767,0,0,0,0,0,0,0,0,0,0,0,0
12612,C3D8,0.323767,0,0,0,0,0,0,0,0,0,0,0,0
12613,C3D8,0.323766,0,0,0,0,0,0,0,0,0,0,0,0
12614,C3D8,0.323766,0,0,0,0,0,0,0,0,0,0,0,0
12615,C3D8,0.323766,0,0,0,0,0,0,0,0,0,0,0,0
12616,C3D8,0.323767,0,0,0,0,0,0,0,0,0,0,0,0
12617,C3D8,0.323767,0,0,0,0,0,0,0,0,0,0,0,0
12618,C3D8,0.323767,0,0,0,0,0,0,0,0,0,0,0,0
12619,C3D8,0.323766,0,0,0,0,0,0,0,0,0,0,0,0
12620,C3D8,0.323766,0,0,0,0,0,0,0,0,0,0,0,0
12621,C3D8,0.323766,0,0,0,0,0,0,0,0,0,0,0,0
12622,C3D8,0.323767,0,0,0,0,0,0,0,0,0,0,0,0
12623,C3D8,0.323767,0,0,0,0,0,0,0,0,0,0,0,0
12624,C3D8,0.323767,0,0,0,0,0,0,0,0,0,0,0,0
12625,C3D8,0.323766,0,0,0,0,0,0,0,0,0,0,0,0
12626,C3D8,0.323766,0,0,0,0,0,0,0,0,0,0,0,0
12627,C3D8,0.323766,0,0,0,0,0,0,0,0,0,0,0,0
12628,C3D8,0.323766,0,0,0,0,0,0,0,0,0,0,0,0
12629,C3D8,0.323766,0,0,0,0,0,0,0,0,0,0,0,0
12630,C3D8,0.323766,0,0,0,0,0,0,0,0,0,0,0,0
12631,C3D8,0.323766,0,0,0,0,0,0,0,0,0,0,0,0
12632,C3D8,0.323766,0,0,0,0,0,0,0,0,0,0,0,0
12633,C3D8,0.323766,0,0,0,0,0,0,0,0,0,0,0,0
12634,C3D8,0.323766,0,0,0,0,0,0,0,0,0,0,0,0
12635,C3D8,0.323767,0,0,0,0,0,0,0,0,0,0,0,0
12636,C3D8,0.323767,0,0,0,0,0,0,0,0,0,0,0,0
12637,C3D8,0.323766,0,0,0,0,0,0,0,0,0,0,0,0
12638,C3D8,0.323766,0,0,0,0,0,0,0,0,0,0,0,0
12639,C3D8,0.323766,0,0,0,0,0,0,0,0,0,0,0,0
12640,C3D8,0.323766,0,0,0,0,0,0,0,0,0,0,0,0
12641,C3D8,0.323766,0,0,0,0,0,0,0,0,0,0,0,0
12642,C3D8,0.323766,0,0,0,0,0,0,0,0,0,0,0,0
12643,C3D8,0.323767,0,0,0,0,0,0,0,0,0,0,0,0
12644,C3D8,0.323767,0,0,0,0,0,0,0,0,0,0,0,0
12645,C3D8,0.323767,0,0,0,0,0,0,0,0,0,0,0,0
12646,C3D8,0.323766,0,0,0,0,0,0,0,0,0,0,0,0
12647,C3D8,0.323766,0,0,0,0,0,0,0,0,0,0,0,0
12648,C3D8,0.323766,0,0,0,0,0,0,0,0,0,0,0,0
12649,C3D8,0.323766,0,0,0,0,0,0,0,0,0,0,0,0
12650,C3D8,0.323766,0,0,0,0,0,0,0,0,0,0,0,0
12651,C3D8,0.323766,0,0,0,0,0,0,0,0,0,0,0,0
12652,C3D8,0.323767,0,0,0,0,0,0,0,0,0,0,0,0
12653,C3D8,0.323767,0,0,0,0,0,0,0,0,0,0,0,0
12654,C3D8,0.323767,0,0,0,0,0,0,0,0,0,0,0,0
12655,C3D8,0.323767,0,0,0,0,0,0,0,0,0,0,0,0
12656,C3D8,0.323767,0,0,0,0,0,0,0,0,0,0,0,0
12657,C3D8,0.323767,0,0,0,0,0,0,0,0,0,0,0,0
12658,C3D8,0.323766,0,0,0,0,0,0,0,0,0,0,0,0
12659,C3D8,0.323766,0,0,0,0,0,0,0,0,0,0,0,0
12660,C3D8,0.323766,0,0,0,0,0,0,0,0,0,0,0,0
12661,C3D8,0.323767,0,0,0,0,0,0,0,0,0,0,0,0
12662,C3D8,0.323767,0,0,0,0,0,0,0,0,0,0,0,0
12663,C3D8,0.323767,0,0,0,0,0,0,0,0,0,0,0,0
12664,C3D8,0.323767,0,0,0,0,0,0,0,0,0,0,0,0
12665,C3D8,0.323767,0,0,0,0,0,0,0,0,0,0,0,0
12666,C3D8,0.323767,0,0,0,0,0,0,0,0,0,0,0,0
12667,C3D8,0.323767,0,0,0,0,0,0,0,0,0,0,0,0
12668,C3D8,0.323767,0,0,0,0,0,0,0,0,0,0,0,0
12669,C3D8,0.323767,0,0,0,0,0,0,0,0,0,0,0,0
12670,C3D8,0.323766,0,0,0,0,0,0,0,0,0,0,0,0
12671,C3D8,0.323766,0,0,0,0,0,0,0,0,0,0,0,0
12672,C3D8,0.323766,0,0,0,0,0,0,0,0,0,0,0,0
12673,C3D8,0.323767,0,0,0,0,0,0,0,0,0,0,0,0
12674,C3D8,0.323767,0,0,0,0,0,0,0,0,0,0,0,0
12675,C3D8,0.323767,0,0,0,0,0,0,0,0,0,0,0,0
12676,C3D8,0.323766,0,0,0,0,0,0,0,0,0,0,0,0
12677,C3D8,0.323766,0,0,0,0,0,0,0,0,0,0,0,0
12678,C3D8,0.323766,0,0,0,0,0,0,0,0,0,0,0,0
12679,C3D8,0.323767,0,0,0,0,0,0,0,0,0,0,0,0
12680,C3D8,0.323767,0,0,0,0,0,0,0,0,0,0,0,0
12681,C3D8,0.323767,0,0,0,0,0,0,0,0,0,0,0,0
12682,C3D8,0.323766,0,0,0,0,0,0,0,0,0,0,0,0
12683,C3D8,0.323766,0,0,0,0,0,0,0,0,0,0,0,0
12684,C3D8,0.323766,0,0,0,0,0,0,0,0,0,0,0,0
12685,C3D8,0.323766,0,0,0,0,0,0,0,0,0,0,0,0
12686,C3D8,0.323766,0,0,0,0,0,0,0,0,0,0,0,0
12687,C3D8,0.323766,0,0,0,0,0,0,0,0,0,0,0,0
12688,C3D8,0.323766,0,0,0,0,0,0,0,0,0,0,0,0
12689,C3D8,0.323766,0,0,0,0,0,0,0,0,0,0,0,0
12690,C3D8,0.323766,0,0,0,0,0,0,0,0,0,0,0,0
12691,C3D8,0.323766,0,0,0,0,0,0,0,0,0,0,0,0
12692,C3D8,0.323767,0,0,0,0,0,0,0,0,0,0,0,0
12693,C3D8,0.323767,0,0,0,0,0,0,0,0,0,0,0,0
12694,C3D8,0.323766,0,0,0,0,0,0,0,0,0,0,0,0
12695,C3D8,0.323766,0,0,0,0,0,0,0,0,0,0,0,0
12696,C3D8,0.323766,0,0,0,0,0,0,0,0,0,0,0,0
12697,C3D8,0.323766,0,0,0,0,0,0,0,0,0,0,0,0
12698,C3D8,0.323766,0,0,0,0,0,0,0,0,0,0,0,0
12699,C3D8,0.323766,0,0,0,0,0,0,0,0,0,0,0,0
12700,C3D8,0.323767,0,0,0,0,0,0,0,0,0,0,0,0
12701,C3D8,0.323767,0,0,0,0,0,0,0,0,0,0,0,0
12702,C3D8,0.323767,0,0,0,0,0,0,0,0,0,0,0,0
12703,C3D8,0.323766,0,0,0,0,0,0,0,0,0,0,0,0
12704,C3D8,0.323766,0,0,0,0,0,0,0,0,0,0,0,0
12705,C3D8,0.323766,0,0,0,0,0,0,0,0,0,0,0,0
12706,C3D8,0.323766,0,0,0,0,0,0,0,0,0,0,0,0
12707,C3D8,0.323766,0,0,0,0,0,0,0,0,0,0,0,0
12708,C3D8,0.323766,0,0,0,0,0,0,0,0,0,0,0,0
12709,C3D8,0.323767,0,0,0,0,0,0,0,0,0,0,0,0
12710,C3D8,0.323767,0,0,0,0,0,0,0,0,0,0,0,0
12711,C3D8,0.323767,0,0,0,0,0,0,0,0,0,0,0,0
12712,C3D8,0.323767,0,0,0,0,0,0,0,0,0,0,0,0
12713,C3D8,0.323767,0,0,0,0,0,0,0,0,0,0,0,0
12714,C3D8,0.323767,0,0,0,0,0,0,0,0,0,0,0,0
12715,C3D8,0.323766,0,0,0,0,0,0,0,0,0,0,0,0
12716,C3D8,0.323766,0,0,0,0,0,0,0,0,0,0,0,0
12717,C3D8,0.323766,0,0,0,0,0,0,0,0,0,0,0,0
12718,C3D8,0.323767,0,0,0,0,0,0,0,0,0,0,0,0
12719,C3D8,0.323767,0,0,0,0,0,0,0,0,0,0,0,0
12720,C3D8,0.323767,0,0,0,0,0,0,0,0,0,0,0,0
12721,C3D8,0.323767,0,0,0,0,0,0,0,0,0,0,0,0
12722,C3D8,0.323767,0,0,0,0,0,0,0,0,0,0,0,0
12723,C3D8,0.323767,0,0,0,0,0,0,0,0,0,0,0,0
12724,C3D8,0.323767,0,0,0,0,0,0,0,0,0,0,0,0
12725,C3D8,0.323767,0,0,0,0,0,0,0,0,0,0,0,0
12726,C3D8,0.323767,0,0,0,0,0,0,0,0,0,0,0,0
12727,C3D8,0.323766,0,0,0,0,0,0,0,0,0,0,0,0
12728,C3D8,0.323766,0,0,0,0,0,0,0,0,0,0,0,0
12729,C3D8,0.323766,0,0,0,0,0,0,0,0,0,0,0,0
12730,C3D8,0.323767,0,0,0,0,0,0,0,0,0,0,0,0
12731,C3D8,0.323767,0,0,0,0,0,0,0,0,0,0,0,0
12732,C3D8,0.323767,0,0,0,0,0,0,0,0,0,0,0,0
12733,C3D8,0.323766,0,0,0,0,0,0,0,0,0,0,0,0
12734,C3D8,0.323766,0,0,0,0,0,0,0,0,0,0,0,0
12735,C3D8,0.323766,0,0,0,0,0,0,0,0,0,0,0,0
12736,C3D8,0.323767,0,0,0,0,0,0,0,0,0,0,0,0
12737,C3D8,0.323767,0,0,0,0,0,0,0,0,0,0,0,0
12738,C3D8,0.323767,0,0,0,0,0,0,0,0,0,0,0,0
12739,C3D8,0.323766,0,0,0,0,0,0,0,0,0,0,0,0
12740,C3D8,0.323766,0,0,0,0,0,0,0,0,0,0,0,0
12741,C3D8,0.323766,0,0,0,0,0,0,0,0,0,0,0,0
12742,C3D8,0.323766,0,0,0,0,0,0,0,0,0,0,0,0
12743,C3D8,0.323766,0,0,0,0,0,0,0,0,0,0,0,0
12744,C3D8,0.323766,0,0,0,0,0,0,0,0,0,0,0,0
12745,C3D8,0.323766,0,0,0,0,0,0,0,0,0,0,0,0
12746,C3D8,0.323766,0,0,0,0,0,0,0,0,0,0,0,0
12747,C3D8,0.323766,0,0,0,0,0,0,0,0,0,0,0,0
12748,C3D8,0.323766,0,0,0,0,0,0,0,0,0,0,0,0
12749,C3D8,0.323767,0,0,0,0,0,0,0,0,0,0,0,0
12750,C3D8,0.323767,0,0,0,0,0,0,0,0,0,0,0,0
12751,C3D8,0.323766,0,0,0,0,0,0,0,0,0,0,0,0
12752,C3D8,0.323766,0,0,0,0,0,0,0,0,0,0,0,0
12753,C3D8,0.323766,0,0,0,0,0,0,0,0,0,0,0,0
12754,C3D8,0.323766,0,0,0,0,0,0,0,0,0,0,0,0
12755,C3D8,0.323766,0,0,0,0,0,0,0,0,0,0,0,0
12756,C3D8,0.323766,0,0,0,0,0,0,0,0,0,0,0,0
12757,C3D8,0.323767,0,0,0,0,0,0,0,0,0,0,0,0
12758,C3D8,0.323767,0,0,0,0,0,0,0,0,0,0,0,0
12759,C3D8,0.323767,0,0,0,0,0,0,0,0,0,0,0,0
12760,C3D8,0.323766,0,0,0,0,0,0,0,0,0,0,0,0
12761,C3D8,0.323766,0,0,0,0,0,0,0,0,0,0,0,0
12762,C3D8,0.323766,0,0,0,0,0,0,0,0,0,0,0,0
12763,C3D8,0.323766,0,0,0,0,0,0,0,0,0,0,0,0
12764,C3D8,0.323766,0,0,0,0,0,0,0,0,0,0,0,0
12765,C3D8,0.323766,0,0,0,0,0,0,0,0,0,0,0,0
12766,C3D8,0.323767,0,0,0,0,0,0,0,0,0,0,0,0
12767,C3D8,0.323767,0,0,0,0,0,0,0,0,0,0,0,0
12768,C3D8,0.323767,0,0,0,0,0,0,0,0,0,0,0,0
12769,C3D8,0.323767,0,0,0,0,0,0,0,0,0,0,0,0
12770,C3D8,0.323767,0,0,0,0,0,0,0,0,0,0,0,0
12771,C3D8,0.323767,0,0,0,0,0,0,0,0,0,0,0,0
12772,C3D8,0.323766,0,0,0,0,0,0,0,0,0,0,0,0
12773,C3D8,0.323766,0,0,0,0,0,0,0,0,0,0,0,0
12774,C3D8,0.323766,0,0,0,0,0,0,0,0,0,0,0,0
12775,C3D8,0.323767,0,0,0,0,0,0,0,0,0,0,0,0
12776,C3D8,0.323767,0,0,0,0,0,0,0,0,0,0,0,0
12777,C3D8,0.323767,0,0,0,0,0,0,0,0,0,0,0,0
12778,C3D8,0.323767,0,0,0,0,0,0,0,0,0,0,0,0
12779,C3D8,0.323767,0,0,0,0,0,0,0,0,0,0,0,0
12780,C3D8,0.323767,0,0,0,0,0,0,0,0,0,0,0,0
12781,C3D8,0.323767,0,0,0,0,0,0,0,0,0,0,0,0
12782,C3D8,0.323767,0,0,0,0,0,0,0,0,0,0,0,0
12783,C3D8,0.323767,0,0,0,0,0,0,0,0,0,0,0,0
12784,C3D8,0.323766,0,0,0,0,0,0,0,0,0,0,0,0
12785,C3D8,0.323766,0,0,0,0,0,0,0,0,0,0,0,0
12786,C3D8,0.323766,0,0,0,0,0,0,0,0,0,0,0,0
12787,C3D8,0.323767,0,0,0,0,0,0,0,0,0,0,0,0
12788,C3D8,0.323767,0,0,0,0,0,0,0,0,0,0,0,0
12789,C3D8,0.323767,0,0,0,0,0,0,0,0,0,0,0,0
12790,C3D8,0.323766,0,0,0,0,0,0,0,0,0,0,0,0
12791,C3D8,0.323766,0,0,0,0,0,0,0,0,0,0,0,0
12792,C3D8,0.323766,0,0,0,0,0,0,0,0,0,0,0,0
12793,C3D8,0.323767,0,0,0,0,0,0,0,0,0,0,0,0
12794,C3D8,0.323767,0,0,0,0,0,0,0,0,0,0,0,0
12795,C3D8,0.323767,0,0,0,0,0,0,0,0,0,0,0,0
12796,C3D8,0.323766,0,0,0,0,0,0,0,0,0,0,0,0
12797,C3D8,0.323766,0,0,0,0,0,0,0,0,0,0,0,0
12798,C3D8,0.323766,0,0,0,0,0,0,0,0,0,0,0,0
12799,C3D8,0.323766,0,0,0,0,0,0,0,0,0,0,0,0
12800,C3D8,0.323766,0,0,0,0,0,0,0,0,0,0,0,0
12801,C3D8,0.323766,0,0,0,0,0,0,0,0,0,0,0,0
12802,C3D8,0.323766,0,0,0,0,0,0,0,0,0,0,0,0
12803,C3D8,0.323766,0,0,0,0,0,0,0,0,0,0,0,0
12804,C3D8,0.323766,0,0,0,0,0,0,0,0,0,0,0,0
12805,C3D8,0.323766,0,0,0,0,0,0,0,0,0,0,0,0
12806,C3D8,0.323767,0,0,0,0,0,0,0,0,0,0,0,0
12807,C3D8,0.323767,0,0,0,0,0,0,0,0,0,0,0,0
12808,C3D8,0.323766,0,0,0,0,0,0,0,0,0,0,0,0
12809,C3D8,0.323766,0,0,0,0,0,0,0,0,0,0,0,0
12810,C3D8,0.323766,0,0,0,0,0,0,0,0,0,0,0,0
12811,C3D8,0.323766,0,0,0,0,0,0,0,0,0,0,0,0
12812,C3D8,0.323766,0,0,0,0,0,0,0,0,0,0,0,0
12813,C3D8,0.323766,0,0,0,0,0,0,0,0,0,0,0,0
12814,C3D8,0.323767,0,0,0,0,0,0,0,0,0,0,0,0
12815,C3D8,0.323767,0,0,0,0,0,0,0,0,0,0,0,0
12816,C3D8,0.323767,0,0,0,0,0,0,0,0,0,0,0,0
12817,C3D8,0.323766,0,0,0,0,0,0,0,0,0,0,0,0
12818,C3D8,0.323766,0,0,0,0,0,0,0,0,0,0,0,0
12819,C3D8,0.323766,0,0,0,0,0,0,0,0,0,0,0,0
12820,C3D8,0.323766,0,0,0,0,0,0,0,0,0,0,0,0
12821,C3D8,0.323766,0,0,0,0,0,0,0,0,0,0,0,0
12822,C3D8,0.323766,0,0,0,0,0,0,0,0,0,0,0,0
12823,C3D8,0.323767,0,0,0,0,0,0,0,0,0,0,0,0
12824,C3D8,0.323767,0,0,0,0,0,0,0,0,0,0,0,0
12825,C3D8,0.323767,0,0,0,0,0,0,0,0,0,0,0,0
12826,C3D8,0.323767,0,0,0,0,0,0,0,0,0,0,0,0
12827,C3D8,0.323767,0,0,0,0,0,0,0,0,0,0,0,0
12828,C3D8,0.323767,0,0,0,0,0,0,0,0,0,0,0,0
12829,C3D8,0.323766,0,0,0,0,0,0,0,0,0,0,0,0
12830,C3D8,0.323766,0,0,0,0,0,0,0,0,0,0,0,0
12831,C3D8,0.323766,0,0,0,0,0,0,0,0,0,0,0,0
12832,C3D8,0.323767,0,0,0,0,0,0,0,0,0,0,0,0
12833,C3D8,0.323767,0,0,0,0,0,0,0,0,0,0,0,0
12834,C3D8,0.323767,0,0,0,0,0,0,0,0,0,0,0,0
12835,C3D8,0.323767,0,0,0,0,0,0,0,0,0,0,0,0
12836,C3D8,0.323767,0,0,0,0,0,0,0,0,0,0,0,0
12837,C3D8,0.323767,0,0,0,0,0,0,0,0,0,0,0,0
12838,C3D8,0.323767,0,0,0,0,0,0,0,0,0,0,0,0
12839,C3D8,0.323767,0,0,0,0,0,0,0,0,0,0,0,0
12840,C3D8,0.323767,0,0,0,0,0,0,0,0,0,0,0,0
12841,C3D8,0.323766,0,0,0,0,0,0,0,0,0,0,0,0
12842,C3D8,0.323766,0,0,0,0,0,0,0,0,0,0,0,0
12843,C3D8,0.323766,0,0,0,0,0,0,0,0,0,0,0,0
12844,C3D8,0.323767,0,0,0,0,0,0,0,0,0,0,0,0
12845,C3D8,0.323767,0,0,0,0,0,0,0,0,0,0,0,0
12846,C3D8,0.323767,0,0,0,0,0,0,0,0,0,0,0,0
12847,C3D8,0.323766,0,0,0,0,0,0,0,0,0,0,0,0
12848,C3D8,0.323766,0,0,0,0,0,0,0,0,0,0,0,0
12849,C3D8,0.323766,0,0,0,0,0,0,0,0,0,0,0,0
12850,C3D8,0.323767,0,0,0,0,0,0,0,0,0,0,0,0
12851,C3D8,0.323767,0,0,0,0,0,0,0,0,0,0,0,0
12852,C3D8,0.323767,0,0,0,0,0,0,0,0,0,0,0,0
12853,C3D8,0.323766,0,0,0,0,0,0,0,0,0,0,0,0
12854,C3D8,0.323766,0,0,0,0,0,0,0,0,0,0,0,0
12855,C3D8,0.323766,0,0,0,0,0,0,0,0,0,0,0,0
12856,C3D8,0.323766,0,0,0,0,0,0,0,0,0,0,0,0
12857,C3D8,0.323766,0,0,0,0,0,0,0,0,0,0,0,0
12858,C3D8,0.323766,0,0,0,0,0,0,0,0,0,0,0,0
12859,C3D8,0.325767,0,0,0,0,0,0,0,0,0,0,0,0
12860,C3D8,0.325767,0,0,0,0,0,0,0,0,0,0,0,0
12861,C3D8,0.325767,0,0,0,0,0,0,0,0,0,0,0,0
12862,C3D8,0.325766,0,0,0,0,0,0,0,0,0,0,0,0
12863,C3D8,0.325766,0,0,0,0,0,0,0,0,0,0,0,0
12864,C3D8,0.325766,0,0,0,0,0,0,0,0,0,0,0,0
12865,C3D8,0.325767,0,0,0,0,0,0,0,0,0,0,0,0
12866,C3D8,0.325767,0,0,0,0,0,0,0,0,0,0,0,0
12867,C3D8,0.325767,0,0,0,0,0,0,0,0,0,0,0,0
12868,C3D8,0.325766,0,0,0,0,0,0,0,0,0,0,0,0
12869,C3D8,0.325766,0,0,0,0,0,0,0,0,0,0,0,0
12870,C3D8,0.325766,0,0,0,0,0,0,0,0,0,0,0,0
12871,C3D8,0.325767,0,0,0,0,0,0,0,0,0,0,0,0
12872,C3D8,0.325767,0,0,0,0,0,0,0,0,0,0,0,0
12873,C3D8,0.325767,0,0,0,0,0,0,0,0,0,0,0,0
12874,C3D8,0.325766,0,0,0,0,0,0,0,0,0,0,0,0
12875,C3D8,0.325766,0,0,0,0,0,0,0,0,0,0,0,0
12876,C3D8,0.325766,0,0,0,0,0,0,0,0,0,0,0,0
12877,C3D8,0.325767,0,0,0,0,0,0,0,0,0,0,0,0
12878,C3D8,0.325767,0,0,0,0,0,0,0,0,0,0,0,0
12879,C3D8,0.325767,0,0,0,0,0,0,0,0,0,0,0,0
12880,C3D8,0.325766,0,0,0,0,0,0,0,0,0,0,0,0
12881,C3D8,0.325766,0,0,0,0,0,0,0,0,0,0,0,0
12882,C3D8,0.325766,0,0,0,0,0,0,0,0,0,0,0,0
12883,C3D8,0.325767,0,0,0,0,0,0,0,0,0,0,0,0
12884,C3D8,0.325767,0,0,0,0,0,0,0,0,0,0,0,0
12885,C3D8,0.325767,0,0,0,0,0,0,0,0,0,0,0,0
12886,C3D8,0.325766,0,0,0,0,0,0,0,0,0,0,0,0
12887,C3D8,0.325766,0,0,0,0,0,0,0,0,0,0,0,0
12888,C3D8,0.325766,0,0,0,0,0,0,0,0,0,0,0,0
12889,C3D8,0.325767,0,0,0,0,0,0,0,0,0,0,0,0
12890,C3D8,0.325767,0,0,0,0,0,0,0,0,0,0,0,0
12891,C3D8,0.325767,0,0,0,0,0,0,0,0,0,0,0,0
12892,C3D8,0.325766,0,0,0,0,0,0,0,0,0,0,0,0
12893,C3D8,0.325766,0,0,0,0,0,0,0,0,0,0,0,0
12894,C3D8,0.325766,0,0,0,0,0,0,0,0,0,0,0,0
12895,C3D8,0.325767,0,0,0,0,0,0,0,0,0,0,0,0
12896,C3D8,0.325767,0,0,0,0,0,0,0,0,0,0,0,0
12897,C3D8,0.325767,0,0,0,0,0,0,0,0,0,0,0,0
12898,C3D8,0.325766,0,0,0,0,0,0,0,0,0,0,0,0
12899,C3D8,0.325766,0,0,0,0,0,0,0,0,0,0,0,0
12900,C3D8,0.325766,0,0,0,0,0,0,0,0,0,0,0,0
12901,C3D8,0.325767,0,0,0,0,0,0,0,0,0,0,0,0
12902,C3D8,0.325767,0,0,0,0,0,0,0,0,0,0,0,0
12903,C3D8,0.325767,0,0,0,0,0,0,0,0,0,0,0,0
12904,C3D8,0.325766,0,0,0,0,0,0,0,0,0,0,0,0
12905,C3D8,0.325766,0,0,0,0,0,0,0,0,0,0,0,0
12906,C3D8,0.325766,0,0,0,0,0,0,0,0,0,0,0,0
12907,C3D8,0.325766,0,0,0,0,0,0,0,0,0,0,0,0
12908,C3D8,0.325766,0,0,0,0,0,0,0,0,0,0,0,0
12909,C3D8,0.325766,0,0,0,0,0,0,0,0,0,0,0,0
12910,C3D8,0.325767,0,0,0,0,0,0,0,0,0,0,0,0
12911,C3D8,0.325767,0,0,0,0,0,0,0,0,0,0,0,0
12912,C3D8,0.325767,0,0,0,0,0,0,0,0,0,0,0,0
12913,C3D8,0.325766,0,0,0,0,0,0,0,0,0,0,0,0
12914,C3D8,0.325766,0,0,0,0,0,0,0,0,0,0,0,0
12915,C3D8,0.325766,0,0,0,0,0,0,0,0,0,0,0,0
12916,C3D8,0.325766,0,0,0,0,0,0,0,0,0,0,0,0
12917,C3D8,0.325766,0,0,0,0,0,0,0,0,0,0,0,0
12918,C3D8,0.325766,0,0,0,0,0,0,0,0,0,0,0,0
12919,C3D8,0.325767,0,0,0,0,0,0,0,0,0,0,0,0
12920,C3D8,0.325767,0,0,0,0,0,0,0,0,0,0,0,0
12921,C3D8,0.325767,0,0,0,0,0,0,0,0,0,0,0,0
12922,C3D8,0.325766,0,0,0,0,0,0,0,0,0,0,0,0
12923,C3D8,0.325766,0,0,0,0,0,0,0,0,0,0,0,0
12924,C3D8,0.325766,0,0,0,0,0,0,0,0,0,0,0,0
12925,C3D8,0.325766,0,0,0,0,0,0,0,0,0,0,0,0
12926,C3D8,0.325766,0,0,0,0,0,0,0,0,0,0,0,0
12927,C3D8,0.325766,0,0,0,0,0,0,0,0,0,0,0,0
12928,C3D8,0.325766,0,0,0,0,0,0,0,0,0,0,0,0
12929,C3D8,0.325766,0,0,0,0,0,0,0,0,0,0,0,0
12930,C3D8,0.325766,0,0,0,0,0,0,0,0,0,0,0,0
12931,C3D8,0.325767,0,0,0,0,0,0,0,0,0,0,0,0
12932,C3D8,0.325767,0,0,0,0,0,0,0,0,0,0,0,0
12933,C3D8,0.325767,0,0,0,0,0,0,0,0,0,0,0,0
12934,C3D8,0.325766,0,0,0,0,0,0,0,0,0,0,0,0
12935,C3D8,0.325766,0,0,0,0,0,0,0,0,0,0,0,0
12936,C3D8,0.325766,0,0,0,0,0,0,0,0,0,0,0,0
12937,C3D8,0.325766,0,0,0,0,0,0,0,0,0,0,0,0
12938,C3D8,0.325766,0,0,0,0,0,0,0,0,0,0,0,0
12939,C3D8,0.325766,0,0,0,0,0,0,0,0,0,0,0,0
12940,C3D8,0.325766,0,0,0,0,0,0,0,0,0,0,0,0
12941,C3D8,0.325766,0,0,0,0,0,0,0,0,0,0,0,0
12942,C3D8,0.325766,0,0,0,0,0,0,0,0,0,0,0,0
12943,C3D8,0.325767,0,0,0,0,0,0,0,0,0,0,0,0
12944,C3D8,0.325767,0,0,0,0,0,0,0,0,0,0,0,0
12945,C3D8,0.325767,0,0,0,0,0,0,0,0,0,0,0,0
12946,C3D8,0.325766,0,0,0,0,0,0,0,0,0,0,0,0
12947,C3D8,0.325766,0,0,0,0,0,0,0,0,0,0,0,0
12948,C3D8,0.325766,0,0,0,0,0,0,0,0,0,0,0,0
12949,C3D8,0.325766,0,0,0,0,0,0,0,0,0,0,0,0
12950,C3D8,0.325766,0,0,0,0,0,0,0,0,0,0,0,0
12951,C3D8,0.325766,0,0,0,0,0,0,0,0,0,0,0,0
12952,C3D8,0.325766,0,0,0,0,0,0,0,0,0,0,0,0
12953,C3D8,0.325766,0,0,0,0,0,0,0,0,0,0,0,0
12954,C3D8,0.325766,0,0,0,0,0,0,0,0,0,0,0,0
12955,C3D8,0.325767,0,0,0,0,0,0,0,0,0,0,0,0
12956,C3D8,0.325767,0,0,0,0,0,0,0,0,0,0,0,0
12957,C3D8,0.325767,0,0,0,0,0,0,0,0,0,0,0,0
12958,C3D8,0.325766,0,0,0,0,0,0,0,0,0,0,0,0
12959,C3D8,0.325766,0,0,0,0,0,0,0,0,0,0,0,0
12960,C3D8,0.325766,0,0,0,0,0,0,0,0,0,0,0,0
12961,C3D8,0.325766,0,0,0,0,0,0,0,0,0,0,0,0
12962,C3D8,0.325766,0,0,0,0,0,0,0,0,0,0,0,0
12963,C3D8,0.325766,0,0,0,0,0,0,0,0,0,0,0,0
12964,C3D8,0.325767,0,0,0,0,0,0,0,0,0,0,0,0
12965,C3D8,0.325767,0,0,0,0,0,0,0,0,0,0,0,0
12966,C3D8,0.325767,0,0,0,0,0,0,0,0,0,0,0,0
12967,C3D8,0.325766,0,0,0,0,0,0,0,0,0,0,0,0
12968,C3D8,0.325766,0,0,0,0,0,0,0,0,0,0,0,0
12969,C3D8,0.325766,0,0,0,0,0,0,0,0,0,0,0,0
12970,C3D8,0.325766,0,0,0,0,0,0,0,0,0,0,0,0
12971,C3D8,0.325766,0,0,0,0,0,0,0,0,0,0,0,0
12972,C3D8,0.325766,0,0,0,0,0,0,0,0,0,0,0,0
12973,C3D8,0.325766,0,0,0,0,0,0,0,0,0,0,0,0
12974,C3D8,0.325766,0,0,0,0,0,0,0,0,0,0,0,0
12975,C3D8,0.325766,0,0,0,0,0,0,0,0,0,0,0,0
12976,C3D8,0.325767,0,0,0,0,0,0,0,0,0,0,0,0
12977,C3D8,0.325767,0,0,0,0,0,0,0,0,0,0,0,0
12978,C3D8,0.325767,0,0,0,0,0,0,0,0,0,0,0,0
12979,C3D8,0.325766,0,0,0,0,0,0,0,0,0,0,0,0
12980,C3D8,0.325766,0,0,0,0,0,0,0,0,0,0,0,0
12981,C3D8,0.325766,0,0,0,0,0,0,0,0,0,0,0,0
12982,C3D8,0.325766,0,0,0,0,0,0,0,0,0,0,0,0
12983,C3D8,0.325766,0,0,0,0,0,0,0,0,0,0,0,0
12984,C3D8,0.325766,0,0,0,0,0,0,0,0,0,0,0,0
12985,C3D8,0.325766,0,0,0,0,0,0,0,0,0,0,0,0
12986,C3D8,0.325766,0,0,0,0,0,0,0,0,0,0,0,0
12987,C3D8,0.325766,0,0,0,0,0,0,0,0,0,0,0,0
12988,C3D8,0.325767,0,0,0,0,0,0,0,0,0,0,0,0
12989,C3D8,0.325767,0,0,0,0,0,0,0,0,0,0,0,0
12990,C3D8,0.325767,0,0,0,0,0,0,0,0,0,0,0,0
12991,C3D8,0.325766,0,0,0,0,0,0,0,0,0,0,0,0
12992,C3D8,0.325766,0,0,0,0,0,0,0,0,0,0,0,0
12993,C3D8,0.325766,0,0,0,0,0,0,0,0,0,0,0,0
12994,C3D8,0.325766,0,0,0,0,0,0,0,0,0,0,0,0
12995,C3D8,0.325766,0,0,0,0,0,0,0,0,0,0,0,0
12996,C3D8,0.325766,0,0,0,0,0,0,0,0,0,0,0,0
12997,C3D8,0.325766,0,0,0,0,0,0,0,0,0,0,0,0
12998,C3D8,0.325766,0,0,0,0,0,0,0,0,0,0,0,0
12999,C3D8,0.325766,0,0,0,0,0,0,0,0,0,0,0,0
13000,C3D8,0.325767,0,0,0,0,0,0,0,0,0,0,0,0
13001,C3D8,0.325767,0,0,0,0,0,0,0,0,0,0,0,0
13002,C3D8,0.325767,0,0,0,0,0,0,0,0,0,0,0,0
13003,C3D8,0.325765,0,0,0,0,0,0,0,0,0,0,0,0
13004,C3D8,0.325765,0,0,0,0,0,0,0,0,0,0,0,0
13005,C3D8,0.325765,0,0,0,0,0,0,0,0,0,0,0,0
13006,C3D8,0.325769,0,0,0,0,0,0,0,0,0,0,0,0
13007,C3D8,0.325769,0,0,0,0,0,0,0,0,0,0,0,0
13008,C3D8,0.325769,0,0,0,0,0,0,0,0,0,0,0,0
13009,C3D8,0.325766,0,0,0,0,0,0,0,0,0,0,0,0
13010,C3D8,0.325766,0,0,0,0,0,0,0,0,0,0,0,0
13011,C3D8,0.325766,0,0,0,0,0,0,0,0,0,0,0,0
13012,C3D8,0.325766,0,0,0,0,0,0,0,0,0,0,0,0
13013,C3D8,0.325766,0,0,0,0,0,0,0,0,0,0,0,0
13014,C3D8,0.325766,0,0,0,0,0,0,0,0,0,0,0,0
13015,C3D8,0.325766,0,0,0,0,0,0,0,0,0,0,0,0
13016,C3D8,0.325766,0,0,0,0,0,0,0,0,0,0,0,0
13017,C3D8,0.325766,0,0,0,0,0,0,0,0,0,0,0,0
13018,C3D8,0.325767,0,0,0,0,0,0,0,0,0,0,0,0
13019,C3D8,0.325767,0,0,0,0,0,0,0,0,0,0,0,0
13020,C3D8,0.325767,0,0,0,0,0,0,0,0,0,0,0,0
13021,C3D8,0.325766,0,0,0,0,0,0,0,0,0,0,0,0
13022,C3D8,0.325766,0,0,0,0,0,0,0,0,0,0,0,0
13023,C3D8,0.325766,0,0,0,0,0,0,0,0,0,0,0,0
13024,C3D8,0.325767,0,0,0,0,0,0,0,0,0,0,0,0
13025,C3D8,0.325767,0,0,0,0,0,0,0,0,0,0,0,0
13026,C3D8,0.325767,0,0,0,0,0,0,0,0,0,0,0,0
13027,C3D8,0.325766,0,0,0,0,0,0,0,0,0,0,0,0
13028,C3D8,0.325766,0,0,0,0,0,0,0,0,0,0,0,0
13029,C3D8,0.325766,0,0,0,0,0,0,0,0,0,0,0,0
13030,C3D8,0.325767,0,0,0,0,0,0,0,0,0,0,0,0
13031,C3D8,0.325767,0,0,0,0,0,0,0,0,0,0,0,0
13032,C3D8,0.325767,0,0,0,0,0,0,0,0,0,0,0,0
13033,C3D8,0.325766,0,0,0,0,0,0,0,0,0,0,0,0
13034,C3D8,0.325766,0,0,0,0,0,0,0,0,0,0,0,0
13035,C3D8,0.325766,0,0,0,0,0,0,0,0,0,0,0,0
13036,C3D8,0.325767,0,0,0,0,0,0,0,0,0,0,0,0
13037,C3D8,0.325767,0,0,0,0,0,0,0,0,0,0,0,0
13038,C3D8,0.325767,0,0,0,0,0,0,0,0,0,0,0,0
13039,C3D8,0.325766,0,0,0,0,0,0,0,0,0,0,0,0
13040,C3D8,0.325766,0,0,0,0,0,0,0,0,0,0,0,0
13041,C3D8,0.325766,0,0,0,0,0,0,0,0,0,0,0,0
13042,C3D8,0.325767,0,0,0,0,0,0,0,0,0,0,0,0
13043,C3D8,0.325767,0,0,0,0,0,0,0,0,0,0,0,0
13044,C3D8,0.325767,0,0,0,0,0,0,0,0,0,0,0,0
13045,C3D8,0.325766,0,0,0,0,0,0,0,0,0,0,0,0
13046,C3D8,0.325766,0,0,0,0,0,0,0,0,0,0,0,0
13047,C3D8,0.325766,0,0,0,0,0,0,0,0,0,0,0,0
13048,C3D8,0.325767,0,0,0,0,0,0,0,0,0,0,0,0
13049,C3D8,0.325767,0,0,0,0,0,0,0,0,0,0,0,0
13050,C3D8,0.325767,0,0,0,0,0,0,0,0,0,0,0,0
13051,C3D8,0.325766,0,0,0,0,0,0,0,0,0,0,0,0
13052,C3D8,0.325766,0,0,0,0,0,0,0,0,0,0,0,0
13053,C3D8,0.325766,0,0,0,0,0,0,0,0,0,0,0,0
13054,C3D8,0.325767,0,0,0,0,0,0,0,0,0,0,0,0
13055,C3D8,0.325767,0,0,0,0,0,0,0,0,0,0,0,0
13056,C3D8,0.325767,0,0,0,0,0,0,0,0,0,0,0,0
13057,C3D8,0.325766,0,0,0,0,0,0,0,0,0,0,0,0
13058,C3D8,0.325766,0,0,0,0,0,0,0,0,0,0,0,0
13059,C3D8,0.325766,0,0,0,0,0,0,0,0,0,0,0,0
13060,C3D8,0.325767,0,0,0,0,0,0,0,0,0,0,0,0
13061,C3D8,0.325767,0,0,0,0,0,0,0,0,0,0,0,0
13062,C3D8,0.325767,0,0,0,0,0,0,0,0,0,0,0,0
13063,C3D8,0.325766,0,0,0,0,0,0,0,0,0,0,0,0
13064,C3D8,0.325766,0,0,0,0,0,0,0,0,0,0,0,0
13065,C3D8,0.325766,0,0,0,0,0,0,0,0,0,0,0,0
13066,C3D8,0.325766,0,0,0,0,0,0,0,0,0,0,0,0
13067,C3D8,0.325766,0,0,0,0,0,0,0,0,0,0,0,0
13068,C3D8,0.325766,0,0,0,0,0,0,0,0,0,0,0,0
13069,C3D8,0.325767,0,0,0,0,0,0,0,0,0,0,0,0
13070,C3D8,0.325767,0,0,0,0,0,0,0,0,0,0,0,0
13071,C3D8,0.325767,0,0,0,0,0,0,0,0,0,0,0,0
13072,C3D8,0.325766,0,0,0,0,0,0,0,0,0,0,0,0
13073,C3D8,0.325766,0,0,0,0,0,0,0,0,0,0,0,0
13074,C3D8,0.325766,0,0,0,0,0,0,0,0,0,0,0,0
13075,C3D8,0.325766,0,0,0,0,0,0,0,0,0,0,0,0
13076,C3D8,0.325766,0,0,0,0,0,0,0,0,0,0,0,0
13077,C3D8,0.325766,0,0,0,0,0,0,0,0,0,0,0,0
13078,C3D8,0.325767,0,0,0,0,0,0,0,0,0,0,0,0
13079,C3D8,0.325767,0,0,0,0,0,0,0,0,0,0,0,0
13080,C3D8,0.325767,0,0,0,0,0,0,0,0,0,0,0,0
13081,C3D8,0.325766,0,0,0,0,0,0,0,0,0,0,0,0
13082,C3D8,0.325766,0,0,0,0,0,0,0,0,0,0,0,0
13083,C3D8,0.325766,0,0,0,0,0,0,0,0,0,0,0,0
13084,C3D8,0.325766,0,0,0,0,0,0,0,0,0,0,0,0
13085,C3D8,0.325766,0,0,0,0,0,0,0,0,0,0,0,0
13086,C3D8,0.325766,0,0,0,0,0,0,0,0,0,0,0,0
13087,C3D8,0.325766,0,0,0,0,0,0,0,0,0,0,0,0
13088,C3D8,0.325766,0,0,0,0,0,0,0,0,0,0,0,0
13089,C3D8,0.325766,0,0,0,0,0,0,0,0,0,0,0,0
13090,C3D8,0.325767,0,0,0,0,0,0,0,0,0,0,0,0
13091,C3D8,0.325767,0,0,0,0,0,0,0,0,0,0,0,0
13092,C3D8,0.325767,0,0,0,0,0,0,0,0,0,0,0,0
13093,C3D8,0.325766,0,0,0,0,0,0,0,0,0,0,0,0
13094,C3D8,0.325766,0,0,0,0,0,0,0,0,0,0,0,0
13095,C3D8,0.325766,0,0,0,0,0,0,0,0,0,0,0,0
13096,C3D8,0.325766,0,0,0,0,0,0,0,0,0,0,0,0
13097,C3D8,0.325766,0,0,0,0,0,0,0,0,0,0,0,0
13098,C3D8,0.325766,0,0,0,0,0,0,0,0,0,0,0,0
13099,C3D8,0.325766,0,0,0,0,0,0,0,0,0,0,0,0
13100,C3D8,0.325766,0,0,0,0,0,0,0,0,0,0,0,0
13101,C3D8,0.325766,0,0,0,0,0,0,0,0,0,0,0,0
13102,C3D8,0.325767,0,0,0,0,0,0,0,0,0,0,0,0
13103,C3D8,0.325767,0,0,0,0,0,0,0,0,0,0,0,0
13104,C3D8,0.325767,0,0,0,0,0,0,0,0,0,0,0,0
13105,C3D8,0.325766,0,0,0,0,0,0,0,0,0,0,0,0
13106,C3D8,0.325766,0,0,0,0,0,0,0,0,0,0,0,0
13107,C3D8,0.325766,0,0,0,0,0,0,0,0,0,0,0,0
13108,C3D8,0.325766,0,0,0,0,0,0,0,0,0,0,0,0
13109,C3D8,0.325766,0,0,0,0,0,0,0,0,0,0,0,0
13110,C3D8,0.325766,0,0,0,0,0,0,0,0,0,0,0,0
13111,C3D8,0.325766,0,0,0,0,0,0,0,0,0,0,0,0
13112,C3D8,0.325766,0,0,0,0,0,0,0,0,0,0,0,0
13113,C3D8,0.325766,0,0,0,0,0,0,0,0,0,0,0,0
13114,C3D8,0.325767,0,0,0,0,0,0,0,0,0,0,0,0
13115,C3D8,0.325767,0,0,0,0,0,0,0,0,0,0,0,0
13116,C3D8,0.325767,0,0,0,0,0,0,0,0,0,0,0,0
13117,C3D8,0.325766,0,0,0,0,0,0,0,0,0,0,0,0
13118,C3D8,0.325766,0,0,0,0,0,0,0,0,0,0,0,0
13119,C3D8,0.325766,0,0,0,0,0,0,0,0,0,0,0,0
13120,C3D8,0.325766,0,0,0,0,0,0,0,0,0,0,0,0
13121,C3D8,0.325766,0,0,0,0,0,0,0,0,0,0,0,0
13122,C3D8,0.325766,0,0,0,0,0,0,0,0,0,0,0,0
13123,C3D8,0.325767,0,0,0,0,0,0,0,0,0,0,0,0
13124,C3D8,0.325767,0,0,0,0,0,0,0,0,0,0,0,0
13125,C3D8,0.325767,0,0,0,0,0,0,0,0,0,0,0,0
13126,C3D8,0.325766,0,0,0,0,0,0,0,0,0,0,0,0
13127,C3D8,0.325766,0,0,0,0,0,0,0,0,0,0,0,0
13128,C3D8,0.325766,0,0,0,0,0,0,0,0,0,0,0,0
13129,C3D8,0.325766,0,0,0,0,0,0,0,0,0,0,0,0
13130,C3D8,0.325766,0,0,0,0,0,0,0,0,0,0,0,0
13131,C3D8,0.325766,0,0,0,0,0,0,0,0,0,0,0,0
13132,C3D8,0.325766,0,0,0,0,0,0,0,0,0,0,0,0
13133,C3D8,0.325766,0,0,0,0,0,0,0,0,0,0,0,0
13134,C3D8,0.325766,0,0,0,0,0,0,0,0,0,0,0,0
13135,C3D8,0.325767,0,0,0,0,0,0,0,0,0,0,0,0
13136,C3D8,0.325767,0,0,0,0,0,0,0,0,0,0,0,0
13137,C3D8,0.325767,0,0,0,0,0,0,0,0,0,0,0,0
13138,C3D8,0.325766,0,0,0,0,0,0,0,0,0,0,0,0
13139,C3D8,0.325766,0,0,0,0,0,0,0,0,0,0,0,0
13140,C3D8,0.325766,0,0,0,0,0,0,0,0,0,0,0,0
13141,C3D8,0.325766,0,0,0,0,0,0,0,0,0,0,0,0
13142,C3D8,0.325766,0,0,0,0,0,0,0,0,0,0,0,0
13143,C3D8,0.325766,0,0,0,0,0,0,0,0,0,0,0,0
13144,C3D8,0.325766,0,0,0,0,0,0,0,0,0,0,0,0
13145,C3D8,0.325766,0,0,0,0,0,0,0,0,0,0,0,0
13146,C3D8,0.325766,0,0,0,0,0,0,0,0,0,0,0,0
13147,C3D8,0.325767,0,0,0,0,0,0,0,0,0,0,0,0
13148,C3D8,0.325767,0,0,0,0,0,0,0,0,0,0,0,0
13149,C3D8,0.325767,0,0,0,0,0,0,0,0,0,0,0,0
13150,C3D8,0.325766,0,0,0,0,0,0,0,0,0,0,0,0
13151,C3D8,0.325766,0,0,0,0,0,0,0,0,0,0,0,0
13152,C3D8,0.325766,0,0,0,0,0,0,0,0,0,0,0,0
13153,C3D8,0.325766,0,0,0,0,0,0,0,0,0,0,0,0
13154,C3D8,0.325766,0,0,0,0,0,0,0,0,0,0,0,0
13155,C3D8,0.325766,0,0,0,0,0,0,0,0,0,0,0,0
13156,C3D8,0.325766,0,0,0,0,0,0,0,0,0,0,0,0
13157,C3D8,0.325766,0,0,0,0,0,0,0,0,0,0,0,0
13158,C3D8,0.325766,0,0,0,0,0,0,0,0,0,0,0,0
13159,C3D8,0.325767,0,0,0,0,0,0,0,0,0,0,0,0
13160,C3D8,0.325767,0,0,0,0,0,0,0,0,0,0,0,0
13161,C3D8,0.325767,0,0,0,0,0,0,0,0,0,0,0,0
13162,C3D8,0.325765,0,0,0,0,0,0,0,0,0,0,0,0
13163,C3D8,0.325765,0,0,0,0,0,0,0,0,0,0,0,0
13164,C3D8,0.325765,0,0,0,0,0,0,0,0,0,0,0,0
13165,C3D8,0.325769,0,0,0,0,0,0,0,0,0,0,0,0
13166,C3D8,0.325769,0,0,0,0,0,0,0,0,0,0,0,0
13167,C3D8,0.325769,0,0,0,0,0,0,0,0,0,0,0,0
13168,C3D8,0.325766,0,0,0,0,0,0,0,0,0,0,0,0
13169,C3D8,0.325766,0,0,0,0,0,0,0,0,0,0,0,0
13170,C3D8,0.325766,0,0,0,0,0,0,0,0,0,0,0,0
13171,C3D8,0.325766,0,0,0,0,0,0,0,0,0,0,0,0
13172,C3D8,0.325766,0,0,0,0,0,0,0,0,0,0,0,0
13173,C3D8,0.325766,0,0,0,0,0,0,0,0,0,0,0,0
13174,C3D8,0.325766,0,0,0,0,0,0,0,0,0,0,0,0
13175,C3D8,0.325766,0,0,0,0,0,0,0,0,0,0,0,0
13176,C3D8,0.325766,0,0,0,0,0,0,0,0,0,0,0,0
13177,C3D8,0.325767,0,0,0,0,0,0,0,0,0,0,0,0
13178,C3D8,0.325767,0,0,0,0,0,0,0,0,0,0,0,0
13179,C3D8,0.325767,0,0,0,0,0,0,0,0,0,0,0,0
13180,C3D8,0.325766,0,0,0,0,0,0,0,0,0,0,0,0
13181,C3D8,0.325766,0,0,0,0,0,0,0,0,0,0,0,0
13182,C3D8,0.325766,0,0,0,0,0,0,0,0,0,0,0,0
13183,C3D8,0.325767,0,0,0,0,0,0,0,0,0,0,0,0
13184,C3D8,0.325767,0,0,0,0,0,0,0,0,0,0,0,0
13185,C3D8,0.325767,0,0,0,0,0,0,0,0,0,0,0,0
13186,C3D8,0.325766,0,0,0,0,0,0,0,0,0,0,0,0
13187,C3D8,0.325766,0,0,0,0,0,0,0,0,0,0,0,0
13188,C3D8,0.325766,0,0,0,0,0,0,0,0,0,0,0,0
13189,C3D8,0.325767,0,0,0,0,0,0,0,0,0,0,0,0
13190,C3D8,0.325767,0,0,0,0,0,0,0,0,0,0,0,0
13191,C3D8,0.325767,0,0,0,0,0,0,0,0,0,0,0,0
13192,C3D8,0.325766,0,0,0,0,0,0,0,0,0,0,0,0
13193,C3D8,0.325766,0,0,0,0,0,0,0,0,0,0,0,0
13194,C3D8,0.325766,0,0,0,0,0,0,0,0,0,0,0,0
13195,C3D8,0.325767,0,0,0,0,0,0,0,0,0,0,0,0
13196,C3D8,0.325767,0,0,0,0,0,0,0,0,0,0,0,0
13197,C3D8,0.325767,0,0,0,0,0,0,0,0,0,0,0,0
13198,C3D8,0.325766,0,0,0,0,0,0,0,0,0,0,0,0
13199,C3D8,0.325766,0,0,0,0,0,0,0,0,0,0,0,0
13200,C3D8,0.325766,0,0,0,0,0,0,0,0,0,0,0,0
13201,C3D8,0.325767,0,0,0,0,0,0,0,0,0,0,0,0
13202,C3D8,0.325767,0,0,0,0,0,0,0,0,0,0,0,0
13203,C3D8,0.325767,0,0,0,0,0,0,0,0,0,0,0,0
13204,C3D8,0.325766,0,0,0,0,0,0,0,0,0,0,0,0
13205,C3D8,0.325766,0,0,0,0,0,0,0,0,0,0,0,0
13206,C3D8,0.325766,0,0,0,0,0,0,0,0,0,0,0,0
13207,C3D8,0.325767,0,0,0,0,0,0,0,0,0,0,0,0
13208,C3D8,0.325767,0,0,0,0,0,0,0,0,0,0,0,0
13209,C3D8,0.325767,0,0,0,0,0,0,0,0,0,0,0,0
13210,C3D8,0.325766,0,0,0,0,0,0,0,0,0,0,0,0
13211,C3D8,0.325766,0,0,0,0,0,0,0,0,0,0,0,0
13212,C3D8,0.325766,0,0,0,0,0,0,0,0,0,0,0,0
13213,C3D8,0.325767,0,0,0,0,0,0,0,0,0,0,0,0
13214,C3D8,0.325767,0,0,0,0,0,0,0,0,0,0,0,0
13215,C3D8,0.325767,0,0,0,0,0,0,0,0,0,0,0,0
13216,C3D8,0.325766,0,0,0,0,0,0,0,0,0,0,0,0
13217,C3D8,0.325766,0,0,0,0,0,0,0,0,0,0,0,0
13218,C3D8,0.325766,0,0,0,0,0,0,0,0,0,0,0,0
13219,C3D8,0.325767,0,0,0,0,0,0,0,0,0,0,0,0
13220,C3D8,0.325767,0,0,0,0,0,0,0,0,0,0,0,0
13221,C3D8,0.325767,0,0,0,0,0,0,0,0,0,0,0,0
13222,C3D8,0.325766,0,0,0,0,0,0,0,0,0,0,0,0
13223,C3D8,0.325766,0,0,0,0,0,0,0,0,0,0,0,0
13224,C3D8,0.325766,0,0,0,0,0,0,0,0,0,0,0,0
13225,C3D8,0.325766,0,0,0,0,0,0,0,0,0,0,0,0
13226,C3D8,0.325766,0,0,0,0,0,0,0,0,0,0,0,0
13227,C3D8,0.325766,0,0,0,0,0,0,0,0,0,0,0,0
13228,C3D8,0.325767,0,0,0,0,0,0,0,0,0,0,0,0
13229,C3D8,0.325767,0,0,0,0,0,0,0,0,0,0,0,0
13230,C3D8,0.325767,0,0,0,0,0,0,0,0,0,0,0,0
13231,C3D8,0.325766,0,0,0,0,0,0,0,0,0,0,0,0
13232,C3D8,0.325766,0,0,0,0,0,0,0,0,0,0,0,0
13233,C3D8,0.325766,0,0,0,0,0,0,0,0,0,0,0,0
13234,C3D8,0.325766,0,0,0,0,0,0,0,0,0,0,0,0
13235,C3D8,0.325766,0,0,0,0,0,0,0,0,0,0,0,0
13236,C3D8,0.325766,0,0,0,0,0,0,0,0,0,0,0,0
13237,C3D8,0.325767,0,0,0,0,0,0,0,0,0,0,0,0
13238,C3D8,0.325767,0,0,0,0,0,0,0,0,0,0,0,0
13239,C3D8,0.325767,0,0,0,0,0,0,0,0,0,0,0,0
13240,C3D8,0.325766,0,0,0,0,0,0,0,0,0,0,0,0
13241,C3D8,0.325766,0,0,0,0,0,0,0,0,0,0,0,0
13242,C3D8,0.325766,0,0,0,0,0,0,0,0,0,0,0,0
13243,C3D8,0.325766,0,0,0,0,0,0,0,0,0,0,0,0
13244,C3D8,0.325766,0,0,0,0,0,0,0,0,0,0,0,0
13245,C3D8,0.325766,0,0,0,0,0,0,0,0,0,0,0,0
13246,C3D8,0.325766,0,0,0,0,0,0,0,0,0,0,0,0
13247,C3D8,0.325766,0,0,0,0,0,0,0,0,0,0,0,0
13248,C3D8,0.325766,0,0,0,0,0,0,0,0,0,0,0,0
13249,C3D8,0.325767,0,0,0,0,0,0,0,0,0,0,0,0
13250,C3D8,0.325767,0,0,0,0,0,0,0,0,0,0,0,0
13251,C3D8,0.325767,0,0,0,0,0,0,0,0,0,0,0,0
13252,C3D8,0.325766,0,0,0,0,0,0,0,0,0,0,0,0
13253,C3D8,0.325766,0,0,0,0,0,0,0,0,0,0,0,0
13254,C3D8,0.325766,0,0,0,0,0,0,0,0,0,0,0,0
13255,C3D8,0.325766,0,0,0,0,0,0,0,0,0,0,0,0
13256,C3D8,0.325766,0,0,0,0,0,0,0,0,0,0,0,0
13257,C3D8,0.325766,0,0,0,0,0,0,0,0,0,0,0,0
13258,C3D8,0.325766,0,0,0,0,0,0,0,0,0,0,0,0
13259,C3D8,0.325766,0,0,0,0,0,0,0,0,0,0,0,0
13260,C3D8,0.325766,0,0,0,0,0,0,0,0,0,0,0,0
13261,C3D8,0.325767,0,0,0,0,0,0,0,0,0,0,0,0
13262,C3D8,0.325767,0,0,0,0,0,0,0,0,0,0,0,0
13263,C3D8,0.325767,0,0,0,0,0,0,0,0,0,0,0,0
13264,C3D8,0.325766,0,0,0,0,0,0,0,0,0,0,0,0
13265,C3D8,0.325766,0,0,0,0,0,0,0,0,0,0,0,0
13266,C3D8,0.325766,0,0,0,0,0,0,0,0,0,0,0,0
13267,C3D8,0.325766,0,0,0,0,0,0,0,0,0,0,0,0
13268,C3D8,0.325766,0,0,0,0,0,0,0,0,0,0,0,0
13269,C3D8,0.325766,0,0,0,0,0,0,0,0,0,0,0,0
13270,C3D8,0.325766,0,0,0,0,0,0,0,0,0,0,0,0
13271,C3D8,0.325766,0,0,0,0,0,0,0,0,0,0,0,0
13272,C3D8,0.325766,0,0,0,0,0,0,0,0,0,0,0,0
13273,C3D8,0.325767,0,0,0,0,0,0,0,0,0,0,0,0
13274,C3D8,0.325767,0,0,0,0,0,0,0,0,0,0,0,0
13275,C3D8,0.325767,0,0,0,0,0,0,0,0,0,0,0,0
13276,C3D8,0.325766,0,0,0,0,0,0,0,0,0,0,0,0
13277,C3D8,0.325766,0,0,0,0,0,0,0,0,0,0,0,0
13278,C3D8,0.325766,0,0,0,0,0,0,0,0,0,0,0,0
13279,C3D8,0.325766,0,0,0,0,0,0,0,0,0,0,0,0
13280,C3D8,0.325766,0,0,0,0,0,0,0,0,0,0,0,0
13281,C3D8,0.325766,0,0,0,0,0,0,0,0,0,0,0,0
13282,C3D8,0.325767,0,0,0,0,0,0,0,0,0,0,0,0
13283,C3D8,0.325767,0,0,0,0,0,0,0,0,0,0,0,0
13284,C3D8,0.325767,0,0,0,0,0,0,0,0,0,0,0,0
13285,C3D8,0.325766,0,0,0,0,0,0,0,0,0,0,0,0
13286,C3D8,0.325766,0,0,0,0,0,0,0,0,0,0,0,0
13287,C3D8,0.325766,0,0,0,0,0,0,0,0,0,0,0,0
13288,C3D8,0.325766,0,0,0,0,0,0,0,0,0,0,0,0
13289,C3D8,0.325766,0,0,0,0,0,0,0,0,0,0,0,0
13290,C3D8,0.325766,0,0,0,0,0,0,0,0,0,0,0,0
13291,C3D8,0.325766,0,0,0,0,0,0,0,0,0,0,0,0
13292,C3D8,0.325766,0,0,0,0,0,0,0,0,0,0,0,0
13293,C3D8,0.325766,0,0,0,0,0,0,0,0,0,0,0,0
13294,C3D8,0.325767,0,0,0,0,0,0,0,0,0,0,0,0
13295,C3D8,0.325767,0,0,0,0,0,0,0,0,0,0,0,0
13296,C3D8,0.325767,0,0,0,0,0,0,0,0,0,0,0,0
13297,C3D8,0.325766,0,0,0,0,0,0,0,0,0,0,0,0
13298,C3D8,0.325766,0,0,0,0,0,0,0,0,0,0,0,0
13299,C3D8,0.325766,0,0,0,0,0,0,0,0,0,0,0,0
13300,C3D8,0.325766,0,0,0,0,0,0,0,0,0,0,0,0
13301,C3D8,0.325766,0,0,0,0,0,0,0,0,0,0,0,0
13302,C3D8,0.325766,0,0,0,0,0,0,0,0,0,0,0,0
13303,C3D8,0.325766,0,0,0,0,0,0,0,0,0,0,0,0
13304,C3D8,0.325766,0,0,0,0,0,0,0,0,0,0,0,0
13305,C3D8,0.325766,0,0,0,0,0,0,0,0,0,0,0,0
13306,C3D8,0.325767,0,0,0,0,0,0,0,0,0,0,0,0
13307,C3D8,0.325767,0,0,0,0,0,0,0,0,0,0,0,0
13308,C3D8,0.325767,0,0,0,0,0,0,0,0,0,0,0,0
13309,C3D8,0.325766,0,0,0,0,0,0,0,0,0,0,0,0
13310,C3D8,0.325766,0,0,0,0,0,0,0,0,0,0,0,0
13311,C3D8,0.325766,0,0,0,0,0,0,0,0,0,0,0,0
13312,C3D8,0.325766,0,0,0,0,0,0,0,0,0,0,0,0
13313,C3D8,0.325766,0,0,0,0,0,0,0,0,0,0,0,0
13314,C3D8,0.325766,0,0,0,0,0,0,0,0,0,0,0,0
13315,C3D8,0.325766,0,0,0,0,0,0,0,0,0,0,0,0
13316,C3D8,0.325766,0,0,0,0,0,0,0,0,0,0,0,0
13317,C3D8,0.325766,0,0,0,0,0,0,0,0,0,0,0,0
13318,C3D8,0.325767,0,0,0,0,0,0,0,0,0,0,0,0
13319,C3D8,0.325767,0,0,0,0,0,0,0,0,0,0,0,0
13320,C3D8,0.325767,0,0,0,0,0,0,0,0,0,0,0,0
13321,C3D8,0.325765,0,0,0,0,0,0,0,0,0,0,0,0
13322,C3D8,0.325765,0,0,0,0,0,0,0,0,0,0,0,0
13323,C3D8,0.325765,0,0,0,0,0,0,0,0,0,0,0,0
13324,C3D8,0.325769,0,0,0,0,0,0,0,0,0,0,0,0
13325,C3D8,0.325769,0,0,0,0,0,0,0,0,0,0,0,0
13326,C3D8,0.325769,0,0,0,0,0,0,0,0,0,0,0,0
13327,C3D8,0.325766,0,0,0,0,0,0,0,0,0,0,0,0
13328,C3D8,0.325766,0,0,0,0,0,0,0,0,0,0,0,0
13329,C3D8,0.325766,0,0,0,0,0,0,0,0,0,0,0,0
13330,C3D8,0.325766,0,0,0,0,0,0,0,0,0,0,0,0
13331,C3D8,0.325766,0,0,0,0,0,0,0,0,0,0,0,0
13332,C3D8,0.325766,0,0,0,0,0,0,0,0,0,0,0,0
13333,C3D8,0.325766,0,0,0,0,0,0,0,0,0,0,0,0
13334,C3D8,0.325766,0,0,0,0,0,0,0,0,0,0,0,0
13335,C3D8,0.325766,0,0,0,0,0,0,0,0,0,0,0,0
13336,C3D8,0.325767,0,0,0,0,0,0,0,0,0,0,0,0
13337,C3D8,0.325767,0,0,0,0,0,0,0,0,0,0,0,0
13338,C3D8,0.325767,0,0,0,0,0,0,0,0,0,0,0,0
13339,C3D8,0.325766,0,0,0,0,0,0,0,0,0,0,0,0
13340,C3D8,0.325766,0,0,0,0,0,0,0,0,0,0,0,0
13341,C3D8,0.325766,0,0,0,0,0,0,0,0,0,0,0,0
13342,C3D8,0.325767,0,0,0,0,0,0,0,0,0,0,0,0
13343,C3D8,0.325767,0,0,0,0,0,0,0,0,0,0,0,0
13344,C3D8,0.325767,0,0,0,0,0,0,0,0,0,0,0,0
13345,C3D8,0.325766,0,0,0,0,0,0,0,0,0,0,0,0
13346,C3D8,0.325766,0,0,0,0,0,0,0,0,0,0,0,0
13347,C3D8,0.325766,0,0,0,0,0,0,0,0,0,0,0,0
13348,C3D8,0.325767,0,0,0,0,0,0,0,0,0,0,0,0
13349,C3D8,0.325767,0,0,0,0,0,0,0,0,0,0,0,0
13350,C3D8,0.325767,0,0,0,0,0,0,0,0,0,0,0,0
13351,C3D8,0.325766,0,0,0,0,0,0,0,0,0,0,0,0
13352,C3D8,0.325766,0,0,0,0,0,0,0,0,0,0,0,0
13353,C3D8,0.325766,0,0,0,0,0,0,0,0,0,0,0,0
13354,C3D8,0.325767,0,0,0,0,0,0,0,0,0,0,0,0
13355,C3D8,0.325767,0,0,0,0,0,0,0,0,0,0,0,0
13356,C3D8,0.325767,0,0,0,0,0,0,0,0,0,0,0,0
13357,C3D8,0.325766,0,0,0,0,0,0,0,0,0,0,0,0
13358,C3D8,0.325766,0,0,0,0,0,0,0,0,0,0,0,0
13359,C3D8,0.325766,0,0,0,0,0,0,0,0,0,0,0,0
13360,C3D8,0.325767,0,0,0,0,0,0,0,0,0,0,0,0
13361,C3D8,0.325767,0,0,0,0,0,0,0,0,0,0,0,0
13362,C3D8,0.325767,0,0,0,0,0,0,0,0,0,0,0,0
13363,C3D8,0.325766,0,0,0,0,0,0,0,0,0,0,0,0
13364,C3D8,0.325766,0,0,0,0,0,0,0,0,0,0,0,0
13365,C3D8,0.325766,0,0,0,0,0,0,0,0,0,0,0,0
13366,C3D8,0.325767,0,0,0,0,0,0,0,0,0,0,0,0
13367,C3D8,0.325767,0,0,0,0,0,0,0,0,0,0,0,0
13368,C3D8,0.325767,0,0,0,0,0,0,0,0,0,0,0,0
13369,C3D8,0.325766,0,0,0,0,0,0,0,0,0,0,0,0
13370,C3D8,0.325766,0,0,0,0,0,0,0,0,0,0,0,0
13371,C3D8,0.325766,0,0,0,0,0,0,0,0,0,0,0,0
13372,C3D8,0.325767,0,0,0,0,0,0,0,0,0,0,0,0
13373,C3D8,0.325767,0,0,0,0,0,0,0,0,0,0,0,0
13374,C3D8,0.325767,0,0,0,0,0,0,0,0,0,0,0,0
13375,C3D8,0.325766,0,0,0,0,0,0,0,0,0,0,0,0
13376,C3D8,0.325766,0,0,0,0,0,0,0,0,0,0,0,0
13377,C3D8,0.325766,0,0,0,0,0,0,0,0,0,0,0,0
13378,C3D8,0.325767,0,0,0,0,0,0,0,0,0,0,0,0
13379,C3D8,0.325767,0,0,0,0,0,0,0,0,0,0,0,0
13380,C3D8,0.325767,0,0,0,0,0,0,0,0,0,0,0,0
13381,C3D8,0.325766,0,0,0,0,0,0,0,0,0,0,0,0
13382,C3D8,0.325766,0,0,0,0,0,0,0,0,0,0,0,0
13383,C3D8,0.325766,0,0,0,0,0,0,0,0,0,0,0,0
13384,C3D8,0.325766,0,0,0,0,0,0,0,0,0,0,0,0
13385,C3D8,0.325766,0,0,0,0,0,0,0,0,0,0,0,0
13386,C3D8,0.325766,0,0,0,0,0,0,0,0,0,0,0,0
13387,C3D8,0.325767,0,0,0,0,0,0,0,0,0,0,0,0
13388,C3D8,0.325767,0,0,0,0,0,0,0,0,0,0,0,0
13389,C3D8,0.325767,0,0,0,0,0,0,0,0,0,0,0,0
13390,C3D8,0.325766,0,0,0,0,0,0,0,0,0,0,0,0
13391,C3D8,0.325766,0,0,0,0,0,0,0,0,0,0,0,0
13392,C3D8,0.325766,0,0,0,0,0,0,0,0,0,0,0,0
13393,C3D8,0.325766,0,0,0,0,0,0,0,0,0,0,0,0
13394,C3D8,0.325766,0,0,0,0,0,0,0,0,0,0,0,0
13395,C3D8,0.325766,0,0,0,0,0,0,0,0,0,0,0,0
13396,C3D8,0.325767,0,0,0,0,0,0,0,0,0,0,0,0
13397,C3D8,0.325767,0,0,0,0,0,0,0,0,0,0,0,0
13398,C3D8,0.325767,0,0,0,0,0,0,0,0,0,0,0,0
13399,C3D8,0.325766,0,0,0,0,0,0,0,0,0,0,0,0
13400,C3D8,0.325766,0,0,0,0,0,0,0,0,0,0,0,0
13401,C3D8,0.325766,0,0,0,0,0,0,0,0,0,0,0,0
13402,C3D8,0.325766,0,0,0,0,0,0,0,0,0,0,0,0
13403,C3D8,0.325766,0,0,0,0,0,0,0,0,0,0,0,0
13404,C3D8,0.325766,0,0,0,0,0,0,0,0,0,0,0,0
13405,C3D8,0.325766,0,0,0,0,0,0,0,0,0,0,0,0
13406,C3D8,0.325766,0,0,0,0,0,0,0,0,0,0,0,0
13407,C3D8,0.325766,0,0,0,0,0,0,0,0,0,0,0,0
13408,C3D8,0.325767,0,0,0,0,0,0,0,0,0,0,0,0
13409,C3D8,0.325767,0,0,0,0,0,0,0,0,0,0,0,0
13410,C3D8,0.325767,0,0,0,0,0,0,0,0,0,0,0,0
13411,C3D8,0.325766,0,0,0,0,0,0,0,0,0,0,0,0
13412,C3D8,0.325766,0,0,0,0,0,0,0,0,0,0,0,0
13413,C3D8,0.325766,0,0,0,0,0,0,0,0,0,0,0,0
13414,C3D8,0.325766,0,0,0,0,0,0,0,0,0,0,0,0
13415,C3D8,0.325766,0,0,0,0,0,0,0,0,0,0,0,0
13416,C3D8,0.325766,0,0,0,0,0,0,0,0,0,0,0,0
13417,C3D8,0.325766,0,0,0,0,0,0,0,0,0,0,0,0
13418,C3D8,0.325766,0,0,0,0,0,0,0,0,0,0,0,0
13419,C3D8,0.325766,0,0,0,0,0,0,0,0,0,0,0,0
13420,C3D8,0.325767,0,0,0,0,0,0,0,0,0,0,0,0
13421,C3D8,0.325767,0,0,0,0,0,0,0,0,0,0,0,0
13422,C3D8,0.325767,0,0,0,0,0,0,0,0,0,0,0,0
13423,C3D8,0.325766,0,0,0,0,0,0,0,0,0,0,0,0
13424,C3D8,0.325766,0,0,0,0,0,0,0,0,0,0,0,0
13425,C3D8,0.325766,0,0,0,0,0,0,0,0,0,0,0,0
13426,C3D8,0.325766,0,0,0,0,0,0,0,0,0,0,0,0
13427,C3D8,0.325766,0,0,0,0,0,0,0,0,0,0,0,0
13428,C3D8,0.325766,0,0,0,0,0,0,0,0,0,0,0,0
13429,C3D8,0.325766,0,0,0,0,0,0,0,0,0,0,0,0
13430,C3D8,0.325766,0,0,0,0,0,0,0,0,0,0,0,0
13431,C3D8,0.325766,0,0,0,0,0,0,0,0,0,0,0,0
13432,C3D8,0.325767,0,0,0,0,0,0,0,0,0,0,0,0
13433,C3D8,0.325767,0,0,0,0,0,0,0,0,0,0,0,0
13434,C3D8,0.325767,0,0,0,0,0,0,0,0,0,0,0,0
13435,C3D8,0.325766,0,0,0,0,0,0,0,0,0,0,0,0
13436,C3D8,0.325766,0,0,0,0,0,0,0,0,0,0,0,0
13437,C3D8,0.325766,0,0,0,0,0,0,0,0,0,0,0,0
13438,C3D8,0.325766,0,0,0,0,0,0,0,0,0,0,0,0
13439,C3D8,0.325766,0,0,0,0,0,0,0,0,0,0,0,0
13440,C3D8,0.325766,0,0,0,0,0,0,0,0,0,0,0,0
13441,C3D8,0.325767,0,0,0,0,0,0,0,0,0,0,0,0
13442,C3D8,0.325767,0,0,0,0,0,0,0,0,0,0,0,0
13443,C3D8,0.325767,0,0,0,0,0,0,0,0,0,0,0,0
13444,C3D8,0.325766,0,0,0,0,0,0,0,0,0,0,0,0
13445,C3D8,0.325766,0,0,0,0,0,0,0,0,0,0,0,0
13446,C3D8,0.325766,0,0,0,0,0,0,0,0,0,0,0,0
13447,C3D8,0.325766,0,0,0,0,0,0,0,0,0,0,0,0
13448,C3D8,0.325766,0,0,0,0,0,0,0,0,0,0,0,0
13449,C3D8,0.325766,0,0,0,0,0,0,0,0,0,0,0,0
13450,C3D8,0.325766,0,0,0,0,0,0,0,0,0,0,0,0
13451,C3D8,0.325766,0,0,0,0,0,0,0,0,0,0,0,0
13452,C3D8,0.325766,0,0,0,0,0,0,0,0,0,0,0,0
13453,C3D8,0.325767,0,0,0,0,0,0,0,0,0,0,0,0
13454,C3D8,0.325767,0,0,0,0,0,0,0,0,0,0,0,0
13455,C3D8,0.325767,0,0,0,0,0,0,0,0,0,0,0,0
13456,C3D8,0.325766,0,0,0,0,0,0,0,0,0,0,0,0
13457,C3D8,0.325766,0,0,0,0,0,0,0,0,0,0,0,0
13458,C3D8,0.325766,0,0,0,0,0,0,0,0,0,0,0,0
13459,C3D8,0.325766,0,0,0,0,0,0,0,0,0,0,0,0
13460,C3D8,0.325766,0,0,0,0,0,0,0,0,0,0,0,0
13461,C3D8,0.325766,0,0,0,0,0,0,0,0,0,0,0,0
13462,C3D8,0.325766,0,0,0,0,0,0,0,0,0,0,0,0
13463,C3D8,0.325766,0,0,0,0,0,0,0,0,0,0,0,0
13464,C3D8,0.325766,0,0,0,0,0,0,0,0,0,0,0,0
13465,C3D8,0.325767,0,0,0,0,0,0,0,0,0,0,0,0
13466,C3D8,0.325767,0,0,0,0,0,0,0,0,0,0,0,0
13467,C3D8,0.325767,0,0,0,0,0,0,0,0,0,0,0,0
13468,C3D8,0.325766,0,0,0,0,0,0,0,0,0,0,0,0
13469,C3D8,0.325766,0,0,0,0,0,0,0,0,0,0,0,0
13470,C3D8,0.325766,0,0,0,0,0,0,0,0,0,0,0,0
13471,C3D8,0.325766,0,0,0,0,0,0,0,0,0,0,0,0
13472,C3D8,0.325766,0,0,0,0,0,0,0,0,0,0,0,0
13473,C3D8,0.325766,0,0,0,0,0,0,0,0,0,0,0,0
13474,C3D8,0.325766,0,0,0,0,0,0,0,0,0,0,0,0
13475,C3D8,0.325766,0,0,0,0,0,0,0,0,0,0,0,0
13476,C3D8,0.325766,0,0,0,0,0,0,0,0,0,0,0,0
13477,C3D8,0.325767,0,0,0,0,0,0,0,0,0,0,0,0
13478,C3D8,0.325767,0,0,0,0,0,0,0,0,0,0,0,0
13479,C3D8,0.325767,0,0,0,0,0,0,0,0,0,0,0,0
13480,C3D8,0.325765,0,0,0,0,0,0,0,0,0,0,0,0
13481,C3D8,0.325765,0,0,0,0,0,0,0,0,0,0,0,0
13482,C3D8,0.325765,0,0,0,0,0,0,0,0,0,0,0,0
13483,C3D8,0.325769,0,0,0,0,0,0,0,0,0,0,0,0
13484,C3D8,0.325769,0,0,0,0,0,0,0,0,0,0,0,0
13485,C3D8,0.325769,0,0,0,0,0,0,0,0,0,0,0,0
13486,C3D8,0.325766,0,0,0,0,0,0,0,0,0,0,0,0
13487,C3D8,0.325766,0,0,0,0,0,0,0,0,0,0,0,0
13488,C3D8,0.325766,0,0,0,0,0,0,0,0,0,0,0,0
13489,C3D8,0.325766,0,0,0,0,0,0,0,0,0,0,0,0
13490,C3D8,0.325766,0,0,0,0,0,0,0,0,0,0,0,0
13491,C3D8,0.325766,0,0,0,0,0,0,0,0,0,0,0,0
13492,C3D8,0.325766,0,0,0,0,0,0,0,0,0,0,0,0
13493,C3D8,0.325766,0,0,0,0,0,0,0,0,0,0,0,0
13494,C3D8,0.325766,0,0,0,0,0,0,0,0,0,0,0,0
13495,C3D8,0.325767,0,0,0,0,0,0,0,0,0,0,0,0
13496,C3D8,0.325767,0,0,0,0,0,0,0,0,0,0,0,0
13497,C3D8,0.325767,0,0,0,0,0,0,0,0,0,0,0,0
13498,C3D8,0.325766,0,0,0,0,0,0,0,0,0,0,0,0
13499,C3D8,0.325766,0,0,0,0,0,0,0,0,0,0,0,0
13500,C3D8,0.325766,0,0,0,0,0,0,0,0,0,0,0,0
13501,C3D8,0.325767,0,0,0,0,0,0,0,0,0,0,0,0
13502,C3D8,0.325767,0,0,0,0,0,0,0,0,0,0,0,0
13503,C3D8,0.325767,0,0,0,0,0,0,0,0,0,0,0,0
13504,C3D8,0.325766,0,0,0,0,0,0,0,0,0,0,0,0
13505,C3D8,0.325766,0,0,0,0,0,0,0,0,0,0,0,0
13506,C3D8,0.325766,0,0,0,0,0,0,0,0,0,0,0,0
13507,C3D8,0.325767,0,0,0,0,0,0,0,0,0,0,0,0
13508,C3D8,0.325767,0,0,0,0,0,0,0,0,0,0,0,0
13509,C3D8,0.325767,0,0,0,0,0,0,0,0,0,0,0,0
13510,C3D8,0.325766,0,0,0,0,0,0,0,0,0,0,0,0
13511,C3D8,0.325766,0,0,0,0,0,0,0,0,0,0,0,0
13512,C3D8,0.325766,0,0,0,0,0,0,0,0,0,0,0,0
13513,C3D8,0.325767,0,0,0,0,0,0,0,0,0,0,0,0
13514,C3D8,0.325767,0,0,0,0,0,0,0,0,0,0,0,0
13515,C3D8,0.325767,0,0,0,0,0,0,0,0,0,0,0,0
13516,C3D8,0.325766,0,0,0,0,0,0,0,0,0,0,0,0
13517,C3D8,0.325766,0,0,0,0,0,0,0,0,0,0,0,0
13518,C3D8,0.325766,0,0,0,0,0,0,0,0,0,0,0,0
13519,C3D8,0.325767,0,0,0,0,0,0,0,0,0,0,0,0
13520,C3D8,0.325767,0,0,0,0,0,0,0,0,0,0,0,0
13521,C3D8,0.325767,0,0,0,0,0,0,0,0,0,0,0,0
13522,C3D8,0.325766,0,0,0,0,0,0,0,0,0,0,0,0
13523,C3D8,0.325766,0,0,0,0,0,0,0,0,0,0,0,0
13524,C3D8,0.325766,0,0,0,0,0,0,0,0,0,0,0,0
13525,C3D8,0.325767,0,0,0,0,0,0,0,0,0,0,0,0
13526,C3D8,0.325767,0,0,0,0,0,0,0,0,0,0,0,0
13527,C3D8,0.325767,0,0,0,0,0,0,0,0,0,0,0,0
13528,C3D8,0.325766,0,0,0,0,0,0,0,0,0,0,0,0
13529,C3D8,0.325766,0,0,0,0,0,0,0,0,0,0,0,0
13530,C3D8,0.325766,0,0,0,0,0,0,0,0,0,0,0,0
13531,C3D8,0.325767,0,0,0,0,0,0,0,0,0,0,0,0
13532,C3D8,0.325767,0,0,0,0,0,0,0,0,0,0,0,0
13533,C3D8,0.325767,0,0,0,0,0,0,0,0,0,0,0,0
13534,C3D8,0.325766,0,0,0,0,0,0,0,0,0,0,0,0
13535,C3D8,0.325766,0,0,0,0,0,0,0,0,0,0,0,0
13536,C3D8,0.325766,0,0,0,0,0,0,0,0,0,0,0,0
13537,C3D8,0.325767,0,0,0,0,0,0,0,0,0,0,0,0
13538,C3D8,0.325767,0,0,0,0,0,0,0,0,0,0,0,0
13539,C3D8,0.325767,0,0,0,0,0,0,0,0,0,0,0,0
13540,C3D8,0.325766,0,0,0,0,0,0,0,0,0,0,0,0
13541,C3D8,0.325766,0,0,0,0,0,0,0,0,0,0,0,0
13542,C3D8,0.325766,0,0,0,0,0,0,0,0,0,0,0,0
13543,C3D8,0.325766,0,0,0,0,0,0,0,0,0,0,0,0
13544,C3D8,0.325766,0,0,0,0,0,0,0,0,0,0,0,0
13545,C3D8,0.325766,0,0,0,0,0,0,0,0,0,0,0,0
13546,C3D8,0.325767,0,0,0,0,0,0,0,0,0,0,0,0
13547,C3D8,0.325767,0,0,0,0,0,0,0,0,0,0,0,0
13548,C3D8,0.325767,0,0,0,0,0,0,0,0,0,0,0,0
13549,C3D8,0.325766,0,0,0,0,0,0,0,0,0,0,0,0
13550,C3D8,0.325766,0,0,0,0,0,0,0,0,0,0,0,0
13551,C3D8,0.325766,0,0,0,0,0,0,0,0,0,0,0,0
13552,C3D8,0.325766,0,0,0,0,0,0,0,0,0,0,0,0
13553,C3D8,0.325766,0,0,0,0,0,0,0,0,0,0,0,0
13554,C3D8,0.325766,0,0,0,0,0,0,0,0,0,0,0,0
13555,C3D8,0.325767,0,0,0,0,0,0,0,0,0,0,0,0
13556,C3D8,0.325767,0,0,0,0,0,0,0,0,0,0,0,0
13557,C3D8,0.325767,0,0,0,0,0,0,0,0,0,0,0,0
13558,C3D8,0.325766,0,0,0,0,0,0,0,0,0,0,0,0
13559,C3D8,0.325766,0,0,0,0,0,0,0,0,0,0,0,0
13560,C3D8,0.325766,0,0,0,0,0,0,0,0,0,0,0,0
13561,C3D8,0.325766,0,0,0,0,0,0,0,0,0,0,0,0
13562,C3D8,0.325766,0,0,0,0,0,0,0,0,0,0,0,0
13563,C3D8,0.325766,0,0,0,0,0,0,0,0,0,0,0,0
13564,C3D8,0.325766,0,0,0,0,0,0,0,0,0,0,0,0
13565,C3D8,0.325766,0,0,0,0,0,0,0,0,0,0,0,0
13566,C3D8,0.325766,0,0,0,0,0,0,0,0,0,0,0,0
13567,C3D8,0.325767,0,0,0,0,0,0,0,0,0,0,0,0
13568,C3D8,0.325767,0,0,0,0,0,0,0,0,0,0,0,0
13569,C3D8,0.325767,0,0,0,0,0,0,0,0,0,0,0,0
13570,C3D8,0.325766,0,0,0,0,0,0,0,0,0,0,0,0
13571,C3D8,0.325766,0,0,0,0,0,0,0,0,0,0,0,0
13572,C3D8,0.325766,0,0,0,0,0,0,0,0,0,0,0,0
13573,C3D8,0.325766,0,0,0,0,0,0,0,0,0,0,0,0
13574,C3D8,0.325766,0,0,0,0,0,0,0,0,0,0,0,0
13575,C3D8,0.325766,0,0,0,0,0,0,0,0,0,0,0,0
13576,C3D8,0.325766,0,0,0,0,0,0,0,0,0,0,0,0
13577,C3D8,0.325766,0,0,0,0,0,0,0,0,0,0,0,0
13578,C3D8,0.325766,0,0,0,0,0,0,0,0,0,0,0,0
13579,C3D8,0.325767,0,0,0,0,0,0,0,0,0,0,0,0
13580,C3D8,0.325767,0,0,0,0,0,0,0,0,0,0,0,0
13581,C3D8,0.325767,0,0,0,0,0,0,0,0,0,0,0,0
13582,C3D8,0.325766,0,0,0,0,0,0,0,0,0,0,0,0
13583,C3D8,0.325766,0,0,0,0,0,0,0,0,0,0,0,0
13584,C3D8,0.325766,0,0,0,0,0,0,0,0,0,0,0,0
13585,C3D8,0.325766,0,0,0,0,0,0,0,0,0,0,0,0
13586,C3D8,0.325766,0,0,0,0,0,0,0,0,0,0,0,0
13587,C3D8,0.325766,0,0,0,0,0,0,0,0,0,0,0,0
13588,C3D8,0.325766,0,0,0,0,0,0,0,0,0,0,0,0
13589,C3D8,0.325766,0,0,0,0,0,0,0,0,0,0,0,0
13590,C3D8,0.325766,0,0,0,0,0,0,0,0,0,0,0,0
13591,C3D8,0.325767,0,0,0,0,0,0,0,0,0,0,0,0
13592,C3D8,0.325767,0,0,0,0,0,0,0,0,0,0,0,0
13593,C3D8,0.325767,0,0,0,0,0,0,0,0,0,0,0,0
13594,C3D8,0.325766,0,0,0,0,0,0,0,0,0,0,0,0
13595,C3D8,0.325766,0,0,0,0,0,0,0,0,0,0,0,0
13596,C3D8,0.325766,0,0,0,0,0,0,0,0,0,0,0,0
13597,C3D8,0.325766,0,0,0,0,0,0,0,0,0,0,0,0
13598,C3D8,0.325766,0,0,0,0,0,0,0,0,0,0,0,0
13599,C3D8,0.325766,0,0,0,0,0,0,0,0,0,0,0,0
13600,C3D8,0.325767,0,0,0,0,0,0,0,0,0,0,0,0
13601,C3D8,0.325767,0,0,0,0,0,0,0,0,0,0,0,0
13602,C3D8,0.325767,0,0,0,0,0,0,0,0,0,0,0,0
13603,C3D8,0.325766,0,0,0,0,0,0,0,0,0,0,0,0
13604,C3D8,0.325766,0,0,0,0,0,0,0,0,0,0,0,0
13605,C3D8,0.325766,0,0,0,0,0,0,0,0,0,0,0,0
13606,C3D8,0.325766,0,0,0,0,0,0,0,0,0,0,0,0
13607,C3D8,0.325766,0,0,0,0,0,0,0,0,0,0,0,0
13608,C3D8,0.325766,0,0,0,0,0,0,0,0,0,0,0,0
13609,C3D8,0.325766,0,0,0,0,0,0,0,0,0,0,0,0
13610,C3D8,0.325766,0,0,0,0,0,0,0,0,0,0,0,0
13611,C3D8,0.325766,0,0,0,0,0,0,0,0,0,0,0,0
13612,C3D8,0.325767,0,0,0,0,0,0,0,0,0,0,0,0
13613,C3D8,0.325767,0,0,0,0,0,0,0,0,0,0,0,0
13614,C3D8,0.325767,0,0,0,0,0,0,0,0,0,0,0,0
13615,C3D8,0.325766,0,0,0,0,0,0,0,0,0,0,0,0
13616,C3D8,0.325766,0,0,0,0,0,0,0,0,0,0,0,0
13617,C3D8,0.325766,0,0,0,0,0,0,0,0,0,0,0,0
13618,C3D8,0.325766,0,0,0,0,0,0,0,0,0,0,0,0
13619,C3D8,0.325766,0,0,0,0,0,0,0,0,0,0,0,0
13620,C3D8,0.325766,0,0,0,0,0,0,0,0,0,0,0,0
13621,C3D8,0.325766,0,0,0,0,0,0,0,0,0,0,0,0
13622,C3D8,0.325766,0,0,0,0,0,0,0,0,0,0,0,0
13623,C3D8,0.325766,0,0,0,0,0,0,0,0,0,0,0,0
13624,C3D8,0.325767,0,0,0,0,0,0,0,0,0,0,0,0
13625,C3D8,0.325767,0,0,0,0,0,0,0,0,0,0,0,0
13626,C3D8,0.325767,0,0,0,0,0,0,0,0,0,0,0,0
13627,C3D8,0.325766,0,0,0,0,0,0,0,0,0,0,0,0
13628,C3D8,0.325766,0,0,0,0,0,0,0,0,0,0,0,0
13629,C3D8,0.325766,0,0,0,0,0,0,0,0,0,0,0,0
13630,C3D8,0.325766,0,0,0,0,0,0,0,0,0,0,0,0
13631,C3D8,0.325766,0,0,0,0,0,0,0,0,0,0,0,0
13632,C3D8,0.325766,0,0,0,0,0,0,0,0,0,0,0,0
13633,C3D8,0.325766,0,0,0,0,0,0,0,0,0,0,0,0
13634,C3D8,0.325766,0,0,0,0,0,0,0,0,0,0,0,0
13635,C3D8,0.325766,0,0,0,0,0,0,0,0,0,0,0,0
13636,C3D8,0.325767,0,0,0,0,0,0,0,0,0,0,0,0
13637,C3D8,0.325767,0,0,0,0,0,0,0,0,0,0,0,0
13638,C3D8,0.325767,0,0,0,0,0,0,0,0,0,0,0,0
13639,C3D8,0.325765,0,0,0,0,0,0,0,0,0,0,0,0
13640,C3D8,0.325765,0,0,0,0,0,0,0,0,0,0,0,0
13641,C3D8,0.325765,0,0,0,0,0,0,0,0,0,0,0,0
13642,C3D8,0.325769,0,0,0,0,0,0,0,0,0,0,0,0
13643,C3D8,0.325769,0,0,0,0,0,0,0,0,0,0,0,0
13644,C3D8,0.325769,0,0,0,0,0,0,0,0,0,0,0,0
13645,C3D8,0.325766,0,0,0,0,0,0,0,0,0,0,0,0
13646,C3D8,0.325766,0,0,0,0,0,0,0,0,0,0,0,0
13647,C3D8,0.325766,0,0,0,0,0,0,0,0,0,0,0,0
13648,C3D8,0.325766,0,0,0,0,0,0,0,0,0,0,0,0
13649,C3D8,0.325766,0,0,0,0,0,0,0,0,0,0,0,0
13650,C3D8,0.325766,0,0,0,0,0,0,0,0,0,0,0,0
13651,C3D8,0.325766,0,0,0,0,0,0,0,0,0,0,0,0
13652,C3D8,0.325766,0,0,0,0,0,0,0,0,0,0,0,0
13653,C3D8,0.325766,0,0,0,0,0,0,0,0,0,0,0,0
13654,C3D8,0.325767,0,0,0,0,0,0,0,0,0,0,0,0
13655,C3D8,0.325767,0,0,0,0,0,0,0,0,0,0,0,0
13656,C3D8,0.325767,0,0,0,0,0,0,0,0,0,0,0,0
13657,C3D8,0.325766,0,0,0,0,0,0,0,0,0,0,0,0
13658,C3D8,0.325766,0,0,0,0,0,0,0,0,0,0,0,0
13659,C3D8,0.325766,0,0,0,0,0,0,0,0,0,0,0,0
13660,C3D8,0.325767,0,0,0,0,0,0,0,0,0,0,0,0
13661,C3D8,0.325767,0,0,0,0,0,0,0,0,0,0,0,0
13662,C3D8,0.325767,0,0,0,0,0,0,0,0,0,0,0,0
13663,C3D8,0.325766,0,0,0,0,0,0,0,0,0,0,0,0
13664,C3D8,0.325766,0,0,0,0,0,0,0,0,0,0,0,0
13665,C3D8,0.325766,0,0,0,0,0,0,0,0,0,0,0,0
13666,C3D8,0.325767,0,0,0,0,0,0,0,0,0,0,0,0
13667,C3D8,0.325767,0,0,0,0,0,0,0,0,0,0,0,0
13668,C3D8,0.325767,0,0,0,0,0,0,0,0,0,0,0,0
13669,C3D8,0.325766,0,0,0,0,0,0,0,0,0,0,0,0
13670,C3D8,0.325766,0,0,0,0,0,0,0,0,0,0,0,0
13671,C3D8,0.325766,0,0,0,0,0,0,0,0,0,0,0,0
13672,C3D8,0.325767,0,0,0,0,0,0,0,0,0,0,0,0
13673,C3D8,0.325767,0,0,0,0,0,0,0,0,0,0,0,0
13674,C3D8,0.325767,0,0,0,0,0,0,0,0,0,0,0,0
13675,C3D8,0.325766,0,0,0,0,0,0,0,0,0,0,0,0
13676,C3D8,0.325766,0,0,0,0,0,0,0,0,0,0,0,0
13677,C3D8,0.325766,0,0,0,0,0,0,0,0,0,0,0,0
13678,C3D8,0.325767,0,0,0,0,0,0,0,0,0,0,0,0
13679,C3D8,0.325767,0,0,0,0,0,0,0,0,0,0,0,0
13680,C3D8,0.325767,0,0,0,0,0,0,0,0,0,0,0,0
13681,C3D8,0.325766,0,0,0,0,0,0,0,0,0,0,0,0
13682,C3D8,0.325766,0,0,0,0,0,0,0,0,0,0,0,0
13683,C3D8,0.325766,0,0,0,0,0,0,0,0,0,0,0,0
13684,C3D8,0.325767,0,0,0,0,0,0,0,0,0,0,0,0
13685,C3D8,0.325767,0,0,0,0,0,0,0,0,0,0,0,0
13686,C3D8,0.325767,0,0,0,0,0,0,0,0,0,0,0,0
13687,C3D8,0.325766,0,0,0,0,0,0,0,0,0,0,0,0
13688,C3D8,0.325766,0,0,0,0,0,0,0,0,0,0,0,0
13689,C3D8,0.325766,0,0,0,0,0,0,0,0,0,0,0,0
13690,C3D8,0.325767,0,0,0,0,0,0,0,0,0,0,0,0
13691,C3D8,0.325767,0,0,0,0,0,0,0,0,0,0,0,0
13692,C3D8,0.325767,0,0,0,0,0,0,0,0,0,0,0,0
13693,C3D8,0.325766,0,0,0,0,0,0,0,0,0,0,0,0
13694,C3D8,0.325766,0,0,0,0,0,0,0,0,0,0,0,0
13695,C3D8,0.325766,0,0,0,0,0,0,0,0,0,0,0,0
13696,C3D8,0.325767,0,0,0,0,0,0,0,0,0,0,0,0
13697,C3D8,0.325767,0,0,0,0,0,0,0,0,0,0,0,0
13698,C3D8,0.325767,0,0,0,0,0,0,0,0,0,0,0,0
13699,C3D8,0.325766,0,0,0,0,0,0,0,0,0,0,0,0
13700,C3D8,0.325766,0,0,0,0,0,0,0,0,0,0,0,0
13701,C3D8,0.325766,0,0,0,0,0,0,0,0,0,0,0,0
13702,C3D8,0.325766,0,0,0,0,0,0,0,0,0,0,0,0
13703,C3D8,0.325766,0,0,0,0,0,0,0,0,0,0,0,0
13704,C3D8,0.325766,0,0,0,0,0,0,0,0,0,0,0,0
13705,C3D8,0.325767,0,0,0,0,0,0,0,0,0,0,0,0
13706,C3D8,0.325767,0,0,0,0,0,0,0,0,0,0,0,0
13707,C3D8,0.325767,0,0,0,0,0,0,0,0,0,0,0,0
13708,C3D8,0.325766,0,0,0,0,0,0,0,0,0,0,0,0
13709,C3D8,0.325766,0,0,0,0,0,0,0,0,0,0,0,0
13710,C3D8,0.325766,0,0,0,0,0,0,0,0,0,0,0,0
13711,C3D8,0.325766,0,0,0,0,0,0,0,0,0,0,0,0
13712,C3D8,0.325766,0,0,0,0,0,0,0,0,0,0,0,0
13713,C3D8,0.325766,0,0,0,0,0,0,0,0,0,0,0,0
13714,C3D8,0.325767,0,0,0,0,0,0,0,0,0,0,0,0
13715,C3D8,0.325767,0,0,0,0,0,0,0,0,0,0,0,0
13716,C3D8,0.325767,0,0,0,0,0,0,0,0,0,0,0,0
13717,C3D8,0.325766,0,0,0,0,0,0,0,0,0,0,0,0
13718,C3D8,0.325766,0,0,0,0,0,0,0,0,0,0,0,0
13719,C3D8,0.325766,0,0,0,0,0,0,0,0,0,0,0,0
13720,C3D8,0.325766,0,0,0,0,0,0,0,0,0,0,0,0
13721,C3D8,0.325766,0,0,0,0,0,0,0,0,0,0,0,0
13722,C3D8,0.325766,0,0,0,0,0,0,0,0,0,0,0,0
13723,C3D8,0.325766,0,0,0,0,0,0,0,0,0,0,0,0
13724,C3D8,0.325766,0,0,0,0,0,0,0,0,0,0,0,0
13725,C3D8,0.325766,0,0,0,0,0,0,0,0,0,0,0,0
13726,C3D8,0.325767,0,0,0,0,0,0,0,0,0,0,0,0
13727,C3D8,0.325767,0,0,0,0,0,0,0,0,0,0,0,0
13728,C3D8,0.325767,0,0,0,0,0,0,0,0,0,0,0,0
13729,C3D8,0.325766,0,0,0,0,0,0,0,0,0,0,0,0
13730,C3D8,0.325766,0,0,0,0,0,0,0,0,0,0,0,0
13731,C3D8,0.325766,0,0,0,0,0,0,0,0,0,0,0,0
13732,C3D8,0.325766,0,0,0,0,0,0,0,0,0,0,0,0
13733,C3D8,0.325766,0,0,0,0,0,0,0,0,0,0,0,0
13734,C3D8,0.325766,0,0,0,0,0,0,0,0,0,0,0,0
13735,C3D8,0.325766,0,0,0,0,0,0,0,0,0,0,0,0
13736,C3D8,0.325766,0,0,0,0,0,0,0,0,0,0,0,0
13737,C3D8,0.325766,0,0,0,0,0,0,0,0,0,0,0,0
13738,C3D8,0.325767,0,0,0,0,0,0,0,0,0,0,0,0
13739,C3D8,0.325767,0,0,0,0,0,0,0,0,0,0,0,0
13740,C3D8,0.325767,0,0,0,0,0,0,0,0,0,0,0,0
13741,C3D8,0.325766,0,0,0,0,0,0,0,0,0,0,0,0
13742,C3D8,0.325766,0,0,0,0,0,0,0,0,0,0,0,0
13743,C3D8,0.325766,0,0,0,0,0,0,0,0,0,0,0,0
13744,C3D8,0.325766,0,0,0,0,0,0,0,0,0,0,0,0
13745,C3D8,0.325766,0,0,0,0,0,0,0,0,0,0,0,0
13746,C3D8,0.325766,0,0,0,0,0,0,0,0,0,0,0,0
13747,C3D8,0.325766,0,0,0,0,0,0,0,0,0,0,0,0
13748,C3D8,0.325766,0,0,0,0,0,0,0,0,0,0,0,0
13749,C3D8,0.325766,0,0,0,0,0,0,0,0,0,0,0,0
13750,C3D8,0.325767,0,0,0,0,0,0,0,0,0,0,0,0
13751,C3D8,0.325767,0,0,0,0,0,0,0,0,0,0,0,0
13752,C3D8,0.325767,0,0,0,0,0,0,0,0,0,0,0,0
13753,C3D8,0.325766,0,0,0,0,0,0,0,0,0,0,0,0
13754,C3D8,0.325766,0,0,0,0,0,0,0,0,0,0,0,0
13755,C3D8,0.325766,0,0,0,0,0,0,0,0,0,0,0,0
13756,C3D8,0.325766,0,0,0,0,0,0,0,0,0,0,0,0
13757,C3D8,0.325766,0,0,0,0,0,0,0,0,0,0,0,0
13758,C3D8,0.325766,0,0,0,0,0,0,0,0,0,0,0,0
13759,C3D8,0.325767,0,0,0,0,0,0,0,0,0,0,0,0
13760,C3D8,0.325767,0,0,0,0,0,0,0,0,0,0,0,0
13761,C3D8,0.325767,0,0,0,0,0,0,0,0,0,0,0,0
13762,C3D8,0.325766,0,0,0,0,0,0,0,0,0,0,0,0
13763,C3D8,0.325766,0,0,0,0,0,0,0,0,0,0,0,0
13764,C3D8,0.325766,0,0,0,0,0,0,0,0,0,0,0,0
13765,C3D8,0.325766,0,0,0,0,0,0,0,0,0,0,0,0
13766,C3D8,0.325766,0,0,0,0,0,0,0,0,0,0,0,0
13767,C3D8,0.325766,0,0,0,0,0,0,0,0,0,0,0,0
13768,C3D8,0.325766,0,0,0,0,0,0,0,0,0,0,0,0
13769,C3D8,0.325766,0,0,0,0,0,0,0,0,0,0,0,0
13770,C3D8,0.325766,0,0,0,0,0,0,0,0,0,0,0,0
13771,C3D8,0.325767,0,0,0,0,0,0,0,0,0,0,0,0
13772,C3D8,0.325767,0,0,0,0,0,0,0,0,0,0,0,0
13773,C3D8,0.325767,0,0,0,0,0,0,0,0,0,0,0,0
13774,C3D8,0.325766,0,0,0,0,0,0,0,0,0,0,0,0
13775,C3D8,0.325766,0,0,0,0,0,0,0,0,0,0,0,0
13776,C3D8,0.325766,0,0,0,0,0,0,0,0,0,0,0,0
13777,C3D8,0.325766,0,0,0,0,0,0,0,0,0,0,0,0
13778,C3D8,0.325766,0,0,0,0,0,0,0,0,0,0,0,0
13779,C3D8,0.325766,0,0,0,0,0,0,0,0,0,0,0,0
13780,C3D8,0.325766,0,0,0,0,0,0,0,0,0,0,0,0
13781,C3D8,0.325766,0,0,0,0,0,0,0,0,0,0,0,0
13782,C3D8,0.325766,0,0,0,0,0,0,0,0,0,0,0,0
13783,C3D8,0.325767,0,0,0,0,0,0,0,0,0,0,0,0
13784,C3D8,0.325767,0,0,0,0,0,0,0,0,0,0,0,0
13785,C3D8,0.325767,0,0,0,0,0,0,0,0,0,0,0,0
13786,C3D8,0.325766,0,0,0,0,0,0,0,0,0,0,0,0
13787,C3D8,0.325766,0,0,0,0,0,0,0,0,0,0,0,0
13788,C3D8,0.325766,0,0,0,0,0,0,0,0,0,0,0,0
13789,C3D8,0.325766,0,0,0,0,0,0,0,0,0,0,0,0
13790,C3D8,0.325766,0,0,0,0,0,0,0,0,0,0,0,0
13791,C3D8,0.325766,0,0,0,0,0,0,0,0,0,0,0,0
13792,C3D8,0.325766,0,0,0,0,0,0,0,0,0,0,0,0
13793,C3D8,0.325766,0,0,0,0,0,0,0,0,0,0,0,0
13794,C3D8,0.325766,0,0,0,0,0,0,0,0,0,0,0,0
13795,C3D8,0.325767,0,0,0,0,0,0,0,0,0,0,0,0
13796,C3D8,0.325767,0,0,0,0,0,0,0,0,0,0,0,0
13797,C3D8,0.325767,0,0,0,0,0,0,0,0,0,0,0,0
13798,C3D8,0.325765,0,0,0,0,0,0,0,0,0,0,0,0
13799,C3D8,0.325765,0,0,0,0,0,0,0,0,0,0,0,0
13800,C3D8,0.325765,0,0,0,0,0,0,0,0,0,0,0,0
13801,C3D8,0.325769,0,0,0,0,0,0,0,0,0,0,0,0
13802,C3D8,0.325769,0,0,0,0,0,0,0,0,0,0,0,0
13803,C3D8,0.325769,0,0,0,0,0,0,0,0,0,0,0,0
13804,C3D8,0.325766,0,0,0,0,0,0,0,0,0,0,0,0
13805,C3D8,0.325766,0,0,0,0,0,0,0,0,0,0,0,0
13806,C3D8,0.325766,0,0,0,0,0,0,0,0,0,0,0,0
13807,C3D8,0.325766,0,0,0,0,0,0,0,0,0,0,0,0
13808,C3D8,0.325766,0,0,0,0,0,0,0,0,0,0,0,0
13809,C3D8,0.325766,0,0,0,0,0,0,0,0,0,0,0,0
13810,C3D8,0.325766,0,0,0,0,0,0,0,0,0,0,0,0
13811,C3D8,0.325766,0,0,0,0,0,0,0,0,0,0,0,0
13812,C3D8,0.325766,0,0,0,0,0,0,0,0,0,0,0,0
13813,C3D8,0.325767,0,0,0,0,0,0,0,0,0,0,0,0
13814,C3D8,0.325767,0,0,0,0,0,0,0,0,0,0,0,0
13815,C3D8,0.325767,0,0,0,0,0,0,0,0,0,0,0,0
13816,C3D8,0.325766,0,0,0,0,0,0,0,0,0,0,0,0
13817,C3D8,0.325766,0,0,0,0,0,0,0,0,0,0,0,0
13818,C3D8,0.325766,0,0,0,0,0,0,0,0,0,0,0,0
13819,C3D8,0.325767,0,0,0,0,0,0,0,0,0,0,0,0
13820,C3D8,0.325767,0,0,0,0,0,0,0,0,0,0,0,0
13821,C3D8,0.325767,0,0,0,0,0,0,0,0,0,0,0,0
13822,C3D8,0.325766,0,0,0,0,0,0,0,0,0,0,0,0
13823,C3D8,0.325766,0,0,0,0,0,0,0,0,0,0,0,0
13824,C3D8,0.325766,0,0,0,0,0,0,0,0,0,0,0,0
13825,C3D8,0.325767,0,0,0,0,0,0,0,0,0,0,0,0
13826,C3D8,0.325767,0,0,0,0,0,0,0,0,0,0,0,0
13827,C3D8,0.325767,0,0,0,0,0,0,0,0,0,0,0,0
13828,C3D8,0.325766,0,0,0,0,0,0,0,0,0,0,0,0
13829,C3D8,0.325766,0,0,0,0,0,0,0,0,0,0,0,0
13830,C3D8,0.325766,0,0,0,0,0,0,0,0,0,0,0,0
13831,C3D8,0.325767,0,0,0,0,0,0,0,0,0,0,0,0
13832,C3D8,0.325767,0,0,0,0,0,0,0,0,0,0,0,0
13833,C3D8,0.325767,0,0,0,0,0,0,0,0,0,0,0,0
13834,C3D8,0.325766,0,0,0,0,0,0,0,0,0,0,0,0
13835,C3D8,0.325766,0,0,0,0,0,0,0,0,0,0,0,0
13836,C3D8,0.325766,0,0,0,0,0,0,0,0,0,0,0,0
13837,C3D8,0.325767,0,0,0,0,0,0,0,0,0,0,0,0
13838,C3D8,0.325767,0,0,0,0,0,0,0,0,0,0,0,0
13839,C3D8,0.325767,0,0,0,0,0,0,0,0,0,0,0,0
13840,C3D8,0.325766,0,0,0,0,0,0,0,0,0,0,0,0
13841,C3D8,0.325766,0,0,0,0,0,0,0,0,0,0,0,0
13842,C3D8,0.325766,0,0,0,0,0,0,0,0,0,0,0,0
13843,C3D8,0.325767,0,0,0,0,0,0,0,0,0,0,0,0
13844,C3D8,0.325767,0,0,0,0,0,0,0,0,0,0,0,0
13845,C3D8,0.325767,0,0,0,0,0,0,0,0,0,0,0,0
13846,C3D8,0.325766,0,0,0,0,0,0,0,0,0,0,0,0
13847,C3D8,0.325766,0,0,0,0,0,0,0,0,0,0,0,0
13848,C3D8,0.325766,0,0,0,0,0,0,0,0,0,0,0,0
13849,C3D8,0.325767,0,0,0,0,0,0,0,0,0,0,0,0
13850,C3D8,0.325767,0,0,0,0,0,0,0,0,0,0,0,0
13851,C3D8,0.325767,0,0,0,0,0,0,0,0,0,0,0,0
13852,C3D8,0.325766,0,0,0,0,0,0,0,0,0,0,0,0
13853,C3D8,0.325766,0,0,0,0,0,0,0,0,0,0,0,0
13854,C3D8,0.325766,0,0,0,0,0,0,0,0,0,0,0,0
13855,C3D8,0.325767,0,0,0,0,0,0,0,0,0,0,0,0
13856,C3D8,0.325767,0,0,0,0,0,0,0,0,0,0,0,0
13857,C3D8,0.325767,0,0,0,0,0,0,0,0,0,0,0,0
13858,C3D8,0.325766,0,0,0,0,0,0,0,0,0,0,0,0
13859,C3D8,0.325766,0,0,0,0,0,0,0,0,0,0,0,0
13860,C3D8,0.325766,0,0,0,0,0,0,0,0,0,0,0,0
13861,C3D8,0.325766,0,0,0,0,0,0,0,0,0,0,0,0
13862,C3D8,0.325766,0,0,0,0,0,0,0,0,0,0,0,0
13863,C3D8,0.325766,0,0,0,0,0,0,0,0,0,0,0,0
13864,C3D8,0.325767,0,0,0,0,0,0,0,0,0,0,0,0
13865,C3D8,0.325767,0,0,0,0,0,0,0,0,0,0,0,0
13866,C3D8,0.325767,0,0,0,0,0,0,0,0,0,0,0,0
13867,C3D8,0.325766,0,0,0,0,0,0,0,0,0,0,0,0
13868,C3D8,0.325766,0,0,0,0,0,0,0,0,0,0,0,0
13869,C3D8,0.325766,0,0,0,0,0,0,0,0,0,0,0,0
13870,C3D8,0.325766,0,0,0,0,0,0,0,0,0,0,0,0
13871,C3D8,0.325766,0,0,0,0,0,0,0,0,0,0,0,0
13872,C3D8,0.325766,0,0,0,0,0,0,0,0,0,0,0,0
13873,C3D8,0.325767,0,0,0,0,0,0,0,0,0,0,0,0
13874,C3D8,0.325767,0,0,0,0,0,0,0,0,0,0,0,0
13875,C3D8,0.325767,0,0,0,0,0,0,0,0,0,0,0,0
13876,C3D8,0.325766,0,0,0,0,0,0,0,0,0,0,0,0
13877,C3D8,0.325766,0,0,0,0,0,0,0,0,0,0,0,0
13878,C3D8,0.325766,0,0,0,0,0,0,0,0,0,0,0,0
13879,C3D8,0.325766,0,0,0,0,0,0,0,0,0,0,0,0
13880,C3D8,0.325766,0,0,0,0,0,0,0,0,0,0,0,0
13881,C3D8,0.325766,0,0,0,0,0,0,0,0,0,0,0,0
13882,C3D8,0.325766,0,0,0,0,0,0,0,0,0,0,0,0
13883,C3D8,0.325766,0,0,0,0,0,0,0,0,0,0,0,0
13884,C3D8,0.325766,0,0,0,0,0,0,0,0,0,0,0,0
13885,C3D8,0.325767,0,0,0,0,0,0,0,0,0,0,0,0
13886,C3D8,0.325767,0,0,0,0,0,0,0,0,0,0,0,0
13887,C3D8,0.325767,0,0,0,0,0,0,0,0,0,0,0,0
13888,C3D8,0.325766,0,0,0,0,0,0,0,0,0,0,0,0
13889,C3D8,0.325766,0,0,0,0,0,0,0,0,0,0,0,0
13890,C3D8,0.325766,0,0,0,0,0,0,0,0,0,0,0,0
13891,C3D8,0.325766,0,0,0,0,0,0,0,0,0,0,0,0
13892,C3D8,0.325766,0,0,0,0,0,0,0,0,0,0,0,0
13893,C3D8,0.325766,0,0,0,0,0,0,0,0,0,0,0,0
13894,C3D8,0.325766,0,0,0,0,0,0,0,0,0,0,0,0
13895,C3D8,0.325766,0,0,0,0,0,0,0,0,0,0,0,0
13896,C3D8,0.325766,0,0,0,0,0,0,0,0,0,0,0,0
13897,C3D8,0.325767,0,0,0,0,0,0,0,0,0,0,0,0
13898,C3D8,0.325767,0,0,0,0,0,0,0,0,0,0,0,0
13899,C3D8,0.325767,0,0,0,0,0,0,0,0,0,0,0,0
13900,C3D8,0.325766,0,0,0,0,0,0,0,0,0,0,0,0
13901,C3D8,0.325766,0,0,0,0,0,0,0,0,0,0,0,0
13902,C3D8,0.325766,0,0,0,0,0,0,0,0,0,0,0,0
13903,C3D8,0.325766,0,0,0,0,0,0,0,0,0,0,0,0
13904,C3D8,0.325766,0,0,0,0,0,0,0,0,0,0,0,0
13905,C3D8,0.325766,0,0,0,0,0,0,0,0,0,0,0,0
13906,C3D8,0.325766,0,0,0,0,0,0,0,0,0,0,0,0
13907,C3D8,0.325766,0,0,0,0,0,0,0,0,0,0,0,0
13908,C3D8,0.325766,0,0,0,0,0,0,0,0,0,0,0,0
13909,C3D8,0.325767,0,0,0,0,0,0,0,0,0,0,0,0
13910,C3D8,0.325767,0,0,0,0,0,0,0,0,0,0,0,0
13911,C3D8,0.325767,0,0,0,0,0,0,0,0,0,0,0,0
13912,C3D8,0.325766,0,0,0,0,0,0,0,0,0,0,0,0
13913,C3D8,0.325766,0,0,0,0,0,0,0,0,0,0,0,0
13914,C3D8,0.325766,0,0,0,0,0,0,0,0,0,0,0,0
13915,C3D8,0.325766,0,0,0,0,0,0,0,0,0,0,0,0
13916,C3D8,0.325766,0,0,0,0,0,0,0,0,0,0,0,0
13917,C3D8,0.325766,0,0,0,0,0,0,0,0,0,0,0,0
13918,C3D8,0.325767,0,0,0,0,0,0,0,0,0,0,0,0
13919,C3D8,0.325767,0,0,0,0,0,0,0,0,0,0,0,0
13920,C3D8,0.325767,0,0,0,0,0,0,0,0,0,0,0,0
13921,C3D8,0.325766,0,0,0,0,0,0,0,0,0,0,0,0
13922,C3D8,0.325766,0,0,0,0,0,0,0,0,0,0,0,0
13923,C3D8,0.325766,0,0,0,0,0,0,0,0,0,0,0,0
13924,C3D8,0.325766,0,0,0,0,0,0,0,0,0,0,0,0
13925,C3D8,0.325766,0,0,0,0,0,0,0,0,0,0,0,0
13926,C3D8,0.325766,0,0,0,0,0,0,0,0,0,0,0,0
13927,C3D8,0.325766,0,0,0,0,0,0,0,0,0,0,0,0
13928,C3D8,0.325766,0,0,0,0,0,0,0,0,0,0,0,0
13929,C3D8,0.325766,0,0,0,0,0,0,0,0,0,0,0,0
13930,C3D8,0.325767,0,0,0,0,0,0,0,0,0,0,0,0
13931,C3D8,0.325767,0,0,0,0,0,0,0,0,0,0,0,0
13932,C3D8,0.325767,0,0,0,0,0,0,0,0,0,0,0,0
13933,C3D8,0.325766,0,0,0,0,0,0,0,0,0,0,0,0
13934,C3D8,0.325766,0,0,0,0,0,0,0,0,0,0,0,0
13935,C3D8,0.325766,0,0,0,0,0,0,0,0,0,0,0,0
13936,C3D8,0.325766,0,0,0,0,0,0,0,0,0,0,0,0
13937,C3D8,0.325766,0,0,0,0,0,0,0,0,0,0,0,0
13938,C3D8,0.325766,0,0,0,0,0,0,0,0,0,0,0,0
13939,C3D8,0.325766,0,0,0,0,0,0,0,0,0,0,0,0
13940,C3D8,0.325766,0,0,0,0,0,0,0,0,0,0,0,0
13941,C3D8,0.325766,0,0,0,0,0,0,0,0,0,0,0,0
13942,C3D8,0.325767,0,0,0,0,0,0,0,0,0,0,0,0
13943,C3D8,0.325767,0,0,0,0,0,0,0,0,0,0,0,0
13944,C3D8,0.325767,0,0,0,0,0,0,0,0,0,0,0,0
13945,C3D8,0.325766,0,0,0,0,0,0,0,0,0,0,0,0
13946,C3D8,0.325766,0,0,0,0,0,0,0,0,0,0,0,0
13947,C3D8,0.325766,0,0,0,0,0,0,0,0,0,0,0,0
13948,C3D8,0.325766,0,0,0,0,0,0,0,0,0,0,0,0
13949,C3D8,0.325766,0,0,0,0,0,0,0,0,0,0,0,0
13950,C3D8,0.325766,0,0,0,0,0,0,0,0,0,0,0,0
13951,C3D8,0.325766,0,0,0,0,0,0,0,0,0,0,0,0
13952,C3D8,0.325766,0,0,0,0,0,0,0,0,0,0,0,0
13953,C3D8,0.325766,0,0,0,0,0,0,0,0,0,0,0,0
13954,C3D8,0.325767,0,0,0,0,0,0,0,0,0,0,0,0
13955,C3D8,0.325767,0,0,0,0,0,0,0,0,0,0,0,0
13956,C3D8,0.325767,0,0,0,0,0,0,0,0,0,0,0,0
13957,C3D8,0.325765,0,0,0,0,0,0,0,0,0,0,0,0
13958,C3D8,0.325765,0,0,0,0,0,0,0,0,0,0,0,0
13959,C3D8,0.325765,0,0,0,0,0,0,0,0,0,0,0,0
13960,C3D8,0.325769,0,0,0,0,0,0,0,0,0,0,0,0
13961,C3D8,0.325769,0,0,0,0,0,0,0,0,0,0,0,0
13962,C3D8,0.325769,0,0,0,0,0,0,0,0,0,0,0,0
13963,C3D8,0.325766,0,0,0,0,0,0,0,0,0,0,0,0
13964,C3D8,0.325766,0,0,0,0,0,0,0,0,0,0,0,0
13965,C3D8,0.325766,0,0,0,0,0,0,0,0,0,0,0,0
13966,C3D8,0.325766,0,0,0,0,0,0,0,0,0,0,0,0
13967,C3D8,0.325766,0,0,0,0,0,0,0,0,0,0,0,0
13968,C3D8,0.325766,0,0,0,0,0,0,0,0,0,0,0,0
13969,C3D8,0.325766,0,0,0,0,0,0,0,0,0,0,0,0
13970,C3D8,0.325766,0,0,0,0,0,0,0,0,0,0,0,0
13971,C3D8,0.325766,0,0,0,0,0,0,0,0,0,0,0,0
13972,C3D8,0.325767,0,0,0,0,0,0,0,0,0,0,0,0
13973,C3D8,0.325767,0,0,0,0,0,0,0,0,0,0,0,0
13974,C3D8,0.325767,0,0,0,0,0,0,0,0,0,0,0,0
13975,C3D8,0.325766,0,0,0,0,0,0,0,0,0,0,0,0
13976,C3D8,0.325766,0,0,0,0,0,0,0,0,0,0,0,0
13977,C3D8,0.325766,0,0,0,0,0,0,0,0,0,0,0,0
13978,C3D8,0.325767,0,0,0,0,0,0,0,0,0,0,0,0
13979,C3D8,0.325767,0,0,0,0,0,0,0,0,0,0,0,0
13980,C3D8,0.325767,0,0,0,0,0,0,0,0,0,0,0,0
13981,C3D8,0.325766,0,0,0,0,0,0,0,0,0,0,0,0
13982,C3D8,0.325766,0,0,0,0,0,0,0,0,0,0,0,0
13983,C3D8,0.325766,0,0,0,0,0,0,0,0,0,0,0,0
13984,C3D8,0.325767,0,0,0,0,0,0,0,0,0,0,0,0
13985,C3D8,0.325767,0,0,0,0,0,0,0,0,0,0,0,0
13986,C3D8,0.325767,0,0,0,0,0,0,0,0,0,0,0,0
13987,C3D8,0.325766,0,0,0,0,0,0,0,0,0,0,0,0
13988,C3D8,0.325766,0,0,0,0,0,0,0,0,0,0,0,0
13989,C3D8,0.325766,0,0,0,0,0,0,0,0,0,0,0,0
13990,C3D8,0.325767,0,0,0,0,0,0,0,0,0,0,0,0
13991,C3D8,0.325767,0,0,0,0,0,0,0,0,0,0,0,0
13992,C3D8,0.325767,0,0,0,0,0,0,0,0,0,0,0,0
13993,C3D8,0.325766,0,0,0,0,0,0,0,0,0,0,0,0
13994,C3D8,0.325766,0,0,0,0,0,0,0,0,0,0,0,0
13995,C3D8,0.325766,0,0,0,0,0,0,0,0,0,0,0,0
13996,C3D8,0.325767,0,0,0,0,0,0,0,0,0,0,0,0
13997,C3D8,0.325767,0,0,0,0,0,0,0,0,0,0,0,0
13998,C3D8,0.325767,0,0,0,0,0,0,0,0,0,0,0,0
13999,C3D8,0.325766,0,0,0,0,0,0,0,0,0,0,0,0
14000,C3D8,0.325766,0,0,0,0,0,0,0,0,0,0,0,0
14001,C3D8,0.325766,0,0,0,0,0,0,0,0,0,0,0,0
14002,C3D8,0.325767,0,0,0,0,0,0,0,0,0,0,0,0
14003,C3D8,0.325767,0,0,0,0,0,0,0,0,0,0,0,0
14004,C3D8,0.325767,0,0,0,0,0,0,0,0,0,0,0,0
14005,C3D8,0.325766,0,0,0,0,0,0,0,0,0,0,0,0
14006,C3D8,0.325766,0,0,0,0,0,0,0,0,0,0,0,0
14007,C3D8,0.325766,0,0,0,0,0,0,0,0,0,0,0,0
14008,C3D8,0.325767,0,0,0,0,0,0,0,0,0,0,0,0
14009,C3D8,0.325767,0,0,0,0,0,0,0,0,0,0,0,0
14010,C3D8,0.325767,0,0,0,0,0,0,0,0,0,0,0,0
14011,C3D8,0.325766,0,0,0,0,0,0,0,0,0,0,0,0
14012,C3D8,0.325766,0,0,0,0,0,0,0,0,0,0,0,0
14013,C3D8,0.325766,0,0,0,0,0,0,0,0,0,0,0,0
14014,C3D8,0.325767,0,0,0,0,0,0,0,0,0,0,0,0
14015,C3D8,0.325767,0,0,0,0,0,0,0,0,0,0,0,0
14016,C3D8,0.325767,0,0,0,0,0,0,0,0,0,0,0,0
14017,C3D8,0.325766,0,0,0,0,0,0,0,0,0,0,0,0
14018,C3D8,0.325766,0,0,0,0,0,0,0,0,0,0,0,0
14019,C3D8,0.325766,0,0,0,0,0,0,0,0,0,0,0,0
14020,C3D8,0.325766,0,0,0,0,0,0,0,0,0,0,0,0
14021,C3D8,0.325766,0,0,0,0,0,0,0,0,0,0,0,0
14022,C3D8,0.325766,0,0,0,0,0,0,0,0,0,0,0,0
14023,C3D8,0.325767,0,0,0,0,0,0,0,0,0,0,0,0
14024,C3D8,0.325767,0,0,0,0,0,0,0,0,0,0,0,0
14025,C3D8,0.325767,0,0,0,0,0,0,0,0,0,0,0,0
14026,C3D8,0.325766,0,0,0,0,0,0,0,0,0,0,0,0
14027,C3D8,0.325766,0,0,0,0,0,0,0,0,0,0,0,0
14028,C3D8,0.325766,0,0,0,0,0,0,0,0,0,0,0,0
14029,C3D8,0.325766,0,0,0,0,0,0,0,0,0,0,0,0
14030,C3D8,0.325766,0,0,0,0,0,0,0,0,0,0,0,0
14031,C3D8,0.325766,0,0,0,0,0,0,0,0,0,0,0,0
14032,C3D8,0.325767,0,0,0,0,0,0,0,0,0,0,0,0
14033,C3D8,0.325767,0,0,0,0,0,0,0,0,0,0,0,0
14034,C3D8,0.325767,0,0,0,0,0,0,0,0,0,0,0,0
14035,C3D8,0.325766,0,0,0,0,0,0,0,0,0,0,0,0
14036,C3D8,0.325766,0,0,0,0,0,0,0,0,0,0,0,0
14037,C3D8,0.325766,0,0,0,0,0,0,0,0,0,0,0,0
14038,C3D8,0.325766,0,0,0,0,0,0,0,0,0,0,0,0
14039,C3D8,0.325766,0,0,0,0,0,0,0,0,0,0,0,0
14040,C3D8,0.325766,0,0,0,0,0,0,0,0,0,0,0,0
14041,C3D8,0.325766,0,0,0,0,0,0,0,0,0,0,0,0
14042,C3D8,0.325766,0,0,0,0,0,0,0,0,0,0,0,0
14043,C3D8,0.325766,0,0,0,0,0,0,0,0,0,0,0,0
14044,C3D8,0.325767,0,0,0,0,0,0,0,0,0,0,0,0
14045,C3D8,0.325767,0,0,0,0,0,0,0,0,0,0,0,0
14046,C3D8,0.325767,0,0,0,0,0,0,0,0,0,0,0,0
14047,C3D8,0.325766,0,0,0,0,0,0,0,0,0,0,0,0
14048,C3D8,0.325766,0,0,0,0,0,0,0,0,0,0,0,0
14049,C3D8,0.325766,0,0,0,0,0,0,0,0,0,0,0,0
14050,C3D8,0.325766,0,0,0,0,0,0,0,0,0,0,0,0
14051,C3D8,0.325766,0,0,0,0,0,0,0,0,0,0,0,0
14052,C3D8,0.325766,0,0,0,0,0,0,0,0,0,0,0,0
14053,C3D8,0.325766,0,0,0,0,0,0,0,0,0,0,0,0
14054,C3D8,0.325766,0,0,0,0,0,0,0,0,0,0,0,0
14055,C3D8,0.325766,0,0,0,0,0,0,0,0,0,0,0,0
14056,C3D8,0.325767,0,0,0,0,0,0,0,0,0,0,0,0
14057,C3D8,0.325767,0,0,0,0,0,0,0,0,0,0,0,0
14058,C3D8,0.325767,0,0,0,0,0,0,0,0,0,0,0,0
14059,C3D8,0.325766,0,0,0,0,0,0,0,0,0,0,0,0
14060,C3D8,0.325766,0,0,0,0,0,0,0,0,0,0,0,0
14061,C3D8,0.325766,0,0,0,0,0,0,0,0,0,0,0,0
14062,C3D8,0.325766,0,0,0,0,0,0,0,0,0,0,0,0
14063,C3D8,0.325766,0,0,0,0,0,0,0,0,0,0,0,0
14064,C3D8,0.325766,0,0,0,0,0,0,0,0,0,0,0,0
14065,C3D8,0.325766,0,0,0,0,0,0,0,0,0,0,0,0
14066,C3D8,0.325766,0,0,0,0,0,0,0,0,0,0,0,0
14067,C3D8,0.325766,0,0,0,0,0,0,0,0,0,0,0,0
14068,C3D8,0.325767,0,0,0,0,0,0,0,0,0,0,0,0
14069,C3D8,0.325767,0,0,0,0,0,0,0,0,0,0,0,0
14070,C3D8,0.325767,0,0,0,0,0,0,0,0,0,0,0,0
14071,C3D8,0.325766,0,0,0,0,0,0,0,0,0,0,0,0
14072,C3D8,0.325766,0,0,0,0,0,0,0,0,0,0,0,0
14073,C3D8,0.325766,0,0,0,0,0,0,0,0,0,0,0,0
14074,C3D8,0.325766,0,0,0,0,0,0,0,0,0,0,0,0
14075,C3D8,0.325766,0,0,0,0,0,0,0,0,0,0,0,0
14076,C3D8,0.325766,0,0,0,0,0,0,0,0,0,0,0,0
14077,C3D8,0.325767,0,0,0,0,0,0,0,0,0,0,0,0
14078,C3D8,0.325767,0,0,0,0,0,0,0,0,0,0,0,0
14079,C3D8,0.325767,0,0,0,0,0,0,0,0,0,0,0,0
14080,C3D8,0.325766,0,0,0,0,0,0,0,0,0,0,0,0
14081,C3D8,0.325766,0,0,0,0,0,0,0,0,0,0,0,0
14082,C3D8,0.325766,0,0,0,0,0,0,0,0,0,0,0,0
14083,C3D8,0.325766,0,0,0,0,0,0,0,0,0,0,0,0
14084,C3D8,0.325766,0,0,0,0,0,0,0,0,0,0,0,0
14085,C3D8,0.325766,0,0,0,0,0,0,0,0,0,0,0,0
14086,C3D8,0.325766,0,0,0,0,0,0,0,0,0,0,0,0
14087,C3D8,0.325766,0,0,0,0,0,0,0,0,0,0,0,0
14088,C3D8,0.325766,0,0,0,0,0,0,0,0,0,0,0,0
14089,C3D8,0.325767,0,0,0,0,0,0,0,0,0,0,0,0
14090,C3D8,0.325767,0,0,0,0,0,0,0,0,0,0,0,0
14091,C3D8,0.325767,0,0,0,0,0,0,0,0,0,0,0,0
14092,C3D8,0.325766,0,0,0,0,0,0,0,0,0,0,0,0
14093,C3D8,0.325766,0,0,0,0,0,0,0,0,0,0,0,0
14094,C3D8,0.325766,0,0,0,0,0,0,0,0,0,0,0,0
14095,C3D8,0.325766,0,0,0,0,0,0,0,0,0,0,0,0
14096,C3D8,0.325766,0,0,0,0,0,0,0,0,0,0,0,0
14097,C3D8,0.325766,0,0,0,0,0,0,0,0,0,0,0,0
14098,C3D8,0.325766,0,0,0,0,0,0,0,0,0,0,0,0
14099,C3D8,0.325766,0,0,0,0,0,0,0,0,0,0,0,0
14100,C3D8,0.325766,0,0,0,0,0,0,0,0,0,0,0,0
14101,C3D8,0.325767,0,0,0,0,0,0,0,0,0,0,0,0
14102,C3D8,0.325767,0,0,0,0,0,0,0,0,0,0,0,0
14103,C3D8,0.325767,0,0,0,0,0,0,0,0,0,0,0,0
14104,C3D8,0.325766,0,0,0,0,0,0,0,0,0,0,0,0
14105,C3D8,0.325766,0,0,0,0,0,0,0,0,0,0,0,0
14106,C3D8,0.325766,0,0,0,0,0,0,0,0,0,0,0,0
14107,C3D8,0.325766,0,0,0,0,0,0,0,0,0,0,0,0
14108,C3D8,0.325766,0,0,0,0,0,0,0,0,0,0,0,0
14109,C3D8,0.325766,0,0,0,0,0,0,0,0,0,0,0,0
14110,C3D8,0.325766,0,0,0,0,0,0,0,0,0,0,0,0
14111,C3D8,0.325766,0,0,0,0,0,0,0,0,0,0,0,0
14112,C3D8,0.325766,0,0,0,0,0,0,0,0,0,0,0,0
14113,C3D8,0.325767,0,0,0,0,0,0,0,0,0,0,0,0
14114,C3D8,0.325767,0,0,0,0,0,0,0,0,0,0,0,0
14115,C3D8,0.325767,0,0,0,0,0,0,0,0,0,0,0,0
14116,C3D8,0.325765,0,0,0,0,0,0,0,0,0,0,0,0
14117,C3D8,0.325765,0,0,0,0,0,0,0,0,0,0,0,0
14118,C3D8,0.325765,0,0,0,0,0,0,0,0,0,0,0,0
14119,C3D8,0.325769,0,0,0,0,0,0,0,0,0,0,0,0
14120,C3D8,0.325769,0,0,0,0,0,0,0,0,0,0,0,0
14121,C3D8,0.325769,0,0,0,0,0,0,0,0,0,0,0,0
14122,C3D8,0.325766,0,0,0,0,0,0,0,0,0,0,0,0
14123,C3D8,0.325766,0,0,0,0,0,0,0,0,0,0,0,0
14124,C3D8,0.325766,0,0,0,0,0,0,0,0,0,0,0,0
14125,C3D8,0.325766,0,0,0,0,0,0,0,0,0,0,0,0
14126,C3D8,0.325766,0,0,0,0,0,0,0,0,0,0,0,0
14127,C3D8,0.325766,0,0,0,0,0,0,0,0,0,0,0,0
14128,C3D8,0.325766,0,0,0,0,0,0,0,0,0,0,0,0
14129,C3D8,0.325766,0,0,0,0,0,0,0,0,0,0,0,0
14130,C3D8,0.325766,0,0,0,0,0,0,0,0,0,0,0,0
14131,C3D8,0.325767,0,0,0,0,0,0,0,0,0,0,0,0
14132,C3D8,0.325767,0,0,0,0,0,0,0,0,0,0,0,0
14133,C3D8,0.325767,0,0,0,0,0,0,0,0,0,0,0,0
14134,C3D8,0.325766,0,0,0,0,0,0,0,0,0,0,0,0
14135,C3D8,0.325766,0,0,0,0,0,0,0,0,0,0,0,0
14136,C3D8,0.325766,0,0,0,0,0,0,0,0,0,0,0,0
14137,C3D8,0.325767,0,0,0,0,0,0,0,0,0,0,0,0
14138,C3D8,0.325767,0,0,0,0,0,0,0,0,0,0,0,0
14139,C3D8,0.325767,0,0,0,0,0,0,0,0,0,0,0,0
14140,C3D8,0.325766,0,0,0,0,0,0,0,0,0,0,0,0
14141,C3D8,0.325766,0,0,0,0,0,0,0,0,0,0,0,0
14142,C3D8,0.325766,0,0,0,0,0,0,0,0,0,0,0,0
14143,C3D8,0.325767,0,0,0,0,0,0,0,0,0,0,0,0
14144,C3D8,0.325767,0,0,0,0,0,0,0,0,0,0,0,0
14145,C3D8,0.325767,0,0,0,0,0,0,0,0,0,0,0,0
14146,C3D8,0.325766,0,0,0,0,0,0,0,0,0,0,0,0
14147,C3D8,0.325766,0,0,0,0,0,0,0,0,0,0,0,0
14148,C3D8,0.325766,0,0,0,0,0,0,0,0,0,0,0,0
14149,C3D8,0.325767,0,0,0,0,0,0,0,0,0,0,0,0
14150,C3D8,0.325767,0,0,0,0,0,0,0,0,0,0,0,0
14151,C3D8,0.325767,0,0,0,0,0,0,0,0,0,0,0,0
14152,C3D8,0.325766,0,0,0,0,0,0,0,0,0,0,0,0
14153,C3D8,0.325766,0,0,0,0,0,0,0,0,0,0,0,0
14154,C3D8,0.325766,0,0,0,0,0,0,0,0,0,0,0,0
14155,C3D8,0.325767,0,0,0,0,0,0,0,0,0,0,0,0
14156,C3D8,0.325767,0,0,0,0,0,0,0,0,0,0,0,0
14157,C3D8,0.325767,0,0,0,0,0,0,0,0,0,0,0,0
14158,C3D8,0.325766,0,0,0,0,0,0,0,0,0,0,0,0
14159,C3D8,0.325766,0,0,0,0,0,0,0,0,0,0,0,0
14160,C3D8,0.325766,0,0,0,0,0,0,0,0,0,0,0,0
14161,C3D8,0.325767,0,0,0,0,0,0,0,0,0,0,0,0
14162,C3D8,0.325767,0,0,0,0,0,0,0,0,0,0,0,0
14163,C3D8,0.325767,0,0,0,0,0,0,0,0,0,0,0,0
14164,C3D8,0.325766,0,0,0,0,0,0,0,0,0,0,0,0
14165,C3D8,0.325766,0,0,0,0,0,0,0,0,0,0,0,0
14166,C3D8,0.325766,0,0,0,0,0,0,0,0,0,0,0,0
14167,C3D8,0.325767,0,0,0,0,0,0,0,0,0,0,0,0
14168,C3D8,0.325767,0,0,0,0,0,0,0,0,0,0,0,0
14169,C3D8,0.325767,0,0,0,0,0,0,0,0,0,0,0,0
14170,C3D8,0.325766,0,0,0,0,0,0,0,0,0,0,0,0
14171,C3D8,0.325766,0,0,0,0,0,0,0,0,0,0,0,0
14172,C3D8,0.325766,0,0,0,0,0,0,0,0,0,0,0,0
14173,C3D8,0.325767,0,0,0,0,0,0,0,0,0,0,0,0
14174,C3D8,0.325767,0,0,0,0,0,0,0,0,0,0,0,0
14175,C3D8,0.325767,0,0,0,0,0,0,0,0,0,0,0,0
14176,C3D8,0.325766,0,0,0,0,0,0,0,0,0,0,0,0
14177,C3D8,0.325766,0,0,0,0,0,0,0,0,0,0,0,0
14178,C3D8,0.325766,0,0,0,0,0,0,0,0,0,0,0,0
14179,C3D8,0.325766,0,0,0,0,0,0,0,0,0,0,0,0
14180,C3D8,0.325766,0,0,0,0,0,0,0,0,0,0,0,0
14181,C3D8,0.325766,0,0,0,0,0,0,0,0,0,0,0,0
14182,C3D8,0.325767,0,0,0,0,0,0,0,0,0,0,0,0
14183,C3D8,0.325767,0,0,0,0,0,0,0,0,0,0,0,0
14184,C3D8,0.325767,0,0,0,0,0,0,0,0,0,0,0,0
14185,C3D8,0.325766,0,0,0,0,0,0,0,0,0,0,0,0
14186,C3D8,0.325766,0,0,0,0,0,0,0,0,0,0,0,0
14187,C3D8,0.325766,0,0,0,0,0,0,0,0,0,0,0,0
14188,C3D8,0.325766,0,0,0,0,0,0,0,0,0,0,0,0
14189,C3D8,0.325766,0,0,0,0,0,0,0,0,0,0,0,0
14190,C3D8,0.325766,0,0,0,0,0,0,0,0,0,0,0,0
14191,C3D8,0.325767,0,0,0,0,0,0,0,0,0,0,0,0
14192,C3D8,0.325767,0,0,0,0,0,0,0,0,0,0,0,0
14193,C3D8,0.325767,0,0,0,0,0,0,0,0,0,0,0,0
14194,C3D8,0.325766,0,0,0,0,0,0,0,0,0,0,0,0
14195,C3D8,0.325766,0,0,0,0,0,0,0,0,0,0,0,0
14196,C3D8,0.325766,0,0,0,0,0,0,0,0,0,0,0,0
14197,C3D8,0.325766,0,0,0,0,0,0,0,0,0,0,0,0
14198,C3D8,0.325766,0,0,0,0,0,0,0,0,0,0,0,0
14199,C3D8,0.325766,0,0,0,0,0,0,0,0,0,0,0,0
14200,C3D8,0.325766,0,0,0,0,0,0,0,0,0,0,0,0
14201,C3D8,0.325766,0,0,0,0,0,0,0,0,0,0,0,0
14202,C3D8,0.325766,0,0,0,0,0,0,0,0,0,0,0,0
14203,C3D8,0.325767,0,0,0,0,0,0,0,0,0,0,0,0
14204,C3D8,0.325767,0,0,0,0,0,0,0,0,0,0,0,0
14205,C3D8,0.325767,0,0,0,0,0,0,0,0,0,0,0,0
14206,C3D8,0.325766,0,0,0,0,0,0,0,0,0,0,0,0
14207,C3D8,0.325766,0,0,0,0,0,0,0,0,0,0,0,0
14208,C3D8,0.325766,0,0,0,0,0,0,0,0,0,0,0,0
14209,C3D8,0.325766,0,0,0,0,0,0,0,0,0,0,0,0
14210,C3D8,0.325766,0,0,0,0,0,0,0,0,0,0,0,0
14211,C3D8,0.325766,0,0,0,0,0,0,0,0,0,0,0,0
14212,C3D8,0.325766,0,0,0,0,0,0,0,0,0,0,0,0
14213,C3D8,0.325766,0,0,0,0,0,0,0,0,0,0,0,0
14214,C3D8,0.325766,0,0,0,0,0,0,0,0,0,0,0,0
14215,C3D8,0.325767,0,0,0,0,0,0,0,0,0,0,0,0
14216,C3D8,0.325767,0,0,0,0,0,0,0,0,0,0,0,0
14217,C3D8,0.325767,0,0,0,0,0,0,0,0,0,0,0,0
14218,C3D8,0.325766,0,0,0,0,0,0,0,0,0,0,0,0
14219,C3D8,0.325766,0,0,0,0,0,0,0,0,0,0,0,0
14220,C3D8,0.325766,0,0,0,0,0,0,0,0,0,0,0,0
14221,C3D8,0.325766,0,0,0,0,0,0,0,0,0,0,0,0
14222,C3D8,0.325766,0,0,0,0,0,0,0,0,0,0,0,0
14223,C3D8,0.325766,0,0,0,0,0,0,0,0,0,0,0,0
14224,C3D8,0.325766,0,0,0,0,0,0,0,0,0,0,0,0
14225,C3D8,0.325766,0,0,0,0,0,0,0,0,0,0,0,0
14226,C3D8,0.325766,0,0,0,0,0,0,0,0,0,0,0,0
14227,C3D8,0.325767,0,0,0,0,0,0,0,0,0,0,0,0
14228,C3D8,0.325767,0,0,0,0,0,0,0,0,0,0,0,0
14229,C3D8,0.325767,0,0,0,0,0,0,0,0,0,0,0,0
14230,C3D8,0.325766,0,0,0,0,0,0,0,0,0,0,0,0
14231,C3D8,0.325766,0,0,0,0,0,0,0,0,0,0,0,0
14232,C3D8,0.325766,0,0,0,0,0,0,0,0,0,0,0,0
14233,C3D8,0.325766,0,0,0,0,0,0,0,0,0,0,0,0
14234,C3D8,0.325766,0,0,0,0,0,0,0,0,0,0,0,0
14235,C3D8,0.325766,0,0,0,0,0,0,0,0,0,0,0,0
14236,C3D8,0.325767,0,0,0,0,0,0,0,0,0,0,0,0
14237,C3D8,0.325767,0,0,0,0,0,0,0,0,0,0,0,0
14238,C3D8,0.325767,0,0,0,0,0,0,0,0,0,0,0,0
14239,C3D8,0.325766,0,0,0,0,0,0,0,0,0,0,0,0
14240,C3D8,0.325766,0,0,0,0,0,0,0,0,0,0,0,0
14241,C3D8,0.325766,0,0,0,0,0,0,0,0,0,0,0,0
14242,C3D8,0.325766,0,0,0,0,0,0,0,0,0,0,0,0
14243,C3D8,0.325766,0,0,0,0,0,0,0,0,0,0,0,0
14244,C3D8,0.325766,0,0,0,0,0,0,0,0,0,0,0,0
14245,C3D8,0.325766,0,0,0,0,0,0,0,0,0,0,0,0
14246,C3D8,0.325766,0,0,0,0,0,0,0,0,0,0,0,0
14247,C3D8,0.325766,0,0,0,0,0,0,0,0,0,0,0,0
14248,C3D8,0.325767,0,0,0,0,0,0,0,0,0,0,0,0
14249,C3D8,0.325767,0,0,0,0,0,0,0,0,0,0,0,0
14250,C3D8,0.325767,0,0,0,0,0,0,0,0,0,0,0,0
14251,C3D8,0.325766,0,0,0,0,0,0,0,0,0,0,0,0
14252,C3D8,0.325766,0,0,0,0,0,0,0,0,0,0,0,0
14253,C3D8,0.325766,0,0,0,0,0,0,0,0,0,0,0,0
14254,C3D8,0.325766,0,0,0,0,0,0,0,0,0,0,0,0
14255,C3D8,0.325766,0,0,0,0,0,0,0,0,0,0,0,0
14256,C3D8,0.325766,0,0,0,0,0,0,0,0,0,0,0,0
14257,C3D8,0.325766,0,0,0,0,0,0,0,0,0,0,0,0
14258,C3D8,0.325766,0,0,0,0,0,0,0,0,0,0,0,0
14259,C3D8,0.325766,0,0,0,0,0,0,0,0,0,0,0,0
14260,C3D8,0.325767,0,0,0,0,0,0,0,0,0,0,0,0
14261,C3D8,0.325767,0,0,0,0,0,0,0,0,0,0,0,0
14262,C3D8,0.325767,0,0,0,0,0,0,0,0,0,0,0,0
14263,C3D8,0.325766,0,0,0,0,0,0,0,0,0,0,0,0
14264,C3D8,0.325766,0,0,0,0,0,0,0,0,0,0,0,0
14265,C3D8,0.325766,0,0,0,0,0,0,0,0,0,0,0,0
14266,C3D8,0.325766,0,0,0,0,0,0,0,0,0,0,0,0
14267,C3D8,0.325766,0,0,0,0,0,0,0,0,0,0,0,0
14268,C3D8,0.325766,0,0,0,0,0,0,0,0,0,0,0,0
14269,C3D8,0.325766,0,0,0,0,0,0,0,0,0,0,0,0
14270,C3D8,0.325766,0,0,0,0,0,0,0,0,0,0,0,0
14271,C3D8,0.325766,0,0,0,0,0,0,0,0,0,0,0,0
14272,C3D8,0.325767,0,0,0,0,0,0,0,0,0,0,0,0
14273,C3D8,0.325767,0,0,0,0,0,0,0,0,0,0,0,0
14274,C3D8,0.325767,0,0,0,0,0,0,0,0,0,0,0,0
14275,C3D8,0.325765,0,0,0,0,0,0,0,0,0,0,0,0
14276,C3D8,0.325765,0,0,0,0,0,0,0,0,0,0,0,0
14277,C3D8,0.325765,0,0,0,0,0,0,0,0,0,0,0,0
14278,C3D8,0.325769,0,0,0,0,0,0,0,0,0,0,0,0
14279,C3D8,0.325769,0,0,0,0,0,0,0,0,0,0,0,0
14280,C3D8,0.325769,0,0,0,0,0,0,0,0,0,0,0,0
14281,C3D8,0.325766,0,0,0,0,0,0,0,0,0,0,0,0
14282,C3D8,0.325766,0,0,0,0,0,0,0,0,0,0,0,0
14283,C3D8,0.325766,0,0,0,0,0,0,0,0,0,0,0,0
14284,C3D8,0.325766,0,0,0,0,0,0,0,0,0,0,0,0
14285,C3D8,0.325766,0,0,0,0,0,0,0,0,0,0,0,0
14286,C3D8,0.325766,0,0,0,0,0,0,0,0,0,0,0,0
14287,C3D8,0.325766,0,0,0,0,0,0,0,0,0,0,0,0
14288,C3D8,0.325766,0,0,0,0,0,0,0,0,0,0,0,0
14289,C3D8,0.325766,0,0,0,0,0,0,0,0,0,0,0,0
14290,C3D8,0.325767,0,0,0,0,0,0,0,0,0,0,0,0
14291,C3D8,0.325767,0,0,0,0,0,0,0,0,0,0,0,0
14292,C3D8,0.325767,0,0,0,0,0,0,0,0,0,0,0,0
14293,C3D8,0.325766,0,0,0,0,0,0,0,0,0,0,0,0
14294,C3D8,0.325766,0,0,0,0,0,0,0,0,0,0,0,0
14295,C3D8,0.325766,0,0,0,0,0,0,0,0,0,0,0,0
14296,C3D8,0.325767,0,0,0,0,0,0,0,0,0,0,0,0
14297,C3D8,0.325767,0,0,0,0,0,0,0,0,0,0,0,0
14298,C3D8,0.325767,0,0,0,0,0,0,0,0,0,0,0,0
14299,C3D8,0.325766,0,0,0,0,0,0,0,0,0,0,0,0
14300,C3D8,0.325766,0,0,0,0,0,0,0,0,0,0,0,0
14301,C3D8,0.325766,0,0,0,0,0,0,0,0,0,0,0,0
14302,C3D8,0.325767,0,0,0,0,0,0,0,0,0,0,0,0
14303,C3D8,0.325767,0,0,0,0,0,0,0,0,0,0,0,0
14304,C3D8,0.325767,0,0,0,0,0,0,0,0,0,0,0,0
14305,C3D8,0.325766,0,0,0,0,0,0,0,0,0,0,0,0
14306,C3D8,0.325766,0,0,0,0,0,0,0,0,0,0,0,0
14307,C3D8,0.325766,0,0,0,0,0,0,0,0,0,0,0,0
14308,C3D8,0.325767,0,0,0,0,0,0,0,0,0,0,0,0
14309,C3D8,0.325767,0,0,0,0,0,0,0,0,0,0,0,0
14310,C3D8,0.325767,0,0,0,0,0,0,0,0,0,0,0,0
14311,C3D8,0.325766,0,0,0,0,0,0,0,0,0,0,0,0
14312,C3D8,0.325766,0,0,0,0,0,0,0,0,0,0,0,0
14313,C3D8,0.325766,0,0,0,0,0,0,0,0,0,0,0,0
14314,C3D8,0.325767,0,0,0,0,0,0,0,0,0,0,0,0
14315,C3D8,0.325767,0,0,0,0,0,0,0,0,0,0,0,0
14316,C3D8,0.325767,0,0,0,0,0,0,0,0,0,0,0,0
14317,C3D8,0.325766,0,0,0,0,0,0,0,0,0,0,0,0
14318,C3D8,0.325766,0,0,0,0,0,0,0,0,0,0,0,0
14319,C3D8,0.325766,0,0,0,0,0,0,0,0,0,0,0,0
14320,C3D8,0.325767,0,0,0,0,0,0,0,0,0,0,0,0
14321,C3D8,0.325767,0,0,0,0,0,0,0,0,0,0,0,0
14322,C3D8,0.325767,0,0,0,0,0,0,0,0,0,0,0,0
14323,C3D8,0.325766,0,0,0,0,0,0,0,0,0,0,0,0
14324,C3D8,0.325766,0,0,0,0,0,0,0,0,0,0,0,0
14325,C3D8,0.325766,0,0,0,0,0,0,0,0,0,0,0,0
14326,C3D8,0.325767,0,0,0,0,0,0,0,0,0,0,0,0
14327,C3D8,0.325767,0,0,0,0,0,0,0,0,0,0,0,0
14328,C3D8,0.325767,0,0,0,0,0,0,0,0,0,0,0,0
14329,C3D8,0.325766,0,0,0,0,0,0,0,0,0,0,0,0
14330,C3D8,0.325766,0,0,0,0,0,0,0,0,0,0,0,0
14331,C3D8,0.325766,0,0,0,0,0,0,0,0,0,0,0,0
14332,C3D8,0.325767,0,0,0,0,0,0,0,0,0,0,0,0
14333,C3D8,0.325767,0,0,0,0,0,0,0,0,0,0,0,0
14334,C3D8,0.325767,0,0,0,0,0,0,0,0,0,0,0,0
14335,C3D8,0.325766,0,0,0,0,0,0,0,0,0,0,0,0
14336,C3D8,0.325766,0,0,0,0,0,0,0,0,0,0,0,0
14337,C3D8,0.325766,0,0,0,0,0,0,0,0,0,0,0,0
14338,C3D8,0.325766,0,0,0,0,0,0,0,0,0,0,0,0
14339,C3D8,0.325766,0,0,0,0,0,0,0,0,0,0,0,0
14340,C3D8,0.325766,0,0,0,0,0,0,0,0,0,0,0,0
14341,C3D8,0.325768,0,0,0,0,0,0,0,0,0,0,0,0
14342,C3D8,0.325768,0,0,0,0,0,0,0,0,0,0,0,0
14343,C3D8,0.325768,0,0,0,0,0,0,0,0,0,0,0,0
14344,C3D8,0.325766,0,0,0,0,0,0,0,0,0,0,0,0
14345,C3D8,0.325766,0,0,0,0,0,0,0,0,0,0,0,0
14346,C3D8,0.325766,0,0,0,0,0,0,0,0,0,0,0,0
14347,C3D8,0.325766,0,0,0,0,0,0,0,0,0,0,0,0
14348,C3D8,0.325766,0,0,0,0,0,0,0,0,0,0,0,0
14349,C3D8,0.325766,0,0,0,0,0,0,0,0,0,0,0,0
14350,C3D8,0.325768,0,0,0,0,0,0,0,0,0,0,0,0
14351,C3D8,0.325768,0,0,0,0,0,0,0,0,0,0,0,0
14352,C3D8,0.325768,0,0,0,0,0,0,0,0,0,0,0,0
14353,C3D8,0.325766,0,0,0,0,0,0,0,0,0,0,0,0
14354,C3D8,0.325766,0,0,0,0,0,0,0,0,0,0,0,0
14355,C3D8,0.325766,0,0,0,0,0,0,0,0,0,0,0,0
14356,C3D8,0.325766,0,0,0,0,0,0,0,0,0,0,0,0
14357,C3D8,0.325766,0,0,0,0,0,0,0,0,0,0,0,0
14358,C3D8,0.325766,0,0,0,0,0,0,0,0,0,0,0,0
14359,C3D8,0.325766,0,0,0,0,0,0,0,0,0,0,0,0
14360,C3D8,0.325766,0,0,0,0,0,0,0,0,0,0,0,0
14361,C3D8,0.325766,0,0,0,0,0,0,0,0,0,0,0,0
14362,C3D8,0.325768,0,0,0,0,0,0,0,0,0,0,0,0
14363,C3D8,0.325768,0,0,0,0,0,0,0,0,0,0,0,0
14364,C3D8,0.325768,0,0,0,0,0,0,0,0,0,0,0,0
14365,C3D8,0.325766,0,0,0,0,0,0,0,0,0,0,0,0
14366,C3D8,0.325766,0,0,0,0,0,0,0,0,0,0,0,0
14367,C3D8,0.325766,0,0,0,0,0,0,0,0,0,0,0,0
14368,C3D8,0.325766,0,0,0,0,0,0,0,0,0,0,0,0
14369,C3D8,0.325766,0,0,0,0,0,0,0,0,0,0,0,0
14370,C3D8,0.325766,0,0,0,0,0,0,0,0,0,0,0,0
14371,C3D8,0.325766,0,0,0,0,0,0,0,0,0,0,0,0
14372,C3D8,0.325766,0,0,0,0,0,0,0,0,0,0,0,0
14373,C3D8,0.325766,0,0,0,0,0,0,0,0,0,0,0,0
14374,C3D8,0.325768,0,0,0,0,0,0,0,0,0,0,0,0
14375,C3D8,0.325768,0,0,0,0,0,0,0,0,0,0,0,0
14376,C3D8,0.325768,0,0,0,0,0,0,0,0,0,0,0,0
14377,C3D8,0.325766,0,0,0,0,0,0,0,0,0,0,0,0
14378,C3D8,0.325766,0,0,0,0,0,0,0,0,0,0,0,0
14379,C3D8,0.325766,0,0,0,0,0,0,0,0,0,0,0,0
14380,C3D8,0.325766,0,0,0,0,0,0,0,0,0,0,0,0
14381,C3D8,0.325766,0,0,0,0,0,0,0,0,0,0,0,0
14382,C3D8,0.325766,0,0,0,0,0,0,0,0,0,0,0,0
14383,C3D8,0.325766,0,0,0,0,0,0,0,0,0,0,0,0
14384,C3D8,0.325766,0,0,0,0,0,0,0,0,0,0,0,0
14385,C3D8,0.325766,0,0,0,0,0,0,0,0,0,0,0,0
14386,C3D8,0.325768,0,0,0,0,0,0,0,0,0,0,0,0
14387,C3D8,0.325768,0,0,0,0,0,0,0,0,0,0,0,0
14388,C3D8,0.325768,0,0,0,0,0,0,0,0,0,0,0,0
14389,C3D8,0.325766,0,0,0,0,0,0,0,0,0,0,0,0
14390,C3D8,0.325766,0,0,0,0,0,0,0,0,0,0,0,0
14391,C3D8,0.325766,0,0,0,0,0,0,0,0,0,0,0,0
14392,C3D8,0.325766,0,0,0,0,0,0,0,0,0,0,0,0
14393,C3D8,0.325766,0,0,0,0,0,0,0,0,0,0,0,0
14394,C3D8,0.325766,0,0,0,0,0,0,0,0,0,0,0,0
14395,C3D8,0.325768,0,0,0,0,0,0,0,0,0,0,0,0
14396,C3D8,0.325768,0,0,0,0,0,0,0,0,0,0,0,0
14397,C3D8,0.325768,0,0,0,0,0,0,0,0,0,0,0,0
14398,C3D8,0.325766,0,0,0,0,0,0,0,0,0,0,0,0
14399,C3D8,0.325766,0,0,0,0,0,0,0,0,0,0,0,0
14400,C3D8,0.325766,0,0,0,0,0,0,0,0,0,0,0,0
14401,C3D8,0.325766,0,0,0,0,0,0,0,0,0,0,0,0
14402,C3D8,0.325766,0,0,0,0,0,0,0,0,0,0,0,0
14403,C3D8,0.325766,0,0,0,0,0,0,0,0,0,0,0,0
14404,C3D8,0.325766,0,0,0,0,0,0,0,0,0,0,0,0
14405,C3D8,0.325766,0,0,0,0,0,0,0,0,0,0,0,0
14406,C3D8,0.325766,0,0,0,0,0,0,0,0,0,0,0,0
14407,C3D8,0.325768,0,0,0,0,0,0,0,0,0,0,0,0
14408,C3D8,0.325768,0,0,0,0,0,0,0,0,0,0,0,0
14409,C3D8,0.325768,0,0,0,0,0,0,0,0,0,0,0,0
14410,C3D8,0.325766,0,0,0,0,0,0,0,0,0,0,0,0
14411,C3D8,0.325766,0,0,0,0,0,0,0,0,0,0,0,0
14412,C3D8,0.325766,0,0,0,0,0,0,0,0,0,0,0,0
14413,C3D8,0.325766,0,0,0,0,0,0,0,0,0,0,0,0
14414,C3D8,0.325766,0,0,0,0,0,0,0,0,0,0,0,0
14415,C3D8,0.325766,0,0,0,0,0,0,0,0,0,0,0,0
14416,C3D8,0.325766,0,0,0,0,0,0,0,0,0,0,0,0
14417,C3D8,0.325766,0,0,0,0,0,0,0,0,0,0,0,0
14418,C3D8,0.325766,0,0,0,0,0,0,0,0,0,0,0,0
14419,C3D8,0.325768,0,0,0,0,0,0,0,0,0,0,0,0
14420,C3D8,0.325768,0,0,0,0,0,0,0,0,0,0,0,0
14421,C3D8,0.325768,0,0,0,0,0,0,0,0,0,0,0,0
14422,C3D8,0.325766,0,0,0,0,0,0,0,0,0,0,0,0
14423,C3D8,0.325766,0,0,0,0,0,0,0,0,0,0,0,0
14424,C3D8,0.325766,0,0,0,0,0,0,0,0,0,0,0,0
14425,C3D8,0.325766,0,0,0,0,0,0,0,0,0,0,0,0
14426,C3D8,0.325766,0,0,0,0,0,0,0,0,0,0,0,0
14427,C3D8,0.325766,0,0,0,0,0,0,0,0,0,0,0,0
14428,C3D8,0.325766,0,0,0,0,0,0,0,0,0,0,0,0
14429,C3D8,0.325766,0,0,0,0,0,0,0,0,0,0,0,0
14430,C3D8,0.325766,0,0,0,0,0,0,0,0,0,0,0,0
14431,C3D8,0.325768,0,0,0,0,0,0,0,0,0,0,0,0
14432,C3D8,0.325768,0,0,0,0,0,0,0,0,0,0,0,0
14433,C3D8,0.325768,0,0,0,0,0,0,0,0,0,0,0,0
14434,C3D8,0.325765,0,0,0,0,0,0,0,0,0,0,0,0
14435,C3D8,0.325765,0,0,0,0,0,0,0,0,0,0,0,0
14436,C3D8,0.325765,0,0,0,0,0,0,0,0,0,0,0,0
14437,C3D8,0.325769,0,0,0,0,0,0,0,0,0,0,0,0
14438,C3D8,0.325769,0,0,0,0,0,0,0,0,0,0,0,0
14439,C3D8,0.325769,0,0,0,0,0,0,0,0,0,0,0,0
14440,C3D8,0.325766,0,0,0,0,0,0,0,0,0,0,0,0
14441,C3D8,0.325766,0,0,0,0,0,0,0,0,0,0,0,0
14442,C3D8,0.325766,0,0,0,0,0,0,0,0,0,0,0,0
14443,C3D8,0.325766,0,0,0,0,0,0,0,0,0,0,0,0
14444,C3D8,0.325766,0,0,0,0,0,0,0,0,0,0,0,0
14445,C3D8,0.325766,0,0,0,0,0,0,0,0,0,0,0,0
14446,C3D8,0.325766,0,0,0,0,0,0,0,0,0,0,0,0
14447,C3D8,0.325766,0,0,0,0,0,0,0,0,0,0,0,0
14448,C3D8,0.325766,0,0,0,0,0,0,0,0,0,0,0,0
14449,C3D8,0.325767,0,0,0,0,0,0,0,0,0,0,0,0
14450,C3D8,0.325767,0,0,0,0,0,0,0,0,0,0,0,0
14451,C3D8,0.325767,0,0,0,0,0,0,0,0,0,0,0,0
14452,C3D8,0.325766,0,0,0,0,0,0,0,0,0,0,0,0
14453,C3D8,0.325766,0,0,0,0,0,0,0,0,0,0,0,0
14454,C3D8,0.325766,0,0,0,0,0,0,0,0,0,0,0,0
14455,C3D8,0.325767,0,0,0,0,0,0,0,0,0,0,0,0
14456,C3D8,0.325767,0,0,0,0,0,0,0,0,0,0,0,0
14457,C3D8,0.325767,0,0,0,0,0,0,0,0,0,0,0,0
14458,C3D8,0.325766,0,0,0,0,0,0,0,0,0,0,0,0
14459,C3D8,0.325766,0,0,0,0,0,0,0,0,0,0,0,0
14460,C3D8,0.325766,0,0,0,0,0,0,0,0,0,0,0,0
14461,C3D8,0.325767,0,0,0,0,0,0,0,0,0,0,0,0
14462,C3D8,0.325767,0,0,0,0,0,0,0,0,0,0,0,0
14463,C3D8,0.325767,0,0,0,0,0,0,0,0,0,0,0,0
14464,C3D8,0.325766,0,0,0,0,0,0,0,0,0,0,0,0
14465,C3D8,0.325766,0,0,0,0,0,0,0,0,0,0,0,0
14466,C3D8,0.325766,0,0,0,0,0,0,0,0,0,0,0,0
14467,C3D8,0.325767,0,0,0,0,0,0,0,0,0,0,0,0
14468,C3D8,0.325767,0,0,0,0,0,0,0,0,0,0,0,0
14469,C3D8,0.325767,0,0,0,0,0,0,0,0,0,0,0,0
14470,C3D8,0.325766,0,0,0,0,0,0,0,0,0,0,0,0
14471,C3D8,0.325766,0,0,0,0,0,0,0,0,0,0,0,0
14472,C3D8,0.325766,0,0,0,0,0,0,0,0,0,0,0,0
14473,C3D8,0.325767,0,0,0,0,0,0,0,0,0,0,0,0
14474,C3D8,0.325767,0,0,0,0,0,0,0,0,0,0,0,0
14475,C3D8,0.325767,0,0,0,0,0,0,0,0,0,0,0,0
14476,C3D8,0.325766,0,0,0,0,0,0,0,0,0,0,0,0
14477,C3D8,0.325766,0,0,0,0,0,0,0,0,0,0,0,0
14478,C3D8,0.325766,0,0,0,0,0,0,0,0,0,0,0,0
14479,C3D8,0.325767,0,0,0,0,0,0,0,0,0,0,0,0
14480,C3D8,0.325767,0,0,0,0,0,0,0,0,0,0,0,0
14481,C3D8,0.325767,0,0,0,0,0,0,0,0,0,0,0,0
14482,C3D8,0.325766,0,0,0,0,0,0,0,0,0,0,0,0
14483,C3D8,0.325766,0,0,0,0,0,0,0,0,0,0,0,0
14484,C3D8,0.325766,0,0,0,0,0,0,0,0,0,0,0,0
14485,C3D8,0.325767,0,0,0,0,0,0,0,0,0,0,0,0
14486,C3D8,0.325767,0,0,0,0,0,0,0,0,0,0,0,0
14487,C3D8,0.325767,0,0,0,0,0,0,0,0,0,0,0,0
14488,C3D8,0.325766,0,0,0,0,0,0,0,0,0,0,0,0
14489,C3D8,0.325766,0,0,0,0,0,0,0,0,0,0,0,0
14490,C3D8,0.325766,0,0,0,0,0,0,0,0,0,0,0,0
14491,C3D8,0.325767,0,0,0,0,0,0,0,0,0,0,0,0
14492,C3D8,0.325767,0,0,0,0,0,0,0,0,0,0,0,0
14493,C3D8,0.325767,0,0,0,0,0,0,0,0,0,0,0,0
14494,C3D8,0.325766,0,0,0,0,0,0,0,0,0,0,0,0
14495,C3D8,0.325766,0,0,0,0,0,0,0,0,0,0,0,0
14496,C3D8,0.325766,0,0,0,0,0,0,0,0,0,0,0,0
14497,C3D8,0.325766,0,0,0,0,0,0,0,0,0,0,0,0
14498,C3D8,0.325766,0,0,0,0,0,0,0,0,0,0,0,0
14499,C3D8,0.325766,0,0,0,0,0,0,0,0,0,0,0,0
14500,C3D8,0.325767,0,0,0,0,0,0,0,0,0,0,0,0
14501,C3D8,0.325767,0,0,0,0,0,0,0,0,0,0,0,0
14502,C3D8,0.325767,0,0,0,0,0,0,0,0,0,0,0,0
14503,C3D8,0.325766,0,0,0,0,0,0,0,0,0,0,0,0
14504,C3D8,0.325766,0,0,0,0,0,0,0,0,0,0,0,0
14505,C3D8,0.325766,0,0,0,0,0,0,0,0,0,0,0,0
14506,C3D8,0.325766,0,0,0,0,0,0,0,0,0,0,0,0
14507,C3D8,0.325766,0,0,0,0,0,0,0,0,0,0,0,0
14508,C3D8,0.325766,0,0,0,0,0,0,0,0,0,0,0,0
14509,C3D8,0.325767,0,0,0,0,0,0,0,0,0,0,0,0
14510,C3D8,0.325767,0,0,0,0,0,0,0,0,0,0,0,0
14511,C3D8,0.325767,0,0,0,0,0,0,0,0,0,0,0,0
14512,C3D8,0.325766,0,0,0,0,0,0,0,0,0,0,0,0
14513,C3D8,0.325766,0,0,0,0,0,0,0,0,0,0,0,0
14514,C3D8,0.325766,0,0,0,0,0,0,0,0,0,0,0,0
14515,C3D8,0.325766,0,0,0,0,0,0,0,0,0,0,0,0
14516,C3D8,0.325766,0,0,0,0,0,0,0,0,0,0,0,0
14517,C3D8,0.325766,0,0,0,0,0,0,0,0,0,0,0,0
14518,C3D8,0.325766,0,0,0,0,0,0,0,0,0,0,0,0
14519,C3D8,0.325766,0,0,0,0,0,0,0,0,0,0,0,0
14520,C3D8,0.325766,0,0,0,0,0,0,0,0,0,0,0,0
14521,C3D8,0.325767,0,0,0,0,0,0,0,0,0,0,0,0
14522,C3D8,0.325767,0,0,0,0,0,0,0,0,0,0,0,0
14523,C3D8,0.325767,0,0,0,0,0,0,0,0,0,0,0,0
14524,C3D8,0.325766,0,0,0,0,0,0,0,0,0,0,0,0
14525,C3D8,0.325766,0,0,0,0,0,0,0,0,0,0,0,0
14526,C3D8,0.325766,0,0,0,0,0,0,0,0,0,0,0,0
14527,C3D8,0.325766,0,0,0,0,0,0,0,0,0,0,0,0
14528,C3D8,0.325766,0,0,0,0,0,0,0,0,0,0,0,0
14529,C3D8,0.325766,0,0,0,0,0,0,0,0,0,0,0,0
14530,C3D8,0.325766,0,0,0,0,0,0,0,0,0,0,0,0
14531,C3D8,0.325766,0,0,0,0,0,0,0,0,0,0,0,0
14532,C3D8,0.325766,0,0,0,0,0,0,0,0,0,0,0,0
14533,C3D8,0.325767,0,0,0,0,0,0,0,0,0,0,0,0
14534,C3D8,0.325767,0,0,0,0,0,0,0,0,0,0,0,0
14535,C3D8,0.325767,0,0,0,0,0,0,0,0,0,0,0,0
14536,C3D8,0.325766,0,0,0,0,0,0,0,0,0,0,0,0
14537,C3D8,0.325766,0,0,0,0,0,0,0,0,0,0,0,0
14538,C3D8,0.325766,0,0,0,0,0,0,0,0,0,0,0,0
14539,C3D8,0.325766,0,0,0,0,0,0,0,0,0,0,0,0
14540,C3D8,0.325766,0,0,0,0,0,0,0,0,0,0,0,0
14541,C3D8,0.325766,0,0,0,0,0,0,0,0,0,0,0,0
14542,C3D8,0.325766,0,0,0,0,0,0,0,0,0,0,0,0
14543,C3D8,0.325766,0,0,0,0,0,0,0,0,0,0,0,0
14544,C3D8,0.325766,0,0,0,0,0,0,0,0,0,0,0,0
14545,C3D8,0.325767,0,0,0,0,0,0,0,0,0,0,0,0
14546,C3D8,0.325767,0,0,0,0,0,0,0,0,0,0,0,0
14547,C3D8,0.325767,0,0,0,0,0,0,0,0,0,0,0,0
14548,C3D8,0.325766,0,0,0,0,0,0,0,0,0,0,0,0
14549,C3D8,0.325766,0,0,0,0,0,0,0,0,0,0,0,0
14550,C3D8,0.325766,0,0,0,0,0,0,0,0,0,0,0,0
14551,C3D8,0.325766,0,0,0,0,0,0,0,0,0,0,0,0
14552,C3D8,0.325766,0,0,0,0,0,0,0,0,0,0,0,0
14553,C3D8,0.325766,0,0,0,0,0,0,0,0,0,0,0,0
14554,C3D8,0.325767,0,0,0,0,0,0,0,0,0,0,0,0
14555,C3D8,0.325767,0,0,0,0,0,0,0,0,0,0,0,0
14556,C3D8,0.325767,0,0,0,0,0,0,0,0,0,0,0,0
14557,C3D8,0.325766,0,0,0,0,0,0,0,0,0,0,0,0
14558,C3D8,0.325766,0,0,0,0,0,0,0,0,0,0,0,0
14559,C3D8,0.325766,0,0,0,0,0,0,0,0,0,0,0,0
14560,C3D8,0.325766,0,0,0,0,0,0,0,0,0,0,0,0
14561,C3D8,0.325766,0,0,0,0,0,0,0,0,0,0,0,0
14562,C3D8,0.325766,0,0,0,0,0,0,0,0,0,0,0,0
14563,C3D8,0.325766,0,0,0,0,0,0,0,0,0,0,0,0
14564,C3D8,0.325766,0,0,0,0,0,0,0,0,0,0,0,0
14565,C3D8,0.325766,0,0,0,0,0,0,0,0,0,0,0,0
14566,C3D8,0.325767,0,0,0,0,0,0,0,0,0,0,0,0
14567,C3D8,0.325767,0,0,0,0,0,0,0,0,0,0,0,0
14568,C3D8,0.325767,0,0,0,0,0,0,0,0,0,0,0,0
14569,C3D8,0.325766,0,0,0,0,0,0,0,0,0,0,0,0
14570,C3D8,0.325766,0,0,0,0,0,0,0,0,0,0,0,0
14571,C3D8,0.325766,0,0,0,0,0,0,0,0,0,0,0,0
14572,C3D8,0.325766,0,0,0,0,0,0,0,0,0,0,0,0
14573,C3D8,0.325766,0,0,0,0,0,0,0,0,0,0,0,0
14574,C3D8,0.325766,0,0,0,0,0,0,0,0,0,0,0,0
14575,C3D8,0.325766,0,0,0,0,0,0,0,0,0,0,0,0
14576,C3D8,0.325766,0,0,0,0,0,0,0,0,0,0,0,0
14577,C3D8,0.325766,0,0,0,0,0,0,0,0,0,0,0,0
14578,C3D8,0.325767,0,0,0,0,0,0,0,0,0,0,0,0
14579,C3D8,0.325767,0,0,0,0,0,0,0,0,0,0,0,0
14580,C3D8,0.325767,0,0,0,0,0,0,0,0,0,0,0,0
14581,C3D8,0.325766,0,0,0,0,0,0,0,0,0,0,0,0
14582,C3D8,0.325766,0,0,0,0,0,0,0,0,0,0,0,0
14583,C3D8,0.325766,0,0,0,0,0,0,0,0,0,0,0,0
14584,C3D8,0.325766,0,0,0,0,0,0,0,0,0,0,0,0
14585,C3D8,0.325766,0,0,0,0,0,0,0,0,0,0,0,0
14586,C3D8,0.325766,0,0,0,0,0,0,0,0,0,0,0,0
14587,C3D8,0.325766,0,0,0,0,0,0,0,0,0,0,0,0
14588,C3D8,0.325766,0,0,0,0,0,0,0,0,0,0,0,0
14589,C3D8,0.325766,0,0,0,0,0,0,0,0,0,0,0,0
14590,C3D8,0.325767,0,0,0,0,0,0,0,0,0,0,0,0
14591,C3D8,0.325767,0,0,0,0,0,0,0,0,0,0,0,0
14592,C3D8,0.325767,0,0,0,0,0,0,0,0,0,0,0,0
14593,C3D8,0.325765,0,0,0,0,0,0,0,0,0,0,0,0
14594,C3D8,0.325765,0,0,0,0,0,0,0,0,0,0,0,0
14595,C3D8,0.325765,0,0,0,0,0,0,0,0,0,0,0,0
14596,C3D8,0.325769,0,0,0,0,0,0,0,0,0,0,0,0
14597,C3D8,0.325769,0,0,0,0,0,0,0,0,0,0,0,0
14598,C3D8,0.325768,0,0,0,0,0,0,0,0,0,0,0,0
14599,C3D8,0.325766,0,0,0,0,0,0,0,0,0,0,0,0
14600,C3D8,0.325766,0,0,0,0,0,0,0,0,0,0,0,0
14601,C3D8,0.325766,0,0,0,0,0,0,0,0,0,0,0,0
14602,C3D8,0.325766,0,0,0,0,0,0,0,0,0,0,0,0
14603,C3D8,0.325766,0,0,0,0,0,0,0,0,0,0,0,0
14604,C3D8,0.325766,0,0,0,0,0,0,0,0,0,0,0,0
14605,C3D8,0.325766,0,0,0,0,0,0,0,0,0,0,0,0
14606,C3D8,0.325766,0,0,0,0,0,0,0,0,0,0,0,0
14607,C3D8,0.325766,0,0,0,0,0,0,0,0,0,0,0,0
14608,C3D8,0.325767,0,0,0,0,0,0,0,0,0,0,0,0
14609,C3D8,0.325767,0,0,0,0,0,0,0,0,0,0,0,0
14610,C3D8,0.325767,0,0,0,0,0,0,0,0,0,0,0,0
14611,C3D8,0.325766,0,0,0,0,0,0,0,0,0,0,0,0
14612,C3D8,0.325766,0,0,0,0,0,0,0,0,0,0,0,0
14613,C3D8,0.325766,0,0,0,0,0,0,0,0,0,0,0,0
14614,C3D8,0.325767,0,0,0,0,0,0,0,0,0,0,0,0
14615,C3D8,0.325767,0,0,0,0,0,0,0,0,0,0,0,0
14616,C3D8,0.325767,0,0,0,0,0,0,0,0,0,0,0,0
14617,C3D8,0.325766,0,0,0,0,0,0,0,0,0,0,0,0
14618,C3D8,0.325766,0,0,0,0,0,0,0,0,0,0,0,0
14619,C3D8,0.325766,0,0,0,0,0,0,0,0,0,0,0,0
14620,C3D8,0.325767,0,0,0,0,0,0,0,0,0,0,0,0
14621,C3D8,0.325767,0,0,0,0,0,0,0,0,0,0,0,0
14622,C3D8,0.325767,0,0,0,0,0,0,0,0,0,0,0,0
14623,C3D8,0.325766,0,0,0,0,0,0,0,0,0,0,0,0
14624,C3D8,0.325766,0,0,0,0,0,0,0,0,0,0,0,0
14625,C3D8,0.325766,0,0,0,0,0,0,0,0,0,0,0,0
14626,C3D8,0.325767,0,0,0,0,0,0,0,0,0,0,0,0
14627,C3D8,0.325767,0,0,0,0,0,0,0,0,0,0,0,0
14628,C3D8,0.325767,0,0,0,0,0,0,0,0,0,0,0,0
14629,C3D8,0.325766,0,0,0,0,0,0,0,0,0,0,0,0
14630,C3D8,0.325766,0,0,0,0,0,0,0,0,0,0,0,0
14631,C3D8,0.325766,0,0,0,0,0,0,0,0,0,0,0,0
14632,C3D8,0.325767,0,0,0,0,0,0,0,0,0,0,0,0
14633,C3D8,0.325767,0,0,0,0,0,0,0,0,0,0,0,0
14634,C3D8,0.325767,0,0,0,0,0,0,0,0,0,0,0,0
14635,C3D8,0.325766,0,0,0,0,0,0,0,0,0,0,0,0
14636,C3D8,0.325766,0,0,0,0,0,0,0,0,0,0,0,0
14637,C3D8,0.325766,0,0,0,0,0,0,0,0,0,0,0,0
14638,C3D8,0.325767,0,0,0,0,0,0,0,0,0,0,0,0
14639,C3D8,0.325767,0,0,0,0,0,0,0,0,0,0,0,0
14640,C3D8,0.325767,0,0,0,0,0,0,0,0,0,0,0,0
14641,C3D8,0.325766,0,0,0,0,0,0,0,0,0,0,0,0
14642,C3D8,0.325766,0,0,0,0,0,0,0,0,0,0,0,0
14643,C3D8,0.325766,0,0,0,0,0,0,0,0,0,0,0,0
14644,C3D8,0.325767,0,0,0,0,0,0,0,0,0,0,0,0
14645,C3D8,0.325767,0,0,0,0,0,0,0,0,0,0,0,0
14646,C3D8,0.325767,0,0,0,0,0,0,0,0,0,0,0,0
14647,C3D8,0.325766,0,0,0,0,0,0,0,0,0,0,0,0
14648,C3D8,0.325766,0,0,0,0,0,0,0,0,0,0,0,0
14649,C3D8,0.325766,0,0,0,0,0,0,0,0,0,0,0,0
14650,C3D8,0.325767,0,0,0,0,0,0,0,0,0,0,0,0
14651,C3D8,0.325767,0,0,0,0,0,0,0,0,0,0,0,0
14652,C3D8,0.325767,0,0,0,0,0,0,0,0,0,0,0,0
14653,C3D8,0.325766,0,0,0,0,0,0,0,0,0,0,0,0
14654,C3D8,0.325766,0,0,0,0,0,0,0,0,0,0,0,0
14655,C3D8,0.325766,0,0,0,0,0,0,0,0,0,0,0,0
14656,C3D8,0.325766,0,0,0,0,0,0,0,0,0,0,0,0
14657,C3D8,0.325766,0,0,0,0,0,0,0,0,0,0,0,0
14658,C3D8,0.325766,0,0,0,0,0,0,0,0,0,0,0,0
14659,C3D8,0.325768,0,0,0,0,0,0,0,0,0,0,0,0
14660,C3D8,0.325768,0,0,0,0,0,0,0,0,0,0,0,0
14661,C3D8,0.325768,0,0,0,0,0,0,0,0,0,0,0,0
14662,C3D8,0.325766,0,0,0,0,0,0,0,0,0,0,0,0
14663,C3D8,0.325766,0,0,0,0,0,0,0,0,0,0,0,0
14664,C3D8,0.325766,0,0,0,0,0,0,0,0,0,0,0,0
14665,C3D8,0.325766,0,0,0,0,0,0,0,0,0,0,0,0
14666,C3D8,0.325766,0,0,0,0,0,0,0,0,0,0,0,0
14667,C3D8,0.325766,0,0,0,0,0,0,0,0,0,0,0,0
14668,C3D8,0.325768,0,0,0,0,0,0,0,0,0,0,0,0
14669,C3D8,0.325768,0,0,0,0,0,0,0,0,0,0,0,0
14670,C3D8,0.325768,0,0,0,0,0,0,0,0,0,0,0,0
14671,C3D8,0.325766,0,0,0,0,0,0,0,0,0,0,0,0
14672,C3D8,0.325766,0,0,0,0,0,0,0,0,0,0,0,0
14673,C3D8,0.325766,0,0,0,0,0,0,0,0,0,0,0,0
14674,C3D8,0.325766,0,0,0,0,0,0,0,0,0,0,0,0
14675,C3D8,0.325766,0,0,0,0,0,0,0,0,0,0,0,0
14676,C3D8,0.325766,0,0,0,0,0,0,0,0,0,0,0,0
14677,C3D8,0.325766,0,0,0,0,0,0,0,0,0,0,0,0
14678,C3D8,0.325766,0,0,0,0,0,0,0,0,0,0,0,0
14679,C3D8,0.325766,0,0,0,0,0,0,0,0,0,0,0,0
14680,C3D8,0.325768,0,0,0,0,0,0,0,0,0,0,0,0
14681,C3D8,0.325768,0,0,0,0,0,0,0,0,0,0,0,0
14682,C3D8,0.325768,0,0,0,0,0,0,0,0,0,0,0,0
14683,C3D8,0.325766,0,0,0,0,0,0,0,0,0,0,0,0
14684,C3D8,0.325766,0,0,0,0,0,0,0,0,0,0,0,0
14685,C3D8,0.325766,0,0,0,0,0,0,0,0,0,0,0,0
14686,C3D8,0.325766,0,0,0,0,0,0,0,0,0,0,0,0
14687,C3D8,0.325766,0,0,0,0,0,0,0,0,0,0,0,0
14688,C3D8,0.325766,0,0,0,0,0,0,0,0,0,0,0,0
14689,C3D8,0.325766,0,0,0,0,0,0,0,0,0,0,0,0
14690,C3D8,0.325766,0,0,0,0,0,0,0,0,0,0,0,0
14691,C3D8,0.325766,0,0,0,0,0,0,0,0,0,0,0,0
14692,C3D8,0.325768,0,0,0,0,0,0,0,0,0,0,0,0
14693,C3D8,0.325768,0,0,0,0,0,0,0,0,0,0,0,0
14694,C3D8,0.325768,0,0,0,0,0,0,0,0,0,0,0,0
14695,C3D8,0.325766,0,0,0,0,0,0,0,0,0,0,0,0
14696,C3D8,0.325766,0,0,0,0,0,0,0,0,0,0,0,0
14697,C3D8,0.325766,0,0,0,0,0,0,0,0,0,0,0,0
14698,C3D8,0.325766,0,0,0,0,0,0,0,0,0,0,0,0
14699,C3D8,0.325766,0,0,0,0,0,0,0,0,0,0,0,0
14700,C3D8,0.325766,0,0,0,0,0,0,0,0,0,0,0,0
14701,C3D8,0.325766,0,0,0,0,0,0,0,0,0,0,0,0
14702,C3D8,0.325766,0,0,0,0,0,0,0,0,0,0,0,0
14703,C3D8,0.325766,0,0,0,0,0,0,0,0,0,0,0,0
14704,C3D8,0.325768,0,0,0,0,0,0,0,0,0,0,0,0
14705,C3D8,0.325768,0,0,0,0,0,0,0,0,0,0,0,0
14706,C3D8,0.325768,0,0,0,0,0,0,0,0,0,0,0,0
14707,C3D8,0.325766,0,0,0,0,0,0,0,0,0,0,0,0
14708,C3D8,0.325766,0,0,0,0,0,0,0,0,0,0,0,0
14709,C3D8,0.325766,0,0,0,0,0,0,0,0,0,0,0,0
14710,C3D8,0.325766,0,0,0,0,0,0,0,0,0,0,0,0
14711,C3D8,0.325766,0,0,0,0,0,0,0,0,0,0,0,0
14712,C3D8,0.325766,0,0,0,0,0,0,0,0,0,0,0,0
14713,C3D8,0.325768,0,0,0,0,0,0,0,0,0,0,0,0
14714,C3D8,0.325768,0,0,0,0,0,0,0,0,0,0,0,0
14715,C3D8,0.325768,0,0,0,0,0,0,0,0,0,0,0,0
14716,C3D8,0.325766,0,0,0,0,0,0,0,0,0,0,0,0
14717,C3D8,0.325766,0,0,0,0,0,0,0,0,0,0,0,0
14718,C3D8,0.325766,0,0,0,0,0,0,0,0,0,0,0,0
14719,C3D8,0.325766,0,0,0,0,0,0,0,0,0,0,0,0
14720,C3D8,0.325766,0,0,0,0,0,0,0,0,0,0,0,0
14721,C3D8,0.325766,0,0,0,0,0,0,0,0,0,0,0,0
14722,C3D8,0.325766,0,0,0,0,0,0,0,0,0,0,0,0
14723,C3D8,0.325766,0,0,0,0,0,0,0,0,0,0,0,0
14724,C3D8,0.325766,0,0,0,0,0,0,0,0,0,0,0,0
14725,C3D8,0.325768,0,0,0,0,0,0,0,0,0,0,0,0
14726,C3D8,0.325768,0,0,0,0,0,0,0,0,0,0,0,0
14727,C3D8,0.325768,0,0,0,0,0,0,0,0,0,0,0,0
14728,C3D8,0.325766,0,0,0,0,0,0,0,0,0,0,0,0
14729,C3D8,0.325766,0,0,0,0,0,0,0,0,0,0,0,0
14730,C3D8,0.325766,0,0,0,0,0,0,0,0,0,0,0,0
14731,C3D8,0.325766,0,0,0,0,0,0,0,0,0,0,0,0
14732,C3D8,0.325766,0,0,0,0,0,0,0,0,0,0,0,0
14733,C3D8,0.325766,0,0,0,0,0,0,0,0,0,0,0,0
14734,C3D8,0.325766,0,0,0,0,0,0,0,0,0,0,0,0
14735,C3D8,0.325766,0,0,0,0,0,0,0,0,0,0,0,0
14736,C3D8,0.325766,0,0,0,0,0,0,0,0,0,0,0,0
14737,C3D8,0.325768,0,0,0,0,0,0,0,0,0,0,0,0
14738,C3D8,0.325768,0,0,0,0,0,0,0,0,0,0,0,0
14739,C3D8,0.325768,0,0,0,0,0,0,0,0,0,0,0,0
14740,C3D8,0.325766,0,0,0,0,0,0,0,0,0,0,0,0
14741,C3D8,0.325766,0,0,0,0,0,0,0,0,0,0,0,0
14742,C3D8,0.325766,0,0,0,0,0,0,0,0,0,0,0,0
14743,C3D8,0.325766,0,0,0,0,0,0,0,0,0,0,0,0
14744,C3D8,0.325766,0,0,0,0,0,0,0,0,0,0,0,0
14745,C3D8,0.325766,0,0,0,0,0,0,0,0,0,0,0,0
14746,C3D8,0.325766,0,0,0,0,0,0,0,0,0,0,0,0
14747,C3D8,0.325766,0,0,0,0,0,0,0,0,0,0,0,0
14748,C3D8,0.325766,0,0,0,0,0,0,0,0,0,0,0,0
14749,C3D8,0.325768,0,0,0,0,0,0,0,0,0,0,0,0
14750,C3D8,0.325768,0,0,0,0,0,0,0,0,0,0,0,0
14751,C3D8,0.325768,0,0,0,0,0,0,0,0,0,0,0,0
14752,C3D8,0.325765,0,0,0,0,0,0,0,0,0,0,0,0
14753,C3D8,0.325765,0,0,0,0,0,0,0,0,0,0,0,0
14754,C3D8,0.325765,0,0,0,0,0,0,0,0,0,0,0,0
14755,C3D8,0.325769,0,0,0,0,0,0,0,0,0,0,0,0
14756,C3D8,0.325769,0,0,0,0,0,0,0,0,0,0,0,0
14757,C3D8,0.325769,0,0,0,0,0,0,0,0,0,0,0,0
14758,C3D8,0.325766,0,0,0,0,0,0,0,0,0,0,0,0
14759,C3D8,0.325766,0,0,0,0,0,0,0,0,0,0,0,0
14760,C3D8,0.325766,0,0,0,0,0,0,0,0,0,0,0,0
14761,C3D8,0.325766,0,0,0,0,0,0,0,0,0,0,0,0
14762,C3D8,0.325766,0,0,0,0,0,0,0,0,0,0,0,0
14763,C3D8,0.325766,0,0,0,0,0,0,0,0,0,0,0,0
14764,C3D8,0.325766,0,0,0,0,0,0,0,0,0,0,0,0
14765,C3D8,0.325766,0,0,0,0,0,0,0,0,0,0,0,0
14766,C3D8,0.325766,0,0,0,0,0,0,0,0,0,0,0,0
14767,C3D8,0.325767,0,0,0,0,0,0,0,0,0,0,0,0
14768,C3D8,0.325767,0,0,0,0,0,0,0,0,0,0,0,0
14769,C3D8,0.325767,0,0,0,0,0,0,0,0,0,0,0,0
14770,C3D8,0.325766,0,0,0,0,0,0,0,0,0,0,0,0
14771,C3D8,0.325766,0,0,0,0,0,0,0,0,0,0,0,0
14772,C3D8,0.325766,0,0,0,0,0,0,0,0,0,0,0,0
14773,C3D8,0.325767,0,0,0,0,0,0,0,0,0,0,0,0
14774,C3D8,0.325767,0,0,0,0,0,0,0,0,0,0,0,0
14775,C3D8,0.325767,0,0,0,0,0,0,0,0,0,0,0,0
14776,C3D8,0.325766,0,0,0,0,0,0,0,0,0,0,0,0
14777,C3D8,0.325766,0,0,0,0,0,0,0,0,0,0,0,0
14778,C3D8,0.325766,0,0,0,0,0,0,0,0,0,0,0,0
14779,C3D8,0.325767,0,0,0,0,0,0,0,0,0,0,0,0
14780,C3D8,0.325767,0,0,0,0,0,0,0,0,0,0,0,0
14781,C3D8,0.325767,0,0,0,0,0,0,0,0,0,0,0,0
14782,C3D8,0.325766,0,0,0,0,0,0,0,0,0,0,0,0
14783,C3D8,0.325766,0,0,0,0,0,0,0,0,0,0,0,0
14784,C3D8,0.325766,0,0,0,0,0,0,0,0,0,0,0,0
14785,C3D8,0.325767,0,0,0,0,0,0,0,0,0,0,0,0
14786,C3D8,0.325767,0,0,0,0,0,0,0,0,0,0,0,0
14787,C3D8,0.325767,0,0,0,0,0,0,0,0,0,0,0,0
14788,C3D8,0.325766,0,0,0,0,0,0,0,0,0,0,0,0
14789,C3D8,0.325766,0,0,0,0,0,0,0,0,0,0,0,0
14790,C3D8,0.325766,0,0,0,0,0,0,0,0,0,0,0,0
14791,C3D8,0.325767,0,0,0,0,0,0,0,0,0,0,0,0
14792,C3D8,0.325767,0,0,0,0,0,0,0,0,0,0,0,0
14793,C3D8,0.325767,0,0,0,0,0,0,0,0,0,0,0,0
14794,C3D8,0.325766,0,0,0,0,0,0,0,0,0,0,0,0
14795,C3D8,0.325766,0,0,0,0,0,0,0,0,0,0,0,0
14796,C3D8,0.325766,0,0,0,0,0,0,0,0,0,0,0,0
14797,C3D8,0.325767,0,0,0,0,0,0,0,0,0,0,0,0
14798,C3D8,0.325767,0,0,0,0,0,0,0,0,0,0,0,0
14799,C3D8,0.325767,0,0,0,0,0,0,0,0,0,0,0,0
14800,C3D8,0.325766,0,0,0,0,0,0,0,0,0,0,0,0
14801,C3D8,0.325766,0,0,0,0,0,0,0,0,0,0,0,0
14802,C3D8,0.325766,0,0,0,0,0,0,0,0,0,0,0,0
14803,C3D8,0.325767,0,0,0,0,0,0,0,0,0,0,0,0
14804,C3D8,0.325767,0,0,0,0,0,0,0,0,0,0,0,0
14805,C3D8,0.325767,0,0,0,0,0,0,0,0,0,0,0,0
14806,C3D8,0.325766,0,0,0,0,0,0,0,0,0,0,0,0
14807,C3D8,0.325766,0,0,0,0,0,0,0,0,0,0,0,0
14808,C3D8,0.325766,0,0,0,0,0,0,0,0,0,0,0,0
14809,C3D8,0.325767,0,0,0,0,0,0,0,0,0,0,0,0
14810,C3D8,0.325767,0,0,0,0,0,0,0,0,0,0,0,0
14811,C3D8,0.325767,0,0,0,0,0,0,0,0,0,0,0,0
14812,C3D8,0.325766,0,0,0,0,0,0,0,0,0,0,0,0
14813,C3D8,0.325766,0,0,0,0,0,0,0,0,0,0,0,0
14814,C3D8,0.325766,0,0,0,0,0,0,0,0,0,0,0,0
14815,C3D8,0.325766,0,0,0,0,0,0,0,0,0,0,0,0
14816,C3D8,0.325766,0,0,0,0,0,0,0,0,0,0,0,0
14817,C3D8,0.325766,0,0,0,0,0,0,0,0,0,0,0,0
14818,C3D8,0.325768,0,0,0,0,0,0,0,0,0,0,0,0
14819,C3D8,0.325768,0,0,0,0,0,0,0,0,0,0,0,0
14820,C3D8,0.325768,0,0,0,0,0,0,0,0,0,0,0,0
14821,C3D8,0.325766,0,0,0,0,0,0,0,0,0,0,0,0
14822,C3D8,0.325766,0,0,0,0,0,0,0,0,0,0,0,0
14823,C3D8,0.325766,0,0,0,0,0,0,0,0,0,0,0,0
14824,C3D8,0.325766,0,0,0,0,0,0,0,0,0,0,0,0
14825,C3D8,0.325766,0,0,0,0,0,0,0,0,0,0,0,0
14826,C3D8,0.325766,0,0,0,0,0,0,0,0,0,0,0,0
14827,C3D8,0.325768,0,0,0,0,0,0,0,0,0,0,0,0
14828,C3D8,0.325768,0,0,0,0,0,0,0,0,0,0,0,0
14829,C3D8,0.325768,0,0,0,0,0,0,0,0,0,0,0,0
14830,C3D8,0.325766,0,0,0,0,0,0,0,0,0,0,0,0
14831,C3D8,0.325766,0,0,0,0,0,0,0,0,0,0,0,0
14832,C3D8,0.325766,0,0,0,0,0,0,0,0,0,0,0,0
14833,C3D8,0.325766,0,0,0,0,0,0,0,0,0,0,0,0
14834,C3D8,0.325766,0,0,0,0,0,0,0,0,0,0,0,0
14835,C3D8,0.325766,0,0,0,0,0,0,0,0,0,0,0,0
14836,C3D8,0.325766,0,0,0,0,0,0,0,0,0,0,0,0
14837,C3D8,0.325766,0,0,0,0,0,0,0,0,0,0,0,0
14838,C3D8,0.325766,0,0,0,0,0,0,0,0,0,0,0,0
14839,C3D8,0.325768,0,0,0,0,0,0,0,0,0,0,0,0
14840,C3D8,0.325768,0,0,0,0,0,0,0,0,0,0,0,0
14841,C3D8,0.325768,0,0,0,0,0,0,0,0,0,0,0,0
14842,C3D8,0.325766,0,0,0,0,0,0,0,0,0,0,0,0
14843,C3D8,0.325766,0,0,0,0,0,0,0,0,0,0,0,0
14844,C3D8,0.325766,0,0,0,0,0,0,0,0,0,0,0,0
14845,C3D8,0.325766,0,0,0,0,0,0,0,0,0,0,0,0
14846,C3D8,0.325766,0,0,0,0,0,0,0,0,0,0,0,0
14847,C3D8,0.325766,0,0,0,0,0,0,0,0,0,0,0,0
14848,C3D8,0.325766,0,0,0,0,0,0,0,0,0,0,0,0
14849,C3D8,0.325766,0,0,0,0,0,0,0,0,0,0,0,0
14850,C3D8,0.325766,0,0,0,0,0,0,0,0,0,0,0,0
14851,C3D8,0.325768,0,0,0,0,0,0,0,0,0,0,0,0
14852,C3D8,0.325768,0,0,0,0,0,0,0,0,0,0,0,0
14853,C3D8,0.325768,0,0,0,0,0,0,0,0,0,0,0,0
14854,C3D8,0.325766,0,0,0,0,0,0,0,0,0,0,0,0
14855,C3D8,0.325766,0,0,0,0,0,0,0,0,0,0,0,0
14856,C3D8,0.325766,0,0,0,0,0,0,0,0,0,0,0,0
14857,C3D8,0.325766,0,0,0,0,0,0,0,0,0,0,0,0
14858,C3D8,0.325766,0,0,0,0,0,0,0,0,0,0,0,0
14859,C3D8,0.325766,0,0,0,0,0,0,0,0,0,0,0,0
14860,C3D8,0.325766,0,0,0,0,0,0,0,0,0,0,0,0
14861,C3D8,0.325766,0,0,0,0,0,0,0,0,0,0,0,0
14862,C3D8,0.325766,0,0,0,0,0,0,0,0,0,0,0,0
14863,C3D8,0.325768,0,0,0,0,0,0,0,0,0,0,0,0
14864,C3D8,0.325768,0,0,0,0,0,0,0,0,0,0,0,0
14865,C3D8,0.325768,0,0,0,0,0,0,0,0,0,0,0,0
14866,C3D8,0.325766,0,0,0,0,0,0,0,0,0,0,0,0
14867,C3D8,0.325766,0,0,0,0,0,0,0,0,0,0,0,0
14868,C3D8,0.325766,0,0,0,0,0,0,0,0,0,0,0,0
14869,C3D8,0.325766,0,0,0,0,0,0,0,0,0,0,0,0
14870,C3D8,0.325766,0,0,0,0,0,0,0,0,0,0,0,0
14871,C3D8,0.325766,0,0,0,0,0,0,0,0,0,0,0,0
14872,C3D8,0.325768,0,0,0,0,0,0,0,0,0,0,0,0
14873,C3D8,0.325768,0,0,0,0,0,0,0,0,0,0,0,0
14874,C3D8,0.325768,0,0,0,0,0,0,0,0,0,0,0,0
14875,C3D8,0.325766,0,0,0,0,0,0,0,0,0,0,0,0
14876,C3D8,0.325766,0,0,0,0,0,0,0,0,0,0,0,0
14877,C3D8,0.325766,0,0,0,0,0,0,0,0,0,0,0,0
14878,C3D8,0.325766,0,0,0,0,0,0,0,0,0,0,0,0
14879,C3D8,0.325766,0,0,0,0,0,0,0,0,0,0,0,0
14880,C3D8,0.325766,0,0,0,0,0,0,0,0,0,0,0,0
14881,C3D8,0.325766,0,0,0,0,0,0,0,0,0,0,0,0
14882,C3D8,0.325766,0,0,0,0,0,0,0,0,0,0,0,0
14883,C3D8,0.325766,0,0,0,0,0,0,0,0,0,0,0,0
14884,C3D8,0.325768,0,0,0,0,0,0,0,0,0,0,0,0
14885,C3D8,0.325768,0,0,0,0,0,0,0,0,0,0,0,0
14886,C3D8,0.325768,0,0,0,0,0,0,0,0,0,0,0,0
14887,C3D8,0.325766,0,0,0,0,0,0,0,0,0,0,0,0
14888,C3D8,0.325766,0,0,0,0,0,0,0,0,0,0,0,0
14889,C3D8,0.325766,0,0,0,0,0,0,0,0,0,0,0,0
14890,C3D8,0.325766,0,0,0,0,0,0,0,0,0,0,0,0
14891,C3D8,0.325766,0,0,0,0,0,0,0,0,0,0,0,0
14892,C3D8,0.325766,0,0,0,0,0,0,0,0,0,0,0,0
14893,C3D8,0.325766,0,0,0,0,0,0,0,0,0,0,0,0
14894,C3D8,0.325766,0,0,0,0,0,0,0,0,0,0,0,0
14895,C3D8,0.325766,0,0,0,0,0,0,0,0,0,0,0,0
14896,C3D8,0.325768,0,0,0,0,0,0,0,0,0,0,0,0
14897,C3D8,0.325768,0,0,0,0,0,0,0,0,0,0,0,0
14898,C3D8,0.325768,0,0,0,0,0,0,0,0,0,0,0,0
14899,C3D8,0.325766,0,0,0,0,0,0,0,0,0,0,0,0
14900,C3D8,0.325766,0,0,0,0,0,0,0,0,0,0,0,0
14901,C3D8,0.325766,0,0,0,0,0,0,0,0,0,0,0,0
14902,C3D8,0.325766,0,0,0,0,0,0,0,0,0,0,0,0
14903,C3D8,0.325766,0,0,0,0,0,0,0,0,0,0,0,0
14904,C3D8,0.325766,0,0,0,0,0,0,0,0,0,0,0,0
14905,C3D8,0.325766,0,0,0,0,0,0,0,0,0,0,0,0
14906,C3D8,0.325766,0,0,0,0,0,0,0,0,0,0,0,0
14907,C3D8,0.325766,0,0,0,0,0,0,0,0,0,0,0,0
14908,C3D8,0.325768,0,0,0,0,0,0,0,0,0,0,0,0
14909,C3D8,0.325768,0,0,0,0,0,0,0,0,0,0,0,0
14910,C3D8,0.325768,0,0,0,0,0,0,0,0,0,0,0,0
14911,C3D8,0.325765,0,0,0,0,0,0,0,0,0,0,0,0
14912,C3D8,0.325765,0,0,0,0,0,0,0,0,0,0,0,0
14913,C3D8,0.325765,0,0,0,0,0,0,0,0,0,0,0,0
14914,C3D8,0.325769,0,0,0,0,0,0,0,0,0,0,0,0
14915,C3D8,0.325769,0,0,0,0,0,0,0,0,0,0,0,0
14916,C3D8,0.325769,0,0,0,0,0,0,0,0,0,0,0,0
14917,C3D8,0.325766,0,0,0,0,0,0,0,0,0,0,0,0
14918,C3D8,0.325766,0,0,0,0,0,0,0,0,0,0,0,0
14919,C3D8,0.325766,0,0,0,0,0,0,0,0,0,0,0,0
14920,C3D8,0.325766,0,0,0,0,0,0,0,0,0,0,0,0
14921,C3D8,0.325766,0,0,0,0,0,0,0,0,0,0,0,0
14922,C3D8,0.325766,0,0,0,0,0,0,0,0,0,0,0,0
14923,C3D8,0.325766,0,0,0,0,0,0,0,0,0,0,0,0
14924,C3D8,0.325766,0,0,0,0,0,0,0,0,0,0,0,0
14925,C3D8,0.325766,0,0,0,0,0,0,0,0,0,0,0,0
14926,C3D8,0.325767,0,0,0,0,0,0,0,0,0,0,0,0
14927,C3D8,0.325767,0,0,0,0,0,0,0,0,0,0,0,0
14928,C3D8,0.325767,0,0,0,0,0,0,0,0,0,0,0,0
14929,C3D8,0.325766,0,0,0,0,0,0,0,0,0,0,0,0
14930,C3D8,0.325766,0,0,0,0,0,0,0,0,0,0,0,0
14931,C3D8,0.325766,0,0,0,0,0,0,0,0,0,0,0,0
14932,C3D8,0.325767,0,0,0,0,0,0,0,0,0,0,0,0
14933,C3D8,0.325767,0,0,0,0,0,0,0,0,0,0,0,0
14934,C3D8,0.325767,0,0,0,0,0,0,0,0,0,0,0,0
14935,C3D8,0.325766,0,0,0,0,0,0,0,0,0,0,0,0
14936,C3D8,0.325766,0,0,0,0,0,0,0,0,0,0,0,0
14937,C3D8,0.325766,0,0,0,0,0,0,0,0,0,0,0,0
14938,C3D8,0.325767,0,0,0,0,0,0,0,0,0,0,0,0
14939,C3D8,0.325767,0,0,0,0,0,0,0,0,0,0,0,0
14940,C3D8,0.325767,0,0,0,0,0,0,0,0,0,0,0,0
14941,C3D8,0.325766,0,0,0,0,0,0,0,0,0,0,0,0
14942,C3D8,0.325766,0,0,0,0,0,0,0,0,0,0,0,0
14943,C3D8,0.325766,0,0,0,0,0,0,0,0,0,0,0,0
14944,C3D8,0.325767,0,0,0,0,0,0,0,0,0,0,0,0
14945,C3D8,0.325767,0,0,0,0,0,0,0,0,0,0,0,0
14946,C3D8,0.325767,0,0,0,0,0,0,0,0,0,0,0,0
14947,C3D8,0.325766,0,0,0,0,0,0,0,0,0,0,0,0
14948,C3D8,0.325766,0,0,0,0,0,0,0,0,0,0,0,0
14949,C3D8,0.325766,0,0,0,0,0,0,0,0,0,0,0,0
14950,C3D8,0.325767,0,0,0,0,0,0,0,0,0,0,0,0
14951,C3D8,0.325767,0,0,0,0,0,0,0,0,0,0,0,0
14952,C3D8,0.325767,0,0,0,0,0,0,0,0,0,0,0,0
14953,C3D8,0.325766,0,0,0,0,0,0,0,0,0,0,0,0
14954,C3D8,0.325766,0,0,0,0,0,0,0,0,0,0,0,0
14955,C3D8,0.325766,0,0,0,0,0,0,0,0,0,0,0,0
14956,C3D8,0.325767,0,0,0,0,0,0,0,0,0,0,0,0
14957,C3D8,0.325767,0,0,0,0,0,0,0,0,0,0,0,0
14958,C3D8,0.325767,0,0,0,0,0,0,0,0,0,0,0,0
14959,C3D8,0.325766,0,0,0,0,0,0,0,0,0,0,0,0
14960,C3D8,0.325766,0,0,0,0,0,0,0,0,0,0,0,0
14961,C3D8,0.325766,0,0,0,0,0,0,0,0,0,0,0,0
14962,C3D8,0.325767,0,0,0,0,0,0,0,0,0,0,0,0
14963,C3D8,0.325767,0,0,0,0,0,0,0,0,0,0,0,0
14964,C3D8,0.325767,0,0,0,0,0,0,0,0,0,0,0,0
14965,C3D8,0.325766,0,0,0,0,0,0,0,0,0,0,0,0
14966,C3D8,0.325766,0,0,0,0,0,0,0,0,0,0,0,0
14967,C3D8,0.325766,0,0,0,0,0,0,0,0,0,0,0,0
14968,C3D8,0.325767,0,0,0,0,0,0,0,0,0,0,0,0
14969,C3D8,0.325767,0,0,0,0,0,0,0,0,0,0,0,0
14970,C3D8,0.325767,0,0,0,0,0,0,0,0,0,0,0,0
14971,C3D8,0.325766,0,0,0,0,0,0,0,0,0,0,0,0
14972,C3D8,0.325766,0,0,0,0,0,0,0,0,0,0,0,0
14973,C3D8,0.325766,0,0,0,0,0,0,0,0,0,0,0,0
14974,C3D8,0.325766,0,0,0,0,0,0,0,0,0,0,0,0
14975,C3D8,0.325766,0,0,0,0,0,0,0,0,0,0,0,0
14976,C3D8,0.325766,0,0,0,0,0,0,0,0,0,0,0,0
14977,C3D8,0.325767,0,0,0,0,0,0,0,0,0,0,0,0
14978,C3D8,0.325767,0,0,0,0,0,0,0,0,0,0,0,0
14979,C3D8,0.325767,0,0,0,0,0,0,0,0,0,0,0,0
14980,C3D8,0.325766,0,0,0,0,0,0,0,0,0,0,0,0
14981,C3D8,0.325766,0,0,0,0,0,0,0,0,0,0,0,0
14982,C3D8,0.325766,0,0,0,0,0,0,0,0,0,0,0,0
14983,C3D8,0.325766,0,0,0,0,0,0,0,0,0,0,0,0
14984,C3D8,0.325766,0,0,0,0,0,0,0,0,0,0,0,0
14985,C3D8,0.325766,0,0,0,0,0,0,0,0,0,0,0,0
14986,C3D8,0.325767,0,0,0,0,0,0,0,0,0,0,0,0
14987,C3D8,0.325767,0,0,0,0,0,0,0,0,0,0,0,0
14988,C3D8,0.325767,0,0,0,0,0,0,0,0,0,0,0,0
14989,C3D8,0.325766,0,0,0,0,0,0,0,0,0,0,0,0
14990,C3D8,0.325766,0,0,0,0,0,0,0,0,0,0,0,0
14991,C3D8,0.325766,0,0,0,0,0,0,0,0,0,0,0,0
14992,C3D8,0.325766,0,0,0,0,0,0,0,0,0,0,0,0
14993,C3D8,0.325766,0,0,0,0,0,0,0,0,0,0,0,0
14994,C3D8,0.325766,0,0,0,0,0,0,0,0,0,0,0,0
14995,C3D8,0.325766,0,0,0,0,0,0,0,0,0,0,0,0
14996,C3D8,0.325766,0,0,0,0,0,0,0,0,0,0,0,0
14997,C3D8,0.325766,0,0,0,0,0,0,0,0,0,0,0,0
14998,C3D8,0.325767,0,0,0,0,0,0,0,0,0,0,0,0
14999,C3D8,0.325767,0,0,0,0,0,0,0,0,0,0,0,0
15000,C3D8,0.325767,0,0,0,0,0,0,0,0,0,0,0,0
15001,C3D8,0.325766,0,0,0,0,0,0,0,0,0,0,0,0
15002,C3D8,0.325766,0,0,0,0,0,0,0,0,0,0,0,0
15003,C3D8,0.325766,0,0,0,0,0,0,0,0,0,0,0,0
15004,C3D8,0.325766,0,0,0,0,0,0,0,0,0,0,0,0
15005,C3D8,0.325766,0,0,0,0,0,0,0,0,0,0,0,0
15006,C3D8,0.325766,0,0,0,0,0,0,0,0,0,0,0,0
15007,C3D8,0.325766,0,0,0,0,0,0,0,0,0,0,0,0
15008,C3D8,0.325766,0,0,0,0,0,0,0,0,0,0,0,0
15009,C3D8,0.325766,0,0,0,0,0,0,0,0,0,0,0,0
15010,C3D8,0.325767,0,0,0,0,0,0,0,0,0,0,0,0
15011,C3D8,0.325767,0,0,0,0,0,0,0,0,0,0,0,0
15012,C3D8,0.325767,0,0,0,0,0,0,0,0,0,0,0,0
15013,C3D8,0.325766,0,0,0,0,0,0,0,0,0,0,0,0
15014,C3D8,0.325766,0,0,0,0,0,0,0,0,0,0,0,0
15015,C3D8,0.325766,0,0,0,0,0,0,0,0,0,0,0,0
15016,C3D8,0.325766,0,0,0,0,0,0,0,0,0,0,0,0
15017,C3D8,0.325766,0,0,0,0,0,0,0,0,0,0,0,0
15018,C3D8,0.325766,0,0,0,0,0,0,0,0,0,0,0,0
15019,C3D8,0.325766,0,0,0,0,0,0,0,0,0,0,0,0
15020,C3D8,0.325766,0,0,0,0,0,0,0,0,0,0,0,0
15021,C3D8,0.325766,0,0,0,0,0,0,0,0,0,0,0,0
15022,C3D8,0.325767,0,0,0,0,0,0,0,0,0,0,0,0
15023,C3D8,0.325767,0,0,0,0,0,0,0,0,0,0,0,0
15024,C3D8,0.325767,0,0,0,0,0,0,0,0,0,0,0,0
15025,C3D8,0.325766,0,0,0,0,0,0,0,0,0,0,0,0
15026,C3D8,0.325766,0,0,0,0,0,0,0,0,0,0,0,0
15027,C3D8,0.325766,0,0,0,0,0,0,0,0,0,0,0,0
15028,C3D8,0.325766,0,0,0,0,0,0,0,0,0,0,0,0
15029,C3D8,0.325766,0,0,0,0,0,0,0,0,0,0,0,0
15030,C3D8,0.325766,0,0,0,0,0,0,0,0,0,0,0,0
15031,C3D8,0.325767,0,0,0,0,0,0,0,0,0,0,0,0
15032,C3D8,0.325767,0,0,0,0,0,0,0,0,0,0,0,0
15033,C3D8,0.325767,0,0,0,0,0,0,0,0,0,0,0,0
15034,C3D8,0.325766,0,0,0,0,0,0,0,0,0,0,0,0
15035,C3D8,0.325766,0,0,0,0,0,0,0,0,0,0,0,0
15036,C3D8,0.325766,0,0,0,0,0,0,0,0,0,0,0,0
15037,C3D8,0.325766,0,0,0,0,0,0,0,0,0,0,0,0
15038,C3D8,0.325766,0,0,0,0,0,0,0,0,0,0,0,0
15039,C3D8,0.325766,0,0,0,0,0,0,0,0,0,0,0,0
15040,C3D8,0.325766,0,0,0,0,0,0,0,0,0,0,0,0
15041,C3D8,0.325766,0,0,0,0,0,0,0,0,0,0,0,0
15042,C3D8,0.325766,0,0,0,0,0,0,0,0,0,0,0,0
15043,C3D8,0.325767,0,0,0,0,0,0,0,0,0,0,0,0
15044,C3D8,0.325767,0,0,0,0,0,0,0,0,0,0,0,0
15045,C3D8,0.325767,0,0,0,0,0,0,0,0,0,0,0,0
15046,C3D8,0.325766,0,0,0,0,0,0,0,0,0,0,0,0
15047,C3D8,0.325766,0,0,0,0,0,0,0,0,0,0,0,0
15048,C3D8,0.325766,0,0,0,0,0,0,0,0,0,0,0,0
15049,C3D8,0.325766,0,0,0,0,0,0,0,0,0,0,0,0
15050,C3D8,0.325766,0,0,0,0,0,0,0,0,0,0,0,0
15051,C3D8,0.325766,0,0,0,0,0,0,0,0,0,0,0,0
15052,C3D8,0.325766,0,0,0,0,0,0,0,0,0,0,0,0
15053,C3D8,0.325766,0,0,0,0,0,0,0,0,0,0,0,0
15054,C3D8,0.325766,0,0,0,0,0,0,0,0,0,0,0,0
15055,C3D8,0.325767,0,0,0,0,0,0,0,0,0,0,0,0
15056,C3D8,0.325767,0,0,0,0,0,0,0,0,0,0,0,0
15057,C3D8,0.325767,0,0,0,0,0,0,0,0,0,0,0,0
15058,C3D8,0.325766,0,0,0,0,0,0,0,0,0,0,0,0
15059,C3D8,0.325766,0,0,0,0,0,0,0,0,0,0,0,0
15060,C3D8,0.325766,0,0,0,0,0,0,0,0,0,0,0,0
15061,C3D8,0.325766,0,0,0,0,0,0,0,0,0,0,0,0
15062,C3D8,0.325766,0,0,0,0,0,0,0,0,0,0,0,0
15063,C3D8,0.325766,0,0,0,0,0,0,0,0,0,0,0,0
15064,C3D8,0.325766,0,0,0,0,0,0,0,0,0,0,0,0
15065,C3D8,0.325766,0,0,0,0,0,0,0,0,0,0,0,0
15066,C3D8,0.325766,0,0,0,0,0,0,0,0,0,0,0,0
15067,C3D8,0.325767,0,0,0,0,0,0,0,0,0,0,0,0
15068,C3D8,0.325767,0,0,0,0,0,0,0,0,0,0,0,0
15069,C3D8,0.325767,0,0,0,0,0,0,0,0,0,0,0,0
15070,C3D8,0.325765,0,0,0,0,0,0,0,0,0,0,0,0
15071,C3D8,0.325765,0,0,0,0,0,0,0,0,0,0,0,0
15072,C3D8,0.325765,0,0,0,0,0,0,0,0,0,0,0,0
15073,C3D8,0.325768,0,0,0,0,0,0,0,0,0,0,0,0
15074,C3D8,0.325768,0,0,0,0,0,0,0,0,0,0,0,0
15075,C3D8,0.325768,0,0,0,0,0,0,0,0,0,0,0,0
15076,C3D8,0.325766,0,0,0,0,0,0,0,0,0,0,0,0
15077,C3D8,0.325766,0,0,0,0,0,0,0,0,0,0,0,0
15078,C3D8,0.325766,0,0,0,0,0,0,0,0,0,0,0,0
15079,C3D8,0.325766,0,0,0,0,0,0,0,0,0,0,0,0
15080,C3D8,0.325766,0,0,0,0,0,0,0,0,0,0,0,0
15081,C3D8,0.325766,0,0,0,0,0,0,0,0,0,0,0,0
15082,C3D8,0.325766,0,0,0,0,0,0,0,0,0,0,0,0
15083,C3D8,0.325766,0,0,0,0,0,0,0,0,0,0,0,0
15084,C3D8,0.325766,0,0,0,0,0,0,0,0,0,0,0,0
15085,C3D8,0.325767,0,0,0,0,0,0,0,0,0,0,0,0
15086,C3D8,0.325767,0,0,0,0,0,0,0,0,0,0,0,0
15087,C3D8,0.325767,0,0,0,0,0,0,0,0,0,0,0,0
15088,C3D8,0.325766,0,0,0,0,0,0,0,0,0,0,0,0
15089,C3D8,0.325766,0,0,0,0,0,0,0,0,0,0,0,0
15090,C3D8,0.325766,0,0,0,0,0,0,0,0,0,0,0,0
15091,C3D8,0.325767,0,0,0,0,0,0,0,0,0,0,0,0
15092,C3D8,0.325767,0,0,0,0,0,0,0,0,0,0,0,0
15093,C3D8,0.325767,0,0,0,0,0,0,0,0,0,0,0,0
15094,C3D8,0.325766,0,0,0,0,0,0,0,0,0,0,0,0
15095,C3D8,0.325766,0,0,0,0,0,0,0,0,0,0,0,0
15096,C3D8,0.325766,0,0,0,0,0,0,0,0,0,0,0,0
15097,C3D8,0.325767,0,0,0,0,0,0,0,0,0,0,0,0
15098,C3D8,0.325767,0,0,0,0,0,0,0,0,0,0,0,0
15099,C3D8,0.325767,0,0,0,0,0,0,0,0,0,0,0,0
15100,C3D8,0.325766,0,0,0,0,0,0,0,0,0,0,0,0
15101,C3D8,0.325766,0,0,0,0,0,0,0,0,0,0,0,0
15102,C3D8,0.325766,0,0,0,0,0,0,0,0,0,0,0,0
15103,C3D8,0.325767,0,0,0,0,0,0,0,0,0,0,0,0
15104,C3D8,0.325767,0,0,0,0,0,0,0,0,0,0,0,0
15105,C3D8,0.325767,0,0,0,0,0,0,0,0,0,0,0,0
15106,C3D8,0.325766,0,0,0,0,0,0,0,0,0,0,0,0
15107,C3D8,0.325766,0,0,0,0,0,0,0,0,0,0,0,0
15108,C3D8,0.325766,0,0,0,0,0,0,0,0,0,0,0,0
15109,C3D8,0.325767,0,0,0,0,0,0,0,0,0,0,0,0
15110,C3D8,0.325767,0,0,0,0,0,0,0,0,0,0,0,0
15111,C3D8,0.325767,0,0,0,0,0,0,0,0,0,0,0,0
15112,C3D8,0.325766,0,0,0,0,0,0,0,0,0,0,0,0
15113,C3D8,0.325766,0,0,0,0,0,0,0,0,0,0,0,0
15114,C3D8,0.325766,0,0,0,0,0,0,0,0,0,0,0,0
15115,C3D8,0.325767,0,0,0,0,0,0,0,0,0,0,0,0
15116,C3D8,0.325767,0,0,0,0,0,0,0,0,0,0,0,0
15117,C3D8,0.325767,0,0,0,0,0,0,0,0,0,0,0,0
15118,C3D8,0.325766,0,0,0,0,0,0,0,0,0,0,0,0
15119,C3D8,0.325766,0,0,0,0,0,0,0,0,0,0,0,0
15120,C3D8,0.325766,0,0,0,0,0,0,0,0,0,0,0,0
15121,C3D8,0.325767,0,0,0,0,0,0,0,0,0,0,0,0
15122,C3D8,0.325767,0,0,0,0,0,0,0,0,0,0,0,0
15123,C3D8,0.325767,0,0,0,0,0,0,0,0,0,0,0,0
15124,C3D8,0.325766,0,0,0,0,0,0,0,0,0,0,0,0
15125,C3D8,0.325766,0,0,0,0,0,0,0,0,0,0,0,0
15126,C3D8,0.325766,0,0,0,0,0,0,0,0,0,0,0,0
15127,C3D8,0.325767,0,0,0,0,0,0,0,0,0,0,0,0
15128,C3D8,0.325767,0,0,0,0,0,0,0,0,0,0,0,0
15129,C3D8,0.325767,0,0,0,0,0,0,0,0,0,0,0,0
15130,C3D8,0.325766,0,0,0,0,0,0,0,0,0,0,0,0
15131,C3D8,0.325766,0,0,0,0,0,0,0,0,0,0,0,0
15132,C3D8,0.325766,0,0,0,0,0,0,0,0,0,0,0,0
15133,C3D8,0.325766,0,0,0,0,0,0,0,0,0,0,0,0
15134,C3D8,0.325766,0,0,0,0,0,0,0,0,0,0,0,0
15135,C3D8,0.325766,0,0,0,0,0,0,0,0,0,0,0,0
15136,C3D8,0.325768,0,0,0,0,0,0,0,0,0,0,0,0
15137,C3D8,0.325768,0,0,0,0,0,0,0,0,0,0,0,0
15138,C3D8,0.325768,0,0,0,0,0,0,0,0,0,0,0,0
15139,C3D8,0.325766,0,0,0,0,0,0,0,0,0,0,0,0
15140,C3D8,0.325766,0,0,0,0,0,0,0,0,0,0,0,0
15141,C3D8,0.325766,0,0,0,0,0,0,0,0,0,0,0,0
15142,C3D8,0.325766,0,0,0,0,0,0,0,0,0,0,0,0
15143,C3D8,0.325766,0,0,0,0,0,0,0,0,0,0,0,0
15144,C3D8,0.325766,0,0,0,0,0,0,0,0,0,0,0,0
15145,C3D8,0.325768,0,0,0,0,0,0,0,0,0,0,0,0
15146,C3D8,0.325768,0,0,0,0,0,0,0,0,0,0,0,0
15147,C3D8,0.325768,0,0,0,0,0,0,0,0,0,0,0,0
15148,C3D8,0.325766,0,0,0,0,0,0,0,0,0,0,0,0
15149,C3D8,0.325766,0,0,0,0,0,0,0,0,0,0,0,0
15150,C3D8,0.325766,0,0,0,0,0,0,0,0,0,0,0,0
15151,C3D8,0.325766,0,0,0,0,0,0,0,0,0,0,0,0
15152,C3D8,0.325766,0,0,0,0,0,0,0,0,0,0,0,0
15153,C3D8,0.325766,0,0,0,0,0,0,0,0,0,0,0,0
15154,C3D8,0.325766,0,0,0,0,0,0,0,0,0,0,0,0
15155,C3D8,0.325766,0,0,0,0,0,0,0,0,0,0,0,0
15156,C3D8,0.325766,0,0,0,0,0,0,0,0,0,0,0,0
15157,C3D8,0.325768,0,0,0,0,0,0,0,0,0,0,0,0
15158,C3D8,0.325768,0,0,0,0,0,0,0,0,0,0,0,0
15159,C3D8,0.325768,0,0,0,0,0,0,0,0,0,0,0,0
15160,C3D8,0.325766,0,0,0,0,0,0,0,0,0,0,0,0
15161,C3D8,0.325766,0,0,0,0,0,0,0,0,0,0,0,0
15162,C3D8,0.325766,0,0,0,0,0,0,0,0,0,0,0,0
15163,C3D8,0.325766,0,0,0,0,0,0,0,0,0,0,0,0
15164,C3D8,0.325766,0,0,0,0,0,0,0,0,0,0,0,0
15165,C3D8,0.325766,0,0,0,0,0,0,0,0,0,0,0,0
15166,C3D8,0.325766,0,0,0,0,0,0,0,0,0,0,0,0
15167,C3D8,0.325766,0,0,0,0,0,0,0,0,0,0,0,0
15168,C3D8,0.325766,0,0,0,0,0,0,0,0,0,0,0,0
15169,C3D8,0.325768,0,0,0,0,0,0,0,0,0,0,0,0
15170,C3D8,0.325768,0,0,0,0,0,0,0,0,0,0,0,0
15171,C3D8,0.325768,0,0,0,0,0,0,0,0,0,0,0,0
15172,C3D8,0.325766,0,0,0,0,0,0,0,0,0,0,0,0
15173,C3D8,0.325766,0,0,0,0,0,0,0,0,0,0,0,0
15174,C3D8,0.325766,0,0,0,0,0,0,0,0,0,0,0,0
15175,C3D8,0.325766,0,0,0,0,0,0,0,0,0,0,0,0
15176,C3D8,0.325766,0,0,0,0,0,0,0,0,0,0,0,0
15177,C3D8,0.325766,0,0,0,0,0,0,0,0,0,0,0,0
15178,C3D8,0.325766,0,0,0,0,0,0,0,0,0,0,0,0
15179,C3D8,0.325766,0,0,0,0,0,0,0,0,0,0,0,0
15180,C3D8,0.325766,0,0,0,0,0,0,0,0,0,0,0,0
15181,C3D8,0.325768,0,0,0,0,0,0,0,0,0,0,0,0
15182,C3D8,0.325768,0,0,0,0,0,0,0,0,0,0,0,0
15183,C3D8,0.325768,0,0,0,0,0,0,0,0,0,0,0,0
15184,C3D8,0.325766,0,0,0,0,0,0,0,0,0,0,0,0
15185,C3D8,0.325766,0,0,0,0,0,0,0,0,0,0,0,0
15186,C3D8,0.325766,0,0,0,0,0,0,0,0,0,0,0,0
15187,C3D8,0.325766,0,0,0,0,0,0,0,0,0,0,0,0
15188,C3D8,0.325766,0,0,0,0,0,0,0,0,0,0,0,0
15189,C3D8,0.325766,0,0,0,0,0,0,0,0,0,0,0,0
15190,C3D8,0.325768,0,0,0,0,0,0,0,0,0,0,0,0
15191,C3D8,0.325768,0,0,0,0,0,0,0,0,0,0,0,0
15192,C3D8,0.325768,0,0,0,0,0,0,0,0,0,0,0,0
15193,C3D8,0.325766,0,0,0,0,0,0,0,0,0,0,0,0
15194,C3D8,0.325766,0,0,0,0,0,0,0,0,0,0,0,0
15195,C3D8,0.325766,0,0,0,0,0,0,0,0,0,0,0,0
15196,C3D8,0.325766,0,0,0,0,0,0,0,0,0,0,0,0
15197,C3D8,0.325766,0,0,0,0,0,0,0,0,0,0,0,0
15198,C3D8,0.325766,0,0,0,0,0,0,0,0,0,0,0,0
15199,C3D8,0.325766,0,0,0,0,0,0,0,0,0,0,0,0
15200,C3D8,0.325766,0,0,0,0,0,0,0,0,0,0,0,0
15201,C3D8,0.325766,0,0,0,0,0,0,0,0,0,0,0,0
15202,C3D8,0.325768,0,0,0,0,0,0,0,0,0,0,0,0
15203,C3D8,0.325768,0,0,0,0,0,0,0,0,0,0,0,0
15204,C3D8,0.325768,0,0,0,0,0,0,0,0,0,0,0,0
15205,C3D8,0.325766,0,0,0,0,0,0,0,0,0,0,0,0
15206,C3D8,0.325766,0,0,0,0,0,0,0,0,0,0,0,0
15207,C3D8,0.325766,0,0,0,0,0,0,0,0,0,0,0,0
15208,C3D8,0.325766,0,0,0,0,0,0,0,0,0,0,0,0
15209,C3D8,0.325766,0,0,0,0,0,0,0,0,0,0,0,0
15210,C3D8,0.325766,0,0,0,0,0,0,0,0,0,0,0,0
15211,C3D8,0.325766,0,0,0,0,0,0,0,0,0,0,0,0
15212,C3D8,0.325766,0,0,0,0,0,0,0,0,0,0,0,0
15213,C3D8,0.325766,0,0,0,0,0,0,0,0,0,0,0,0
15214,C3D8,0.325768,0,0,0,0,0,0,0,0,0,0,0,0
15215,C3D8,0.325768,0,0,0,0,0,0,0,0,0,0,0,0
15216,C3D8,0.325768,0,0,0,0,0,0,0,0,0,0,0,0
15217,C3D8,0.325766,0,0,0,0,0,0,0,0,0,0,0,0
15218,C3D8,0.325766,0,0,0,0,0,0,0,0,0,0,0,0
15219,C3D8,0.325766,0,0,0,0,0,0,0,0,0,0,0,0
15220,C3D8,0.325766,0,0,0,0,0,0,0,0,0,0,0,0
15221,C3D8,0.325766,0,0,0,0,0,0,0,0,0,0,0,0
15222,C3D8,0.325766,0,0,0,0,0,0,0,0,0,0,0,0
15223,C3D8,0.325766,0,0,0,0,0,0,0,0,0,0,0,0
15224,C3D8,0.325766,0,0,0,0,0,0,0,0,0,0,0,0
15225,C3D8,0.325766,0,0,0,0,0,0,0,0,0,0,0,0
15226,C3D8,0.325768,0,0,0,0,0,0,0,0,0,0,0,0
15227,C3D8,0.325768,0,0,0,0,0,0,0,0,0,0,0,0
15228,C3D8,0.325768,0,0,0,0,0,0,0,0,0,0,0,0
15229,C3D8,0.325765,0,0,0,0,0,0,0,0,0,0,0,0
15230,C3D8,0.325765,0,0,0,0,0,0,0,0,0,0,0,0
15231,C3D8,0.325765,0,0,0,0,0,0,0,0,0,0,0,0
15232,C3D8,0.325769,0,0,0,0,0,0,0,0,0,0,0,0
15233,C3D8,0.325769,0,0,0,0,0,0,0,0,0,0,0,0
15234,C3D8,0.325769,0,0,0,0,0,0,0,0,0,0,0,0
15235,C3D8,0.325766,0,0,0,0,0,0,0,0,0,0,0,0
15236,C3D8,0.325766,0,0,0,0,0,0,0,0,0,0,0,0
15237,C3D8,0.325766,0,0,0,0,0,0,0,0,0,0,0,0
15238,C3D8,0.325766,0,0,0,0,0,0,0,0,0,0,0,0
15239,C3D8,0.325766,0,0,0,0,0,0,0,0,0,0,0,0
15240,C3D8,0.325766,0,0,0,0,0,0,0,0,0,0,0,0
15241,C3D8,0.325766,0,0,0,0,0,0,0,0,0,0,0,0
15242,C3D8,0.325766,0,0,0,0,0,0,0,0,0,0,0,0
15243,C3D8,0.325766,0,0,0,0,0,0,0,0,0,0,0,0
15244,C3D8,0.325767,0,0,0,0,0,0,0,0,0,0,0,0
15245,C3D8,0.325767,0,0,0,0,0,0,0,0,0,0,0,0
15246,C3D8,0.325767,0,0,0,0,0,0,0,0,0,0,0,0
15247,C3D8,0.325766,0,0,0,0,0,0,0,0,0,0,0,0
15248,C3D8,0.325766,0,0,0,0,0,0,0,0,0,0,0,0
15249,C3D8,0.325766,0,0,0,0,0,0,0,0,0,0,0,0
15250,C3D8,0.325767,0,0,0,0,0,0,0,0,0,0,0,0
15251,C3D8,0.325767,0,0,0,0,0,0,0,0,0,0,0,0
15252,C3D8,0.325767,0,0,0,0,0,0,0,0,0,0,0,0
15253,C3D8,0.325766,0,0,0,0,0,0,0,0,0,0,0,0
15254,C3D8,0.325766,0,0,0,0,0,0,0,0,0,0,0,0
15255,C3D8,0.325766,0,0,0,0,0,0,0,0,0,0,0,0
15256,C3D8,0.325767,0,0,0,0,0,0,0,0,0,0,0,0
15257,C3D8,0.325767,0,0,0,0,0,0,0,0,0,0,0,0
15258,C3D8,0.325767,0,0,0,0,0,0,0,0,0,0,0,0
15259,C3D8,0.325766,0,0,0,0,0,0,0,0,0,0,0,0
15260,C3D8,0.325766,0,0,0,0,0,0,0,0,0,0,0,0
15261,C3D8,0.325766,0,0,0,0,0,0,0,0,0,0,0,0
15262,C3D8,0.325767,0,0,0,0,0,0,0,0,0,0,0,0
15263,C3D8,0.325767,0,0,0,0,0,0,0,0,0,0,0,0
15264,C3D8,0.325767,0,0,0,0,0,0,0,0,0,0,0,0
15265,C3D8,0.325766,0,0,0,0,0,0,0,0,0,0,0,0
15266,C3D8,0.325766,0,0,0,0,0,0,0,0,0,0,0,0
15267,C3D8,0.325766,0,0,0,0,0,0,0,0,0,0,0,0
15268,C3D8,0.325767,0,0,0,0,0,0,0,0,0,0,0,0
15269,C3D8,0.325767,0,0,0,0,0,0,0,0,0,0,0,0
15270,C3D8,0.325767,0,0,0,0,0,0,0,0,0,0,0,0
15271,C3D8,0.325766,0,0,0,0,0,0,0,0,0,0,0,0
15272,C3D8,0.325766,0,0,0,0,0,0,0,0,0,0,0,0
15273,C3D8,0.325766,0,0,0,0,0,0,0,0,0,0,0,0
15274,C3D8,0.325767,0,0,0,0,0,0,0,0,0,0,0,0
15275,C3D8,0.325767,0,0,0,0,0,0,0,0,0,0,0,0
15276,C3D8,0.325767,0,0,0,0,0,0,0,0,0,0,0,0
15277,C3D8,0.325766,0,0,0,0,0,0,0,0,0,0,0,0
15278,C3D8,0.325766,0,0,0,0,0,0,0,0,0,0,0,0
15279,C3D8,0.325766,0,0,0,0,0,0,0,0,0,0,0,0
15280,C3D8,0.325767,0,0,0,0,0,0,0,0,0,0,0,0
15281,C3D8,0.325767,0,0,0,0,0,0,0,0,0,0,0,0
15282,C3D8,0.325767,0,0,0,0,0,0,0,0,0,0,0,0
15283,C3D8,0.325766,0,0,0,0,0,0,0,0,0,0,0,0
15284,C3D8,0.325766,0,0,0,0,0,0,0,0,0,0,0,0
15285,C3D8,0.325766,0,0,0,0,0,0,0,0,0,0,0,0
15286,C3D8,0.325767,0,0,0,0,0,0,0,0,0,0,0,0
15287,C3D8,0.325767,0,0,0,0,0,0,0,0,0,0,0,0
15288,C3D8,0.325767,0,0,0,0,0,0,0,0,0,0,0,0
15289,C3D8,0.325766,0,0,0,0,0,0,0,0,0,0,0,0
15290,C3D8,0.325766,0,0,0,0,0,0,0,0,0,0,0,0
15291,C3D8,0.325766,0,0,0,0,0,0,0,0,0,0,0,0
15292,C3D8,0.325766,0,0,0,0,0,0,0,0,0,0,0,0
15293,C3D8,0.325766,0,0,0,0,0,0,0,0,0,0,0,0
15294,C3D8,0.325766,0,0,0,0,0,0,0,0,0,0,0,0
15295,C3D8,0.325767,0,0,0,0,0,0,0,0,0,0,0,0
15296,C3D8,0.325767,0,0,0,0,0,0,0,0,0,0,0,0
15297,C3D8,0.325767,0,0,0,0,0,0,0,0,0,0,0,0
15298,C3D8,0.325766,0,0,0,0,0,0,0,0,0,0,0,0
15299,C3D8,0.325766,0,0,0,0,0,0,0,0,0,0,0,0
15300,C3D8,0.325766,0,0,0,0,0,0,0,0,0,0,0,0
15301,C3D8,0.325766,0,0,0,0,0,0,0,0,0,0,0,0
15302,C3D8,0.325766,0,0,0,0,0,0,0,0,0,0,0,0
15303,C3D8,0.325766,0,0,0,0,0,0,0,0,0,0,0,0
15304,C3D8,0.325767,0,0,0,0,0,0,0,0,0,0,0,0
15305,C3D8,0.325767,0,0,0,0,0,0,0,0,0,0,0,0
15306,C3D8,0.325767,0,0,0,0,0,0,0,0,0,0,0,0
15307,C3D8,0.325766,0,0,0,0,0,0,0,0,0,0,0,0
15308,C3D8,0.325766,0,0,0,0,0,0,0,0,0,0,0,0
15309,C3D8,0.325766,0,0,0,0,0,0,0,0,0,0,0,0
15310,C3D8,0.325766,0,0,0,0,0,0,0,0,0,0,0,0
15311,C3D8,0.325766,0,0,0,0,0,0,0,0,0,0,0,0
15312,C3D8,0.325766,0,0,0,0,0,0,0,0,0,0,0,0
15313,C3D8,0.325766,0,0,0,0,0,0,0,0,0,0,0,0
15314,C3D8,0.325766,0,0,0,0,0,0,0,0,0,0,0,0
15315,C3D8,0.325766,0,0,0,0,0,0,0,0,0,0,0,0
15316,C3D8,0.325767,0,0,0,0,0,0,0,0,0,0,0,0
15317,C3D8,0.325767,0,0,0,0,0,0,0,0,0,0,0,0
15318,C3D8,0.325767,0,0,0,0,0,0,0,0,0,0,0,0
15319,C3D8,0.325766,0,0,0,0,0,0,0,0,0,0,0,0
15320,C3D8,0.325766,0,0,0,0,0,0,0,0,0,0,0,0
15321,C3D8,0.325766,0,0,0,0,0,0,0,0,0,0,0,0
15322,C3D8,0.325766,0,0,0,0,0,0,0,0,0,0,0,0
15323,C3D8,0.325766,0,0,0,0,0,0,0,0,0,0,0,0
15324,C3D8,0.325766,0,0,0,0,0,0,0,0,0,0,0,0
15325,C3D8,0.325766,0,0,0,0,0,0,0,0,0,0,0,0
15326,C3D8,0.325766,0,0,0,0,0,0,0,0,0,0,0,0
15327,C3D8,0.325766,0,0,0,0,0,0,0,0,0,0,0,0
15328,C3D8,0.325767,0,0,0,0,0,0,0,0,0,0,0,0
15329,C3D8,0.325767,0,0,0,0,0,0,0,0,0,0,0,0
15330,C3D8,0.325767,0,0,0,0,0,0,0,0,0,0,0,0
15331,C3D8,0.325766,0,0,0,0,0,0,0,0,0,0,0,0
15332,C3D8,0.325766,0,0,0,0,0,0,0,0,0,0,0,0
15333,C3D8,0.325766,0,0,0,0,0,0,0,0,0,0,0,0
15334,C3D8,0.325766,0,0,0,0,0,0,0,0,0,0,0,0
15335,C3D8,0.325766,0,0,0,0,0,0,0,0,0,0,0,0
15336,C3D8,0.325766,0,0,0,0,0,0,0,0,0,0,0,0
15337,C3D8,0.325766,0,0,0,0,0,0,0,0,0,0,0,0
15338,C3D8,0.325766,0,0,0,0,0,0,0,0,0,0,0,0
15339,C3D8,0.325766,0,0,0,0,0,0,0,0,0,0,0,0
15340,C3D8,0.325767,0,0,0,0,0,0,0,0,0,0,0,0
15341,C3D8,0.325767,0,0,0,0,0,0,0,0,0,0,0,0
15342,C3D8,0.325767,0,0,0,0,0,0,0,0,0,0,0,0
15343,C3D8,0.325766,0,0,0,0,0,0,0,0,0,0,0,0
15344,C3D8,0.325766,0,0,0,0,0,0,0,0,0,0,0,0
15345,C3D8,0.325766,0,0,0,0,0,0,0,0,0,0,0,0
15346,C3D8,0.325766,0,0,0,0,0,0,0,0,0,0,0,0
15347,C3D8,0.325766,0,0,0,0,0,0,0,0,0,0,0,0
15348,C3D8,0.325766,0,0,0,0,0,0,0,0,0,0,0,0
15349,C3D8,0.325767,0,0,0,0,0,0,0,0,0,0,0,0
15350,C3D8,0.325767,0,0,0,0,0,0,0,0,0,0,0,0
15351,C3D8,0.325767,0,0,0,0,0,0,0,0,0,0,0,0
15352,C3D8,0.325766,0,0,0,0,0,0,0,0,0,0,0,0
15353,C3D8,0.325766,0,0,0,0,0,0,0,0,0,0,0,0
15354,C3D8,0.325766,0,0,0,0,0,0,0,0,0,0,0,0
15355,C3D8,0.325766,0,0,0,0,0,0,0,0,0,0,0,0
15356,C3D8,0.325766,0,0,0,0,0,0,0,0,0,0,0,0
15357,C3D8,0.325766,0,0,0,0,0,0,0,0,0,0,0,0
15358,C3D8,0.325766,0,0,0,0,0,0,0,0,0,0,0,0
15359,C3D8,0.325766,0,0,0,0,0,0,0,0,0,0,0,0
15360,C3D8,0.325766,0,0,0,0,0,0,0,0,0,0,0,0
15361,C3D8,0.325767,0,0,0,0,0,0,0,0,0,0,0,0
15362,C3D8,0.325767,0,0,0,0,0,0,0,0,0,0,0,0
15363,C3D8,0.325767,0,0,0,0,0,0,0,0,0,0,0,0
15364,C3D8,0.325766,0,0,0,0,0,0,0,0,0,0,0,0
15365,C3D8,0.325766,0,0,0,0,0,0,0,0,0,0,0,0
15366,C3D8,0.325766,0,0,0,0,0,0,0,0,0,0,0,0
15367,C3D8,0.325766,0,0,0,0,0,0,0,0,0,0,0,0
15368,C3D8,0.325766,0,0,0,0,0,0,0,0,0,0,0,0
15369,C3D8,0.325766,0,0,0,0,0,0,0,0,0,0,0,0
15370,C3D8,0.325766,0,0,0,0,0,0,0,0,0,0,0,0
15371,C3D8,0.325766,0,0,0,0,0,0,0,0,0,0,0,0
15372,C3D8,0.325766,0,0,0,0,0,0,0,0,0,0,0,0
15373,C3D8,0.325767,0,0,0,0,0,0,0,0,0,0,0,0
15374,C3D8,0.325767,0,0,0,0,0,0,0,0,0,0,0,0
15375,C3D8,0.325767,0,0,0,0,0,0,0,0,0,0,0,0
15376,C3D8,0.325766,0,0,0,0,0,0,0,0,0,0,0,0
15377,C3D8,0.325766,0,0,0,0,0,0,0,0,0,0,0,0
15378,C3D8,0.325766,0,0,0,0,0,0,0,0,0,0,0,0
15379,C3D8,0.325766,0,0,0,0,0,0,0,0,0,0,0,0
15380,C3D8,0.325766,0,0,0,0,0,0,0,0,0,0,0,0
15381,C3D8,0.325766,0,0,0,0,0,0,0,0,0,0,0,0
15382,C3D8,0.325766,0,0,0,0,0,0,0,0,0,0,0,0
15383,C3D8,0.325766,0,0,0,0,0,0,0,0,0,0,0,0
15384,C3D8,0.325766,0,0,0,0,0,0,0,0,0,0,0,0
15385,C3D8,0.325767,0,0,0,0,0,0,0,0,0,0,0,0
15386,C3D8,0.325767,0,0,0,0,0,0,0,0,0,0,0,0
15387,C3D8,0.325767,0,0,0,0,0,0,0,0,0,0,0,0
15388,C3D8,0.325765,0,0,0,0,0,0,0,0,0,0,0,0
15389,C3D8,0.325765,0,0,0,0,0,0,0,0,0,0,0,0
15390,C3D8,0.325765,0,0,0,0,0,0,0,0,0,0,0,0
15391,C3D8,0.325768,0,0,0,0,0,0,0,0,0,0,0,0
15392,C3D8,0.325768,0,0,0,0,0,0,0,0,0,0,0,0
15393,C3D8,0.325768,0,0,0,0,0,0,0,0,0,0,0,0
15394,C3D8,0.325766,0,0,0,0,0,0,0,0,0,0,0,0
15395,C3D8,0.325766,0,0,0,0,0,0,0,0,0,0,0,0
15396,C3D8,0.325766,0,0,0,0,0,0,0,0,0,0,0,0
15397,C3D8,0.325766,0,0,0,0,0,0,0,0,0,0,0,0
15398,C3D8,0.325766,0,0,0,0,0,0,0,0,0,0,0,0
15399,C3D8,0.325766,0,0,0,0,0,0,0,0,0,0,0,0
15400,C3D8,0.325766,0,0,0,0,0,0,0,0,0,0,0,0
15401,C3D8,0.325766,0,0,0,0,0,0,0,0,0,0,0,0
15402,C3D8,0.325766,0,0,0,0,0,0,0,0,0,0,0,0
15403,C3D8,0.325767,0,0,0,0,0,0,0,0,0,0,0,0
15404,C3D8,0.325767,0,0,0,0,0,0,0,0,0,0,0,0
15405,C3D8,0.325767,0,0,0,0,0,0,0,0,0,0,0,0
15406,C3D8,0.325766,0,0,0,0,0,0,0,0,0,0,0,0
15407,C3D8,0.325766,0,0,0,0,0,0,0,0,0,0,0,0
15408,C3D8,0.325766,0,0,0,0,0,0,0,0,0,0,0,0
15409,C3D8,0.325767,0,0,0,0,0,0,0,0,0,0,0,0
15410,C3D8,0.325767,0,0,0,0,0,0,0,0,0,0,0,0
15411,C3D8,0.325767,0,0,0,0,0,0,0,0,0,0,0,0
15412,C3D8,0.325766,0,0,0,0,0,0,0,0,0,0,0,0
15413,C3D8,0.325766,0,0,0,0,0,0,0,0,0,0,0,0
15414,C3D8,0.325766,0,0,0,0,0,0,0,0,0,0,0,0
15415,C3D8,0.325767,0,0,0,0,0,0,0,0,0,0,0,0
15416,C3D8,0.325767,0,0,0,0,0,0,0,0,0,0,0,0
15417,C3D8,0.325767,0,0,0,0,0,0,0,0,0,0,0,0
15418,C3D8,0.325766,0,0,0,0,0,0,0,0,0,0,0,0
15419,C3D8,0.325766,0,0,0,0,0,0,0,0,0,0,0,0
15420,C3D8,0.325766,0,0,0,0,0,0,0,0,0,0,0,0
15421,C3D8,0.325767,0,0,0,0,0,0,0,0,0,0,0,0
15422,C3D8,0.325767,0,0,0,0,0,0,0,0,0,0,0,0
15423,C3D8,0.325767,0,0,0,0,0,0,0,0,0,0,0,0
15424,C3D8,0.325766,0,0,0,0,0,0,0,0,0,0,0,0
15425,C3D8,0.325766,0,0,0,0,0,0,0,0,0,0,0,0
15426,C3D8,0.325766,0,0,0,0,0,0,0,0,0,0,0,0
15427,C3D8,0.325767,0,0,0,0,0,0,0,0,0,0,0,0
15428,C3D8,0.325767,0,0,0,0,0,0,0,0,0,0,0,0
15429,C3D8,0.325767,0,0,0,0,0,0,0,0,0,0,0,0
15430,C3D8,0.325766,0,0,0,0,0,0,0,0,0,0,0,0
15431,C3D8,0.325766,0,0,0,0,0,0,0,0,0,0,0,0
15432,C3D8,0.325766,0,0,0,0,0,0,0,0,0,0,0,0
15433,C3D8,0.325767,0,0,0,0,0,0,0,0,0,0,0,0
15434,C3D8,0.325767,0,0,0,0,0,0,0,0,0,0,0,0
15435,C3D8,0.325767,0,0,0,0,0,0,0,0,0,0,0,0
15436,C3D8,0.325766,0,0,0,0,0,0,0,0,0,0,0,0
15437,C3D8,0.325766,0,0,0,0,0,0,0,0,0,0,0,0
15438,C3D8,0.325766,0,0,0,0,0,0,0,0,0,0,0,0
15439,C3D8,0.325767,0,0,0,0,0,0,0,0,0,0,0,0
15440,C3D8,0.325767,0,0,0,0,0,0,0,0,0,0,0,0
15441,C3D8,0.325767,0,0,0,0,0,0,0,0,0,0,0,0
15442,C3D8,0.325766,0,0,0,0,0,0,0,0,0,0,0,0
15443,C3D8,0.325766,0,0,0,0,0,0,0,0,0,0,0,0
15444,C3D8,0.325766,0,0,0,0,0,0,0,0,0,0,0,0
15445,C3D8,0.325767,0,0,0,0,0,0,0,0,0,0,0,0
15446,C3D8,0.325767,0,0,0,0,0,0,0,0,0,0,0,0
15447,C3D8,0.325767,0,0,0,0,0,0,0,0,0,0,0,0
15448,C3D8,0.325766,0,0,0,0,0,0,0,0,0,0,0,0
15449,C3D8,0.325766,0,0,0,0,0,0,0,0,0,0,0,0
15450,C3D8,0.325766,0,0,0,0,0,0,0,0,0,0,0,0
15451,C3D8,0.325766,0,0,0,0,0,0,0,0,0,0,0,0
15452,C3D8,0.325766,0,0,0,0,0,0,0,0,0,0,0,0
15453,C3D8,0.325766,0,0,0,0,0,0,0,0,0,0,0,0
15454,C3D8,0.325768,0,0,0,0,0,0,0,0,0,0,0,0
15455,C3D8,0.325768,0,0,0,0,0,0,0,0,0,0,0,0
15456,C3D8,0.325768,0,0,0,0,0,0,0,0,0,0,0,0
15457,C3D8,0.325766,0,0,0,0,0,0,0,0,0,0,0,0
15458,C3D8,0.325766,0,0,0,0,0,0,0,0,0,0,0,0
15459,C3D8,0.325766,0,0,0,0,0,0,0,0,0,0,0,0
15460,C3D8,0.325766,0,0,0,0,0,0,0,0,0,0,0,0
15461,C3D8,0.325766,0,0,0,0,0,0,0,0,0,0,0,0
15462,C3D8,0.325766,0,0,0,0,0,0,0,0,0,0,0,0
15463,C3D8,0.325768,0,0,0,0,0,0,0,0,0,0,0,0
15464,C3D8,0.325768,0,0,0,0,0,0,0,0,0,0,0,0
15465,C3D8,0.325768,0,0,0,0,0,0,0,0,0,0,0,0
15466,C3D8,0.325766,0,0,0,0,0,0,0,0,0,0,0,0
15467,C3D8,0.325766,0,0,0,0,0,0,0,0,0,0,0,0
15468,C3D8,0.325766,0,0,0,0,0,0,0,0,0,0,0,0
15469,C3D8,0.325766,0,0,0,0,0,0,0,0,0,0,0,0
15470,C3D8,0.325766,0,0,0,0,0,0,0,0,0,0,0,0
15471,C3D8,0.325766,0,0,0,0,0,0,0,0,0,0,0,0
15472,C3D8,0.325766,0,0,0,0,0,0,0,0,0,0,0,0
15473,C3D8,0.325766,0,0,0,0,0,0,0,0,0,0,0,0
15474,C3D8,0.325766,0,0,0,0,0,0,0,0,0,0,0,0
15475,C3D8,0.325768,0,0,0,0,0,0,0,0,0,0,0,0
15476,C3D8,0.325768,0,0,0,0,0,0,0,0,0,0,0,0
15477,C3D8,0.325768,0,0,0,0,0,0,0,0,0,0,0,0
15478,C3D8,0.325766,0,0,0,0,0,0,0,0,0,0,0,0
15479,C3D8,0.325766,0,0,0,0,0,0,0,0,0,0,0,0
15480,C3D8,0.325766,0,0,0,0,0,0,0,0,0,0,0,0
15481,C3D8,0.325766,0,0,0,0,0,0,0,0,0,0,0,0
15482,C3D8,0.325766,0,0,0,0,0,0,0,0,0,0,0,0
15483,C3D8,0.325766,0,0,0,0,0,0,0,0,0,0,0,0
15484,C3D8,0.325766,0,0,0,0,0,0,0,0,0,0,0,0
15485,C3D8,0.325766,0,0,0,0,0,0,0,0,0,0,0,0
15486,C3D8,0.325766,0,0,0,0,0,0,0,0,0,0,0,0
15487,C3D8,0.325768,0,0,0,0,0,0,0,0,0,0,0,0
15488,C3D8,0.325768,0,0,0,0,0,0,0,0,0,0,0,0
15489,C3D8,0.325768,0,0,0,0,0,0,0,0,0,0,0,0
15490,C3D8,0.325766,0,0,0,0,0,0,0,0,0,0,0,0
15491,C3D8,0.325766,0,0,0,0,0,0,0,0,0,0,0,0
15492,C3D8,0.325766,0,0,0,0,0,0,0,0,0,0,0,0
15493,C3D8,0.325766,0,0,0,0,0,0,0,0,0,0,0,0
15494,C3D8,0.325766,0,0,0,0,0,0,0,0,0,0,0,0
15495,C3D8,0.325766,0,0,0,0,0,0,0,0,0,0,0,0
15496,C3D8,0.325766,0,0,0,0,0,0,0,0,0,0,0,0
15497,C3D8,0.325766,0,0,0,0,0,0,0,0,0,0,0,0
15498,C3D8,0.325766,0,0,0,0,0,0,0,0,0,0,0,0
15499,C3D8,0.325768,0,0,0,0,0,0,0,0,0,0,0,0
15500,C3D8,0.325768,0,0,0,0,0,0,0,0,0,0,0,0
15501,C3D8,0.325768,0,0,0,0,0,0,0,0,0,0,0,0
15502,C3D8,0.325766,0,0,0,0,0,0,0,0,0,0,0,0
15503,C3D8,0.325766,0,0,0,0,0,0,0,0,0,0,0,0
15504,C3D8,0.325766,0,0,0,0,0,0,0,0,0,0,0,0
15505,C3D8,0.325766,0,0,0,0,0,0,0,0,0,0,0,0
15506,C3D8,0.325766,0,0,0,0,0,0,0,0,0,0,0,0
15507,C3D8,0.325766,0,0,0,0,0,0,0,0,0,0,0,0
15508,C3D8,0.325768,0,0,0,0,0,0,0,0,0,0,0,0
15509,C3D8,0.325768,0,0,0,0,0,0,0,0,0,0,0,0
15510,C3D8,0.325768,0,0,0,0,0,0,0,0,0,0,0,0
15511,C3D8,0.325766,0,0,0,0,0,0,0,0,0,0,0,0
15512,C3D8,0.325766,0,0,0,0,0,0,0,0,0,0,0,0
15513,C3D8,0.325766,0,0,0,0,0,0,0,0,0,0,0,0
15514,C3D8,0.325766,0,0,0,0,0,0,0,0,0,0,0,0
15515,C3D8,0.325766,0,0,0,0,0,0,0,0,0,0,0,0
15516,C3D8,0.325766,0,0,0,0,0,0,0,0,0,0,0,0
15517,C3D8,0.325766,0,0,0,0,0,0,0,0,0,0,0,0
15518,C3D8,0.325766,0,0,0,0,0,0,0,0,0,0,0,0
15519,C3D8,0.325766,0,0,0,0,0,0,0,0,0,0,0,0
15520,C3D8,0.325768,0,0,0,0,0,0,0,0,0,0,0,0
15521,C3D8,0.325768,0,0,0,0,0,0,0,0,0,0,0,0
15522,C3D8,0.325768,0,0,0,0,0,0,0,0,0,0,0,0
15523,C3D8,0.325766,0,0,0,0,0,0,0,0,0,0,0,0
15524,C3D8,0.325766,0,0,0,0,0,0,0,0,0,0,0,0
15525,C3D8,0.325766,0,0,0,0,0,0,0,0,0,0,0,0
15526,C3D8,0.325766,0,0,0,0,0,0,0,0,0,0,0,0
15527,C3D8,0.325766,0,0,0,0,0,0,0,0,0,0,0,0
15528,C3D8,0.325766,0,0,0,0,0,0,0,0,0,0,0,0
15529,C3D8,0.325766,0,0,0,0,0,0,0,0,0,0,0,0
15530,C3D8,0.325766,0,0,0,0,0,0,0,0,0,0,0,0
15531,C3D8,0.325766,0,0,0,0,0,0,0,0,0,0,0,0
15532,C3D8,0.325768,0,0,0,0,0,0,0,0,0,0,0,0
15533,C3D8,0.325768,0,0,0,0,0,0,0,0,0,0,0,0
15534,C3D8,0.325768,0,0,0,0,0,0,0,0,0,0,0,0
15535,C3D8,0.325766,0,0,0,0,0,0,0,0,0,0,0,0
15536,C3D8,0.325766,0,0,0,0,0,0,0,0,0,0,0,0
15537,C3D8,0.325766,0,0,0,0,0,0,0,0,0,0,0,0
15538,C3D8,0.325766,0,0,0,0,0,0,0,0,0,0,0,0
15539,C3D8,0.325766,0,0,0,0,0,0,0,0,0,0,0,0
15540,C3D8,0.325766,0,0,0,0,0,0,0,0,0,0,0,0
15541,C3D8,0.325766,0,0,0,0,0,0,0,0,0,0,0,0
15542,C3D8,0.325766,0,0,0,0,0,0,0,0,0,0,0,0
15543,C3D8,0.325766,0,0,0,0,0,0,0,0,0,0,0,0
15544,C3D8,0.325768,0,0,0,0,0,0,0,0,0,0,0,0
15545,C3D8,0.325768,0,0,0,0,0,0,0,0,0,0,0,0
15546,C3D8,0.325768,0,0,0,0,0,0,0,0,0,0,0,0
15547,C3D8,0.325765,0,0,0,0,0,0,0,0,0,0,0,0
15548,C3D8,0.325765,0,0,0,0,0,0,0,0,0,0,0,0
15549,C3D8,0.325765,0,0,0,0,0,0,0,0,0,0,0,0
15550,C3D8,0.325769,0,0,0,0,0,0,0,0,0,0,0,0
15551,C3D8,0.325769,0,0,0,0,0,0,0,0,0,0,0,0
15552,C3D8,0.325769,0,0,0,0,0,0,0,0,0,0,0,0
15553,C3D8,0.325766,0,0,0,0,0,0,0,0,0,0,0,0
15554,C3D8,0.325766,0,0,0,0,0,0,0,0,0,0,0,0
15555,C3D8,0.325766,0,0,0,0,0,0,0,0,0,0,0,0
15556,C3D8,0.325766,0,0,0,0,0,0,0,0,0,0,0,0
15557,C3D8,0.325766,0,0,0,0,0,0,0,0,0,0,0,0
15558,C3D8,0.325766,0,0,0,0,0,0,0,0,0,0,0,0
15559,C3D8,0.325766,0,0,0,0,0,0,0,0,0,0,0,0
15560,C3D8,0.325766,0,0,0,0,0,0,0,0,0,0,0,0
15561,C3D8,0.325766,0,0,0,0,0,0,0,0,0,0,0,0
15562,C3D8,0.325767,0,0,0,0,0,0,0,0,0,0,0,0
15563,C3D8,0.325767,0,0,0,0,0,0,0,0,0,0,0,0
15564,C3D8,0.325767,0,0,0,0,0,0,0,0,0,0,0,0
15565,C3D8,0.325766,0,0,0,0,0,0,0,0,0,0,0,0
15566,C3D8,0.325766,0,0,0,0,0,0,0,0,0,0,0,0
15567,C3D8,0.325766,0,0,0,0,0,0,0,0,0,0,0,0
15568,C3D8,0.325767,0,0,0,0,0,0,0,0,0,0,0,0
15569,C3D8,0.325767,0,0,0,0,0,0,0,0,0,0,0,0
15570,C3D8,0.325767,0,0,0,0,0,0,0,0,0,0,0,0
15571,C3D8,0.325766,0,0,0,0,0,0,0,0,0,0,0,0
15572,C3D8,0.325766,0,0,0,0,0,0,0,0,0,0,0,0
15573,C3D8,0.325766,0,0,0,0,0,0,0,0,0,0,0,0
15574,C3D8,0.325767,0,0,0,0,0,0,0,0,0,0,0,0
15575,C3D8,0.325767,0,0,0,0,0,0,0,0,0,0,0,0
15576,C3D8,0.325767,0,0,0,0,0,0,0,0,0,0,0,0
15577,C3D8,0.325766,0,0,0,0,0,0,0,0,0,0,0,0
15578,C3D8,0.325766,0,0,0,0,0,0,0,0,0,0,0,0
15579,C3D8,0.325766,0,0,0,0,0,0,0,0,0,0,0,0
15580,C3D8,0.325767,0,0,0,0,0,0,0,0,0,0,0,0
15581,C3D8,0.325767,0,0,0,0,0,0,0,0,0,0,0,0
15582,C3D8,0.325767,0,0,0,0,0,0,0,0,0,0,0,0
15583,C3D8,0.325766,0,0,0,0,0,0,0,0,0,0,0,0
15584,C3D8,0.325766,0,0,0,0,0,0,0,0,0,0,0,0
15585,C3D8,0.325766,0,0,0,0,0,0,0,0,0,0,0,0
15586,C3D8,0.325767,0,0,0,0,0,0,0,0,0,0,0,0
15587,C3D8,0.325767,0,0,0,0,0,0,0,0,0,0,0,0
15588,C3D8,0.325767,0,0,0,0,0,0,0,0,0,0,0,0
15589,C3D8,0.325766,0,0,0,0,0,0,0,0,0,0,0,0
15590,C3D8,0.325766,0,0,0,0,0,0,0,0,0,0,0,0
15591,C3D8,0.325766,0,0,0,0,0,0,0,0,0,0,0,0
15592,C3D8,0.325767,0,0,0,0,0,0,0,0,0,0,0,0
15593,C3D8,0.325767,0,0,0,0,0,0,0,0,0,0,0,0
15594,C3D8,0.325767,0,0,0,0,0,0,0,0,0,0,0,0
15595,C3D8,0.325766,0,0,0,0,0,0,0,0,0,0,0,0
15596,C3D8,0.325766,0,0,0,0,0,0,0,0,0,0,0,0
15597,C3D8,0.325766,0,0,0,0,0,0,0,0,0,0,0,0
15598,C3D8,0.325767,0,0,0,0,0,0,0,0,0,0,0,0
15599,C3D8,0.325767,0,0,0,0,0,0,0,0,0,0,0,0
15600,C3D8,0.325767,0,0,0,0,0,0,0,0,0,0,0,0
15601,C3D8,0.325766,0,0,0,0,0,0,0,0,0,0,0,0
15602,C3D8,0.325766,0,0,0,0,0,0,0,0,0,0,0,0
15603,C3D8,0.325766,0,0,0,0,0,0,0,0,0,0,0,0
15604,C3D8,0.325767,0,0,0,0,0,0,0,0,0,0,0,0
15605,C3D8,0.325767,0,0,0,0,0,0,0,0,0,0,0,0
15606,C3D8,0.325767,0,0,0,0,0,0,0,0,0,0,0,0
15607,C3D8,0.325766,0,0,0,0,0,0,0,0,0,0,0,0
15608,C3D8,0.325766,0,0,0,0,0,0,0,0,0,0,0,0
15609,C3D8,0.325766,0,0,0,0,0,0,0,0,0,0,0,0
15610,C3D8,0.325766,0,0,0,0,0,0,0,0,0,0,0,0
15611,C3D8,0.325766,0,0,0,0,0,0,0,0,0,0,0,0
15612,C3D8,0.325766,0,0,0,0,0,0,0,0,0,0,0,0
15613,C3D8,0.325768,0,0,0,0,0,0,0,0,0,0,0,0
15614,C3D8,0.325768,0,0,0,0,0,0,0,0,0,0,0,0
15615,C3D8,0.325768,0,0,0,0,0,0,0,0,0,0,0,0
15616,C3D8,0.325766,0,0,0,0,0,0,0,0,0,0,0,0
15617,C3D8,0.325766,0,0,0,0,0,0,0,0,0,0,0,0
15618,C3D8,0.325766,0,0,0,0,0,0,0,0,0,0,0,0
15619,C3D8,0.325766,0,0,0,0,0,0,0,0,0,0,0,0
15620,C3D8,0.325766,0,0,0,0,0,0,0,0,0,0,0,0
15621,C3D8,0.325766,0,0,0,0,0,0,0,0,0,0,0,0
15622,C3D8,0.325768,0,0,0,0,0,0,0,0,0,0,0,0
15623,C3D8,0.325768,0,0,0,0,0,0,0,0,0,0,0,0
15624,C3D8,0.325768,0,0,0,0,0,0,0,0,0,0,0,0
15625,C3D8,0.325766,0,0,0,0,0,0,0,0,0,0,0,0
15626,C3D8,0.325766,0,0,0,0,0,0,0,0,0,0,0,0
15627,C3D8,0.325766,0,0,0,0,0,0,0,0,0,0,0,0
15628,C3D8,0.325766,0,0,0,0,0,0,0,0,0,0,0,0
15629,C3D8,0.325766,0,0,0,0,0,0,0,0,0,0,0,0
15630,C3D8,0.325766,0,0,0,0,0,0,0,0,0,0,0,0
15631,C3D8,0.325766,0,0,0,0,0,0,0,0,0,0,0,0
15632,C3D8,0.325766,0,0,0,0,0,0,0,0,0,0,0,0
15633,C3D8,0.325766,0,0,0,0,0,0,0,0,0,0,0,0
15634,C3D8,0.325768,0,0,0,0,0,0,0,0,0,0,0,0
15635,C3D8,0.325768,0,0,0,0,0,0,0,0,0,0,0,0
15636,C3D8,0.325768,0,0,0,0,0,0,0,0,0,0,0,0
15637,C3D8,0.325766,0,0,0,0,0,0,0,0,0,0,0,0
15638,C3D8,0.325766,0,0,0,0,0,0,0,0,0,0,0,0
15639,C3D8,0.325766,0,0,0,0,0,0,0,0,0,0,0,0
15640,C3D8,0.325766,0,0,0,0,0,0,0,0,0,0,0,0
15641,C3D8,0.325766,0,0,0,0,0,0,0,0,0,0,0,0
15642,C3D8,0.325766,0,0,0,0,0,0,0,0,0,0,0,0
15643,C3D8,0.325766,0,0,0,0,0,0,0,0,0,0,0,0
15644,C3D8,0.325766,0,0,0,0,0,0,0,0,0,0,0,0
15645,C3D8,0.325766,0,0,0,0,0,0,0,0,0,0,0,0
15646,C3D8,0.325768,0,0,0,0,0,0,0,0,0,0,0,0
15647,C3D8,0.325768,0,0,0,0,0,0,0,0,0,0,0,0
15648,C3D8,0.325768,0,0,0,0,0,0,0,0,0,0,0,0
15649,C3D8,0.325766,0,0,0,0,0,0,0,0,0,0,0,0
15650,C3D8,0.325766,0,0,0,0,0,0,0,0,0,0,0,0
15651,C3D8,0.325766,0,0,0,0,0,0,0,0,0,0,0,0
15652,C3D8,0.325766,0,0,0,0,0,0,0,0,0,0,0,0
15653,C3D8,0.325766,0,0,0,0,0,0,0,0,0,0,0,0
15654,C3D8,0.325766,0,0,0,0,0,0,0,0,0,0,0,0
15655,C3D8,0.325766,0,0,0,0,0,0,0,0,0,0,0,0
15656,C3D8,0.325766,0,0,0,0,0,0,0,0,0,0,0,0
15657,C3D8,0.325766,0,0,0,0,0,0,0,0,0,0,0,0
15658,C3D8,0.325768,0,0,0,0,0,0,0,0,0,0,0,0
15659,C3D8,0.325768,0,0,0,0,0,0,0,0,0,0,0,0
15660,C3D8,0.325768,0,0,0,0,0,0,0,0,0,0,0,0
15661,C3D8,0.325766,0,0,0,0,0,0,0,0,0,0,0,0
15662,C3D8,0.325766,0,0,0,0,0,0,0,0,0,0,0,0
15663,C3D8,0.325766,0,0,0,0,0,0,0,0,0,0,0,0
15664,C3D8,0.325766,0,0,0,0,0,0,0,0,0,0,0,0
15665,C3D8,0.325766,0,0,0,0,0,0,0,0,0,0,0,0
15666,C3D8,0.325766,0,0,0,0,0,0,0,0,0,0,0,0
15667,C3D8,0.325768,0,0,0,0,0,0,0,0,0,0,0,0
15668,C3D8,0.325768,0,0,0,0,0,0,0,0,0,0,0,0
15669,C3D8,0.325768,0,0,0,0,0,0,0,0,0,0,0,0
15670,C3D8,0.325766,0,0,0,0,0,0,0,0,0,0,0,0
15671,C3D8,0.325766,0,0,0,0,0,0,0,0,0,0,0,0
15672,C3D8,0.325766,0,0,0,0,0,0,0,0,0,0,0,0
15673,C3D8,0.325766,0,0,0,0,0,0,0,0,0,0,0,0
15674,C3D8,0.325766,0,0,0,0,0,0,0,0,0,0,0,0
15675,C3D8,0.325766,0,0,0,0,0,0,0,0,0,0,0,0
15676,C3D8,0.325766,0,0,0,0,0,0,0,0,0,0,0,0
15677,C3D8,0.325766,0,0,0,0,0,0,0,0,0,0,0,0
15678,C3D8,0.325766,0,0,0,0,0,0,0,0,0,0,0,0
15679,C3D8,0.325768,0,0,0,0,0,0,0,0,0,0,0,0
15680,C3D8,0.325768,0,0,0,0,0,0,0,0,0,0,0,0
15681,C3D8,0.325768,0,0,0,0,0,0,0,0,0,0,0,0
15682,C3D8,0.325766,0,0,0,0,0,0,0,0,0,0,0,0
15683,C3D8,0.325766,0,0,0,0,0,0,0,0,0,0,0,0
15684,C3D8,0.325766,0,0,0,0,0,0,0,0,0,0,0,0
15685,C3D8,0.325766,0,0,0,0,0,0,0,0,0,0,0,0
15686,C3D8,0.325766,0,0,0,0,0,0,0,0,0,0,0,0
15687,C3D8,0.325766,0,0,0,0,0,0,0,0,0,0,0,0
15688,C3D8,0.325766,0,0,0,0,0,0,0,0,0,0,0,0
15689,C3D8,0.325766,0,0,0,0,0,0,0,0,0,0,0,0
15690,C3D8,0.325766,0,0,0,0,0,0,0,0,0,0,0,0
15691,C3D8,0.325768,0,0,0,0,0,0,0,0,0,0,0,0
15692,C3D8,0.325768,0,0,0,0,0,0,0,0,0,0,0,0
15693,C3D8,0.325768,0,0,0,0,0,0,0,0,0,0,0,0
15694,C3D8,0.325766,0,0,0,0,0,0,0,0,0,0,0,0
15695,C3D8,0.325766,0,0,0,0,0,0,0,0,0,0,0,0
15696,C3D8,0.325766,0,0,0,0,0,0,0,0,0,0,0,0
15697,C3D8,0.325766,0,0,0,0,0,0,0,0,0,0,0,0
15698,C3D8,0.325766,0,0,0,0,0,0,0,0,0,0,0,0
15699,C3D8,0.325766,0,0,0,0,0,0,0,0,0,0,0,0
15700,C3D8,0.325766,0,0,0,0,0,0,0,0,0,0,0,0
15701,C3D8,0.325766,0,0,0,0,0,0,0,0,0,0,0,0
15702,C3D8,0.325766,0,0,0,0,0,0,0,0,0,0,0,0
15703,C3D8,0.325768,0,0,0,0,0,0,0,0,0,0,0,0
15704,C3D8,0.325768,0,0,0,0,0,0,0,0,0,0,0,0
15705,C3D8,0.325768,0,0,0,0,0,0,0,0,0,0,0,0
15706,C3D8,0.325765,0,0,0,0,0,0,0,0,0,0,0,0
15707,C3D8,0.325765,0,0,0,0,0,0,0,0,0,0,0,0
15708,C3D8,0.325765,0,0,0,0,0,0,0,0,0,0,0,0
15709,C3D8,0.325769,0,0,0,0,0,0,0,0,0,0,0,0
15710,C3D8,0.325769,0,0,0,0,0,0,0,0,0,0,0,0
15711,C3D8,0.325769,0,0,0,0,0,0,0,0,0,0,0,0
15712,C3D8,0.325766,0,0,0,0,0,0,0,0,0,0,0,0
15713,C3D8,0.325766,0,0,0,0,0,0,0,0,0,0,0,0
15714,C3D8,0.325766,0,0,0,0,0,0,0,0,0,0,0,0
15715,C3D8,0.325766,0,0,0,0,0,0,0,0,0,0,0,0
15716,C3D8,0.325766,0,0,0,0,0,0,0,0,0,0,0,0
15717,C3D8,0.325766,0,0,0,0,0,0,0,0,0,0,0,0
15718,C3D8,0.325766,0,0,0,0,0,0,0,0,0,0,0,0
15719,C3D8,0.325766,0,0,0,0,0,0,0,0,0,0,0,0
15720,C3D8,0.325766,0,0,0,0,0,0,0,0,0,0,0,0
15721,C3D8,0.325767,0,0,0,0,0,0,0,0,0,0,0,0
15722,C3D8,0.325767,0,0,0,0,0,0,0,0,0,0,0,0
15723,C3D8,0.325767,0,0,0,0,0,0,0,0,0,0,0,0
15724,C3D8,0.325766,0,0,0,0,0,0,0,0,0,0,0,0
15725,C3D8,0.325766,0,0,0,0,0,0,0,0,0,0,0,0
15726,C3D8,0.325766,0,0,0,0,0,0,0,0,0,0,0,0
15727,C3D8,0.325767,0,0,0,0,0,0,0,0,0,0,0,0
15728,C3D8,0.325767,0,0,0,0,0,0,0,0,0,0,0,0
15729,C3D8,0.325767,0,0,0,0,0,0,0,0,0,0,0,0
15730,C3D8,0.325766,0,0,0,0,0,0,0,0,0,0,0,0
15731,C3D8,0.325766,0,0,0,0,0,0,0,0,0,0,0,0
15732,C3D8,0.325766,0,0,0,0,0,0,0,0,0,0,0,0
15733,C3D8,0.325767,0,0,0,0,0,0,0,0,0,0,0,0
15734,C3D8,0.325767,0,0,0,0,0,0,0,0,0,0,0,0
15735,C3D8,0.325767,0,0,0,0,0,0,0,0,0,0,0,0
15736,C3D8,0.325766,0,0,0,0,0,0,0,0,0,0,0,0
15737,C3D8,0.325766,0,0,0,0,0,0,0,0,0,0,0,0
15738,C3D8,0.325766,0,0,0,0,0,0,0,0,0,0,0,0
15739,C3D8,0.325767,0,0,0,0,0,0,0,0,0,0,0,0
15740,C3D8,0.325767,0,0,0,0,0,0,0,0,0,0,0,0
15741,C3D8,0.325767,0,0,0,0,0,0,0,0,0,0,0,0
15742,C3D8,0.325766,0,0,0,0,0,0,0,0,0,0,0,0
15743,C3D8,0.325766,0,0,0,0,0,0,0,0,0,0,0,0
15744,C3D8,0.325766,0,0,0,0,0,0,0,0,0,0,0,0
15745,C3D8,0.325767,0,0,0,0,0,0,0,0,0,0,0,0
15746,C3D8,0.325767,0,0,0,0,0,0,0,0,0,0,0,0
15747,C3D8,0.325767,0,0,0,0,0,0,0,0,0,0,0,0
15748,C3D8,0.325766,0,0,0,0,0,0,0,0,0,0,0,0
15749,C3D8,0.325766,0,0,0,0,0,0,0,0,0,0,0,0
15750,C3D8,0.325766,0,0,0,0,0,0,0,0,0,0,0,0
15751,C3D8,0.325767,0,0,0,0,0,0,0,0,0,0,0,0
15752,C3D8,0.325767,0,0,0,0,0,0,0,0,0,0,0,0
15753,C3D8,0.325767,0,0,0,0,0,0,0,0,0,0,0,0
15754,C3D8,0.325766,0,0,0,0,0,0,0,0,0,0,0,0
15755,C3D8,0.325766,0,0,0,0,0,0,0,0,0,0,0,0
15756,C3D8,0.325766,0,0,0,0,0,0,0,0,0,0,0,0
15757,C3D8,0.325767,0,0,0,0,0,0,0,0,0,0,0,0
15758,C3D8,0.325767,0,0,0,0,0,0,0,0,0,0,0,0
15759,C3D8,0.325767,0,0,0,0,0,0,0,0,0,0,0,0
15760,C3D8,0.325766,0,0,0,0,0,0,0,0,0,0,0,0
15761,C3D8,0.325766,0,0,0,0,0,0,0,0,0,0,0,0
15762,C3D8,0.325766,0,0,0,0,0,0,0,0,0,0,0,0
15763,C3D8,0.325767,0,0,0,0,0,0,0,0,0,0,0,0
15764,C3D8,0.325767,0,0,0,0,0,0,0,0,0,0,0,0
15765,C3D8,0.325767,0,0,0,0,0,0,0,0,0,0,0,0
15766,C3D8,0.325766,0,0,0,0,0,0,0,0,0,0,0,0
15767,C3D8,0.325766,0,0,0,0,0,0,0,0,0,0,0,0
15768,C3D8,0.325766,0,0,0,0,0,0,0,0,0,0,0,0
15769,C3D8,0.325766,0,0,0,0,0,0,0,0,0,0,0,0
15770,C3D8,0.325766,0,0,0,0,0,0,0,0,0,0,0,0
15771,C3D8,0.325766,0,0,0,0,0,0,0,0,0,0,0,0
15772,C3D8,0.325768,0,0,0,0,0,0,0,0,0,0,0,0
15773,C3D8,0.325768,0,0,0,0,0,0,0,0,0,0,0,0
15774,C3D8,0.325768,0,0,0,0,0,0,0,0,0,0,0,0
15775,C3D8,0.325766,0,0,0,0,0,0,0,0,0,0,0,0
15776,C3D8,0.325766,0,0,0,0,0,0,0,0,0,0,0,0
15777,C3D8,0.325766,0,0,0,0,0,0,0,0,0,0,0,0
15778,C3D8,0.325766,0,0,0,0,0,0,0,0,0,0,0,0
15779,C3D8,0.325766,0,0,0,0,0,0,0,0,0,0,0,0
15780,C3D8,0.325766,0,0,0,0,0,0,0,0,0,0,0,0
15781,C3D8,0.325768,0,0,0,0,0,0,0,0,0,0,0,0
15782,C3D8,0.325768,0,0,0,0,0,0,0,0,0,0,0,0
15783,C3D8,0.325768,0,0,0,0,0,0,0,0,0,0,0,0
15784,C3D8,0.325766,0,0,0,0,0,0,0,0,0,0,0,0
15785,C3D8,0.325766,0,0,0,0,0,0,0,0,0,0,0,0
15786,C3D8,0.325766,0,0,0,0,0,0,0,0,0,0,0,0
15787,C3D8,0.325766,0,0,0,0,0,0,0,0,0,0,0,0
15788,C3D8,0.325766,0,0,0,0,0,0,0,0,0,0,0,0
15789,C3D8,0.325766,0,0,0,0,0,0,0,0,0,0,0,0
15790,C3D8,0.325766,0,0,0,0,0,0,0,0,0,0,0,0
15791,C3D8,0.325766,0,0,0,0,0,0,0,0,0,0,0,0
15792,C3D8,0.325766,0,0,0,0,0,0,0,0,0,0,0,0
15793,C3D8,0.325768,0,0,0,0,0,0,0,0,0,0,0,0
15794,C3D8,0.325768,0,0,0,0,0,0,0,0,0,0,0,0
15795,C3D8,0.325768,0,0,0,0,0,0,0,0,0,0,0,0
15796,C3D8,0.325766,0,0,0,0,0,0,0,0,0,0,0,0
15797,C3D8,0.325766,0,0,0,0,0,0,0,0,0,0,0,0
15798,C3D8,0.325766,0,0,0,0,0,0,0,0,0,0,0,0
15799,C3D8,0.325766,0,0,0,0,0,0,0,0,0,0,0,0
15800,C3D8,0.325766,0,0,0,0,0,0,0,0,0,0,0,0
15801,C3D8,0.325766,0,0,0,0,0,0,0,0,0,0,0,0
15802,C3D8,0.325766,0,0,0,0,0,0,0,0,0,0,0,0
15803,C3D8,0.325766,0,0,0,0,0,0,0,0,0,0,0,0
15804,C3D8,0.325766,0,0,0,0,0,0,0,0,0,0,0,0
15805,C3D8,0.325768,0,0,0,0,0,0,0,0,0,0,0,0
15806,C3D8,0.325768,0,0,0,0,0,0,0,0,0,0,0,0
15807,C3D8,0.325768,0,0,0,0,0,0,0,0,0,0,0,0
15808,C3D8,0.325766,0,0,0,0,0,0,0,0,0,0,0,0
15809,C3D8,0.325766,0,0,0,0,0,0,0,0,0,0,0,0
15810,C3D8,0.325766,0,0,0,0,0,0,0,0,0,0,0,0
15811,C3D8,0.325766,0,0,0,0,0,0,0,0,0,0,0,0
15812,C3D8,0.325766,0,0,0,0,0,0,0,0,0,0,0,0
15813,C3D8,0.325766,0,0,0,0,0,0,0,0,0,0,0,0
15814,C3D8,0.325766,0,0,0,0,0,0,0,0,0,0,0,0
15815,C3D8,0.325766,0,0,0,0,0,0,0,0,0,0,0,0
15816,C3D8,0.325766,0,0,0,0,0,0,0,0,0,0,0,0
15817,C3D8,0.325768,0,0,0,0,0,0,0,0,0,0,0,0
15818,C3D8,0.325768,0,0,0,0,0,0,0,0,0,0,0,0
15819,C3D8,0.325768,0,0,0,0,0,0,0,0,0,0,0,0
15820,C3D8,0.325766,0,0,0,0,0,0,0,0,0,0,0,0
15821,C3D8,0.325766,0,0,0,0,0,0,0,0,0,0,0,0
15822,C3D8,0.325766,0,0,0,0,0,0,0,0,0,0,0,0
15823,C3D8,0.325766,0,0,0,0,0,0,0,0,0,0,0,0
15824,C3D8,0.325766,0,0,0,0,0,0,0,0,0,0,0,0
15825,C3D8,0.325766,0,0,0,0,0,0,0,0,0,0,0,0
15826,C3D8,0.325768,0,0,0,0,0,0,0,0,0,0,0,0
15827,C3D8,0.325768,0,0,0,0,0,0,0,0,0,0,0,0
15828,C3D8,0.325768,0,0,0,0,0,0,0,0,0,0,0,0
15829,C3D8,0.325766,0,0,0,0,0,0,0,0,0,0,0,0
15830,C3D8,0.325766,0,0,0,0,0,0,0,0,0,0,0,0
15831,C3D8,0.325766,0,0,0,0,0,0,0,0,0,0,0,0
15832,C3D8,0.325766,0,0,0,0,0,0,0,0,0,0,0,0
15833,C3D8,0.325766,0,0,0,0,0,0,0,0,0,0,0,0
15834,C3D8,0.325766,0,0,0,0,0,0,0,0,0,0,0,0
15835,C3D8,0.325766,0,0,0,0,0,0,0,0,0,0,0,0
15836,C3D8,0.325766,0,0,0,0,0,0,0,0,0,0,0,0
15837,C3D8,0.325766,0,0,0,0,0,0,0,0,0,0,0,0
15838,C3D8,0.325768,0,0,0,0,0,0,0,0,0,0,0,0
15839,C3D8,0.325768,0,0,0,0,0,0,0,0,0,0,0,0
15840,C3D8,0.325768,0,0,0,0,0,0,0,0,0,0,0,0
15841,C3D8,0.325766,0,0,0,0,0,0,0,0,0,0,0,0
15842,C3D8,0.325766,0,0,0,0,0,0,0,0,0,0,0,0
15843,C3D8,0.325766,0,0,0,0,0,0,0,0,0,0,0,0
15844,C3D8,0.325766,0,0,0,0,0,0,0,0,0,0,0,0
15845,C3D8,0.325766,0,0,0,0,0,0,0,0,0,0,0,0
15846,C3D8,0.325766,0,0,0,0,0,0,0,0,0,0,0,0
15847,C3D8,0.325766,0,0,0,0,0,0,0,0,0,0,0,0
15848,C3D8,0.325766,0,0,0,0,0,0,0,0,0,0,0,0
15849,C3D8,0.325766,0,0,0,0,0,0,0,0,0,0,0,0
15850,C3D8,0.325768,0,0,0,0,0,0,0,0,0,0,0,0
15851,C3D8,0.325768,0,0,0,0,0,0,0,0,0,0,0,0
15852,C3D8,0.325768,0,0,0,0,0,0,0,0,0,0,0,0
15853,C3D8,0.325766,0,0,0,0,0,0,0,0,0,0,0,0
15854,C3D8,0.325766,0,0,0,0,0,0,0,0,0,0,0,0
15855,C3D8,0.325766,0,0,0,0,0,0,0,0,0,0,0,0
15856,C3D8,0.325766,0,0,0,0,0,0,0,0,0,0,0,0
15857,C3D8,0.325766,0,0,0,0,0,0,0,0,0,0,0,0
15858,C3D8,0.325766,0,0,0,0,0,0,0,0,0,0,0,0
15859,C3D8,0.325766,0,0,0,0,0,0,0,0,0,0,0,0
15860,C3D8,0.325766,0,0,0,0,0,0,0,0,0,0,0,0
15861,C3D8,0.325766,0,0,0,0,0,0,0,0,0,0,0,0
15862,C3D8,0.325768,0,0,0,0,0,0,0,0,0,0,0,0
15863,C3D8,0.325768,0,0,0,0,0,0,0,0,0,0,0,0
15864,C3D8,0.325768,0,0,0,0,0,0,0,0,0,0,0,0
15865,C3D8,0.325765,0,0,0,0,0,0,0,0,0,0,0,0
15866,C3D8,0.325765,0,0,0,0,0,0,0,0,0,0,0,0
15867,C3D8,0.325765,0,0,0,0,0,0,0,0,0,0,0,0
15868,C3D8,0.325769,0,0,0,0,0,0,0,0,0,0,0,0
15869,C3D8,0.325769,0,0,0,0,0,0,0,0,0,0,0,0
15870,C3D8,0.325769,0,0,0,0,0,0,0,0,0,0,0,0
15871,C3D8,0.325766,0,0,0,0,0,0,0,0,0,0,0,0
15872,C3D8,0.325766,0,0,0,0,0,0,0,0,0,0,0,0
15873,C3D8,0.325766,0,0,0,0,0,0,0,0,0,0,0,0
15874,C3D8,0.325766,0,0,0,0,0,0,0,0,0,0,0,0
15875,C3D8,0.325766,0,0,0,0,0,0,0,0,0,0,0,0
15876,C3D8,0.325766,0,0,0,0,0,0,0,0,0,0,0,0
15877,C3D8,0.325766,0,0,0,0,0,0,0,0,0,0,0,0
15878,C3D8,0.325766,0,0,0,0,0,0,0,0,0,0,0,0
15879,C3D8,0.325766,0,0,0,0,0,0,0,0,0,0,0,0
15880,C3D8,0.325766,0,0,0,0,0,0,0,0,0,0,0,0
15881,C3D8,0.325766,0,0,0,0,0,0,0,0,0,0,0,0
15882,C3D8,0.325766,0,0,0,0,0,0,0,0,0,0,0,0
15883,C3D8,0.325766,0,0,0,0,0,0,0,0,0,0,0,0
15884,C3D8,0.325766,0,0,0,0,0,0,0,0,0,0,0,0
15885,C3D8,0.325766,0,0,0,0,0,0,0,0,0,0,0,0
15886,C3D8,0.325766,0,0,0,0,0,0,0,0,0,0,0,0
15887,C3D8,0.325766,0,0,0,0,0,0,0,0,0,0,0,0
15888,C3D8,0.325766,0,0,0,0,0,0,0,0,0,0,0,0
15889,C3D8,0.325766,0,0,0,0,0,0,0,0,0,0,0,0
15890,C3D8,0.325766,0,0,0,0,0,0,0,0,0,0,0,0
15891,C3D8,0.325766,0,0,0,0,0,0,0,0,0,0,0,0
15892,C3D8,0.325766,0,0,0,0,0,0,0,0,0,0,0,0
15893,C3D8,0.325766,0,0,0,0,0,0,0,0,0,0,0,0
15894,C3D8,0.325766,0,0,0,0,0,0,0,0,0,0,0,0
15895,C3D8,0.325766,0,0,0,0,0,0,0,0,0,0,0,0
15896,C3D8,0.325766,0,0,0,0,0,0,0,0,0,0,0,0
15897,C3D8,0.325766,0,0,0,0,0,0,0,0,0,0,0,0
15898,C3D8,0.325766,0,0,0,0,0,0,0,0,0,0,0,0
15899,C3D8,0.325766,0,0,0,0,0,0,0,0,0,0,0,0
15900,C3D8,0.325766,0,0,0,0,0,0,0,0,0,0,0,0
15901,C3D8,0.325766,0,0,0,0,0,0,0,0,0,0,0,0
15902,C3D8,0.325766,0,0,0,0,0,0,0,0,0,0,0,0
15903,C3D8,0.325766,0,0,0,0,0,0,0,0,0,0,0,0
15904,C3D8,0.325766,0,0,0,0,0,0,0,0,0,0,0,0
15905,C3D8,0.325766,0,0,0,0,0,0,0,0,0,0,0,0
15906,C3D8,0.325766,0,0,0,0,0,0,0,0,0,0,0,0
15907,C3D8,0.325766,0,0,0,0,0,0,0,0,0,0,0,0
15908,C3D8,0.325766,0,0,0,0,0,0,0,0,0,0,0,0
15909,C3D8,0.325766,0,0,0,0,0,0,0,0,0,0,0,0
15910,C3D8,0.325766,0,0,0,0,0,0,0,0,0,0,0,0
15911,C3D8,0.325766,0,0,0,0,0,0,0,0,0,0,0,0
15912,C3D8,0.325766,0,0,0,0,0,0,0,0,0,0,0,0
15913,C3D8,0.325766,0,0,0,0,0,0,0,0,0,0,0,0
15914,C3D8,0.325766,0,0,0,0,0,0,0,0,0,0,0,0
15915,C3D8,0.325766,0,0,0,0,0,0,0,0,0,0,0,0
15916,C3D8,0.325766,0,0,0,0,0,0,0,0,0,0,0,0
15917,C3D8,0.325766,0,0,0,0,0,0,0,0,0,0,0,0
15918,C3D8,0.325766,0,0,0,0,0,0,0,0,0,0,0,0
15919,C3D8,0.325766,0,0,0,0,0,0,0,0,0,0,0,0
15920,C3D8,0.325766,0,0,0,0,0,0,0,0,0,0,0,0
15921,C3D8,0.325766,0,0,0,0,0,0,0,0,0,0,0,0
15922,C3D8,0.325766,0,0,0,0,0,0,0,0,0,0,0,0
15923,C3D8,0.325766,0,0,0,0,0,0,0,0,0,0,0,0
15924,C3D8,0.325766,0,0,0,0,0,0,0,0,0,0,0,0
15925,C3D8,0.325766,0,0,0,0,0,0,0,0,0,0,0,0
15926,C3D8,0.325766,0,0,0,0,0,0,0,0,0,0,0,0
15927,C3D8,0.325766,0,0,0,0,0,0,0,0,0,0,0,0
15928,C3D8,0.325766,0,0,0,0,0,0,0,0,0,0,0,0
15929,C3D8,0.325766,0,0,0,0,0,0,0,0,0,0,0,0
15930,C3D8,0.325766,0,0,0,0,0,0,0,0,0,0,0,0
15931,C3D8,0.325767,0,0,0,0,0,0,0,0,0,0,0,0
15932,C3D8,0.325767,0,0,0,0,0,0,0,0,0,0,0,0
15933,C3D8,0.325767,0,0,0,0,0,0,0,0,0,0,0,0
15934,C3D8,0.325766,0,0,0,0,0,0,0,0,0,0,0,0
15935,C3D8,0.325766,0,0,0,0,0,0,0,0,0,0,0,0
15936,C3D8,0.325766,0,0,0,0,0,0,0,0,0,0,0,0
15937,C3D8,0.325766,0,0,0,0,0,0,0,0,0,0,0,0
15938,C3D8,0.325766,0,0,0,0,0,0,0,0,0,0,0,0
15939,C3D8,0.325766,0,0,0,0,0,0,0,0,0,0,0,0
15940,C3D8,0.325767,0,0,0,0,0,0,0,0,0,0,0,0
15941,C3D8,0.325767,0,0,0,0,0,0,0,0,0,0,0,0
15942,C3D8,0.325767,0,0,0,0,0,0,0,0,0,0,0,0
15943,C3D8,0.325766,0,0,0,0,0,0,0,0,0,0,0,0
15944,C3D8,0.325766,0,0,0,0,0,0,0,0,0,0,0,0
15945,C3D8,0.325766,0,0,0,0,0,0,0,0,0,0,0,0
15946,C3D8,0.325766,0,0,0,0,0,0,0,0,0,0,0,0
15947,C3D8,0.325766,0,0,0,0,0,0,0,0,0,0,0,0
15948,C3D8,0.325766,0,0,0,0,0,0,0,0,0,0,0,0
15949,C3D8,0.325766,0,0,0,0,0,0,0,0,0,0,0,0
15950,C3D8,0.325766,0,0,0,0,0,0,0,0,0,0,0,0
15951,C3D8,0.325766,0,0,0,0,0,0,0,0,0,0,0,0
15952,C3D8,0.325767,0,0,0,0,0,0,0,0,0,0,0,0
15953,C3D8,0.325767,0,0,0,0,0,0,0,0,0,0,0,0
15954,C3D8,0.325767,0,0,0,0,0,0,0,0,0,0,0,0
15955,C3D8,0.325766,0,0,0,0,0,0,0,0,0,0,0,0
15956,C3D8,0.325766,0,0,0,0,0,0,0,0,0,0,0,0
15957,C3D8,0.325766,0,0,0,0,0,0,0,0,0,0,0,0
15958,C3D8,0.325766,0,0,0,0,0,0,0,0,0,0,0,0
15959,C3D8,0.325766,0,0,0,0,0,0,0,0,0,0,0,0
15960,C3D8,0.325766,0,0,0,0,0,0,0,0,0,0,0,0
15961,C3D8,0.325766,0,0,0,0,0,0,0,0,0,0,0,0
15962,C3D8,0.325766,0,0,0,0,0,0,0,0,0,0,0,0
15963,C3D8,0.325766,0,0,0,0,0,0,0,0,0,0,0,0
15964,C3D8,0.325767,0,0,0,0,0,0,0,0,0,0,0,0
15965,C3D8,0.325767,0,0,0,0,0,0,0,0,0,0,0,0
15966,C3D8,0.325767,0,0,0,0,0,0,0,0,0,0,0,0
15967,C3D8,0.325766,0,0,0,0,0,0,0,0,0,0,0,0
15968,C3D8,0.325766,0,0,0,0,0,0,0,0,0,0,0,0
15969,C3D8,0.325766,0,0,0,0,0,0,0,0,0,0,0,0
15970,C3D8,0.325766,0,0,0,0,0,0,0,0,0,0,0,0
15971,C3D8,0.325766,0,0,0,0,0,0,0,0,0,0,0,0
15972,C3D8,0.325766,0,0,0,0,0,0,0,0,0,0,0,0
15973,C3D8,0.325766,0,0,0,0,0,0,0,0,0,0,0,0
15974,C3D8,0.325766,0,0,0,0,0,0,0,0,0,0,0,0
15975,C3D8,0.325766,0,0,0,0,0,0,0,0,0,0,0,0
15976,C3D8,0.325767,0,0,0,0,0,0,0,0,0,0,0,0
15977,C3D8,0.325767,0,0,0,0,0,0,0,0,0,0,0,0
15978,C3D8,0.325767,0,0,0,0,0,0,0,0,0,0,0,0
15979,C3D8,0.325766,0,0,0,0,0,0,0,0,0,0,0,0
15980,C3D8,0.325766,0,0,0,0,0,0,0,0,0,0,0,0
15981,C3D8,0.325766,0,0,0,0,0,0,0,0,0,0,0,0
15982,C3D8,0.325766,0,0,0,0,0,0,0,0,0,0,0,0
15983,C3D8,0.325766,0,0,0,0,0,0,0,0,0,0,0,0
15984,C3D8,0.325766,0,0,0,0,0,0,0,0,0,0,0,0
15985,C3D8,0.325767,0,0,0,0,0,0,0,0,0,0,0,0
15986,C3D8,0.325767,0,0,0,0,0,0,0,0,0,0,0,0
15987,C3D8,0.325767,0,0,0,0,0,0,0,0,0,0,0,0
15988,C3D8,0.325766,0,0,0,0,0,0,0,0,0,0,0,0
15989,C3D8,0.325766,0,0,0,0,0,0,0,0,0,0,0,0
15990,C3D8,0.325766,0,0,0,0,0,0,0,0,0,0,0,0
15991,C3D8,0.325766,0,0,0,0,0,0,0,0,0,0,0,0
15992,C3D8,0.325766,0,0,0,0,0,0,0,0,0,0,0,0
15993,C3D8,0.325766,0,0,0,0,0,0,0,0,0,0,0,0
15994,C3D8,0.325766,0,0,0,0,0,0,0,0,0,0,0,0
15995,C3D8,0.325766,0,0,0,0,0,0,0,0,0,0,0,0
15996,C3D8,0.325766,0,0,0,0,0,0,0,0,0,0,0,0
15997,C3D8,0.325767,0,0,0,0,0,0,0,0,0,0,0,0
15998,C3D8,0.325767,0,0,0,0,0,0,0,0,0,0,0,0
15999,C3D8,0.325767,0,0,0,0,0,0,0,0,0,0,0,0
16000,C3D8,0.325766,0,0,0,0,0,0,0,0,0,0,0,0
16001,C3D8,0.325766,0,0,0,0,0,0,0,0,0,0,0,0
16002,C3D8,0.325766,0,0,0,0,0,0,0,0,0,0,0,0
16003,C3D8,0.325766,0,0,0,0,0,0,0,0,0,0,0,0
16004,C3D8,0.325766,0,0,0,0,0,0,0,0,0,0,0,0
16005,C3D8,0.325766,0,0,0,0,0,0,0,0,0,0,0,0
16006,C3D8,0.325766,0,0,0,0,0,0,0,0,0,0,0,0
16007,C3D8,0.325766,0,0,0,0,0,0,0,0,0,0,0,0
16008,C3D8,0.325766,0,0,0,0,0,0,0,0,0,0,0,0
16009,C3D8,0.325767,0,0,0,0,0,0,0,0,0,0,0,0
16010,C3D8,0.325767,0,0,0,0,0,0,0,0,0,0,0,0
16011,C3D8,0.325767,0,0,0,0,0,0,0,0,0,0,0,0
16012,C3D8,0.325766,0,0,0,0,0,0,0,0,0,0,0,0
16013,C3D8,0.325766,0,0,0,0,0,0,0,0,0,0,0,0
16014,C3D8,0.325766,0,0,0,0,0,0,0,0,0,0,0,0
16015,C3D8,0.325766,0,0,0,0,0,0,0,0,0,0,0,0
16016,C3D8,0.325766,0,0,0,0,0,0,0,0,0,0,0,0
16017,C3D8,0.325766,0,0,0,0,0,0,0,0,0,0,0,0
16018,C3D8,0.325766,0,0,0,0,0,0,0,0,0,0,0,0
16019,C3D8,0.325766,0,0,0,0,0,0,0,0,0,0,0,0
16020,C3D8,0.325766,0,0,0,0,0,0,0,0,0,0,0,0
16021,C3D8,0.325767,0,0,0,0,0,0,0,0,0,0,0,0
16022,C3D8,0.325767,0,0,0,0,0,0,0,0,0,0,0,0
16023,C3D8,0.325767,0,0,0,0,0,0,0,0,0,0,0,0
16024,C3D8,0.325764,0,0,0,0,0,0,0,0,0,0,0,0
16025,C3D8,0.325764,0,0,0,0,0,0,0,0,0,0,0,0
16026,C3D8,0.325764,0,0,0,0,0,0,0,0,0,0,0,0
16027,C3D8,0.325768,0,0,0,0,0,0,0,0,0,0,0,0
16028,C3D8,0.325768,0,0,0,0,0,0,0,0,0,0,0,0
16029,C3D8,0.325768,0,0,0,0,0,0,0,0,0,0,0,0
16030,C3D8,0.325766,0,0,0,0,0,0,0,0,0,0,0,0
16031,C3D8,0.325766,0,0,0,0,0,0,0,0,0,0,0,0
16032,C3D8,0.325766,0,0,0,0,0,0,0,0,0,0,0,0
16033,C3D8,0.325766,0,0,0,0,0,0,0,0,0,0,0,0
16034,C3D8,0.325766,0,0,0,0,0,0,0,0,0,0,0,0
16035,C3D8,0.325766,0,0,0,0,0,0,0,0,0,0,0,0
16036,C3D8,0.325766,0,0,0,0,0,0,0,0,0,0,0,0
16037,C3D8,0.325766,0,0,0,0,0,0,0,0,0,0,0,0
16038,C3D8,0.325766,0,0,0,0,0,0,0,0,0,0,0,0
16039,C3D8,0.202591,0,0,0,0,0,0,0,0,0,0,0,0
16040,C3D8,0.191497,0,0,0,0,0,0,0,0,0,0,0,0
16041,C3D8,0.180846,0,0,0,0,0,0,0,0,0,0,0,0
16042,C3D8,0.170659,0,0,0,0,0,0,0,0,0,0,0,0
16043,C3D8,0.160958,0,0,0,0,0,0,0,0,0,0,0,0
16044,C3D8,0.151763,0,0,0,0,0,0,0,0,0,0,0,0
16045,C3D8,0.143091,0,0,0,0,0,0,0,0,0,0,0,0
16046,C3D8,0.134962,0,0,0,0,0,0,0,0,0,0,0,0
16047,C3D8,0.127392,0,0,0,0,0,0,0,0,0,0,0,0
16048,C3D8,0.120397,0,0,0,0,0,0,0,0,0,0,0,0
16049,C3D8,0.113991,0,0,0,0,0,0,0,0,0,0,0,0
16050,C3D8,0.108187,0,0,0,0,0,0,0,0,0,0,0,0
16051,C3D8,0.102998,0,0,0,0,0,0,0,0,0,0,0,0
16052,C3D8,0.0984335,0,0,0,0,0,0,0,0,0,0,0,0
16053,C3D8,0.0945038,0,0,0,0,0,0,0,0,0,0,0,0
16054,C3D8,0.0912163,0,0,0,0,0,0,0,0,0,0,0,0
16055,C3D8,0.0885782,0,0,0,0,0,0,0,0,0,0,0,0
16056,C3D8,0.0865948,0,0,0,0,0,0,0,0,0,0,0,0
16057,C3D8,0.0852702,0,0,0,0,0,0,0,0,0,0,0,0
16058,C3D8,0.0846071,0,0,0,0,0,0,0,0,0,0,0,0
16059,C3D8,0.201129,0,0,0,0,0,0,0,0,0,0,0,0
16060,C3D8,0.189991,0,0,0,0,0,0,0,0,0,0,0,0
16061,C3D8,0.179274,0,0,0,0,0,0,0,0,0,0,0,0
16062,C3D8,0.169004,0,0,0,0,0,0,0,0,0,0,0,0
16063,C3D8,0.159206,0,0,0,0,0,0,0,0,0,0,0,0
16064,C3D8,0.149902,0,0,0,0,0,0,0,0,0,0,0,0
16065,C3D8,0.141114,0,0,0,0,0,0,0,0,0,0,0,0
16066,C3D8,0.132865,0,0,0,0,0,0,0,0,0,0,0,0
16067,C3D8,0.125172,0,0,0,0,0,0,0,0,0,0,0,0
16068,C3D8,0.118055,0,0,0,0,0,0,0,0,0,0,0,0
16069,C3D8,0.11153,0,0,0,0,0,0,0,0,0,0,0,0
16070,C3D8,0.105613,0,0,0,0,0,0,0,0,0,0,0,0
16071,C3D8,0.100317,0,0,0,0,0,0,0,0,0,0,0,0
16072,C3D8,0.0956555,0,0,0,0,0,0,0,0,0,0,0,0
16073,C3D8,0.0916392,0,0,0,0,0,0,0,0,0,0,0,0
16074,C3D8,0.0882775,0,0,0,0,0,0,0,0,0,0,0,0
16075,C3D8,0.0855789,0,0,0,0,0,0,0,0,0,0,0,0
16076,C3D8,0.0835492,0,0,0,0,0,0,0,0,0,0,0,0
16077,C3D8,0.0821934,0,0,0,0,0,0,0,0,0,0,0,0
16078,C3D8,0.0815146,0,0,0,0,0,0,0,0,0,0,0,0
16079,C3D8,0.199668,0,0,0,0,0,0,0,0,0,0,0,0
16080,C3D8,0.188485,0,0,0,0,0,0,0,0,0,0,0,0
16081,C3D8,0.177702,0,0,0,0,0,0,0,0,0,0,0,0
16082,C3D8,0.167349,0,0,0,0,0,0,0,0,0,0,0,0
16083,C3D8,0.157453,0,0,0,0,0,0,0,0,0,0,0,0
16084,C3D8,0.148041,0,0,0,0,0,0,0,0,0,0,0,0
16085,C3D8,0.139138,0,0,0,0,0,0,0,0,0,0,0,0
16086,C3D8,0.130767,0,0,0,0,0,0,0,0,0,0,0,0
16087,C3D8,0.122952,0,0,0,0,0,0,0,0,0,0,0,0
16088,C3D8,0.115713,0,0,0,0,0,0,0,0,0,0,0,0
16089,C3D8,0.109069,0,0,0,0,0,0,0,0,0,0,0,0
16090,C3D8,0.103038,0,0,0,0,0,0,0,0,0,0,0,0
16091,C3D8,0.0976358,0,0,0,0,0,0,0,0,0,0,0,0
16092,C3D8,0.0928771,0,0,0,0,0,0,0,0,0,0,0,0
16093,C3D8,0.0887748,0,0,0,0,0,0,0,0,0,0,0,0
16094,C3D8,0.0853394,0,0,0,0,0,0,0,0,0,0,0,0
16095,C3D8,0.08258,0,0,0,0,0,0,0,0,0,0,0,0
16096,C3D8,0.0805039,0,0,0,0,0,0,0,0,0,0,0,0
16097,C3D8,0.0791169,0,0,0,0,0,0,0,0,0,0,0,0
16098,C3D8,0.0784223,0,0,0,0,0,0,0,0,0,0,0,0
16099,C3D8,0.198207,0,0,0,0,0,0,0,0,0,0,0,0
16100,C3D8,0.186979,0,0,0,0,0,0,0,0,0,0,0,0
16101,C3D8,0.17613,0,0,0,0,0,0,0,0,0,0,0,0
16102,C3D8,0.165694,0,0,0,0,0,0,0,0,0,0,0,0
16103,C3D8,0.1557,0,0,0,0,0,0,0,0,0,0,0,0
16104,C3D8,0.14618,0,0,0,0,0,0,0,0,0,0,0,0
16105,C3D8,0.137161,0,0,0,0,0,0,0,0,0,0,0,0
16106,C3D8,0.12867,0,0,0,0,0,0,0,0,0,0,0,0
16107,C3D8,0.120732,0,0,0,0,0,0,0,0,0,0,0,0
16108,C3D8,0.113371,0,0,0,0,0,0,0,0,0,0,0,0
16109,C3D8,0.106608,0,0,0,0,0,0,0,0,0,0,0,0
16110,C3D8,0.100463,0,0,0,0,0,0,0,0,0,0,0,0
16111,C3D8,0.0949549,0,0,0,0,0,0,0,0,0,0,0,0
16112,C3D8,0.0900993,0,0,0,0,0,0,0,0,0,0,0,0
16113,C3D8,0.0859104,0,0,0,0,0,0,0,0,0,0,0,0
16114,C3D8,0.0824007,0,0,0,0,0,0,0,0,0,0,0,0
16115,C3D8,0.0795807,0,0,0,0,0,0,0,0,0,0,0,0
16116,C3D8,0.0774585,0,0,0,0,0,0,0,0,0,0,0,0
16117,C3D8,0.0760402,0,0,0,0,0,0,0,0,0,0,0,0
16118,C3D8,0.0753299,0,0,0,0,0,0,0,0,0,0,0,0
16119,C3D8,0.196745,0,0,0,0,0,0,0,0,0,0,0,0
16120,C3D8,0.185473,0,0,0,0,0,0,0,0,0,0,0,0
16121,C3D8,0.174558,0,0,0,0,0,0,0,0,0,0,0,0
16122,C3D8,0.164038,0,0,0,0,0,0,0,0,0,0,0,0
16123,C3D8,0.153948,0,0,0,0,0,0,0,0,0,0,0,0
16124,C3D8,0.144319,0,0,0,0,0,0,0,0,0,0,0,0
16125,C3D8,0.135184,0,0,0,0,0,0,0,0,0,0,0,0
16126,C3D8,0.126572,0,0,0,0,0,0,0,0,0,0,0,0
16127,C3D8,0.118511,0,0,0,0,0,0,0,0,0,0,0,0
16128,C3D8,0.111028,0,0,0,0,0,0,0,0,0,0,0,0
16129,C3D8,0.104146,0,0,0,0,0,0,0,0,0,0,0,0
16130,C3D8,0.0978882,0,0,0,0,0,0,0,0,0,0,0,0
16131,C3D8,0.0922737,0,0,0,0,0,0,0,0,0,0,0,0
16132,C3D8,0.0873209,0,0,0,0,0,0,0,0,0,0,0,0
16133,C3D8,0.0830461,0,0,0,0,0,0,0,0,0,0,0,0
16134,C3D8,0.0794625,0,0,0,0,0,0,0,0,0,0,0,0
16135,C3D8,0.0765818,0,0,0,0,0,0,0,0,0,0,0,0
16136,C3D8,0.0744131,0,0,0,0,0,0,0,0,0,0,0,0
16137,C3D8,0.0729635,0,0,0,0,0,0,0,0,0,0,0,0
16138,C3D8,0.0722374,0,0,0,0,0,0,0,0,0,0,0,0
16139,C3D8,0.195284,0,0,0,0,0,0,0,0,0,0,0,0
16140,C3D8,0.183966,0,0,0,0,0,0,0,0,0,0,0,0
16141,C3D8,0.172986,0,0,0,0,0,0,0,0,0,0,0,0
16142,C3D8,0.162383,0,0,0,0,0,0,0,0,0,0,0,0
16143,C3D8,0.152195,0,0,0,0,0,0,0,0,0,0,0,0
16144,C3D8,0.142458,0,0,0,0,0,0,0,0,0,0,0,0
16145,C3D8,0.133207,0,0,0,0,0,0,0,0,0,0,0,0
16146,C3D8,0.124475,0,0,0,0,0,0,0,0,0,0,0,0
16147,C3D8,0.116292,0,0,0,0,0,0,0,0,0,0,0,0
16148,C3D8,0.108686,0,0,0,0,0,0,0,0,0,0,0,0
16149,C3D8,0.101685,0,0,0,0,0,0,0,0,0,0,0,0
16150,C3D8,0.0953133,0,0,0,0,0,0,0,0,0,0,0,0
16151,C3D8,0.0895926,0,0,0,0,0,0,0,0,0,0,0,0
16152,C3D8,0.0845429,0,0,0,0,0,0,0,0,0,0,0,0
16153,C3D8,0.0801816,0,0,0,0,0,0,0,0,0,0,0,0
16154,C3D8,0.0765238,0,0,0,0,0,0,0,0,0,0,0,0
16155,C3D8,0.0735826,0,0,0,0,0,0,0,0,0,0,0,0
16156,C3D8,0.0713676,0,0,0,0,0,0,0,0,0,0,0,0
16157,C3D8,0.0698867,0,0,0,0,0,0,0,0,0,0,0,0
16158,C3D8,0.0691449,0,0,0,0,0,0,0,0,0,0,0,0
16159,C3D8,0.193823,0,0,0,0,0,0,0,0,0,0,0,0
16160,C3D8,0.18246,0,0,0,0,0,0,0,0,0,0,0,0
16161,C3D8,0.171414,0,0,0,0,0,0,0,0,0,0,0,0
16162,C3D8,0.160728,0,0,0,0,0,0,0,0,0,0,0,0
16163,C3D8,0.150442,0,0,0,0,0,0,0,0,0,0,0,0
16164,C3D8,0.140597,0,0,0,0,0,0,0,0,0,0,0,0
16165,C3D8,0.13123,0,0,0,0,0,0,0,0,0,0,0,0
16166,C3D8,0.122377,0,0,0,0,0,0,0,0,0,0,0,0
16167,C3D8,0.114071,0,0,0,0,0,0,0,0,0,0,0,0
16168,C3D8,0.106344,0,0,0,0,0,0,0,0,0,0,0,0
16169,C3D8,0.099224,0,0,0,0,0,0,0,0,0,0,0,0
16170,C3D8,0.0927386,0,0,0,0,0,0,0,0,0,0,0,0
16171,C3D8,0.0869115,0,0,0,0,0,0,0,0,0,0,0,0
16172,C3D8,0.0817646,0,0,0,0,0,0,0,0,0,0,0,0
16173,C3D8,0.0773174,0,0,0,0,0,0,0,0,0,0,0,0
16174,C3D8,0.0735857,0,0,0,0,0,0,0,0,0,0,0,0
16175,C3D8,0.0705836,0,0,0,0,0,0,0,0,0,0,0,0
16176,C3D8,0.0683224,0,0,0,0,0,0,0,0,0,0,0,0
16177,C3D8,0.0668101,0,0,0,0,0,0,0,0,0,0,0,0
16178,C3D8,0.0660526,0,0,0,0,0,0,0,0,0,0,0,0
16179,C3D8,0.192362,0,0,0,0,0,0,0,0,0,0,0,0
16180,C3D8,0.180954,0,0,0,0,0,0,0,0,0,0,0,0
16181,C3D8,0.169842,0,0,0,0,0,0,0,0,0,0,0,0
16182,C3D8,0.159072,0,0,0,0,0,0,0,0,0,0,0,0
16183,C3D8,0.14869,0,0,0,0,0,0,0,0,0,0,0,0
16184,C3D8,0.138736,0,0,0,0,0,0,0,0,0,0,0,0
16185,C3D8,0.129253,0,0,0,0,0,0,0,0,0,0,0,0
16186,C3D8,0.120279,0,0,0,0,0,0,0,0,0,0,0,0
16187,C3D8,0.111851,0,0,0,0,0,0,0,0,0,0,0,0
16188,C3D8,0.104002,0,0,0,0,0,0,0,0,0,0,0,0
16189,C3D8,0.0967629,0,0,0,0,0,0,0,0,0,0,0,0
16190,C3D8,0.0901638,0,0,0,0,0,0,0,0,0,0,0,0
16191,C3D8,0.0842306,0,0,0,0,0,0,0,0,0,0,0,0
16192,C3D8,0.0789865,0,0,0,0,0,0,0,0,0,0,0,0
16193,C3D8,0.0744527,0,0,0,0,0,0,0,0,0,0,0,0
16194,C3D8,0.070647,0,0,0,0,0,0,0,0,0,0,0,0
16195,C3D8,0.0675844,0,0,0,0,0,0,0,0,0,0,0,0
16196,C3D8,0.0652769,0,0,0,0,0,0,0,0,0,0,0,0
16197,C3D8,0.0637335,0,0,0,0,0,0,0,0,0,0,0,0
16198,C3D8,0.0629602,0,0,0,0,0,0,0,0,0,0,0,0
16199,C3D8,0.1909,0,0,0,0,0,0,0,0,0,0,0,0
16200,C3D8,0.179448,0,0,0,0,0,0,0,0,0,0,0,0
16201,C3D8,0.16827,0,0,0,0,0,0,0,0,0,0,0,0
16202,C3D8,0.157417,0,0,0,0,0,0,0,0,0,0,0,0
16203,C3D8,0.146937,0,0,0,0,0,0,0,0,0,0,0,0
16204,C3D8,0.136876,0,0,0,0,0,0,0,0,0,0,0,0
16205,C3D8,0.127277,0,0,0,0,0,0,0,0,0,0,0,0
16206,C3D8,0.118182,0,0,0,0,0,0,0,0,0,0,0,0
16207,C3D8,0.109631,0,0,0,0,0,0,0,0,0,0,0,0
16208,C3D8,0.101659,0,0,0,0,0,0,0,0,0,0,0,0
16209,C3D8,0.0943016,0,0,0,0,0,0,0,0,0,0,0,0
16210,C3D8,0.0875888,0,0,0,0,0,0,0,0,0,0,0,0
16211,C3D8,0.0815494,0,0,0,0,0,0,0,0,0,0,0,0
16212,C3D8,0.0762083,0,0,0,0,0,0,0,0,0,0,0,0
16213,C3D8,0.0715885,0,0,0,0,0,0,0,0,0,0,0,0
16214,C3D8,0.0677087,0,0,0,0,0,0,0,0,0,0,0,0
16215,C3D8,0.0645854,0,0,0,0,0,0,0,0,0,0,0,0
16216,C3D8,0.0622314,0,0,0,0,0,0,0,0,0,0,0,0
16217,C3D8,0.0606568,0,0,0,0,0,0,0,0,0,0,0,0
16218,C3D8,0.0598677,0,0,0,0,0,0,0,0,0,0,0,0
16219,C3D8,0.189439,0,0,0,0,0,0,0,0,0,0,0,0
16220,C3D8,0.177942,0,0,0,0,0,0,0,0,0,0,0,0
16221,C3D8,0.166698,0,0,0,0,0,0,0,0,0,0,0,0
16222,C3D8,0.155762,0,0,0,0,0,0,0,0,0,0,0,0
16223,C3D8,0.145184,0,0,0,0,0,0,0,0,0,0,0,0
16224,C3D8,0.135015,0,0,0,0,0,0,0,0,0,0,0,0
16225,C3D8,0.1253,0,0,0,0,0,0,0,0,0,0,0,0
16226,C3D8,0.116084,0,0,0,0,0,0,0,0,0,0,0,0
16227,C3D8,0.107411,0,0,0,0,0,0,0,0,0,0,0,0
16228,C3D8,0.099317,0,0,0,0,0,0,0,0,0,0,0,0
16229,C3D8,0.0918405,0,0,0,0,0,0,0,0,0,0,0,0
16230,C3D8,0.0850139,0,0,0,0,0,0,0,0,0,0,0,0
16231,C3D8,0.0788683,0,0,0,0,0,0,0,0,0,0,0,0
16232,C3D8,0.0734303,0,0,0,0,0,0,0,0,0,0,0,0
16233,C3D8,0.0687241,0,0,0,0,0,0,0,0,0,0,0,0
16234,C3D8,0.0647701,0,0,0,0,0,0,0,0,0,0,0,0
16235,C3D8,0.0615863,0,0,0,0,0,0,0,0,0,0,0,0
16236,C3D8,0.0591859,0,0,0,0,0,0,0,0,0,0,0,0
16237,C3D8,0.0575801,0,0,0,0,0,0,0,0,0,0,0,0
16238,C3D8,0.0567752,0,0,0,0,0,0,0,0,0,0,0,0
16239,C3D8,0.187978,0,0,0,0,0,0,0,0,0,0,0,0
16240,C3D8,0.176436,0,0,0,0,0,0,0,0,0,0,0,0
16241,C3D8,0.165126,0,0,0,0,0,0,0,0,0,0,0,0
16242,C3D8,0.154107,0,0,0,0,0,0,0,0,0,0,0,0
16243,C3D8,0.143431,0,0,0,0,0,0,0,0,0,0,0,0
16244,C3D8,0.133154,0,0,0,0,0,0,0,0,0,0,0,0
16245,C3D8,0.123323,0,0,0,0,0,0,0,0,0,0,0,0
16246,C3D8,0.113987,0,0,0,0,0,0,0,0,0,0,0,0
16247,C3D8,0.10519,0,0,0,0,0,0,0,0,0,0,0,0
16248,C3D8,0.0969749,0,0,0,0,0,0,0,0,0,0,0,0
16249,C3D8,0.0893794,0,0,0,0,0,0,0,0,0,0,0,0
16250,C3D8,0.0824393,0,0,0,0,0,0,0,0,0,0,0,0
16251,C3D8,0.0761872,0,0,0,0,0,0,0,0,0,0,0,0
16252,C3D8,0.0706521,0,0,0,0,0,0,0,0,0,0,0,0
16253,C3D8,0.0658597,0,0,0,0,0,0,0,0,0,0,0,0
16254,C3D8,0.0618319,0,0,0,0,0,0,0,0,0,0,0,0
16255,C3D8,0.0585873,0,0,0,0,0,0,0,0,0,0,0,0
16256,C3D8,0.0561407,0,0,0,0,0,0,0,0,0,0,0,0
16257,C3D8,0.0545035,0,0,0,0,0,0,0,0,0,0,0,0
16258,C3D8,0.0536829,0,0,0,0,0,0,0,0,0,0,0,0
16259,C3D8,0.186517,0,0,0,0,0,0,0,0,0,0,0,0
16260,C3D8,0.17493,0,0,0,0,0,0,0,0,0,0,0,0
16261,C3D8,0.163554,0,0,0,0,0,0,0,0,0,0,0,0
16262,C3D8,0.152451,0,0,0,0,0,0,0,0,0,0,0,0
16263,C3D8,0.141679,0,0,0,0,0,0,0,0,0,0,0,0
16264,C3D8,0.131293,0,0,0,0,0,0,0,0,0,0,0,0
16265,C3D8,0.121346,0,0,0,0,0,0,0,0,0,0,0,0
16266,C3D8,0.111889,0,0,0,0,0,0,0,0,0,0,0,0
16267,C3D8,0.10297,0,0,0,0,0,0,0,0,0,0,0,0
16268,C3D8,0.0946325,0,0,0,0,0,0,0,0,0,0,0,0
16269,C3D8,0.0869181,0,0,0,0,0,0,0,0,0,0,0,0
16270,C3D8,0.0798645,0,0,0,0,0,0,0,0,0,0,0,0
16271,C3D8,0.0735062,0,0,0,0,0,0,0,0,0,0,0,0
16272,C3D8,0.0678741,0,0,0,0,0,0,0,0,0,0,0,0
16273,C3D8,0.0629951,0,0,0,0,0,0,0,0,0,0,0,0
16274,C3D8,0.0588934,0,0,0,0,0,0,0,0,0,0,0,0
16275,C3D8,0.0555882,0,0,0,0,0,0,0,0,0,0,0,0
16276,C3D8,0.0530954,0,0,0,0,0,0,0,0,0,0,0,0
16277,C3D8,0.0514267,0,0,0,0,0,0,0,0,0,0,0,0
16278,C3D8,0.0505904,0,0,0,0,0,0,0,0,0,0,0,0
16279,C3D8,0.0721443,0,0,0,0,0,0,0,0,0,0,0,0
16280,C3D8,0.0721433,0,0,0,0,0,0,0,0,0,0,0,0
16281,C3D8,0.0721426,0,0,0,0,0,0,0,0,0,0,0,0
16282,C3D8,0.0721419,0,0,0,0,0,0,0,0,0,0,0,0
16283,C3D8,0.0721411,0,0,0,0,0,0,0,0,0,0,0,0
16284,C3D8,0.0721404,0,0,0,0,0,0,0,0,0,0,0,0
16285,C3D8,0.0721398,0,0,0,0,0,0,0,0,0,0,0,0
16286,C3D8,0.0721391,0,0,0,0,0,0,0,0,0,0,0,0
16287,C3D8,0.0721387,0,0,0,0,0,0,0,0,0,0,0,0
16288,C3D8,0.0721382,0,0,0,0,0,0,0,0,0,0,0,0
16289,C3D8,0.0721377,0,0,0,0,0,0,0,0,0,0,0,0
16290,C3D8,0.0721372,0,0,0,0,0,0,0,0,0,0,0,0
16291,C3D8,0.0721369,0,0,0,0,0,0,0,0,0,0,0,0
16292,C3D8,0.0721366,0,0,0,0,0,0,0,0,0,0,0,0
16293,C3D8,0.0721362,0,0,0,0,0,0,0,0,0,0,0,0
16294,C3D8,0.072136,0,0,0,0,0,0,0,0,0,0,0,0
16295,C3D8,0.0721359,0,0,0,0,0,0,0,0,0,0,0,0
16296,C3D8,0.0721358,0,0,0,0,0,0,0,0,0,0,0,0
16297,C3D8,0.0721356,0,0,0,0,0,0,0,0,0,0,0,0
16298,C3D8,0.0721355,0,0,0,0,0,0,0,0,0,0,0,0
16299,C3D8,0.069774,0,0,0,0,0,0,0,0,0,0,0,0
16300,C3D8,0.0697734,0,0,0,0,0,0,0,0,0,0,0,0
16301,C3D8,0.069773,0,0,0,0,0,0,0,0,0,0,0,0
16302,C3D8,0.0697723,0,0,0,0,0,0,0,0,0,0,0,0
16303,C3D8,0.0697718,0,0,0,0,0,0,0,0,0,0,0,0
16304,C3D8,0.0697713,0,0,0,0,0,0,0,0,0,0,0,0
16305,C3D8,0.0697709,0,0,0,0,0,0,0,0,0,0,0,0
16306,C3D8,0.0697704,0,0,0,0,0,0,0,0,0,0,0,0
16307,C3D8,0.0697701,0,0,0,0,0,0,0,0,0,0,0,0
16308,C3D8,0.0697696,0,0,0,0,0,0,0,0,0,0,0,0
16309,C3D8,0.0697693,0,0,0,0,0,0,0,0,0,0,0,0
16310,C3D8,0.069769,0,0,0,0,0,0,0,0,0,0,0,0
16311,C3D8,0.0697687,0,0,0,0,0,0,0,0,0,0,0,0
16312,C3D8,0.0697685,0,0,0,0,0,0,0,0,0,0,0,0
16313,C3D8,0.0697684,0,0,0,0,0,0,0,0,0,0,0,0
16314,C3D8,0.0697684,0,0,0,0,0,0,0,0,0,0,0,0
16315,C3D8,0.069768,0,0,0,0,0,0,0,0,0,0,0,0
16316,C3D8,0.0697678,0,0,0,0,0,0,0,0,0,0,0,0
16317,C3D8,0.0697678,0,0,0,0,0,0,0,0,0,0,0,0
16318,C3D8,0.0697678,0,0,0,0,0,0,0,0,0,0,0,0
16319,C3D8,0.0674038,0,0,0,0,0,0,0,0,0,0,0,0
16320,C3D8,0.0674035,0,0,0,0,0,0,0,0,0,0,0,0
16321,C3D8,0.0674032,0,0,0,0,0,0,0,0,0,0,0,0
16322,C3D8,0.0674028,0,0,0,0,0,0,0,0,0,0,0,0
16323,C3D8,0.0674025,0,0,0,0,0,0,0,0,0,0,0,0
16324,C3D8,0.0674021,0,0,0,0,0,0,0,0,0,0,0,0
16325,C3D8,0.0674019,0,0,0,0,0,0,0,0,0,0,0,0
16326,C3D8,0.0674017,0,0,0,0,0,0,0,0,0,0,0,0
16327,C3D8,0.0674014,0,0,0,0,0,0,0,0,0,0,0,0
16328,C3D8,0.0674011,0,0,0,0,0,0,0,0,0,0,0,0
16329,C3D8,0.0674011,0,0,0,0,0,0,0,0,0,0,0,0
16330,C3D8,0.0674009,0,0,0,0,0,0,0,0,0,0,0,0
16331,C3D8,0.0674008,0,0,0,0,0,0,0,0,0,0,0,0
16332,C3D8,0.0674007,0,0,0,0,0,0,0,0,0,0,0,0
16333,C3D8,0.0674004,0,0,0,0,0,0,0,0,0,0,0,0
16334,C3D8,0.0674003,0,0,0,0,0,0,0,0,0,0,0,0
16335,C3D8,0.0674003,0,0,0,0,0,0,0,0,0,0,0,0
16336,C3D8,0.0674003,0,0,0,0,0,0,0,0,0,0,0,0
16337,C3D8,0.0674003,0,0,0,0,0,0,0,0,0,0,0,0
16338,C3D8,0.0674,0,0,0,0,0,0,0,0,0,0,0,0
16339,C3D8,0.0650337,0,0,0,0,0,0,0,0,0,0,0,0
16340,C3D8,0.0650335,0,0,0,0,0,0,0,0,0,0,0,0
16341,C3D8,0.0650334,0,0,0,0,0,0,0,0,0,0,0,0
16342,C3D8,0.0650333,0,0,0,0,0,0,0,0,0,0,0,0
16343,C3D8,0.0650332,0,0,0,0,0,0,0,0,0,0,0,0
16344,C3D8,0.0650331,0,0,0,0,0,0,0,0,0,0,0,0
16345,C3D8,0.065033,0,0,0,0,0,0,0,0,0,0,0,0
16346,C3D8,0.0650328,0,0,0,0,0,0,0,0,0,0,0,0
16347,C3D8,0.0650329,0,0,0,0,0,0,0,0,0,0,0,0
16348,C3D8,0.0650328,0,0,0,0,0,0,0,0,0,0,0,0
16349,C3D8,0.0650327,0,0,0,0,0,0,0,0,0,0,0,0
16350,C3D8,0.0650326,0,0,0,0,0,0,0,0,0,0,0,0
16351,C3D8,0.0650326,0,0,0,0,0,0,0,0,0,0,0,0
16352,C3D8,0.0650325,0,0,0,0,0,0,0,0,0,0,0,0
16353,C3D8,0.0650325,0,0,0,0,0,0,0,0,0,0,0,0
16354,C3D8,0.0650323,0,0,0,0,0,0,0,0,0,0,0,0
16355,C3D8,0.0650325,0,0,0,0,0,0,0,0,0,0,0,0
16356,C3D8,0.0650324,0,0,0,0,0,0,0,0,0,0,0,0
16357,C3D8,0.0650323,0,0,0,0,0,0,0,0,0,0,0,0
16358,C3D8,0.0650323,0,0,0,0,0,0,0,0,0,0,0,0
16359,C3D8,0.0626635,0,0,0,0,0,0,0,0,0,0,0,0
16360,C3D8,0.0626636,0,0,0,0,0,0,0,0,0,0,0,0
16361,C3D8,0.0626637,0,0,0,0,0,0,0,0,0,0,0,0
16362,C3D8,0.0626637,0,0,0,0,0,0,0,0,0,0,0,0
16363,C3D8,0.0626638,0,0,0,0,0,0,0,0,0,0,0,0
16364,C3D8,0.062664,0,0,0,0,0,0,0,0,0,0,0,0
16365,C3D8,0.0626641,0,0,0,0,0,0,0,0,0,0,0,0
16366,C3D8,0.0626641,0,0,0,0,0,0,0,0,0,0,0,0
16367,C3D8,0.0626642,0,0,0,0,0,0,0,0,0,0,0,0
16368,C3D8,0.0626643,0,0,0,0,0,0,0,0,0,0,0,0
16369,C3D8,0.0626644,0,0,0,0,0,0,0,0,0,0,0,0
16370,C3D8,0.0626644,0,0,0,0,0,0,0,0,0,0,0,0
16371,C3D8,0.0626644,0,0,0,0,0,0,0,0,0,0,0,0
16372,C3D8,0.0626645,0,0,0,0,0,0,0,0,0,0,0,0
16373,C3D8,0.0626645,0,0,0,0,0,0,0,0,0,0,0,0
16374,C3D8,0.0626646,0,0,0,0,0,0,0,0,0,0,0,0
16375,C3D8,0.0626647,0,0,0,0,0,0,0,0,0,0,0,0
16376,C3D8,0.0626646,0,0,0,0,0,0,0,0,0,0,0,0
16377,C3D8,0.0626646,0,0,0,0,0,0,0,0,0,0,0,0
16378,C3D8,0.0626646,0,0,0,0,0,0,0,0,0,0,0,0
16379,C3D8,0.0602932,0,0,0,0,0,0,0,0,0,0,0,0
16380,C3D8,0.0602935,0,0,0,0,0,0,0,0,0,0,0,0
16381,C3D8,0.0602939,0,0,0,0,0,0,0,0,0,0,0,0
16382,C3D8,0.0602943,0,0,0,0,0,0,0,0,0,0,0,0
16383,C3D8,0.0602946,0,0,0,0,0,0,0,0,0,0,0,0
16384,C3D8,0.060295,0,0,0,0,0,0,0,0,0,0,0,0
16385,C3D8,0.0602953,0,0,0,0,0,0,0,0,0,0,0,0
16386,C3D8,0.0602954,0,0,0,0,0,0,0,0,0,0,0,0
16387,C3D8,0.0602955,0,0,0,0,0,0,0,0,0,0,0,0
16388,C3D8,0.0602958,0,0,0,0,0,0,0,0,0,0,0,0
16389,C3D8,0.0602961,0,0,0,0,0,0,0,0,0,0,0,0
16390,C3D8,0.0602962,0,0,0,0,0,0,0,0,0,0,0,0
16391,C3D8,0.0602963,0,0,0,0,0,0,0,0,0,0,0,0
16392,C3D8,0.0602965,0,0,0,0,0,0,0,0,0,0,0,0
16393,C3D8,0.0602965,0,0,0,0,0,0,0,0,0,0,0,0
16394,C3D8,0.0602968,0,0,0,0,0,0,0,0,0,0,0,0
16395,C3D8,0.0602967,0,0,0,0,0,0,0,0,0,0,0,0
16396,C3D8,0.0602968,0,0,0,0,0,0,0,0,0,0,0,0
16397,C3D8,0.0602969,0,0,0,0,0,0,0,0,0,0,0,0
16398,C3D8,0.0602967,0,0,0,0,0,0,0,0,0,0,0,0
16399,C3D8,0.057923,0,0,0,0,0,0,0,0,0,0,0,0
16400,C3D8,0.0579238,0,0,0,0,0,0,0,0,0,0,0,0
16401,C3D8,0.0579242,0,0,0,0,0,0,0,0,0,0,0,0
16402,C3D8,0.0579248,0,0,0,0,0,0,0,0,0,0,0,0
16403,C3D8,0.0579253,0,0,0,0,0,0,0,0,0,0,0,0
16404,C3D8,0.0579258,0,0,0,0,0,0,0,0,0,0,0,0
16405,C3D8,0.0579262,0,0,0,0,0,0,0,0,0,0,0,0
16406,C3D8,0.0579266,0,0,0,0,0,0,0,0,0,0,0,0
16407,C3D8,0.057927,0,0,0,0,0,0,0,0,0,0,0,0
16408,C3D8,0.0579274,0,0,0,0,0,0,0,0,0,0,0,0
16409,C3D8,0.0579277,0,0,0,0,0,0,0,0,0,0,0,0
16410,C3D8,0.0579279,0,0,0,0,0,0,0,0,0,0,0,0
16411,C3D8,0.0579283,0,0,0,0,0,0,0,0,0,0,0,0
16412,C3D8,0.0579285,0,0,0,0,0,0,0,0,0,0,0,0
16413,C3D8,0.0579288,0,0,0,0,0,0,0,0,0,0,0,0
16414,C3D8,0.0579289,0,0,0,0,0,0,0,0,0,0,0,0
16415,C3D8,0.0579289,0,0,0,0,0,0,0,0,0,0,0,0
16416,C3D8,0.0579291,0,0,0,0,0,0,0,0,0,0,0,0
16417,C3D8,0.057929,0,0,0,0,0,0,0,0,0,0,0,0
16418,C3D8,0.057929,0,0,0,0,0,0,0,0,0,0,0,0
16419,C3D8,0.0555529,0,0,0,0,0,0,0,0,0,0,0,0
16420,C3D8,0.0555537,0,0,0,0,0,0,0,0,0,0,0,0
16421,C3D8,0.0555545,0,0,0,0,0,0,0,0,0,0,0,0
16422,C3D8,0.0555553,0,0,0,0,0,0,0,0,0,0,0,0
16423,C3D8,0.0555559,0,0,0,0,0,0,0,0,0,0,0,0
16424,C3D8,0.0555567,0,0,0,0,0,0,0,0,0,0,0,0
16425,C3D8,0.0555573,0,0,0,0,0,0,0,0,0,0,0,0
16426,C3D8,0.055558,0,0,0,0,0,0,0,0,0,0,0,0
16427,C3D8,0.0555583,0,0,0,0,0,0,0,0,0,0,0,0
16428,C3D8,0.0555589,0,0,0,0,0,0,0,0,0,0,0,0
16429,C3D8,0.0555594,0,0,0,0,0,0,0,0,0,0,0,0
16430,C3D8,0.0555597,0,0,0,0,0,0,0,0,0,0,0,0
16431,C3D8,0.0555601,0,0,0,0,0,0,0,0,0,0,0,0
16432,C3D8,0.0555604,0,0,0,0,0,0,0,0,0,0,0,0
16433,C3D8,0.0555606,0,0,0,0,0,0,0,0,0,0,0,0
16434,C3D8,0.0555609,0,0,0,0,0,0,0,0,0,0,0,0
16435,C3D8,0.0555612,0,0,0,0,0,0,0,0,0,0,0,0
16436,C3D8,0.0555611,0,0,0,0,0,0,0,0,0,0,0,0
16437,C3D8,0.0555613,0,0,0,0,0,0,0,0,0,0,0,0
16438,C3D8,0.0555614,0,0,0,0,0,0,0,0,0,0,0,0
16439,C3D8,0.0532108,0,0,0,0,0,0,0,0,0,0,0,0
16440,C3D8,0.0532091,0,0,0,0,0,0,0,0,0,0,0,0
16441,C3D8,0.0532075,0,0,0,0,0,0,0,0,0,0,0,0
16442,C3D8,0.0532059,0,0,0,0,0,0,0,0,0,0,0,0
16443,C3D8,0.0532044,0,0,0,0,0,0,0,0,0,0,0,0
16444,C3D8,0.0532032,0,0,0,0,0,0,0,0,0,0,0,0
16445,C3D8,0.0532018,0,0,0,0,0,0,0,0,0,0,0,0
16446,C3D8,0.0532008,0,0,0,0,0,0,0,0,0,0,0,0
16447,C3D8,0.0531996,0,0,0,0,0,0,0,0,0,0,0,0
16448,C3D8,0.0531986,0,0,0,0,0,0,0,0,0,0,0,0
16449,C3D8,0.0531977,0,0,0,0,0,0,0,0,0,0,0,0
16450,C3D8,0.053197,0,0,0,0,0,0,0,0,0,0,0,0
16451,C3D8,0.0531961,0,0,0,0,0,0,0,0,0,0,0,0
16452,C3D8,0.0531956,0,0,0,0,0,0,0,0,0,0,0,0
16453,C3D8,0.053195,0,0,0,0,0,0,0,0,0,0,0,0
16454,C3D8,0.0531946,0,0,0,0,0,0,0,0,0,0,0,0
16455,C3D8,0.0531942,0,0,0,0,0,0,0,0,0,0,0,0
16456,C3D8,0.0531938,0,0,0,0,0,0,0,0,0,0,0,0
16457,C3D8,0.0531938,0,0,0,0,0,0,0,0,0,0,0,0
16458,C3D8,0.0531936,0,0,0,0,0,0,0,0,0,0,0,0
16459,C3D8,0.0508381,0,0,0,0,0,0,0,0,0,0,0,0
16460,C3D8,0.0508369,0,0,0,0,0,0,0,0,0,0,0,0
16461,C3D8,0.0508358,0,0,0,0,0,0,0,0,0,0,0,0
16462,C3D8,0.0508346,0,0,0,0,0,0,0,0,0,0,0,0
16463,C3D8,0.0508336,0,0,0,0,0,0,0,0,0,0,0,0
16464,C3D8,0.0508326,0,0,0,0,0,0,0,0,0,0,0,0
16465,C3D8,0.0508317,0,0,0,0,0,0,0,0,0,0,0,0
16466,C3D8,0.0508309,0,0,0,0,0,0,0,0,0,0,0,0
16467,C3D8,0.0508301,0,0,0,0,0,0,0,0,0,0,0,0
16468,C3D8,0.0508295,0,0,0,0,0,0,0,0,0,0,0,0
16469,C3D8,0.0508287,0,0,0,0,0,0,0,0,0,0,0,0
16470,C3D8,0.0508281,0,0,0,0,0,0,0,0,0,0,0,0
16471,C3D8,0.0508277,0,0,0,0,0,0,0,0,0,0,0,0
16472,C3D8,0.0508271,0,0,0,0,0,0,0,0,0,0,0,0
16473,C3D8,0.0508269,0,0,0,0,0,0,0,0,0,0,0,0
16474,C3D8,0.0508265,0,0,0,0,0,0,0,0,0,0,0,0
16475,C3D8,0.0508262,0,0,0,0,0,0,0,0,0,0,0,0
16476,C3D8,0.050826,0,0,0,0,0,0,0,0,0,0,0,0
16477,C3D8,0.050826,0,0,0,0,0,0,0,0,0,0,0,0
16478,C3D8,0.0508257,0,0,0,0,0,0,0,0,0,0,0,0
16479,C3D8,0.0484655,0,0,0,0,0,0,0,0,0,0,0,0
16480,C3D8,0.0484647,0,0,0,0,0,0,0,0,0,0,0,0
16481,C3D8,0.048464,0,0,0,0,0,0,0,0,0,0,0,0
16482,C3D8,0.0484633,0,0,0,0,0,0,0,0,0,0,0,0
16483,C3D8,0.0484628,0,0,0,0,0,0,0,0,0,0,0,0
16484,C3D8,0.0484621,0,0,0,0,0,0,0,0,0,0,0,0
16485,C3D8,0.0484616,0,0,0,0,0,0,0,0,0,0,0,0
16486,C3D8,0.048461,0,0,0,0,0,0,0,0,0,0,0,0
16487,C3D8,0.0484606,0,0,0,0,0,0,0,0,0,0,0,0
16488,C3D8,0.0484601,0,0,0,0,0,0,0,0,0,0,0,0
16489,C3D8,0.0484597,0,0,0,0,0,0,0,0,0,0,0,0
16490,C3D8,0.0484594,0,0,0,0,0,0,0,0,0,0,0,0
16491,C3D8,0.0484592,0,0,0,0,0,0,0,0,0,0,0,0
16492,C3D8,0.0484588,0,0,0,0,0,0,0,0,0,0,0,0
16493,C3D8,0.0484586,0,0,0,0,0,0,0,0,0,0,0,0
16494,C3D8,0.0484585,0,0,0,0,0,0,0,0,0,0,0,0
16495,C3D8,0.0484582,0,0,0,0,0,0,0,0,0,0,0,0
16496,C3D8,0.0484581,0,0,0,0,0,0,0,0,0,0,0,0
16497,C3D8,0.0484581,0,0,0,0,0,0,0,0,0,0,0,0
16498,C3D8,0.0484578,0,0,0,0,0,0,0,0,0,0,0,0
16499,C3D8,0.0460929,0,0,0,0,0,0,0,0,0,0,0,0
16500,C3D8,0.0460926,0,0,0,0,0,0,0,0,0,0,0,0
16501,C3D8,0.0460923,0,0,0,0,0,0,0,0,0,0,0,0
16502,C3D8,0.0460921,0,0,0,0,0,0,0,0,0,0,0,0
16503,C3D8,0.0460918,0,0,0,0,0,0,0,0,0,0,0,0
16504,C3D8,0.0460916,0,0,0,0,0,0,0,0,0,0,0,0
16505,C3D8,0.0460914,0,0,0,0,0,0,0,0,0,0,0,0
16506,C3D8,0.0460913,0,0,0,0,0,0,0,0,0,0,0,0
16507,C3D8,0.0460911,0,0,0,0,0,0,0,0,0,0,0,0
16508,C3D8,0.046091,0,0,0,0,0,0,0,0,0,0,0,0
16509,C3D8,0.0460909,0,0,0,0,0,0,0,0,0,0,0,0
16510,C3D8,0.0460907,0,0,0,0,0,0,0,0,0,0,0,0
16511,C3D8,0.0460906,0,0,0,0,0,0,0,0,0,0,0,0
16512,C3D8,0.0460906,0,0,0,0,0,0,0,0,0,0,0,0
16513,C3D8,0.0460905,0,0,0,0,0,0,0,0,0,0,0,0
16514,C3D8,0.0460903,0,0,0,0,0,0,0,0,0,0,0,0
16515,C3D8,0.0460902,0,0,0,0,0,0,0,0,0,0,0,0
16516,C3D8,0.0460903,0,0,0,0,0,0,0,0,0,0,0,0
16517,C3D8,0.0460903,0,0,0,0,0,0,0,0,0,0,0,0
16518,C3D8,0.0460901,0,0,0,0,0,0,0,0,0,0,0,0
16519,C3D8,0.0437203,0,0,0,0,0,0,0,0,0,0,0,0
16520,C3D8,0.0437204,0,0,0,0,0,0,0,0,0,0,0,0
16521,C3D8,0.0437206,0,0,0,0,0,0,0,0,0,0,0,0
16522,C3D8,0.0437208,0,0,0,0,0,0,0,0,0,0,0,0
16523,C3D8,0.043721,0,0,0,0,0,0,0,0,0,0,0,0
16524,C3D8,0.0437213,0,0,0,0,0,0,0,0,0,0,0,0
16525,C3D8,0.0437214,0,0,0,0,0,0,0,0,0,0,0,0
16526,C3D8,0.0437216,0,0,0,0,0,0,0,0,0,0,0,0
16527,C3D8,0.0437216,0,0,0,0,0,0,0,0,0,0,0,0
16528,C3D8,0.0437218,0,0,0,0,0,0,0,0,0,0,0,0
16529,C3D8,0.0437218,0,0,0,0,0,0,0,0,0,0,0,0
16530,C3D8,0.043722,0,0,0,0,0,0,0,0,0,0,0,0
16531,C3D8,0.043722,0,0,0,0,0,0,0,0,0,0,0,0
16532,C3D8,0.0437223,0,0,0,0,0,0,0,0,0,0,0,0
16533,C3D8,0.0437221,0,0,0,0,0,0,0,0,0,0,0,0
16534,C3D8,0.0437222,0,0,0,0,0,0,0,0,0,0,0,0
16535,C3D8,0.0437223,0,0,0,0,0,0,0,0,0,0,0,0
16536,C3D8,0.0437224,0,0,0,0,0,0,0,0,0,0,0,0
16537,C3D8,0.0437224,0,0,0,0,0,0,0,0,0,0,0,0
16538,C3D8,0.0437222,0,0,0,0,0,0,0,0,0,0,0,0
16539,C3D8,0.0413475,0,0,0,0,0,0,0,0,0,0,0,0
16540,C3D8,0.0413483,0,0,0,0,0,0,0,0,0,0,0,0
16541,C3D8,0.0413489,0,0,0,0,0,0,0,0,0,0,0,0
16542,C3D8,0.0413496,0,0,0,0,0,0,0,0,0,0,0,0
16543,C3D8,0.0413502,0,0,0,0,0,0,0,0,0,0,0,0
16544,C3D8,0.0413507,0,0,0,0,0,0,0,0,0,0,0,0
16545,C3D8,0.0413512,0,0,0,0,0,0,0,0,0,0,0,0
16546,C3D8,0.0413517,0,0,0,0,0,0,0,0,0,0,0,0
16547,C3D8,0.0413522,0,0,0,0,0,0,0,0,0,0,0,0
16548,C3D8,0.0413526,0,0,0,0,0,0,0,0,0,0,0,0
16549,C3D8,0.0413528,0,0,0,0,0,0,0,0,0,0,0,0
16550,C3D8,0.0413534,0,0,0,0,0,0,0,0,0,0,0,0
16551,C3D8,0.0413535,0,0,0,0,0,0,0,0,0,0,0,0
16552,C3D8,0.0413539,0,0,0,0,0,0,0,0,0,0,0,0
16553,C3D8,0.041354,0,0,0,0,0,0,0,0,0,0,0,0
16554,C3D8,0.0413542,0,0,0,0,0,0,0,0,0,0,0,0
16555,C3D8,0.0413543,0,0,0,0,0,0,0,0,0,0,0,0
16556,C3D8,0.0413546,0,0,0,0,0,0,0,0,0,0,0,0
16557,C3D8,0.0413546,0,0,0,0,0,0,0,0,0,0,0,0
16558,C3D8,0.0413544,0,0,0,0,0,0,0,0,0,0,0,0
16559,C3D8,0.0389749,0,0,0,0,0,0,0,0,0,0,0,0
16560,C3D8,0.0389761,0,0,0,0,0,0,0,0,0,0,0,0
16561,C3D8,0.0389772,0,0,0,0,0,0,0,0,0,0,0,0
16562,C3D8,0.0389783,0,0,0,0,0,0,0,0,0,0,0,0
16563,C3D8,0.0389793,0,0,0,0,0,0,0,0,0,0,0,0
16564,C3D8,0.0389802,0,0,0,0,0,0,0,0,0,0,0,0
16565,C3D8,0.0389811,0,0,0,0,0,0,0,0,0,0,0,0
16566,C3D8,0.0389819,0,0,0,0,0,0,0,0,0,0,0,0
16567,C3D8,0.0389827,0,0,0,0,0,0,0,0,0,0,0,0
16568,C3D8,0.0389834,0,0,0,0,0,0,0,0,0,0,0,0
16569,C3D8,0.0389838,0,0,0,0,0,0,0,0,0,0,0,0
16570,C3D8,0.0389847,0,0,0,0,0,0,0,0,0,0,0,0
16571,C3D8,0.038985,0,0,0,0,0,0,0,0,0,0,0,0
16572,C3D8,0.0389854,0,0,0,0,0,0,0,0,0,0,0,0
16573,C3D8,0.0389859,0,0,0,0,0,0,0,0,0,0,0,0
16574,C3D8,0.0389861,0,0,0,0,0,0,0,0,0,0,0,0
16575,C3D8,0.0389864,0,0,0,0,0,0,0,0,0,0,0,0
16576,C3D8,0.0389867,0,0,0,0,0,0,0,0,0,0,0,0
16577,C3D8,0.0389868,0,0,0,0,0,0,0,0,0,0,0,0
16578,C3D8,0.0389866,0,0,0,0,0,0,0,0,0,0,0,0
16579,C3D8,0.0366022,0,0,0,0,0,0,0,0,0,0,0,0
16580,C3D8,0.0366039,0,0,0,0,0,0,0,0,0,0,0,0
16581,C3D8,0.0366055,0,0,0,0,0,0,0,0,0,0,0,0
16582,C3D8,0.0366071,0,0,0,0,0,0,0,0,0,0,0,0
16583,C3D8,0.0366083,0,0,0,0,0,0,0,0,0,0,0,0
16584,C3D8,0.0366097,0,0,0,0,0,0,0,0,0,0,0,0
16585,C3D8,0.036611,0,0,0,0,0,0,0,0,0,0,0,0
16586,C3D8,0.0366121,0,0,0,0,0,0,0,0,0,0,0,0
16587,C3D8,0.0366131,0,0,0,0,0,0,0,0,0,0,0,0
16588,C3D8,0.0366142,0,0,0,0,0,0,0,0,0,0,0,0
16589,C3D8,0.0366149,0,0,0,0,0,0,0,0,0,0,0,0
16590,C3D8,0.0366159,0,0,0,0,0,0,0,0,0,0,0,0
16591,C3D8,0.0366165,0,0,0,0,0,0,0,0,0,0,0,0
16592,C3D8,0.0366171,0,0,0,0,0,0,0,0,0,0,0,0
16593,C3D8,0.0366176,0,0,0,0,0,0,0,0,0,0,0,0
16594,C3D8,0.0366181,0,0,0,0,0,0,0,0,0,0,0,0
16595,C3D8,0.0366184,0,0,0,0,0,0,0,0,0,0,0,0
16596,C3D8,0.0366188,0,0,0,0,0,0,0,0,0,0,0,0
16597,C3D8,0.0366189,0,0,0,0,0,0,0,0,0,0,0,0
16598,C3D8,0.0366187,0,0,0,0,0,0,0,0,0,0,0,0
16599,C3D8,0.0662212,0,0,0,0,0,0,0,0,0,0,0,0
16600,C3D8,0.0662126,0,0,0,0,0,0,0,0,0,0,0,0
16601,C3D8,0.0662042,0,0,0,0,0,0,0,0,0,0,0,0
16602,C3D8,0.0661964,0,0,0,0,0,0,0,0,0,0,0,0
16603,C3D8,0.066189,0,0,0,0,0,0,0,0,0,0,0,0
16604,C3D8,0.0661821,0,0,0,0,0,0,0,0,0,0,0,0
16605,C3D8,0.0661757,0,0,0,0,0,0,0,0,0,0,0,0
16606,C3D8,0.0661697,0,0,0,0,0,0,0,0,0,0,0,0
16607,C3D8,0.0661642,0,0,0,0,0,0,0,0,0,0,0,0
16608,C3D8,0.0661592,0,0,0,0,0,0,0,0,0,0,0,0
16609,C3D8,0.0661543,0,0,0,0,0,0,0,0,0,0,0,0
16610,C3D8,0.0661506,0,0,0,0,0,0,0,0,0,0,0,0
16611,C3D8,0.0661464,0,0,0,0,0,0,0,0,0,0,0,0
16612,C3D8,0.0661436,0,0,0,0,0,0,0,0,0,0,0,0
16613,C3D8,0.0661407,0,0,0,0,0,0,0,0,0,0,0,0
16614,C3D8,0.0661383,0,0,0,0,0,0,0,0,0,0,0,0
16615,C3D8,0.0661365,0,0,0,0,0,0,0,0,0,0,0,0
16616,C3D8,0.0661354,0,0,0,0,0,0,0,0,0,0,0,0
16617,C3D8,0.0661343,0,0,0,0,0,0,0,0,0,0,0,0
16618,C3D8,0.0661334,0,0,0,0,0,0,0,0,0,0,0,0
16619,C3D8,0.0566926,0,0,0,0,0,0,0,0,0,0,0,0
16620,C3D8,0.0566894,0,0,0,0,0,0,0,0,0,0,0,0
16621,C3D8,0.0566864,0,0,0,0,0,0,0,0,0,0,0,0
16622,C3D8,0.0566837,0,0,0,0,0,0,0,0,0,0,0,0
16623,C3D8,0.0566808,0,0,0,0,0,0,0,0,0,0,0,0
16624,C3D8,0.0566783,0,0,0,0,0,0,0,0,0,0,0,0
16625,C3D8,0.0566761,0,0,0,0,0,0,0,0,0,0,0,0
16626,C3D8,0.0566738,0,0,0,0,0,0,0,0,0,0,0,0
16627,C3D8,0.056672,0,0,0,0,0,0,0,0,0,0,0,0
16628,C3D8,0.0566698,0,0,0,0,0,0,0,0,0,0,0,0
16629,C3D8,0.0566684,0,0,0,0,0,0,0,0,0,0,0,0
16630,C3D8,0.0566668,0,0,0,0,0,0,0,0,0,0,0,0
16631,C3D8,0.0566653,0,0,0,0,0,0,0,0,0,0,0,0
16632,C3D8,0.0566643,0,0,0,0,0,0,0,0,0,0,0,0
16633,C3D8,0.0566633,0,0,0,0,0,0,0,0,0,0,0,0
16634,C3D8,0.0566625,0,0,0,0,0,0,0,0,0,0,0,0
16635,C3D8,0.0566617,0,0,0,0,0,0,0,0,0,0,0,0
16636,C3D8,0.0566613,0,0,0,0,0,0,0,0,0,0,0,0
16637,C3D8,0.0566611,0,0,0,0,0,0,0,0,0,0,0,0
16638,C3D8,0.0566606,0,0,0,0,0,0,0,0,0,0,0,0
16639,C3D8,0.0471639,0,0,0,0,0,0,0,0,0,0,0,0
16640,C3D8,0.0471661,0,0,0,0,0,0,0,0,0,0,0,0
16641,C3D8,0.0471688,0,0,0,0,0,0,0,0,0,0,0,0
16642,C3D8,0.0471708,0,0,0,0,0,0,0,0,0,0,0,0
16643,C3D8,0.0471726,0,0,0,0,0,0,0,0,0,0,0,0
16644,C3D8,0.0471745,0,0,0,0,0,0,0,0,0,0,0,0
16645,C3D8,0.0471766,0,0,0,0,0,0,0,0,0,0,0,0
16646,C3D8,0.0471779,0,0,0,0,0,0,0,0,0,0,0,0
16647,C3D8,0.0471795,0,0,0,0,0,0,0,0,0,0,0,0
16648,C3D8,0.0471809,0,0,0,0,0,0,0,0,0,0,0,0
16649,C3D8,0.0471823,0,0,0,0,0,0,0,0,0,0,0,0
16650,C3D8,0.0471829,0,0,0,0,0,0,0,0,0,0,0,0
16651,C3D8,0.0471845,0,0,0,0,0,0,0,0,0,0,0,0
16652,C3D8,0.0471852,0,0,0,0,0,0,0,0,0,0,0,0
16653,C3D8,0.0471858,0,0,0,0,0,0,0,0,0,0,0,0
16654,C3D8,0.0471867,0,0,0,0,0,0,0,0,0,0,0,0
16655,C3D8,0.0471868,0,0,0,0,0,0,0,0,0,0,0,0
16656,C3D8,0.0471874,0,0,0,0,0,0,0,0,0,0,0,0
16657,C3D8,0.0471878,0,0,0,0,0,0,0,0,0,0,0,0
16658,C3D8,0.0471875,0,0,0,0,0,0,0,0,0,0,0,0
16659,C3D8,0.0376353,0,0,0,0,0,0,0,0,0,0,0,0
16660,C3D8,0.0376432,0,0,0,0,0,0,0,0,0,0,0,0
16661,C3D8,0.037651,0,0,0,0,0,0,0,0,0,0,0,0
16662,C3D8,0.0376579,0,0,0,0,0,0,0,0,0,0,0,0
16663,C3D8,0.0376643,0,0,0,0,0,0,0,0,0,0,0,0
16664,C3D8,0.0376709,0,0,0,0,0,0,0,0,0,0,0,0
16665,C3D8,0.0376767,0,0,0,0,0,0,0,0,0,0,0,0
16666,C3D8,0.0376822,0,0,0,0,0,0,0,0,0,0,0,0
16667,C3D8,0.0376871,0,0,0,0,0,0,0,0,0,0,0,0
16668,C3D8,0.0376919,0,0,0,0,0,0,0,0,0,0,0,0
16669,C3D8,0.0376959,0,0,0,0,0,0,0,0,0,0,0,0
16670,C3D8,0.0376995,0,0,0,0,0,0,0,0,0,0,0,0
16671,C3D8,0.0377034,0,0,0,0,0,0,0,0,0,0,0,0
16672,C3D8,0.0377059,0,0,0,0,0,0,0,0,0,0,0,0
16673,C3D8,0.0377082,0,0,0,0,0,0,0,0,0,0,0,0
16674,C3D8,0.0377107,0,0,0,0,0,0,0,0,0,0,0,0
16675,C3D8,0.0377122,0,0,0,0,0,0,0,0,0,0,0,0
16676,C3D8,0.0377135,0,0,0,0,0,0,0,0,0,0,0,0
16677,C3D8,0.0377145,0,0,0,0,0,0,0,0,0,0,0,0
16678,C3D8,0.0377144,0,0,0,0,0,0,0,0,0,0,0,0
16679,C3D8,0.202591,0,0,0,0,0,0,0,0,0,0,0,0
16680,C3D8,0.191497,0,0,0,0,0,0,0,0,0,0,0,0
16681,C3D8,0.180846,0,0,0,0,0,0,0,0,0,0,0,0
16682,C3D8,0.170659,0,0,0,0,0,0,0,0,0,0,0,0
16683,C3D8,0.160958,0,0,0,0,0,0,0,0,0,0,0,0
16684,C3D8,0.151763,0,0,0,0,0,0,0,0,0,0,0,0
16685,C3D8,0.143091,0,0,0,0,0,0,0,0,0,0,0,0
16686,C3D8,0.134962,0,0,0,0,0,0,0,0,0,0,0,0
16687,C3D8,0.127392,0,0,0,0,0,0,0,0,0,0,0,0
16688,C3D8,0.120397,0,0,0,0,0,0,0,0,0,0,0,0
16689,C3D8,0.113991,0,0,0,0,0,0,0,0,0,0,0,0
16690,C3D8,0.108187,0,0,0,0,0,0,0,0,0,0,0,0
16691,C3D8,0.102998,0,0,0,0,0,0,0,0,0,0,0,0
16692,C3D8,0.0984335,0,0,0,0,0,0,0,0,0,0,0,0
16693,C3D8,0.0945038,0,0,0,0,0,0,0,0,0,0,0,0
16694,C3D8,0.0912163,0,0,0,0,0,0,0,0,0,0,0,0
16695,C3D8,0.0885782,0,0,0,0,0,0,0,0,0,0,0,0
16696,C3D8,0.0865948,0,0,0,0,0,0,0,0,0,0,0,0
16697,C3D8,0.0852702,0,0,0,0,0,0,0,0,0,0,0,0
16698,C3D8,0.0846072,0,0,0,0,0,0,0,0,0,0,0,0
16699,C3D8,0.201129,0,0,0,0,0,0,0,0,0,0,0,0
16700,C3D8,0.189991,0,0,0,0,0,0,0,0,0,0,0,0
16701,C3D8,0.179274,0,0,0,0,0,0,0,0,0,0,0,0
16702,C3D8,0.169004,0,0,0,0,0,0,0,0,0,0,0,0
16703,C3D8,0.159206,0,0,0,0,0,0,0,0,0,0,0,0
16704,C3D8,0.149902,0,0,0,0,0,0,0,0,0,0,0,0
16705,C3D8,0.141114,0,0,0,0,0,0,0,0,0,0,0,0
16706,C3D8,0.132865,0,0,0,0,0,0,0,0,0,0,0,0
16707,C3D8,0.125172,0,0,0,0,0,0,0,0,0,0,0,0
16708,C3D8,0.118055,0,0,0,0,0,0,0,0,0,0,0,0
16709,C3D8,0.11153,0,0,0,0,0,0,0,0,0,0,0,0
16710,C3D8,0.105613,0,0,0,0,0,0,0,0,0,0,0,0
16711,C3D8,0.100317,0,0,0,0,0,0,0,0,0,0,0,0
16712,C3D8,0.0956555,0,0,0,0,0,0,0,0,0,0,0,0
16713,C3D8,0.0916392,0,0,0,0,0,0,0,0,0,0,0,0
16714,C3D8,0.0882776,0,0,0,0,0,0,0,0,0,0,0,0
16715,C3D8,0.0855789,0,0,0,0,0,0,0,0,0,0,0,0
16716,C3D8,0.0835492,0,0,0,0,0,0,0,0,0,0,0,0
16717,C3D8,0.0821934,0,0,0,0,0,0,0,0,0,0,0,0
16718,C3D8,0.0815146,0,0,0,0,0,0,0,0,0,0,0,0
16719,C3D8,0.199668,0,0,0,0,0,0,0,0,0,0,0,0
16720,C3D8,0.188485,0,0,0,0,0,0,0,0,0,0,0,0
16721,C3D8,0.177702,0,0,0,0,0,0,0,0,0,0,0,0
16722,C3D8,0.167349,0,0,0,0,0,0,0,0,0,0,0,0
16723,C3D8,0.157453,0,0,0,0,0,0,0,0,0,0,0,0
16724,C3D8,0.148041,0,0,0,0,0,0,0,0,0,0,0,0
16725,C3D8,0.139138,0,0,0,0,0,0,0,0,0,0,0,0
16726,C3D8,0.130767,0,0,0,0,0,0,0,0,0,0,0,0
16727,C3D8,0.122952,0,0,0,0,0,0,0,0,0,0,0,0
16728,C3D8,0.115713,0,0,0,0,0,0,0,0,0,0,0,0
16729,C3D8,0.109069,0,0,0,0,0,0,0,0,0,0,0,0
16730,C3D8,0.103038,0,0,0,0,0,0,0,0,0,0,0,0
16731,C3D8,0.0976358,0,0,0,0,0,0,0,0,0,0,0,0
16732,C3D8,0.0928771,0,0,0,0,0,0,0,0,0,0,0,0
16733,C3D8,0.0887748,0,0,0,0,0,0,0,0,0,0,0,0
16734,C3D8,0.0853394,0,0,0,0,0,0,0,0,0,0,0,0
16735,C3D8,0.08258,0,0,0,0,0,0,0,0,0,0,0,0
16736,C3D8,0.0805039,0,0,0,0,0,0,0,0,0,0,0,0
16737,C3D8,0.0791169,0,0,0,0,0,0,0,0,0,0,0,0
16738,C3D8,0.0784223,0,0,0,0,0,0,0,0,0,0,0,0
16739,C3D8,0.198207,0,0,0,0,0,0,0,0,0,0,0,0
16740,C3D8,0.186979,0,0,0,0,0,0,0,0,0,0,0,0
16741,C3D8,0.17613,0,0,0,0,0,0,0,0,0,0,0,0
16742,C3D8,0.165694,0,0,0,0,0,0,0,0,0,0,0,0
16743,C3D8,0.1557,0,0,0,0,0,0,0,0,0,0,0,0
16744,C3D8,0.14618,0,0,0,0,0,0,0,0,0,0,0,0
16745,C3D8,0.137161,0,0,0,0,0,0,0,0,0,0,0,0
16746,C3D8,0.12867,0,0,0,0,0,0,0,0,0,0,0,0
16747,C3D8,0.120732,0,0,0,0,0,0,0,0,0,0,0,0
16748,C3D8,0.113371,0,0,0,0,0,0,0,0,0,0,0,0
16749,C3D8,0.106608,0,0,0,0,0,0,0,0,0,0,0,0
16750,C3D8,0.100463,0,0,0,0,0,0,0,0,0,0,0,0
16751,C3D8,0.0949549,0,0,0,0,0,0,0,0,0,0,0,0
16752,C3D8,0.0900993,0,0,0,0,0,0,0,0,0,0,0,0
16753,C3D8,0.0859104,0,0,0,0,0,0,0,0,0,0,0,0
16754,C3D8,0.0824008,0,0,0,0,0,0,0,0,0,0,0,0
16755,C3D8,0.0795807,0,0,0,0,0,0,0,0,0,0,0,0
16756,C3D8,0.0774585,0,0,0,0,0,0,0,0,0,0,0,0
16757,C3D8,0.0760402,0,0,0,0,0,0,0,0,0,0,0,0
16758,C3D8,0.0753299,0,0,0,0,0,0,0,0,0,0,0,0
16759,C3D8,0.196745,0,0,0,0,0,0,0,0,0,0,0,0
16760,C3D8,0.185473,0,0,0,0,0,0,0,0,0,0,0,0
16761,C3D8,0.174558,0,0,0,0,0,0,0,0,0,0,0,0
16762,C3D8,0.164038,0,0,0,0,0,0,0,0,0,0,0,0
16763,C3D8,0.153948,0,0,0,0,0,0,0,0,0,0,0,0
16764,C3D8,0.144319,0,0,0,0,0,0,0,0,0,0,0,0
16765,C3D8,0.135184,0,0,0,0,0,0,0,0,0,0,0,0
16766,C3D8,0.126572,0,0,0,0,0,0,0,0,0,0,0,0
16767,C3D8,0.118511,0,0,0,0,0,0,0,0,0,0,0,0
16768,C3D8,0.111028,0,0,0,0,0,0,0,0,0,0,0,0
16769,C3D8,0.104146,0,0,0,0,0,0,0,0,0,0,0,0
16770,C3D8,0.0978882,0,0,0,0,0,0,0,0,0,0,0,0
16771,C3D8,0.0922737,0,0,0,0,0,0,0,0,0,0,0,0
16772,C3D8,0.0873209,0,0,0,0,0,0,0,0,0,0,0,0
16773,C3D8,0.0830461,0,0,0,0,0,0,0,0,0,0,0,0
16774,C3D8,0.0794625,0,0,0,0,0,0,0,0,0,0,0,0
16775,C3D8,0.0765818,0,0,0,0,0,0,0,0,0,0,0,0
16776,C3D8,0.0744131,0,0,0,0,0,0,0,0,0,0,0,0
16777,C3D8,0.0729635,0,0,0,0,0,0,0,0,0,0,0,0
16778,C3D8,0.0722374,0,0,0,0,0,0,0,0,0,0,0,0
16779,C3D8,0.195284,0,0,0,0,0,0,0,0,0,0,0,0
16780,C3D8,0.183966,0,0,0,0,0,0,0,0,0,0,0,0
16781,C3D8,0.172986,0,0,0,0,0,0,0,0,0,0,0,0
16782,C3D8,0.162383,0,0,0,0,0,0,0,0,0,0,0,0
16783,C3D8,0.152195,0,0,0,0,0,0,0,0,0,0,0,0
16784,C3D8,0.142458,0,0,0,0,0,0,0,0,0,0,0,0
16785,C3D8,0.133207,0,0,0,0,0,0,0,0,0,0,0,0
16786,C3D8,0.124475,0,0,0,0,0,0,0,0,0,0,0,0
16787,C3D8,0.116292,0,0,0,0,0,0,0,0,0,0,0,0
16788,C3D8,0.108686,0,0,0,0,0,0,0,0,0,0,0,0
16789,C3D8,0.101685,0,0,0,0,0,0,0,0,0,0,0,0
16790,C3D8,0.0953133,0,0,0,0,0,0,0,0,0,0,0,0
16791,C3D8,0.0895926,0,0,0,0,0,0,0,0,0,0,0,0
16792,C3D8,0.0845429,0,0,0,0,0,0,0,0,0,0,0,0
16793,C3D8,0.0801817,0,0,0,0,0,0,0,0,0,0,0,0
16794,C3D8,0.0765238,0,0,0,0,0,0,0,0,0,0,0,0
16795,C3D8,0.0735826,0,0,0,0,0,0,0,0,0,0,0,0
16796,C3D8,0.0713677,0,0,0,0,0,0,0,0,0,0,0,0
16797,C3D8,0.0698867,0,0,0,0,0,0,0,0,0,0,0,0
16798,C3D8,0.0691449,0,0,0,0,0,0,0,0,0,0,0,0
16799,C3D8,0.193823,0,0,0,0,0,0,0,0,0,0,0,0
16800,C3D8,0.18246,0,0,0,0,0,0,0,0,0,0,0,0
16801,C3D8,0.171414,0,0,0,0,0,0,0,0,0,0,0,0
16802,C3D8,0.160728,0,0,0,0,0,0,0,0,0,0,0,0
16803,C3D8,0.150442,0,0,0,0,0,0,0,0,0,0,0,0
16804,C3D8,0.140597,0,0,0,0,0,0,0,0,0,0,0,0
16805,C3D8,0.13123,0,0,0,0,0,0,0,0,0,0,0,0
16806,C3D8,0.122377,0,0,0,0,0,0,0,0,0,0,0,0
16807,C3D8,0.114071,0,0,0,0,0,0,0,0,0,0,0,0
16808,C3D8,0.106344,0,0,0,0,0,0,0,0,0,0,0,0
16809,C3D8,0.099224,0,0,0,0,0,0,0,0,0,0,0,0
16810,C3D8,0.0927386,0,0,0,0,0,0,0,0,0,0,0,0
16811,C3D8,0.0869115,0,0,0,0,0,0,0,0,0,0,0,0
16812,C3D8,0.0817646,0,0,0,0,0,0,0,0,0,0,0,0
16813,C3D8,0.0773174,0,0,0,0,0,0,0,0,0,0,0,0
16814,C3D8,0.0735857,0,0,0,0,0,0,0,0,0,0,0,0
16815,C3D8,0.0705836,0,0,0,0,0,0,0,0,0,0,0,0
16816,C3D8,0.0683224,0,0,0,0,0,0,0,0,0,0,0,0
16817,C3D8,0.0668101,0,0,0,0,0,0,0,0,0,0,0,0
16818,C3D8,0.0660526,0,0,0,0,0,0,0,0,0,0,0,0
16819,C3D8,0.192362,0,0,0,0,0,0,0,0,0,0,0,0
16820,C3D8,0.180954,0,0,0,0,0,0,0,0,0,0,0,0
16821,C3D8,0.169842,0,0,0,0,0,0,0,0,0,0,0,0
16822,C3D8,0.159072,0,0,0,0,0,0,0,0,0,0,0,0
16823,C3D8,0.14869,0,0,0,0,0,0,0,0,0,0,0,0
16824,C3D8,0.138736,0,0,0,0,0,0,0,0,0,0,0,0
16825,C3D8,0.129253,0,0,0,0,0,0,0,0,0,0,0,0
16826,C3D8,0.120279,0,0,0,0,0,0,0,0,0,0,0,0
16827,C3D8,0.111851,0,0,0,0,0,0,0,0,0,0,0,0
16828,C3D8,0.104002,0,0,0,0,0,0,0,0,0,0,0,0
16829,C3D8,0.0967629,0,0,0,0,0,0,0,0,0,0,0,0
16830,C3D8,0.0901638,0,0,0,0,0,0,0,0,0,0,0,0
16831,C3D8,0.0842306,0,0,0,0,0,0,0,0,0,0,0,0
16832,C3D8,0.0789865,0,0,0,0,0,0,0,0,0,0,0,0
16833,C3D8,0.0744528,0,0,0,0,0,0,0,0,0,0,0,0
16834,C3D8,0.070647,0,0,0,0,0,0,0,0,0,0,0,0
16835,C3D8,0.0675844,0,0,0,0,0,0,0,0,0,0,0,0
16836,C3D8,0.0652769,0,0,0,0,0,0,0,0,0,0,0,0
16837,C3D8,0.0637335,0,0,0,0,0,0,0,0,0,0,0,0
16838,C3D8,0.0629602,0,0,0,0,0,0,0,0,0,0,0,0
16839,C3D8,0.1909,0,0,0,0,0,0,0,0,0,0,0,0
16840,C3D8,0.179448,0,0,0,0,0,0,0,0,0,0,0,0
16841,C3D8,0.16827,0,0,0,0,0,0,0,0,0,0,0,0
16842,C3D8,0.157417,0,0,0,0,0,0,0,0,0,0,0,0
16843,C3D8,0.146937,0,0,0,0,0,0,0,0,0,0,0,0
16844,C3D8,0.136876,0,0,0,0,0,0,0,0,0,0,0,0
16845,C3D8,0.127277,0,0,0,0,0,0,0,0,0,0,0,0
16846,C3D8,0.118182,0,0,0,0,0,0,0,0,0,0,0,0
16847,C3D8,0.109631,0,0,0,0,0,0,0,0,0,0,0,0
16848,C3D8,0.101659,0,0,0,0,0,0,0,0,0,0,0,0
16849,C3D8,0.0943016,0,0,0,0,0,0,0,0,0,0,0,0
16850,C3D8,0.0875888,0,0,0,0,0,0,0,0,0,0,0,0
16851,C3D8,0.0815494,0,0,0,0,0,0,0,0,0,0,0,0
16852,C3D8,0.0762083,0,0,0,0,0,0,0,0,0,0,0,0
16853,C3D8,0.0715885,0,0,0,0,0,0,0,0,0,0,0,0
16854,C3D8,0.0677087,0,0,0,0,0,0,0,0,0,0,0,0
16855,C3D8,0.0645854,0,0,0,0,0,0,0,0,0,0,0,0
16856,C3D8,0.0622314,0,0,0,0,0,0,0,0,0,0,0,0
16857,C3D8,0.0606568,0,0,0,0,0,0,0,0,0,0,0,0
16858,C3D8,0.0598677,0,0,0,0,0,0,0,0,0,0,0,0
16859,C3D8,0.189439,0,0,0,0,0,0,0,0,0,0,0,0
16860,C3D8,0.177942,0,0,0,0,0,0,0,0,0,0,0,0
16861,C3D8,0.166698,0,0,0,0,0,0,0,0,0,0,0,0
16862,C3D8,0.155762,0,0,0,0,0,0,0,0,0,0,0,0
16863,C3D8,0.145184,0,0,0,0,0,0,0,0,0,0,0,0
16864,C3D8,0.135015,0,0,0,0,0,0,0,0,0,0,0,0
16865,C3D8,0.1253,0,0,0,0,0,0,0,0,0,0,0,0
16866,C3D8,0.116084,0,0,0,0,0,0,0,0,0,0,0,0
16867,C3D8,0.107411,0,0,0,0,0,0,0,0,0,0,0,0
16868,C3D8,0.099317,0,0,0,0,0,0,0,0,0,0,0,0
16869,C3D8,0.0918405,0,0,0,0,0,0,0,0,0,0,0,0
16870,C3D8,0.0850139,0,0,0,0,0,0,0,0,0,0,0,0
16871,C3D8,0.0788683,0,0,0,0,0,0,0,0,0,0,0,0
16872,C3D8,0.0734303,0,0,0,0,0,0,0,0,0,0,0,0
16873,C3D8,0.0687241,0,0,0,0,0,0,0,0,0,0,0,0
16874,C3D8,0.0647701,0,0,0,0,0,0,0,0,0,0,0,0
16875,C3D8,0.0615863,0,0,0,0,0,0,0,0,0,0,0,0
16876,C3D8,0.059186,0,0,0,0,0,0,0,0,0,0,0,0
16877,C3D8,0.0575801,0,0,0,0,0,0,0,0,0,0,0,0
16878,C3D8,0.0567752,0,0,0,0,0,0,0,0,0,0,0,0
16879,C3D8,0.187978,0,0,0,0,0,0,0,0,0,0,0,0
16880,C3D8,0.176436,0,0,0,0,0,0,0,0,0,0,0,0
16881,C3D8,0.165126,0,0,0,0,0,0,0,0,0,0,0,0
16882,C3D8,0.154107,0,0,0,0,0,0,0,0,0,0,0,0
16883,C3D8,0.143431,0,0,0,0,0,0,0,0,0,0,0,0
16884,C3D8,0.133154,0,0,0,0,0,0,0,0,0,0,0,0
16885,C3D8,0.123323,0,0,0,0,0,0,0,0,0,0,0,0
16886,C3D8,0.113987,0,0,0,0,0,0,0,0,0,0,0,0
16887,C3D8,0.10519,0,0,0,0,0,0,0,0,0,0,0,0
16888,C3D8,0.0969749,0,0,0,0,0,0,0,0,0,0,0,0
16889,C3D8,0.0893794,0,0,0,0,0,0,0,0,0,0,0,0
16890,C3D8,0.0824393,0,0,0,0,0,0,0,0,0,0,0,0
16891,C3D8,0.0761872,0,0,0,0,0,0,0,0,0,0,0,0
16892,C3D8,0.0706521,0,0,0,0,0,0,0,0,0,0,0,0
16893,C3D8,0.0658598,0,0,0,0,0,0,0,0,0,0,0,0
16894,C3D8,0.0618319,0,0,0,0,0,0,0,0,0,0,0,0
16895,C3D8,0.0585873,0,0,0,0,0,0,0,0,0,0,0,0
16896,C3D8,0.0561407,0,0,0,0,0,0,0,0,0,0,0,0
16897,C3D8,0.0545035,0,0,0,0,0,0,0,0,0,0,0,0
16898,C3D8,0.0536829,0,0,0,0,0,0,0,0,0,0,0,0
16899,C3D8,0.186517,0,0,0,0,0,0,0,0,0,0,0,0
16900,C3D8,0.17493,0,0,0,0,0,0,0,0,0,0,0,0
16901,C3D8,0.163554,0,0,0,0,0,0,0,0,0,0,0,0
16902,C3D8,0.152451,0,0,0,0,0,0,0,0,0,0,0,0
16903,C3D8,0.141679,0,0,0,0,0,0,0,0,0,0,0,0
16904,C3D8,0.131293,0,0,0,0,0,0,0,0,0,0,0,0
16905,C3D8,0.121346,0,0,0,0,0,0,0,0,0,0,0,0
16906,C3D8,0.111889,0,0,0,0,0,0,0,0,0,0,0,0
16907,C3D8,0.10297,0,0,0,0,0,0,0,0,0,0,0,0
16908,C3D8,0.0946325,0,0,0,0,0,0,0,0,0,0,0,0
16909,C3D8,0.0869181,0,0,0,0,0,0,0,0,0,0,0,0
16910,C3D8,0.0798645,0,0,0,0,0,0,0,0,0,0,0,0
16911,C3D8,0.0735062,0,0,0,0,0,0,0,0,0,0,0,0
16912,C3D8,0.0678741,0,0,0,0,0,0,0,0,0,0,0,0
16913,C3D8,0.0629951,0,0,0,0,0,0,0,0,0,0,0,0
16914,C3D8,0.0588934,0,0,0,0,0,0,0,0,0,0,0,0
16915,C3D8,0.0555882,0,0,0,0,0,0,0,0,0,0,0,0
16916,C3D8,0.0530954,0,0,0,0,0,0,0,0,0,0,0,0
16917,C3D8,0.0514267,0,0,0,0,0,0,0,0,0,0,0,0
16918,C3D8,0.0505905,0,0,0,0,0,0,0,0,0,0,0,0
16919,C3D8,0.0721443,0,0,0,0,0,0,0,0,0,0,0,0
16920,C3D8,0.0721433,0,0,0,0,0,0,0,0,0,0,0,0
16921,C3D8,0.0721426,0,0,0,0,0,0,0,0,0,0,0,0
16922,C3D8,0.0721419,0,0,0,0,0,0,0,0,0,0,0,0
16923,C3D8,0.0721411,0,0,0,0,0,0,0,0,0,0,0,0
16924,C3D8,0.0721404,0,0,0,0,0,0,0,0,0,0,0,0
16925,C3D8,0.0721398,0,0,0,0,0,0,0,0,0,0,0,0
16926,C3D8,0.0721391,0,0,0,0,0,0,0,0,0,0,0,0
16927,C3D8,0.0721387,0,0,0,0,0,0,0,0,0,0,0,0
16928,C3D8,0.0721382,0,0,0,0,0,0,0,0,0,0,0,0
16929,C3D8,0.0721377,0,0,0,0,0,0,0,0,0,0,0,0
16930,C3D8,0.0721372,0,0,0,0,0,0,0,0,0,0,0,0
16931,C3D8,0.0721369,0,0,0,0,0,0,0,0,0,0,0,0
16932,C3D8,0.0721366,0,0,0,0,0,0,0,0,0,0,0,0
16933,C3D8,0.0721362,0,0,0,0,0,0,0,0,0,0,0,0
16934,C3D8,0.0721361,0,0,0,0,0,0,0,0,0,0,0,0
16935,C3D8,0.0721359,0,0,0,0,0,0,0,0,0,0,0,0
16936,C3D8,0.0721358,0,0,0,0,0,0,0,0,0,0,0,0
16937,C3D8,0.0721356,0,0,0,0,0,0,0,0,0,0,0,0
16938,C3D8,0.0721355,0,0,0,0,0,0,0,0,0,0,0,0
16939,C3D8,0.0697741,0,0,0,0,0,0,0,0,0,0,0,0
16940,C3D8,0.0697734,0,0,0,0,0,0,0,0,0,0,0,0
16941,C3D8,0.069773,0,0,0,0,0,0,0,0,0,0,0,0
16942,C3D8,0.0697723,0,0,0,0,0,0,0,0,0,0,0,0
16943,C3D8,0.0697718,0,0,0,0,0,0,0,0,0,0,0,0
16944,C3D8,0.0697713,0,0,0,0,0,0,0,0,0,0,0,0
16945,C3D8,0.0697709,0,0,0,0,0,0,0,0,0,0,0,0
16946,C3D8,0.0697704,0,0,0,0,0,0,0,0,0,0,0,0
16947,C3D8,0.0697701,0,0,0,0,0,0,0,0,0,0,0,0
16948,C3D8,0.0697697,0,0,0,0,0,0,0,0,0,0,0,0
16949,C3D8,0.0697693,0,0,0,0,0,0,0,0,0,0,0,0
16950,C3D8,0.069769,0,0,0,0,0,0,0,0,0,0,0,0
16951,C3D8,0.0697687,0,0,0,0,0,0,0,0,0,0,0,0
16952,C3D8,0.0697685,0,0,0,0,0,0,0,0,0,0,0,0
16953,C3D8,0.0697684,0,0,0,0,0,0,0,0,0,0,0,0
16954,C3D8,0.0697684,0,0,0,0,0,0,0,0,0,0,0,0
16955,C3D8,0.069768,0,0,0,0,0,0,0,0,0,0,0,0
16956,C3D8,0.0697678,0,0,0,0,0,0,0,0,0,0,0,0
16957,C3D8,0.0697678,0,0,0,0,0,0,0,0,0,0,0,0
16958,C3D8,0.0697678,0,0,0,0,0,0,0,0,0,0,0,0
16959,C3D8,0.0674038,0,0,0,0,0,0,0,0,0,0,0,0
16960,C3D8,0.0674035,0,0,0,0,0,0,0,0,0,0,0,0
16961,C3D8,0.0674032,0,0,0,0,0,0,0,0,0,0,0,0
16962,C3D8,0.0674028,0,0,0,0,0,0,0,0,0,0,0,0
16963,C3D8,0.0674025,0,0,0,0,0,0,0,0,0,0,0,0
16964,C3D8,0.0674021,0,0,0,0,0,0,0,0,0,0,0,0
16965,C3D8,0.0674019,0,0,0,0,0,0,0,0,0,0,0,0
16966,C3D8,0.0674017,0,0,0,0,0,0,0,0,0,0,0,0
16967,C3D8,0.0674014,0,0,0,0,0,0,0,0,0,0,0,0
16968,C3D8,0.0674011,0,0,0,0,0,0,0,0,0,0,0,0
16969,C3D8,0.0674011,0,0,0,0,0,0,0,0,0,0,0,0
16970,C3D8,0.0674009,0,0,0,0,0,0,0,0,0,0,0,0
16971,C3D8,0.0674008,0,0,0,0,0,0,0,0,0,0,0,0
16972,C3D8,0.0674007,0,0,0,0,0,0,0,0,0,0,0,0
16973,C3D8,0.0674004,0,0,0,0,0,0,0,0,0,0,0,0
16974,C3D8,0.0674003,0,0,0,0,0,0,0,0,0,0,0,0
16975,C3D8,0.0674003,0,0,0,0,0,0,0,0,0,0,0,0
16976,C3D8,0.0674003,0,0,0,0,0,0,0,0,0,0,0,0
16977,C3D8,0.0674003,0,0,0,0,0,0,0,0,0,0,0,0
16978,C3D8,0.0674,0,0,0,0,0,0,0,0,0,0,0,0
16979,C3D8,0.0650338,0,0,0,0,0,0,0,0,0,0,0,0
16980,C3D8,0.0650335,0,0,0,0,0,0,0,0,0,0,0,0
16981,C3D8,0.0650334,0,0,0,0,0,0,0,0,0,0,0,0
16982,C3D8,0.0650333,0,0,0,0,0,0,0,0,0,0,0,0
16983,C3D8,0.0650332,0,0,0,0,0,0,0,0,0,0,0,0
16984,C3D8,0.0650331,0,0,0,0,0,0,0,0,0,0,0,0
16985,C3D8,0.065033,0,0,0,0,0,0,0,0,0,0,0,0
16986,C3D8,0.0650328,0,0,0,0,0,0,0,0,0,0,0,0
16987,C3D8,0.0650329,0,0,0,0,0,0,0,0,0,0,0,0
16988,C3D8,0.0650328,0,0,0,0,0,0,0,0,0,0,0,0
16989,C3D8,0.0650327,0,0,0,0,0,0,0,0,0,0,0,0
16990,C3D8,0.0650326,0,0,0,0,0,0,0,0,0,0,0,0
16991,C3D8,0.0650326,0,0,0,0,0,0,0,0,0,0,0,0
16992,C3D8,0.0650325,0,0,0,0,0,0,0,0,0,0,0,0
16993,C3D8,0.0650325,0,0,0,0,0,0,0,0,0,0,0,0
16994,C3D8,0.0650323,0,0,0,0,0,0,0,0,0,0,0,0
16995,C3D8,0.0650325,0,0,0,0,0,0,0,0,0,0,0,0
16996,C3D8,0.0650324,0,0,0,0,0,0,0,0,0,0,0,0
16997,C3D8,0.0650323,0,0,0,0,0,0,0,0,0,0,0,0
16998,C3D8,0.0650323,0,0,0,0,0,0,0,0,0,0,0,0
16999,C3D8,0.0626635,0,0,0,0,0,0,0,0,0,0,0,0
17000,C3D8,0.0626636,0,0,0,0,0,0,0,0,0,0,0,0
17001,C3D8,0.0626637,0,0,0,0,0,0,0,0,0,0,0,0
17002,C3D8,0.0626637,0,0,0,0,0,0,0,0,0,0,0,0
17003,C3D8,0.0626638,0,0,0,0,0,0,0,0,0,0,0,0
17004,C3D8,0.062664,0,0,0,0,0,0,0,0,0,0,0,0
17005,C3D8,0.0626641,0,0,0,0,0,0,0,0,0,0,0,0
17006,C3D8,0.0626642,0,0,0,0,0,0,0,0,0,0,0,0
17007,C3D8,0.0626642,0,0,0,0,0,0,0,0,0,0,0,0
17008,C3D8,0.0626643,0,0,0,0,0,0,0,0,0,0,0,0
17009,C3D8,0.0626644,0,0,0,0,0,0,0,0,0,0,0,0
17010,C3D8,0.0626644,0,0,0,0,0,0,0,0,0,0,0,0
17011,C3D8,0.0626644,0,0,0,0,0,0,0,0,0,0,0,0
17012,C3D8,0.0626645,0,0,0,0,0,0,0,0,0,0,0,0
17013,C3D8,0.0626645,0,0,0,0,0,0,0,0,0,0,0,0
17014,C3D8,0.0626646,0,0,0,0,0,0,0,0,0,0,0,0
17015,C3D8,0.0626647,0,0,0,0,0,0,0,0,0,0,0,0
17016,C3D8,0.0626646,0,0,0,0,0,0,0,0,0,0,0,0
17017,C3D8,0.0626646,0,0,0,0,0,0,0,0,0,0,0,0
17018,C3D8,0.0626646,0,0,0,0,0,0,0,0,0,0,0,0
17019,C3D8,0.0602932,0,0,0,0,0,0,0,0,0,0,0,0
17020,C3D8,0.0602935,0,0,0,0,0,0,0,0,0,0,0,0
17021,C3D8,0.0602939,0,0,0,0,0,0,0,0,0,0,0,0
17022,C3D8,0.0602943,0,0,0,0,0,0,0,0,0,0,0,0
17023,C3D8,0.0602946,0,0,0,0,0,0,0,0,0,0,0,0
17024,C3D8,0.060295,0,0,0,0,0,0,0,0,0,0,0,0
17025,C3D8,0.0602953,0,0,0,0,0,0,0,0,0,0,0,0
17026,C3D8,0.0602954,0,0,0,0,0,0,0,0,0,0,0,0
17027,C3D8,0.0602955,0,0,0,0,0,0,0,0,0,0,0,0
17028,C3D8,0.0602959,0,0,0,0,0,0,0,0,0,0,0,0
17029,C3D8,0.0602961,0,0,0,0,0,0,0,0,0,0,0,0
17030,C3D8,0.0602962,0,0,0,0,0,0,0,0,0,0,0,0
17031,C3D8,0.0602963,0,0,0,0,0,0,0,0,0,0,0,0
17032,C3D8,0.0602965,0,0,0,0,0,0,0,0,0,0,0,0
17033,C3D8,0.0602965,0,0,0,0,0,0,0,0,0,0,0,0
17034,C3D8,0.0602968,0,0,0,0,0,0,0,0,0,0,0,0
17035,C3D8,0.0602967,0,0,0,0,0,0,0,0,0,0,0,0
17036,C3D8,0.0602968,0,0,0,0,0,0,0,0,0,0,0,0
17037,C3D8,0.0602969,0,0,0,0,0,0,0,0,0,0,0,0
17038,C3D8,0.0602967,0,0,0,0,0,0,0,0,0,0,0,0
17039,C3D8,0.057923,0,0,0,0,0,0,0,0,0,0,0,0
17040,C3D8,0.0579238,0,0,0,0,0,0,0,0,0,0,0,0
17041,C3D8,0.0579243,0,0,0,0,0,0,0,0,0,0,0,0
17042,C3D8,0.0579248,0,0,0,0,0,0,0,0,0,0,0,0
17043,C3D8,0.0579253,0,0,0,0,0,0,0,0,0,0,0,0
17044,C3D8,0.0579258,0,0,0,0,0,0,0,0,0,0,0,0
17045,C3D8,0.0579262,0,0,0,0,0,0,0,0,0,0,0,0
17046,C3D8,0.0579266,0,0,0,0,0,0,0,0,0,0,0,0
17047,C3D8,0.057927,0,0,0,0,0,0,0,0,0,0,0,0
17048,C3D8,0.0579274,0,0,0,0,0,0,0,0,0,0,0,0
17049,C3D8,0.0579277,0,0,0,0,0,0,0,0,0,0,0,0
17050,C3D8,0.0579279,0,0,0,0,0,0,0,0,0,0,0,0
17051,C3D8,0.0579283,0,0,0,0,0,0,0,0,0,0,0,0
17052,C3D8,0.0579285,0,0,0,0,0,0,0,0,0,0,0,0
17053,C3D8,0.0579288,0,0,0,0,0,0,0,0,0,0,0,0
17054,C3D8,0.0579289,0,0,0,0,0,0,0,0,0,0,0,0
17055,C3D8,0.0579289,0,0,0,0,0,0,0,0,0,0,0,0
17056,C3D8,0.0579291,0,0,0,0,0,0,0,0,0,0,0,0
17057,C3D8,0.057929,0,0,0,0,0,0,0,0,0,0,0,0
17058,C3D8,0.057929,0,0,0,0,0,0,0,0,0,0,0,0
17059,C3D8,0.0555529,0,0,0,0,0,0,0,0,0,0,0,0
17060,C3D8,0.0555537,0,0,0,0,0,0,0,0,0,0,0,0
17061,C3D8,0.0555545,0,0,0,0,0,0,0,0,0,0,0,0
17062,C3D8,0.0555553,0,0,0,0,0,0,0,0,0,0,0,0
17063,C3D8,0.0555559,0,0,0,0,0,0,0,0,0,0,0,0
17064,C3D8,0.0555567,0,0,0,0,0,0,0,0,0,0,0,0
17065,C3D8,0.0555573,0,0,0,0,0,0,0,0,0,0,0,0
17066,C3D8,0.055558,0,0,0,0,0,0,0,0,0,0,0,0
17067,C3D8,0.0555583,0,0,0,0,0,0,0,0,0,0,0,0
17068,C3D8,0.0555589,0,0,0,0,0,0,0,0,0,0,0,0
17069,C3D8,0.0555595,0,0,0,0,0,0,0,0,0,0,0,0
17070,C3D8,0.0555597,0,0,0,0,0,0,0,0,0,0,0,0
17071,C3D8,0.0555601,0,0,0,0,0,0,0,0,0,0,0,0
17072,C3D8,0.0555605,0,0,0,0,0,0,0,0,0,0,0,0
17073,C3D8,0.0555607,0,0,0,0,0,0,0,0,0,0,0,0
17074,C3D8,0.0555609,0,0,0,0,0,0,0,0,0,0,0,0
17075,C3D8,0.0555612,0,0,0,0,0,0,0,0,0,0,0,0
17076,C3D8,0.0555611,0,0,0,0,0,0,0,0,0,0,0,0
17077,C3D8,0.0555613,0,0,0,0,0,0,0,0,0,0,0,0
17078,C3D8,0.0555614,0,0,0,0,0,0,0,0,0,0,0,0
17079,C3D8,0.0532108,0,0,0,0,0,0,0,0,0,0,0,0
17080,C3D8,0.0532091,0,0,0,0,0,0,0,0,0,0,0,0
17081,C3D8,0.0532075,0,0,0,0,0,0,0,0,0,0,0,0
17082,C3D8,0.0532059,0,0,0,0,0,0,0,0,0,0,0,0
17083,C3D8,0.0532044,0,0,0,0,0,0,0,0,0,0,0,0
17084,C3D8,0.0532032,0,0,0,0,0,0,0,0,0,0,0,0
17085,C3D8,0.0532019,0,0,0,0,0,0,0,0,0,0,0,0
17086,C3D8,0.0532008,0,0,0,0,0,0,0,0,0,0,0,0
17087,C3D8,0.0531996,0,0,0,0,0,0,0,0,0,0,0,0
17088,C3D8,0.0531986,0,0,0,0,0,0,0,0,0,0,0,0
17089,C3D8,0.0531977,0,0,0,0,0,0,0,0,0,0,0,0
17090,C3D8,0.053197,0,0,0,0,0,0,0,0,0,0,0,0
17091,C3D8,0.0531962,0,0,0,0,0,0,0,0,0,0,0,0
17092,C3D8,0.0531956,0,0,0,0,0,0,0,0,0,0,0,0
17093,C3D8,0.053195,0,0,0,0,0,0,0,0,0,0,0,0
17094,C3D8,0.0531946,0,0,0,0,0,0,0,0,0,0,0,0
17095,C3D8,0.0531942,0,0,0,0,0,0,0,0,0,0,0,0
17096,C3D8,0.0531938,0,0,0,0,0,0,0,0,0,0,0,0
17097,C3D8,0.0531938,0,0,0,0,0,0,0,0,0,0,0,0
17098,C3D8,0.0531936,0,0,0,0,0,0,0,0,0,0,0,0
17099,C3D8,0.0508381,0,0,0,0,0,0,0,0,0,0,0,0
17100,C3D8,0.0508369,0,0,0,0,0,0,0,0,0,0,0,0
17101,C3D8,0.0508358,0,0,0,0,0,0,0,0,0,0,0,0
17102,C3D8,0.0508346,0,0,0,0,0,0,0,0,0,0,0,0
17103,C3D8,0.0508336,0,0,0,0,0,0,0,0,0,0,0,0
17104,C3D8,0.0508326,0,0,0,0,0,0,0,0,0,0,0,0
17105,C3D8,0.0508317,0,0,0,0,0,0,0,0,0,0,0,0
17106,C3D8,0.0508309,0,0,0,0,0,0,0,0,0,0,0,0
17107,C3D8,0.0508301,0,0,0,0,0,0,0,0,0,0,0,0
17108,C3D8,0.0508295,0,0,0,0,0,0,0,0,0,0,0,0
17109,C3D8,0.0508287,0,0,0,0,0,0,0,0,0,0,0,0
17110,C3D8,0.0508281,0,0,0,0,0,0,0,0,0,0,0,0
17111,C3D8,0.0508277,0,0,0,0,0,0,0,0,0,0,0,0
17112,C3D8,0.0508271,0,0,0,0,0,0,0,0,0,0,0,0
17113,C3D8,0.0508269,0,0,0,0,0,0,0,0,0,0,0,0
17114,C3D8,0.0508265,0,0,0,0,0,0,0,0,0,0,0,0
17115,C3D8,0.0508262,0,0,0,0,0,0,0,0,0,0,0,0
17116,C3D8,0.050826,0,0,0,0,0,0,0,0,0,0,0,0
17117,C3D8,0.050826,0,0,0,0,0,0,0,0,0,0,0,0
17118,C3D8,0.0508257,0,0,0,0,0,0,0,0,0,0,0,0
17119,C3D8,0.0484655,0,0,0,0,0,0,0,0,0,0,0,0
17120,C3D8,0.0484647,0,0,0,0,0,0,0,0,0,0,0,0
17121,C3D8,0.048464,0,0,0,0,0,0,0,0,0,0,0,0
17122,C3D8,0.0484633,0,0,0,0,0,0,0,0,0,0,0,0
17123,C3D8,0.0484628,0,0,0,0,0,0,0,0,0,0,0,0
17124,C3D8,0.0484621,0,0,0,0,0,0,0,0,0,0,0,0
17125,C3D8,0.0484616,0,0,0,0,0,0,0,0,0,0,0,0
17126,C3D8,0.048461,0,0,0,0,0,0,0,0,0,0,0,0
17127,C3D8,0.0484605,0,0,0,0,0,0,0,0,0,0,0,0
17128,C3D8,0.0484601,0,0,0,0,0,0,0,0,0,0,0,0
17129,C3D8,0.0484597,0,0,0,0,0,0,0,0,0,0,0,0
17130,C3D8,0.0484594,0,0,0,0,0,0,0,0,0,0,0,0
17131,C3D8,0.0484592,0,0,0,0,0,0,0,0,0,0,0,0
17132,C3D8,0.0484588,0,0,0,0,0,0,0,0,0,0,0,0
17133,C3D8,0.0484586,0,0,0,0,0,0,0,0,0,0,0,0
17134,C3D8,0.0484585,0,0,0,0,0,0,0,0,0,0,0,0
17135,C3D8,0.0484582,0,0,0,0,0,0,0,0,0,0,0,0
17136,C3D8,0.0484581,0,0,0,0,0,0,0,0,0,0,0,0
17137,C3D8,0.0484581,0,0,0,0,0,0,0,0,0,0,0,0
17138,C3D8,0.0484578,0,0,0,0,0,0,0,0,0,0,0,0
17139,C3D8,0.0460929,0,0,0,0,0,0,0,0,0,0,0,0
17140,C3D8,0.0460926,0,0,0,0,0,0,0,0,0,0,0,0
17141,C3D8,0.0460923,0,0,0,0,0,0,0,0,0,0,0,0
17142,C3D8,0.0460921,0,0,0,0,0,0,0,0,0,0,0,0
17143,C3D8,0.0460918,0,0,0,0,0,0,0,0,0,0,0,0
17144,C3D8,0.0460916,0,0,0,0,0,0,0,0,0,0,0,0
17145,C3D8,0.0460914,0,0,0,0,0,0,0,0,0,0,0,0
17146,C3D8,0.0460913,0,0,0,0,0,0,0,0,0,0,0,0
17147,C3D8,0.0460911,0,0,0,0,0,0,0,0,0,0,0,0
17148,C3D8,0.046091,0,0,0,0,0,0,0,0,0,0,0,0
17149,C3D8,0.0460909,0,0,0,0,0,0,0,0,0,0,0,0
17150,C3D8,0.0460907,0,0,0,0,0,0,0,0,0,0,0,0
17151,C3D8,0.0460906,0,0,0,0,0,0,0,0,0,0,0,0
17152,C3D8,0.0460906,0,0,0,0,0,0,0,0,0,0,0,0
17153,C3D8,0.0460905,0,0,0,0,0,0,0,0,0,0,0,0
17154,C3D8,0.0460903,0,0,0,0,0,0,0,0,0,0,0,0
17155,C3D8,0.0460902,0,0,0,0,0,0,0,0,0,0,0,0
17156,C3D8,0.0460903,0,0,0,0,0,0,0,0,0,0,0,0
17157,C3D8,0.0460903,0,0,0,0,0,0,0,0,0,0,0,0
17158,C3D8,0.0460901,0,0,0,0,0,0,0,0,0,0,0,0
17159,C3D8,0.0437203,0,0,0,0,0,0,0,0,0,0,0,0
17160,C3D8,0.0437204,0,0,0,0,0,0,0,0,0,0,0,0
17161,C3D8,0.0437206,0,0,0,0,0,0,0,0,0,0,0,0
17162,C3D8,0.0437209,0,0,0,0,0,0,0,0,0,0,0,0
17163,C3D8,0.043721,0,0,0,0,0,0,0,0,0,0,0,0
17164,C3D8,0.0437213,0,0,0,0,0,0,0,0,0,0,0,0
17165,C3D8,0.0437214,0,0,0,0,0,0,0,0,0,0,0,0
17166,C3D8,0.0437216,0,0,0,0,0,0,0,0,0,0,0,0
17167,C3D8,0.0437217,0,0,0,0,0,0,0,0,0,0,0,0
17168,C3D8,0.0437218,0,0,0,0,0,0,0,0,0,0,0,0
17169,C3D8,0.0437218,0,0,0,0,0,0,0,0,0,0,0,0
17170,C3D8,0.043722,0,0,0,0,0,0,0,0,0,0,0,0
17171,C3D8,0.043722,0,0,0,0,0,0,0,0,0,0,0,0
17172,C3D8,0.0437223,0,0,0,0,0,0,0,0,0,0,0,0
17173,C3D8,0.0437221,0,0,0,0,0,0,0,0,0,0,0,0
17174,C3D8,0.0437222,0,0,0,0,0,0,0,0,0,0,0,0
17175,C3D8,0.0437223,0,0,0,0,0,0,0,0,0,0,0,0
17176,C3D8,0.0437224,0,0,0,0,0,0,0,0,0,0,0,0
17177,C3D8,0.0437224,0,0,0,0,0,0,0,0,0,0,0,0
17178,C3D8,0.0437222,0,0,0,0,0,0,0,0,0,0,0,0
17179,C3D8,0.0413475,0,0,0,0,0,0,0,0,0,0,0,0
17180,C3D8,0.0413483,0,0,0,0,0,0,0,0,0,0,0,0
17181,C3D8,0.0413489,0,0,0,0,0,0,0,0,0,0,0,0
17182,C3D8,0.0413496,0,0,0,0,0,0,0,0,0,0,0,0
17183,C3D8,0.0413502,0,0,0,0,0,0,0,0,0,0,0,0
17184,C3D8,0.0413507,0,0,0,0,0,0,0,0,0,0,0,0
17185,C3D8,0.0413512,0,0,0,0,0,0,0,0,0,0,0,0
17186,C3D8,0.0413518,0,0,0,0,0,0,0,0,0,0,0,0
17187,C3D8,0.0413522,0,0,0,0,0,0,0,0,0,0,0,0
17188,C3D8,0.0413526,0,0,0,0,0,0,0,0,0,0,0,0
17189,C3D8,0.0413528,0,0,0,0,0,0,0,0,0,0,0,0
17190,C3D8,0.0413534,0,0,0,0,0,0,0,0,0,0,0,0
17191,C3D8,0.0413535,0,0,0,0,0,0,0,0,0,0,0,0
17192,C3D8,0.0413539,0,0,0,0,0,0,0,0,0,0,0,0
17193,C3D8,0.041354,0,0,0,0,0,0,0,0,0,0,0,0
17194,C3D8,0.0413542,0,0,0,0,0,0,0,0,0,0,0,0
17195,C3D8,0.0413543,0,0,0,0,0,0,0,0,0,0,0,0
17196,C3D8,0.0413546,0,0,0,0,0,0,0,0,0,0,0,0
17197,C3D8,0.0413546,0,0,0,0,0,0,0,0,0,0,0,0
17198,C3D8,0.0413544,0,0,0,0,0,0,0,0,0,0,0,0
17199,C3D8,0.0389749,0,0,0,0,0,0,0,0,0,0,0,0
17200,C3D8,0.0389761,0,0,0,0,0,0,0,0,0,0,0,0
17201,C3D8,0.0389772,0,0,0,0,0,0,0,0,0,0,0,0
17202,C3D8,0.0389783,0,0,0,0,0,0,0,0,0,0,0,0
17203,C3D8,0.0389793,0,0,0,0,0,0,0,0,0,0,0,0
17204,C3D8,0.0389802,0,0,0,0,0,0,0,0,0,0,0,0
17205,C3D8,0.0389811,0,0,0,0,0,0,0,0,0,0,0,0
17206,C3D8,0.0389818,0,0,0,0,0,0,0,0,0,0,0,0
17207,C3D8,0.0389827,0,0,0,0,0,0,0,0,0,0,0,0
17208,C3D8,0.0389834,0,0,0,0,0,0,0,0,0,0,0,0
17209,C3D8,0.0389838,0,0,0,0,0,0,0,0,0,0,0,0
17210,C3D8,0.0389847,0,0,0,0,0,0,0,0,0,0,0,0
17211,C3D8,0.038985,0,0,0,0,0,0,0,0,0,0,0,0
17212,C3D8,0.0389854,0,0,0,0,0,0,0,0,0,0,0,0
17213,C3D8,0.0389859,0,0,0,0,0,0,0,0,0,0,0,0
17214,C3D8,0.0389861,0,0,0,0,0,0,0,0,0,0,0,0
17215,C3D8,0.0389864,0,0,0,0,0,0,0,0,0,0,0,0
17216,C3D8,0.0389867,0,0,0,0,0,0,0,0,0,0,0,0
17217,C3D8,0.0389868,0,0,0,0,0,0,0,0,0,0,0,0
17218,C3D8,0.0389866,0,0,0,0,0,0,0,0,0,0,0,0
17219,C3D8,0.0366023,0,0,0,0,0,0,0,0,0,0,0,0
17220,C3D8,0.0366039,0,0,0,0,0,0,0,0,0,0,0,0
17221,C3D8,0.0366056,0,0,0,0,0,0,0,0,0,0,0,0
17222,C3D8,0.0366071,0,0,0,0,0,0,0,0,0,0,0,0
17223,C3D8,0.0366084,0,0,0,0,0,0,0,0,0,0,0,0
17224,C3D8,0.0366097,0,0,0,0,0,0,0,0,0,0,0,0
17225,C3D8,0.036611,0,0,0,0,0,0,0,0,0,0,0,0
17226,C3D8,0.0366121,0,0,0,0,0,0,0,0,0,0,0,0
17227,C3D8,0.0366131,0,0,0,0,0,0,0,0,0,0,0,0
17228,C3D8,0.0366142,0,0,0,0,0,0,0,0,0,0,0,0
17229,C3D8,0.0366149,0,0,0,0,0,0,0,0,0,0,0,0
17230,C3D8,0.0366159,0,0,0,0,0,0,0,0,0,0,0,0
17231,C3D8,0.0366165,0,0,0,0,0,0,0,0,0,0,0,0
17232,C3D8,0.0366171,0,0,0,0,0,0,0,0,0,0,0,0
17233,C3D8,0.0366176,0,0,0,0,0,0,0,0,0,0,0,0
17234,C3D8,0.0366181,0,0,0,0,0,0,0,0,0,0,0,0
17235,C3D8,0.0366184,0,0,0,0,0,0,0,0,0,0,0,0
17236,C3D8,0.0366189,0,0,0,0,0,0,0,0,0,0,0,0
17237,C3D8,0.0366189,0,0,0,0,0,0,0,0,0,0,0,0
17238,C3D8,0.0366187,0,0,0,0,0,0,0,0,0,0,0,0
17239,C3D8,0.0662212,0,0,0,0,0,0,0,0,0,0,0,0
17240,C3D8,0.0662126,0,0,0,0,0,0,0,0,0,0,0,0
17241,C3D8,0.0662042,0,0,0,0,0,0,0,0,0,0,0,0
17242,C3D8,0.0661964,0,0,0,0,0,0,0,0,0,0,0,0
17243,C3D8,0.066189,0,0,0,0,0,0,0,0,0,0,0,0
17244,C3D8,0.0661821,0,0,0,0,0,0,0,0,0,0,0,0
17245,C3D8,0.0661757,0,0,0,0,0,0,0,0,0,0,0,0
17246,C3D8,0.0661697,0,0,0,0,0,0,0,0,0,0,0,0
17247,C3D8,0.0661642,0,0,0,0,0,0,0,0,0,0,0,0
17248,C3D8,0.0661592,0,0,0,0,0,0,0,0,0,0,0,0
17249,C3D8,0.0661543,0,0,0,0,0,0,0,0,0,0,0,0
17250,C3D8,0.0661506,0,0,0,0,0,0,0,0,0,0,0,0
17251,C3D8,0.0661464,0,0,0,0,0,0,0,0,0,0,0,0
17252,C3D8,0.0661436,0,0,0,0,0,0,0,0,0,0,0,0
17253,C3D8,0.0661407,0,0,0,0,0,0,0,0,0,0,0,0
17254,C3D8,0.0661383,0,0,0,0,0,0,0,0,0,0,0,0
17255,C3D8,0.0661365,0,0,0,0,0,0,0,0,0,0,0,0
17256,C3D8,0.0661354,0,0,0,0,0,0,0,0,0,0,0,0
17257,C3D8,0.0661344,0,0,0,0,0,0,0,0,0,0,0,0
17258,C3D8,0.0661334,0,0,0,0,0,0,0,0,0,0,0,0
17259,C3D8,0.0566927,0,0,0,0,0,0,0,0,0,0,0,0
17260,C3D8,0.0566894,0,0,0,0,0,0,0,0,0,0,0,0
17261,C3D8,0.0566864,0,0,0,0,0,0,0,0,0,0,0,0
17262,C3D8,0.0566837,0,0,0,0,0,0,0,0,0,0,0,0
17263,C3D8,0.0566808,0,0,0,0,0,0,0,0,0,0,0,0
17264,C3D8,0.0566783,0,0,0,0,0,0,0,0,0,0,0,0
17265,C3D8,0.0566761,0,0,0,0,0,0,0,0,0,0,0,0
17266,C3D8,0.0566738,0,0,0,0,0,0,0,0,0,0,0,0
17267,C3D8,0.056672,0,0,0,0,0,0,0,0,0,0,0,0
17268,C3D8,0.0566698,0,0,0,0,0,0,0,0,0,0,0,0
17269,C3D8,0.0566684,0,0,0,0,0,0,0,0,0,0,0,0
17270,C3D8,0.0566668,0,0,0,0,0,0,0,0,0,0,0,0
17271,C3D8,0.0566653,0,0,0,0,0,0,0,0,0,0,0,0
17272,C3D8,0.0566643,0,0,0,0,0,0,0,0,0,0,0,0
17273,C3D8,0.0566633,0,0,0,0,0,0,0,0,0,0,0,0
17274,C3D8,0.0566625,0,0,0,0,0,0,0,0,0,0,0,0
17275,C3D8,0.0566617,0,0,0,0,0,0,0,0,0,0,0,0
17276,C3D8,0.0566613,0,0,0,0,0,0,0,0,0,0,0,0
17277,C3D8,0.0566611,0,0,0,0,0,0,0,0,0,0,0,0
17278,C3D8,0.0566606,0,0,0,0,0,0,0,0,0,0,0,0
17279,C3D8,0.0471639,0,0,0,0,0,0,0,0,0,0,0,0
17280,C3D8,0.0471661,0,0,0,0,0,0,0,0,0,0,0,0
17281,C3D8,0.0471688,0,0,0,0,0,0,0,0,0,0,0,0
17282,C3D8,0.0471708,0,0,0,0,0,0,0,0,0,0,0,0
17283,C3D8,0.0471726,0,0,0,0,0,0,0,0,0,0,0,0
17284,C3D8,0.0471745,0,0,0,0,0,0,0,0,0,0,0,0
17285,C3D8,0.0471766,0,0,0,0,0,0,0,0,0,0,0,0
17286,C3D8,0.0471779,0,0,0,0,0,0,0,0,0,0,0,0
17287,C3D8,0.0471795,0,0,0,0,0,0,0,0,0,0,0,0
17288,C3D8,0.0471809,0,0,0,0,0,0,0,0,0,0,0,0
17289,C3D8,0.0471823,0,0,0,0,0,0,0,0,0,0,0,0
17290,C3D8,0.0471829,0,0,0,0,0,0,0,0,0,0,0,0
17291,C3D8,0.0471845,0,0,0,0,0,0,0,0,0,0,0,0
17292,C3D8,0.0471852,0,0,0,0,0,0,0,0,0,0,0,0
17293,C3D8,0.0471858,0,0,0,0,0,0,0,0,0,0,0,0
17294,C3D8,0.0471868,0,0,0,0,0,0,0,0,0,0,0,0
17295,C3D8,0.0471868,0,0,0,0,0,0,0,0,0,0,0,0
17296,C3D8,0.0471874,0,0,0,0,0,0,0,0,0,0,0,0
17297,C3D8,0.0471878,0,0,0,0,0,0,0,0,0,0,0,0
17298,C3D8,0.0471875,0,0,0,0,0,0,0,0,0,0,0,0
17299,C3D8,0.0376353,0,0,0,0,0,0,0,0,0,0,0,0
17300,C3D8,0.0376432,0,0,0,0,0,0,0,0,0,0,0,0
17301,C3D8,0.0376509,0,0,0,0,0,0,0,0,0,0,0,0
17302,C3D8,0.0376579,0,0,0,0,0,0,0,0,0,0,0,0
17303,C3D8,0.0376643,0,0,0,0,0,0,0,0,0,0,0,0
17304,C3D8,0.0376709,0,0,0,0,0,0,0,0,0,0,0,0
17305,C3D8,0.0376767,0,0,0,0,0,0,0,0,0,0,0,0
17306,C3D8,0.0376822,0,0,0,0,0,0,0,0,0,0,0,0
17307,C3D8,0.0376871,0,0,0,0,0,0,0,0,0,0,0,0
17308,C3D8,0.0376919,0,0,0,0,0,0,0,0,0,0,0,0
17309,C3D8,0.0376959,0,0,0,0,0,0,0,0,0,0,0,0
17310,C3D8,0.0376995,0,0,0,0,0,0,0,0,0,0,0,0
17311,C3D8,0.0377034,0,0,0,0,0,0,0,0,0,0,0,0
17312,C3D8,0.0377059,0,0,0,0,0,0,0,0,0,0,0,0
17313,C3D8,0.0377082,0,0,0,0,0,0,0,0,0,0,0,0
17314,C3D8,0.0377107,0,0,0,0,0,0,0,0,0,0,0,0
17315,C3D8,0.0377122,0,0,0,0,0,0,0,0,0,0,0,0
17316,C3D8,0.0377135,0,0,0,0,0,0,0,0,0,0,0,0
17317,C3D8,0.0377145,0,0,0,0,0,0,0,0,0,0,0,0
17318,C3D8,0.0377144,0,0,0,0,0,0,0,0,0,0,0,0
17319,C3D8,0.202591,0,0,0,0,0,0,0,0,0,0,0,0
17320,C3D8,0.191497,0,0,0,0,0,0,0,0,0,0,0,0
17321,C3D8,0.180846,0,0,0,0,0,0,0,0,0,0,0,0
17322,C3D8,0.170659,0,0,0,0,0,0,0,0,0,0,0,0
17323,C3D8,0.160958,0,0,0,0,0,0,0,0,0,0,0,0
17324,C3D8,0.151763,0,0,0,0,0,0,0,0,0,0,0,0
17325,C3D8,0.143091,0,0,0,0,0,0,0,0,0,0,0,0
17326,C3D8,0.134962,0,0,0,0,0,0,0,0,0,0,0,0
17327,C3D8,0.127392,0,0,0,0,0,0,0,0,0,0,0,0
17328,C3D8,0.120397,0,0,0,0,0,0,0,0,0,0,0,0
17329,C3D8,0.113991,0,0,0,0,0,0,0,0,0,0,0,0
17330,C3D8,0.108187,0,0,0,0,0,0,0,0,0,0,0,0
17331,C3D8,0.102998,0,0,0,0,0,0,0,0,0,0,0,0
17332,C3D8,0.0984335,0,0,0,0,0,0,0,0,0,0,0,0
17333,C3D8,0.0945038,0,0,0,0,0,0,0,0,0,0,0,0
17334,C3D8,0.0912163,0,0,0,0,0,0,0,0,0,0,0,0
17335,C3D8,0.0885782,0,0,0,0,0,0,0,0,0,0,0,0
17336,C3D8,0.0865948,0,0,0,0,0,0,0,0,0,0,0,0
17337,C3D8,0.0852702,0,0,0,0,0,0,0,0,0,0,0,0
17338,C3D8,0.0846072,0,0,0,0,0,0,0,0,0,0,0,0
17339,C3D8,0.201129,0,0,0,0,0,0,0,0,0,0,0,0
17340,C3D8,0.189991,0,0,0,0,0,0,0,0,0,0,0,0
17341,C3D8,0.179274,0,0,0,0,0,0,0,0,0,0,0,0
17342,C3D8,0.169004,0,0,0,0,0,0,0,0,0,0,0,0
17343,C3D8,0.159206,0,0,0,0,0,0,0,0,0,0,0,0
17344,C3D8,0.149902,0,0,0,0,0,0,0,0,0,0,0,0
17345,C3D8,0.141114,0,0,0,0,0,0,0,0,0,0,0,0
17346,C3D8,0.132865,0,0,0,0,0,0,0,0,0,0,0,0
17347,C3D8,0.125172,0,0,0,0,0,0,0,0,0,0,0,0
17348,C3D8,0.118055,0,0,0,0,0,0,0,0,0,0,0,0
17349,C3D8,0.11153,0,0,0,0,0,0,0,0,0,0,0,0
17350,C3D8,0.105613,0,0,0,0,0,0,0,0,0,0,0,0
17351,C3D8,0.100317,0,0,0,0,0,0,0,0,0,0,0,0
17352,C3D8,0.0956555,0,0,0,0,0,0,0,0,0,0,0,0
17353,C3D8,0.0916392,0,0,0,0,0,0,0,0,0,0,0,0
17354,C3D8,0.0882776,0,0,0,0,0,0,0,0,0,0,0,0
17355,C3D8,0.0855789,0,0,0,0,0,0,0,0,0,0,0,0
17356,C3D8,0.0835492,0,0,0,0,0,0,0,0,0,0,0,0
17357,C3D8,0.0821934,0,0,0,0,0,0,0,0,0,0,0,0
17358,C3D8,0.0815146,0,0,0,0,0,0,0,0,0,0,0,0
17359,C3D8,0.199668,0,0,0,0,0,0,0,0,0,0,0,0
17360,C3D8,0.188485,0,0,0,0,0,0,0,0,0,0,0,0
17361,C3D8,0.177702,0,0,0,0,0,0,0,0,0,0,0,0
17362,C3D8,0.167349,0,0,0,0,0,0,0,0,0,0,0,0
17363,C3D8,0.157453,0,0,0,0,0,0,0,0,0,0,0,0
17364,C3D8,0.148041,0,0,0,0,0,0,0,0,0,0,0,0
17365,C3D8,0.139138,0,0,0,0,0,0,0,0,0,0,0,0
17366,C3D8,0.130767,0,0,0,0,0,0,0,0,0,0,0,0
17367,C3D8,0.122952,0,0,0,0,0,0,0,0,0,0,0,0
17368,C3D8,0.115713,0,0,0,0,0,0,0,0,0,0,0,0
17369,C3D8,0.109069,0,0,0,0,0,0,0,0,0,0,0,0
17370,C3D8,0.103038,0,0,0,0,0,0,0,0,0,0,0,0
17371,C3D8,0.0976358,0,0,0,0,0,0,0,0,0,0,0,0
17372,C3D8,0.0928771,0,0,0,0,0,0,0,0,0,0,0,0
17373,C3D8,0.0887748,0,0,0,0,0,0,0,0,0,0,0,0
17374,C3D8,0.0853394,0,0,0,0,0,0,0,0,0,0,0,0
17375,C3D8,0.08258,0,0,0,0,0,0,0,0,0,0,0,0
17376,C3D8,0.0805039,0,0,0,0,0,0,0,0,0,0,0,0
17377,C3D8,0.0791169,0,0,0,0,0,0,0,0,0,0,0,0
17378,C3D8,0.0784223,0,0,0,0,0,0,0,0,0,0,0,0
17379,C3D8,0.198207,0,0,0,0,0,0,0,0,0,0,0,0
17380,C3D8,0.186979,0,0,0,0,0,0,0,0,0,0,0,0
17381,C3D8,0.17613,0,0,0,0,0,0,0,0,0,0,0,0
17382,C3D8,0.165694,0,0,0,0,0,0,0,0,0,0,0,0
17383,C3D8,0.1557,0,0,0,0,0,0,0,0,0,0,0,0
17384,C3D8,0.14618,0,0,0,0,0,0,0,0,0,0,0,0
17385,C3D8,0.137161,0,0,0,0,0,0,0,0,0,0,0,0
17386,C3D8,0.12867,0,0,0,0,0,0,0,0,0,0,0,0
17387,C3D8,0.120732,0,0,0,0,0,0,0,0,0,0,0,0
17388,C3D8,0.113371,0,0,0,0,0,0,0,0,0,0,0,0
17389,C3D8,0.106608,0,0,0,0,0,0,0,0,0,0,0,0
17390,C3D8,0.100463,0,0,0,0,0,0,0,0,0,0,0,0
17391,C3D8,0.0949549,0,0,0,0,0,0,0,0,0,0,0,0
17392,C3D8,0.0900993,0,0,0,0,0,0,0,0,0,0,0,0
17393,C3D8,0.0859104,0,0,0,0,0,0,0,0,0,0,0,0
17394,C3D8,0.0824008,0,0,0,0,0,0,0,0,0,0,0,0
17395,C3D8,0.0795807,0,0,0,0,0,0,0,0,0,0,0,0
17396,C3D8,0.0774585,0,0,0,0,0,0,0,0,0,0,0,0
17397,C3D8,0.0760402,0,0,0,0,0,0,0,0,0,0,0,0
17398,C3D8,0.0753299,0,0,0,0,0,0,0,0,0,0,0,0
17399,C3D8,0.196745,0,0,0,0,0,0,0,0,0,0,0,0
17400,C3D8,0.185473,0,0,0,0,0,0,0,0,0,0,0,0
17401,C3D8,0.174558,0,0,0,0,0,0,0,0,0,0,0,0
17402,C3D8,0.164038,0,0,0,0,0,0,0,0,0,0,0,0
17403,C3D8,0.153948,0,0,0,0,0,0,0,0,0,0,0,0
17404,C3D8,0.144319,0,0,0,0,0,0,0,0,0,0,0,0
17405,C3D8,0.135184,0,0,0,0,0,0,0,0,0,0,0,0
17406,C3D8,0.126572,0,0,0,0,0,0,0,0,0,0,0,0
17407,C3D8,0.118511,0,0,0,0,0,0,0,0,0,0,0,0
17408,C3D8,0.111028,0,0,0,0,0,0,0,0,0,0,0,0
17409,C3D8,0.104146,0,0,0,0,0,0,0,0,0,0,0,0
17410,C3D8,0.0978882,0,0,0,0,0,0,0,0,0,0,0,0
17411,C3D8,0.0922737,0,0,0,0,0,0,0,0,0,0,0,0
17412,C3D8,0.0873209,0,0,0,0,0,0,0,0,0,0,0,0
17413,C3D8,0.0830461,0,0,0,0,0,0,0,0,0,0,0,0
17414,C3D8,0.0794625,0,0,0,0,0,0,0,0,0,0,0,0
17415,C3D8,0.0765818,0,0,0,0,0,0,0,0,0,0,0,0
17416,C3D8,0.0744131,0,0,0,0,0,0,0,0,0,0,0,0
17417,C3D8,0.0729635,0,0,0,0,0,0,0,0,0,0,0,0
17418,C3D8,0.0722374,0,0,0,0,0,0,0,0,0,0,0,0
17419,C3D8,0.195284,0,0,0,0,0,0,0,0,0,0,0,0
17420,C3D8,0.183966,0,0,0,0,0,0,0,0,0,0,0,0
17421,C3D8,0.172986,0,0,0,0,0,0,0,0,0,0,0,0
17422,C3D8,0.162383,0,0,0,0,0,0,0,0,0,0,0,0
17423,C3D8,0.152195,0,0,0,0,0,0,0,0,0,0,0,0
17424,C3D8,0.142458,0,0,0,0,0,0,0,0,0,0,0,0
17425,C3D8,0.133207,0,0,0,0,0,0,0,0,0,0,0,0
17426,C3D8,0.124475,0,0,0,0,0,0,0,0,0,0,0,0
17427,C3D8,0.116292,0,0,0,0,0,0,0,0,0,0,0,0
17428,C3D8,0.108686,0,0,0,0,0,0,0,0,0,0,0,0
17429,C3D8,0.101685,0,0,0,0,0,0,0,0,0,0,0,0
17430,C3D8,0.0953133,0,0,0,0,0,0,0,0,0,0,0,0
17431,C3D8,0.0895926,0,0,0,0,0,0,0,0,0,0,0,0
17432,C3D8,0.0845429,0,0,0,0,0,0,0,0,0,0,0,0
17433,C3D8,0.0801817,0,0,0,0,0,0,0,0,0,0,0,0
17434,C3D8,0.0765238,0,0,0,0,0,0,0,0,0,0,0,0
17435,C3D8,0.0735826,0,0,0,0,0,0,0,0,0,0,0,0
17436,C3D8,0.0713677,0,0,0,0,0,0,0,0,0,0,0,0
17437,C3D8,0.0698867,0,0,0,0,0,0,0,0,0,0,0,0
17438,C3D8,0.0691449,0,0,0,0,0,0,0,0,0,0,0,0
17439,C3D8,0.193823,0,0,0,0,0,0,0,0,0,0,0,0
17440,C3D8,0.18246,0,0,0,0,0,0,0,0,0,0,0,0
17441,C3D8,0.171414,0,0,0,0,0,0,0,0,0,0,0,0
17442,C3D8,0.160728,0,0,0,0,0,0,0,0,0,0,0,0
17443,C3D8,0.150442,0,0,0,0,0,0,0,0,0,0,0,0
17444,C3D8,0.140597,0,0,0,0,0,0,0,0,0,0,0,0
17445,C3D8,0.13123,0,0,0,0,0,0,0,0,0,0,0,0
17446,C3D8,0.122377,0,0,0,0,0,0,0,0,0,0,0,0
17447,C3D8,0.114071,0,0,0,0,0,0,0,0,0,0,0,0
17448,C3D8,0.106344,0,0,0,0,0,0,0,0,0,0,0,0
17449,C3D8,0.099224,0,0,0,0,0,0,0,0,0,0,0,0
17450,C3D8,0.0927386,0,0,0,0,0,0,0,0,0,0,0,0
17451,C3D8,0.0869115,0,0,0,0,0,0,0,0,0,0,0,0
17452,C3D8,0.0817646,0,0,0,0,0,0,0,0,0,0,0,0
17453,C3D8,0.0773174,0,0,0,0,0,0,0,0,0,0,0,0
17454,C3D8,0.0735857,0,0,0,0,0,0,0,0,0,0,0,0
17455,C3D8,0.0705836,0,0,0,0,0,0,0,0,0,0,0,0
17456,C3D8,0.0683224,0,0,0,0,0,0,0,0,0,0,0,0
17457,C3D8,0.0668101,0,0,0,0,0,0,0,0,0,0,0,0
17458,C3D8,0.0660526,0,0,0,0,0,0,0,0,0,0,0,0
17459,C3D8,0.192362,0,0,0,0,0,0,0,0,0,0,0,0
17460,C3D8,0.180954,0,0,0,0,0,0,0,0,0,0,0,0
17461,C3D8,0.169842,0,0,0,0,0,0,0,0,0,0,0,0
17462,C3D8,0.159072,0,0,0,0,0,0,0,0,0,0,0,0
17463,C3D8,0.14869,0,0,0,0,0,0,0,0,0,0,0,0
17464,C3D8,0.138736,0,0,0,0,0,0,0,0,0,0,0,0
17465,C3D8,0.129253,0,0,0,0,0,0,0,0,0,0,0,0
17466,C3D8,0.120279,0,0,0,0,0,0,0,0,0,0,0,0
17467,C3D8,0.111851,0,0,0,0,0,0,0,0,0,0,0,0
17468,C3D8,0.104002,0,0,0,0,0,0,0,0,0,0,0,0
17469,C3D8,0.0967629,0,0,0,0,0,0,0,0,0,0,0,0
17470,C3D8,0.0901638,0,0,0,0,0,0,0,0,0,0,0,0
17471,C3D8,0.0842306,0,0,0,0,0,0,0,0,0,0,0,0
17472,C3D8,0.0789865,0,0,0,0,0,0,0,0,0,0,0,0
17473,C3D8,0.0744527,0,0,0,0,0,0,0,0,0,0,0,0
17474,C3D8,0.070647,0,0,0,0,0,0,0,0,0,0,0,0
17475,C3D8,0.0675844,0,0,0,0,0,0,0,0,0,0,0,0
17476,C3D8,0.0652769,0,0,0,0,0,0,0,0,0,0,0,0
17477,C3D8,0.0637335,0,0,0,0,0,0,0,0,0,0,0,0
17478,C3D8,0.0629602,0,0,0,0,0,0,0,0,0,0,0,0
17479,C3D8,0.1909,0,0,0,0,0,0,0,0,0,0,0,0
17480,C3D8,0.179448,0,0,0,0,0,0,0,0,0,0,0,0
17481,C3D8,0.16827,0,0,0,0,0,0,0,0,0,0,0,0
17482,C3D8,0.157417,0,0,0,0,0,0,0,0,0,0,0,0
17483,C3D8,0.146937,0,0,0,0,0,0,0,0,0,0,0,0
17484,C3D8,0.136876,0,0,0,0,0,0,0,0,0,0,0,0
17485,C3D8,0.127277,0,0,0,0,0,0,0,0,0,0,0,0
17486,C3D8,0.118182,0,0,0,0,0,0,0,0,0,0,0,0
17487,C3D8,0.109631,0,0,0,0,0,0,0,0,0,0,0,0
17488,C3D8,0.101659,0,0,0,0,0,0,0,0,0,0,0,0
17489,C3D8,0.0943016,0,0,0,0,0,0,0,0,0,0,0,0
17490,C3D8,0.0875888,0,0,0,0,0,0,0,0,0,0,0,0
17491,C3D8,0.0815494,0,0,0,0,0,0,0,0,0,0,0,0
17492,C3D8,0.0762083,0,0,0,0,0,0,0,0,0,0,0,0
17493,C3D8,0.0715885,0,0,0,0,0,0,0,0,0,0,0,0
17494,C3D8,0.0677087,0,0,0,0,0,0,0,0,0,0,0,0
17495,C3D8,0.0645854,0,0,0,0,0,0,0,0,0,0,0,0
17496,C3D8,0.0622314,0,0,0,0,0,0,0,0,0,0,0,0
17497,C3D8,0.0606568,0,0,0,0,0,0,0,0,0,0,0,0
17498,C3D8,0.0598677,0,0,0,0,0,0,0,0,0,0,0,0
17499,C3D8,0.189439,0,0,0,0,0,0,0,0,0,0,0,0
17500,C3D8,0.177942,0,0,0,0,0,0,0,0,0,0,0,0
17501,C3D8,0.166698,0,0,0,0,0,0,0,0,0,0,0,0
17502,C3D8,0.155762,0,0,0,0,0,0,0,0,0,0,0,0
17503,C3D8,0.145184,0,0,0,0,0,0,0,0,0,0,0,0
17504,C3D8,0.135015,0,0,0,0,0,0,0,0,0,0,0,0
17505,C3D8,0.1253,0,0,0,0,0,0,0,0,0,0,0,0
17506,C3D8,0.116084,0,0,0,0,0,0,0,0,0,0,0,0
17507,C3D8,0.107411,0,0,0,0,0,0,0,0,0,0,0,0
17508,C3D8,0.099317,0,0,0,0,0,0,0,0,0,0,0,0
17509,C3D8,0.0918405,0,0,0,0,0,0,0,0,0,0,0,0
17510,C3D8,0.0850139,0,0,0,0,0,0,0,0,0,0,0,0
17511,C3D8,0.0788683,0,0,0,0,0,0,0,0,0,0,0,0
17512,C3D8,0.0734303,0,0,0,0,0,0,0,0,0,0,0,0
17513,C3D8,0.0687241,0,0,0,0,0,0,0,0,0,0,0,0
17514,C3D8,0.0647701,0,0,0,0,0,0,0,0,0,0,0,0
17515,C3D8,0.0615863,0,0,0,0,0,0,0,0,0,0,0,0
17516,C3D8,0.059186,0,0,0,0,0,0,0,0,0,0,0,0
17517,C3D8,0.0575801,0,0,0,0,0,0,0,0,0,0,0,0
17518,C3D8,0.0567752,0,0,0,0,0,0,0,0,0,0,0,0
17519,C3D8,0.187978,0,0,0,0,0,0,0,0,0,0,0,0
17520,C3D8,0.176436,0,0,0,0,0,0,0,0,0,0,0,0
17521,C3D8,0.165126,0,0,0,0,0,0,0,0,0,0,0,0
17522,C3D8,0.154107,0,0,0,0,0,0,0,0,0,0,0,0
17523,C3D8,0.143431,0,0,0,0,0,0,0,0,0,0,0,0
17524,C3D8,0.133154,0,0,0,0,0,0,0,0,0,0,0,0
17525,C3D8,0.123323,0,0,0,0,0,0,0,0,0,0,0,0
17526,C3D8,0.113987,0,0,0,0,0,0,0,0,0,0,0,0
17527,C3D8,0.10519,0,0,0,0,0,0,0,0,0,0,0,0
17528,C3D8,0.0969749,0,0,0,0,0,0,0,0,0,0,0,0
17529,C3D8,0.0893794,0,0,0,0,0,0,0,0,0,0,0,0
17530,C3D8,0.0824393,0,0,0,0,0,0,0,0,0,0,0,0
17531,C3D8,0.0761872,0,0,0,0,0,0,0,0,0,0,0,0
17532,C3D8,0.0706521,0,0,0,0,0,0,0,0,0,0,0,0
17533,C3D8,0.0658598,0,0,0,0,0,0,0,0,0,0,0,0
17534,C3D8,0.0618319,0,0,0,0,0,0,0,0,0,0,0,0
17535,C3D8,0.0585873,0,0,0,0,0,0,0,0,0,0,0,0
17536,C3D8,0.0561407,0,0,0,0,0,0,0,0,0,0,0,0
17537,C3D8,0.0545035,0,0,0,0,0,0,0,0,0,0,0,0
17538,C3D8,0.0536829,0,0,0,0,0,0,0,0,0,0,0,0
17539,C3D8,0.186517,0,0,0,0,0,0,0,0,0,0,0,0
17540,C3D8,0.17493,0,0,0,0,0,0,0,0,0,0,0,0
17541,C3D8,0.163554,0,0,0,0,0,0,0,0,0,0,0,0
17542,C3D8,0.152451,0,0,0,0,0,0,0,0,0,0,0,0
17543,C3D8,0.141679,0,0,0,0,0,0,0,0,0,0,0,0
17544,C3D8,0.131293,0,0,0,0,0,0,0,0,0,0,0,0
17545,C3D8,0.121346,0,0,0,0,0,0,0,0,0,0,0,0
17546,C3D8,0.111889,0,0,0,0,0,0,0,0,0,0,0,0
17547,C3D8,0.10297,0,0,0,0,0,0,0,0,0,0,0,0
17548,C3D8,0.0946325,0,0,0,0,0,0,0,0,0,0,0,0
17549,C3D8,0.0869181,0,0,0,0,0,0,0,0,0,0,0,0
17550,C3D8,0.0798645,0,0,0,0,0,0,0,0,0,0,0,0
17551,C3D8,0.0735062,0,0,0,0,0,0,0,0,0,0,0,0
17552,C3D8,0.0678741,0,0,0,0,0,0,0,0,0,0,0,0
17553,C3D8,0.0629951,0,0,0,0,0,0,0,0,0,0,0,0
17554,C3D8,0.0588934,0,0,0,0,0,0,0,0,0,0,0,0
17555,C3D8,0.0555882,0,0,0,0,0,0,0,0,0,0,0,0
17556,C3D8,0.0530954,0,0,0,0,0,0,0,0,0,0,0,0
17557,C3D8,0.0514267,0,0,0,0,0,0,0,0,0,0,0,0
17558,C3D8,0.0505905,0,0,0,0,0,0,0,0,0,0,0,0
17559,C3D8,0.0721443,0,0,0,0,0,0,0,0,0,0,0,0
17560,C3D8,0.0721433,0,0,0,0,0,0,0,0,0,0,0,0
17561,C3D8,0.0721426,0,0,0,0,0,0,0,0,0,0,0,0
17562,C3D8,0.0721419,0,0,0,0,0,0,0,0,0,0,0,0
17563,C3D8,0.0721411,0,0,0,0,0,0,0,0,0,0,0,0
17564,C3D8,0.0721404,0,0,0,0,0,0,0,0,0,0,0,0
17565,C3D8,0.0721398,0,0,0,0,0,0,0,0,0,0,0,0
17566,C3D8,0.0721391,0,0,0,0,0,0,0,0,0,0,0,0
17567,C3D8,0.0721387,0,0,0,0,0,0,0,0,0,0,0,0
17568,C3D8,0.0721382,0,0,0,0,0,0,0,0,0,0,0,0
17569,C3D8,0.0721377,0,0,0,0,0,0,0,0,0,0,0,0
17570,C3D8,0.0721372,0,0,0,0,0,0,0,0,0,0,0,0
17571,C3D8,0.0721369,0,0,0,0,0,0,0,0,0,0,0,0
17572,C3D8,0.0721366,0,0,0,0,0,0,0,0,0,0,0,0
17573,C3D8,0.0721362,0,0,0,0,0,0,0,0,0,0,0,0
17574,C3D8,0.0721361,0,0,0,0,0,0,0,0,0,0,0,0
17575,C3D8,0.0721359,0,0,0,0,0,0,0,0,0,0,0,0
17576,C3D8,0.0721358,0,0,0,0,0,0,0,0,0,0,0,0
17577,C3D8,0.0721356,0,0,0,0,0,0,0,0,0,0,0,0
17578,C3D8,0.0721355,0,0,0,0,0,0,0,0,0,0,0,0
17579,C3D8,0.069774,0,0,0,0,0,0,0,0,0,0,0,0
17580,C3D8,0.0697734,0,0,0,0,0,0,0,0,0,0,0,0
17581,C3D8,0.069773,0,0,0,0,0,0,0,0,0,0,0,0
17582,C3D8,0.0697723,0,0,0,0,0,0,0,0,0,0,0,0
17583,C3D8,0.0697718,0,0,0,0,0,0,0,0,0,0,0,0
17584,C3D8,0.0697713,0,0,0,0,0,0,0,0,0,0,0,0
17585,C3D8,0.0697709,0,0,0,0,0,0,0,0,0,0,0,0
17586,C3D8,0.0697704,0,0,0,0,0,0,0,0,0,0,0,0
17587,C3D8,0.0697701,0,0,0,0,0,0,0,0,0,0,0,0
17588,C3D8,0.0697697,0,0,0,0,0,0,0,0,0,0,0,0
17589,C3D8,0.0697693,0,0,0,0,0,0,0,0,0,0,0,0
17590,C3D8,0.069769,0,0,0,0,0,0,0,0,0,0,0,0
17591,C3D8,0.0697687,0,0,0,0,0,0,0,0,0,0,0,0
17592,C3D8,0.0697685,0,0,0,0,0,0,0,0,0,0,0,0
17593,C3D8,0.0697684,0,0,0,0,0,0,0,0,0,0,0,0
17594,C3D8,0.0697684,0,0,0,0,0,0,0,0,0,0,0,0
17595,C3D8,0.069768,0,0,0,0,0,0,0,0,0,0,0,0
17596,C3D8,0.0697678,0,0,0,0,0,0,0,0,0,0,0,0
17597,C3D8,0.0697678,0,0,0,0,0,0,0,0,0,0,0,0
17598,C3D8,0.0697678,0,0,0,0,0,0,0,0,0,0,0,0
17599,C3D8,0.0674039,0,0,0,0,0,0,0,0,0,0,0,0
17600,C3D8,0.0674035,0,0,0,0,0,0,0,0,0,0,0,0
17601,C3D8,0.0674032,0,0,0,0,0,0,0,0,0,0,0,0
17602,C3D8,0.0674028,0,0,0,0,0,0,0,0,0,0,0,0
17603,C3D8,0.0674025,0,0,0,0,0,0,0,0,0,0,0,0
17604,C3D8,0.0674021,0,0,0,0,0,0,0,0,0,0,0,0
17605,C3D8,0.0674019,0,0,0,0,0,0,0,0,0,0,0,0
17606,C3D8,0.0674017,0,0,0,0,0,0,0,0,0,0,0,0
17607,C3D8,0.0674014,0,0,0,0,0,0,0,0,0,0,0,0
17608,C3D8,0.0674011,0,0,0,0,0,0,0,0,0,0,0,0
17609,C3D8,0.0674011,0,0,0,0,0,0,0,0,0,0,0,0
17610,C3D8,0.0674009,0,0,0,0,0,0,0,0,0,0,0,0
17611,C3D8,0.0674008,0,0,0,0,0,0,0,0,0,0,0,0
17612,C3D8,0.0674007,0,0,0,0,0,0,0,0,0,0,0,0
17613,C3D8,0.0674004,0,0,0,0,0,0,0,0,0,0,0,0
17614,C3D8,0.0674003,0,0,0,0,0,0,0,0,0,0,0,0
17615,C3D8,0.0674003,0,0,0,0,0,0,0,0,0,0,0,0
17616,C3D8,0.0674003,0,0,0,0,0,0,0,0,0,0,0,0
17617,C3D8,0.0674003,0,0,0,0,0,0,0,0,0,0,0,0
17618,C3D8,0.0674,0,0,0,0,0,0,0,0,0,0,0,0
17619,C3D8,0.0650338,0,0,0,0,0,0,0,0,0,0,0,0
17620,C3D8,0.0650335,0,0,0,0,0,0,0,0,0,0,0,0
17621,C3D8,0.0650334,0,0,0,0,0,0,0,0,0,0,0,0
17622,C3D8,0.0650333,0,0,0,0,0,0,0,0,0,0,0,0
17623,C3D8,0.0650332,0,0,0,0,0,0,0,0,0,0,0,0
17624,C3D8,0.0650331,0,0,0,0,0,0,0,0,0,0,0,0
17625,C3D8,0.065033,0,0,0,0,0,0,0,0,0,0,0,0
17626,C3D8,0.0650328,0,0,0,0,0,0,0,0,0,0,0,0
17627,C3D8,0.0650329,0,0,0,0,0,0,0,0,0,0,0,0
17628,C3D8,0.0650328,0,0,0,0,0,0,0,0,0,0,0,0
17629,C3D8,0.0650327,0,0,0,0,0,0,0,0,0,0,0,0
17630,C3D8,0.0650326,0,0,0,0,0,0,0,0,0,0,0,0
17631,C3D8,0.0650326,0,0,0,0,0,0,0,0,0,0,0,0
17632,C3D8,0.0650325,0,0,0,0,0,0,0,0,0,0,0,0
17633,C3D8,0.0650325,0,0,0,0,0,0,0,0,0,0,0,0
17634,C3D8,0.0650323,0,0,0,0,0,0,0,0,0,0,0,0
17635,C3D8,0.0650325,0,0,0,0,0,0,0,0,0,0,0,0
17636,C3D8,0.0650324,0,0,0,0,0,0,0,0,0,0,0,0
17637,C3D8,0.0650323,0,0,0,0,0,0,0,0,0,0,0,0
17638,C3D8,0.0650323,0,0,0,0,0,0,0,0,0,0,0,0
17639,C3D8,0.0626635,0,0,0,0,0,0,0,0,0,0,0,0
17640,C3D8,0.0626636,0,0,0,0,0,0,0,0,0,0,0,0
17641,C3D8,0.0626637,0,0,0,0,0,0,0,0,0,0,0,0
17642,C3D8,0.0626637,0,0,0,0,0,0,0,0,0,0,0,0
17643,C3D8,0.0626638,0,0,0,0,0,0,0,0,0,0,0,0
17644,C3D8,0.062664,0,0,0,0,0,0,0,0,0,0,0,0
17645,C3D8,0.0626641,0,0,0,0,0,0,0,0,0,0,0,0
17646,C3D8,0.0626642,0,0,0,0,0,0,0,0,0,0,0,0
17647,C3D8,0.0626642,0,0,0,0,0,0,0,0,0,0,0,0
17648,C3D8,0.0626643,0,0,0,0,0,0,0,0,0,0,0,0
17649,C3D8,0.0626644,0,0,0,0,0,0,0,0,0,0,0,0
17650,C3D8,0.0626644,0,0,0,0,0,0,0,0,0,0,0,0
17651,C3D8,0.0626644,0,0,0,0,0,0,0,0,0,0,0,0
17652,C3D8,0.0626645,0,0,0,0,0,0,0,0,0,0,0,0
17653,C3D8,0.0626645,0,0,0,0,0,0,0,0,0,0,0,0
17654,C3D8,0.0626646,0,0,0,0,0,0,0,0,0,0,0,0
17655,C3D8,0.0626647,0,0,0,0,0,0,0,0,0,0,0,0
17656,C3D8,0.0626646,0,0,0,0,0,0,0,0,0,0,0,0
17657,C3D8,0.0626646,0,0,0,0,0,0,0,0,0,0,0,0
17658,C3D8,0.0626646,0,0,0,0,0,0,0,0,0,0,0,0
17659,C3D8,0.0602932,0,0,0,0,0,0,0,0,0,0,0,0
17660,C3D8,0.0602935,0,0,0,0,0,0,0,0,0,0,0,0
17661,C3D8,0.0602939,0,0,0,0,0,0,0,0,0,0,0,0
17662,C3D8,0.0602943,0,0,0,0,0,0,0,0,0,0,0,0
17663,C3D8,0.0602946,0,0,0,0,0,0,0,0,0,0,0,0
17664,C3D8,0.060295,0,0,0,0,0,0,0,0,0,0,0,0
17665,C3D8,0.0602953,0,0,0,0,0,0,0,0,0,0,0,0
17666,C3D8,0.0602954,0,0,0,0,0,0,0,0,0,0,0,0
17667,C3D8,0.0602955,0,0,0,0,0,0,0,0,0,0,0,0
17668,C3D8,0.0602959,0,0,0,0,0,0,0,0,0,0,0,0
17669,C3D8,0.0602961,0,0,0,0,0,0,0,0,0,0,0,0
17670,C3D8,0.0602962,0,0,0,0,0,0,0,0,0,0,0,0
17671,C3D8,0.0602963,0,0,0,0,0,0,0,0,0,0,0,0
17672,C3D8,0.0602965,0,0,0,0,0,0,0,0,0,0,0,0
17673,C3D8,0.0602965,0,0,0,0,0,0,0,0,0,0,0,0
17674,C3D8,0.0602968,0,0,0,0,0,0,0,0,0,0,0,0
17675,C3D8,0.0602967,0,0,0,0,0,0,0,0,0,0,0,0
17676,C3D8,0.0602968,0,0,0,0,0,0,0,0,0,0,0,0
17677,C3D8,0.0602969,0,0,0,0,0,0,0,0,0,0,0,0
17678,C3D8,0.0602967,0,0,0,0,0,0,0,0,0,0,0,0
17679,C3D8,0.057923,0,0,0,0,0,0,0,0,0,0,0,0
17680,C3D8,0.0579238,0,0,0,0,0,0,0,0,0,0,0,0
17681,C3D8,0.0579243,0,0,0,0,0,0,0,0,0,0,0,0
17682,C3D8,0.0579248,0,0,0,0,0,0,0,0,0,0,0,0
17683,C3D8,0.0579253,0,0,0,0,0,0,0,0,0,0,0,0
17684,C3D8,0.0579258,0,0,0,0,0,0,0,0,0,0,0,0
17685,C3D8,0.0579262,0,0,0,0,0,0,0,0,0,0,0,0
17686,C3D8,0.0579266,0,0,0,0,0,0,0,0,0,0,0,0
17687,C3D8,0.057927,0,0,0,0,0,0,0,0,0,0,0,0
17688,C3D8,0.0579274,0,0,0,0,0,0,0,0,0,0,0,0
17689,C3D8,0.0579277,0,0,0,0,0,0,0,0,0,0,0,0
17690,C3D8,0.0579279,0,0,0,0,0,0,0,0,0,0,0,0
17691,C3D8,0.0579283,0,0,0,0,0,0,0,0,0,0,0,0
17692,C3D8,0.0579285,0,0,0,0,0,0,0,0,0,0,0,0
17693,C3D8,0.0579288,0,0,0,0,0,0,0,0,0,0,0,0
17694,C3D8,0.0579289,0,0,0,0,0,0,0,0,0,0,0,0
17695,C3D8,0.0579289,0,0,0,0,0,0,0,0,0,0,0,0
17696,C3D8,0.0579291,0,0,0,0,0,0,0,0,0,0,0,0
17697,C3D8,0.057929,0,0,0,0,0,0,0,0,0,0,0,0
17698,C3D8,0.057929,0,0,0,0,0,0,0,0,0,0,0,0
17699,C3D8,0.0555529,0,0,0,0,0,0,0,0,0,0,0,0
17700,C3D8,0.0555537,0,0,0,0,0,0,0,0,0,0,0,0
17701,C3D8,0.0555545,0,0,0,0,0,0,0,0,0,0,0,0
17702,C3D8,0.0555553,0,0,0,0,0,0,0,0,0,0,0,0
17703,C3D8,0.0555559,0,0,0,0,0,0,0,0,0,0,0,0
17704,C3D8,0.0555567,0,0,0,0,0,0,0,0,0,0,0,0
17705,C3D8,0.0555573,0,0,0,0,0,0,0,0,0,0,0,0
17706,C3D8,0.055558,0,0,0,0,0,0,0,0,0,0,0,0
17707,C3D8,0.0555583,0,0,0,0,0,0,0,0,0,0,0,0
17708,C3D8,0.0555589,0,0,0,0,0,0,0,0,0,0,0,0
17709,C3D8,0.0555595,0,0,0,0,0,0,0,0,0,0,0,0
17710,C3D8,0.0555597,0,0,0,0,0,0,0,0,0,0,0,0
17711,C3D8,0.0555601,0,0,0,0,0,0,0,0,0,0,0,0
17712,C3D8,0.0555605,0,0,0,0,0,0,0,0,0,0,0,0
17713,C3D8,0.0555607,0,0,0,0,0,0,0,0,0,0,0,0
17714,C3D8,0.0555609,0,0,0,0,0,0,0,0,0,0,0,0
17715,C3D8,0.0555612,0,0,0,0,0,0,0,0,0,0,0,0
17716,C3D8,0.0555611,0,0,0,0,0,0,0,0,0,0,0,0
17717,C3D8,0.0555613,0,0,0,0,0,0,0,0,0,0,0,0
17718,C3D8,0.0555614,0,0,0,0,0,0,0,0,0,0,0,0
17719,C3D8,0.0532108,0,0,0,0,0,0,0,0,0,0,0,0
17720,C3D8,0.0532091,0,0,0,0,0,0,0,0,0,0,0,0
17721,C3D8,0.0532075,0,0,0,0,0,0,0,0,0,0,0,0
17722,C3D8,0.0532059,0,0,0,0,0,0,0,0,0,0,0,0
17723,C3D8,0.0532044,0,0,0,0,0,0,0,0,0,0,0,0
17724,C3D8,0.0532032,0,0,0,0,0,0,0,0,0,0,0,0
17725,C3D8,0.0532019,0,0,0,0,0,0,0,0,0,0,0,0
17726,C3D8,0.0532008,0,0,0,0,0,0,0,0,0,0,0,0
17727,C3D8,0.0531996,0,0,0,0,0,0,0,0,0,0,0,0
17728,C3D8,0.0531986,0,0,0,0,0,0,0,0,0,0,0,0
17729,C3D8,0.0531977,0,0,0,0,0,0,0,0,0,0,0,0
17730,C3D8,0.053197,0,0,0,0,0,0,0,0,0,0,0,0
17731,C3D8,0.0531962,0,0,0,0,0,0,0,0,0,0,0,0
17732,C3D8,0.0531956,0,0,0,0,0,0,0,0,0,0,0,0
17733,C3D8,0.053195,0,0,0,0,0,0,0,0,0,0,0,0
17734,C3D8,0.0531946,0,0,0,0,0,0,0,0,0,0,0,0
17735,C3D8,0.0531942,0,0,0,0,0,0,0,0,0,0,0,0
17736,C3D8,0.0531938,0,0,0,0,0,0,0,0,0,0,0,0
17737,C3D8,0.0531938,0,0,0,0,0,0,0,0,0,0,0,0
17738,C3D8,0.0531936,0,0,0,0,0,0,0,0,0,0,0,0
17739,C3D8,0.0508381,0,0,0,0,0,0,0,0,0,0,0,0
17740,C3D8,0.0508369,0,0,0,0,0,0,0,0,0,0,0,0
17741,C3D8,0.0508358,0,0,0,0,0,0,0,0,0,0,0,0
17742,C3D8,0.0508346,0,0,0,0,0,0,0,0,0,0,0,0
17743,C3D8,0.0508336,0,0,0,0,0,0,0,0,0,0,0,0
17744,C3D8,0.0508326,0,0,0,0,0,0,0,0,0,0,0,0
17745,C3D8,0.0508317,0,0,0,0,0,0,0,0,0,0,0,0
17746,C3D8,0.0508309,0,0,0,0,0,0,0,0,0,0,0,0
17747,C3D8,0.0508301,0,0,0,0,0,0,0,0,0,0,0,0
17748,C3D8,0.0508295,0,0,0,0,0,0,0,0,0,0,0,0
17749,C3D8,0.0508287,0,0,0,0,0,0,0,0,0,0,0,0
17750,C3D8,0.0508281,0,0,0,0,0,0,0,0,0,0,0,0
17751,C3D8,0.0508277,0,0,0,0,0,0,0,0,0,0,0,0
17752,C3D8,0.0508271,0,0,0,0,0,0,0,0,0,0,0,0
17753,C3D8,0.0508269,0,0,0,0,0,0,0,0,0,0,0,0
17754,C3D8,0.0508265,0,0,0,0,0,0,0,0,0,0,0,0
17755,C3D8,0.0508262,0,0,0,0,0,0,0,0,0,0,0,0
17756,C3D8,0.050826,0,0,0,0,0,0,0,0,0,0,0,0
17757,C3D8,0.050826,0,0,0,0,0,0,0,0,0,0,0,0
17758,C3D8,0.0508257,0,0,0,0,0,0,0,0,0,0,0,0
17759,C3D8,0.0484655,0,0,0,0,0,0,0,0,0,0,0,0
17760,C3D8,0.0484648,0,0,0,0,0,0,0,0,0,0,0,0
17761,C3D8,0.048464,0,0,0,0,0,0,0,0,0,0,0,0
17762,C3D8,0.0484633,0,0,0,0,0,0,0,0,0,0,0,0
17763,C3D8,0.0484628,0,0,0,0,0,0,0,0,0,0,0,0
17764,C3D8,0.0484621,0,0,0,0,0,0,0,0,0,0,0,0
17765,C3D8,0.0484616,0,0,0,0,0,0,0,0,0,0,0,0
17766,C3D8,0.048461,0,0,0,0,0,0,0,0,0,0,0,0
17767,C3D8,0.0484606,0,0,0,0,0,0,0,0,0,0,0,0
17768,C3D8,0.0484601,0,0,0,0,0,0,0,0,0,0,0,0
17769,C3D8,0.0484597,0,0,0,0,0,0,0,0,0,0,0,0
17770,C3D8,0.0484594,0,0,0,0,0,0,0,0,0,0,0,0
17771,C3D8,0.0484592,0,0,0,0,0,0,0,0,0,0,0,0
17772,C3D8,0.0484588,0,0,0,0,0,0,0,0,0,0,0,0
17773,C3D8,0.0484586,0,0,0,0,0,0,0,0,0,0,0,0
17774,C3D8,0.0484585,0,0,0,0,0,0,0,0,0,0,0,0
17775,C3D8,0.0484582,0,0,0,0,0,0,0,0,0,0,0,0
17776,C3D8,0.0484581,0,0,0,0,0,0,0,0,0,0,0,0
17777,C3D8,0.0484581,0,0,0,0,0,0,0,0,0,0,0,0
17778,C3D8,0.0484578,0,0,0,0,0,0,0,0,0,0,0,0
17779,C3D8,0.0460929,0,0,0,0,0,0,0,0,0,0,0,0
17780,C3D8,0.0460926,0,0,0,0,0,0,0,0,0,0,0,0
17781,C3D8,0.0460923,0,0,0,0,0,0,0,0,0,0,0,0
17782,C3D8,0.0460921,0,0,0,0,0,0,0,0,0,0,0,0
17783,C3D8,0.0460918,0,0,0,0,0,0,0,0,0,0,0,0
17784,C3D8,0.0460916,0,0,0,0,0,0,0,0,0,0,0,0
17785,C3D8,0.0460914,0,0,0,0,0,0,0,0,0,0,0,0
17786,C3D8,0.0460913,0,0,0,0,0,0,0,0,0,0,0,0
17787,C3D8,0.0460911,0,0,0,0,0,0,0,0,0,0,0,0
17788,C3D8,0.046091,0,0,0,0,0,0,0,0,0,0,0,0
17789,C3D8,0.0460909,0,0,0,0,0,0,0,0,0,0,0,0
17790,C3D8,0.0460907,0,0,0,0,0,0,0,0,0,0,0,0
17791,C3D8,0.0460906,0,0,0,0,0,0,0,0,0,0,0,0
17792,C3D8,0.0460906,0,0,0,0,0,0,0,0,0,0,0,0
17793,C3D8,0.0460905,0,0,0,0,0,0,0,0,0,0,0,0
17794,C3D8,0.0460903,0,0,0,0,0,0,0,0,0,0,0,0
17795,C3D8,0.0460902,0,0,0,0,0,0,0,0,0,0,0,0
17796,C3D8,0.0460903,0,0,0,0,0,0,0,0,0,0,0,0
17797,C3D8,0.0460903,0,0,0,0,0,0,0,0,0,0,0,0
17798,C3D8,0.0460901,0,0,0,0,0,0,0,0,0,0,0,0
17799,C3D8,0.0437203,0,0,0,0,0,0,0,0,0,0,0,0
17800,C3D8,0.0437204,0,0,0,0,0,0,0,0,0,0,0,0
17801,C3D8,0.0437206,0,0,0,0,0,0,0,0,0,0,0,0
17802,C3D8,0.0437209,0,0,0,0,0,0,0,0,0,0,0,0
17803,C3D8,0.043721,0,0,0,0,0,0,0,0,0,0,0,0
17804,C3D8,0.0437213,0,0,0,0,0,0,0,0,0,0,0,0
17805,C3D8,0.0437214,0,0,0,0,0,0,0,0,0,0,0,0
17806,C3D8,0.0437216,0,0,0,0,0,0,0,0,0,0,0,0
17807,C3D8,0.0437217,0,0,0,0,0,0,0,0,0,0,0,0
17808,C3D8,0.0437218,0,0,0,0,0,0,0,0,0,0,0,0
17809,C3D8,0.0437218,0,0,0,0,0,0,0,0,0,0,0,0
17810,C3D8,0.043722,0,0,0,0,0,0,0,0,0,0,0,0
17811,C3D8,0.043722,0,0,0,0,0,0,0,0,0,0,0,0
17812,C3D8,0.0437223,0,0,0,0,0,0,0,0,0,0,0,0
17813,C3D8,0.0437221,0,0,0,0,0,0,0,0,0,0,0,0
17814,C3D8,0.0437222,0,0,0,0,0,0,0,0,0,0,0,0
17815,C3D8,0.0437223,0,0,0,0,0,0,0,0,0,0,0,0
17816,C3D8,0.0437224,0,0,0,0,0,0,0,0,0,0,0,0
17817,C3D8,0.0437224,0,0,0,0,0,0,0,0,0,0,0,0
17818,C3D8,0.0437222,0,0,0,0,0,0,0,0,0,0,0,0
17819,C3D8,0.0413475,0,0,0,0,0,0,0,0,0,0,0,0
17820,C3D8,0.0413483,0,0,0,0,0,0,0,0,0,0,0,0
17821,C3D8,0.0413489,0,0,0,0,0,0,0,0,0,0,0,0
17822,C3D8,0.0413496,0,0,0,0,0,0,0,0,0,0,0,0
17823,C3D8,0.0413502,0,0,0,0,0,0,0,0,0,0,0,0
17824,C3D8,0.0413507,0,0,0,0,0,0,0,0,0,0,0,0
17825,C3D8,0.0413512,0,0,0,0,0,0,0,0,0,0,0,0
17826,C3D8,0.0413517,0,0,0,0,0,0,0,0,0,0,0,0
17827,C3D8,0.0413522,0,0,0,0,0,0,0,0,0,0,0,0
17828,C3D8,0.0413526,0,0,0,0,0,0,0,0,0,0,0,0
17829,C3D8,0.0413528,0,0,0,0,0,0,0,0,0,0,0,0
17830,C3D8,0.0413534,0,0,0,0,0,0,0,0,0,0,0,0
17831,C3D8,0.0413535,0,0,0,0,0,0,0,0,0,0,0,0
17832,C3D8,0.0413539,0,0,0,0,0,0,0,0,0,0,0,0
17833,C3D8,0.041354,0,0,0,0,0,0,0,0,0,0,0,0
17834,C3D8,0.0413542,0,0,0,0,0,0,0,0,0,0,0,0
17835,C3D8,0.0413543,0,0,0,0,0,0,0,0,0,0,0,0
17836,C3D8,0.0413546,0,0,0,0,0,0,0,0,0,0,0,0
17837,C3D8,0.0413546,0,0,0,0,0,0,0,0,0,0,0,0
17838,C3D8,0.0413544,0,0,0,0,0,0,0,0,0,0,0,0
17839,C3D8,0.0389749,0,0,0,0,0,0,0,0,0,0,0,0
17840,C3D8,0.0389761,0,0,0,0,0,0,0,0,0,0,0,0
17841,C3D8,0.0389772,0,0,0,0,0,0,0,0,0,0,0,0
17842,C3D8,0.0389783,0,0,0,0,0,0,0,0,0,0,0,0
17843,C3D8,0.0389793,0,0,0,0,0,0,0,0,0,0,0,0
17844,C3D8,0.0389802,0,0,0,0,0,0,0,0,0,0,0,0
17845,C3D8,0.0389811,0,0,0,0,0,0,0,0,0,0,0,0
17846,C3D8,0.0389819,0,0,0,0,0,0,0,0,0,0,0,0
17847,C3D8,0.0389827,0,0,0,0,0,0,0,0,0,0,0,0
17848,C3D8,0.0389834,0,0,0,0,0,0,0,0,0,0,0,0
17849,C3D8,0.0389838,0,0,0,0,0,0,0,0,0,0,0,0
17850,C3D8,0.0389847,0,0,0,0,0,0,0,0,0,0,0,0
17851,C3D8,0.038985,0,0,0,0,0,0,0,0,0,0,0,0
17852,C3D8,0.0389854,0,0,0,0,0,0,0,0,0,0,0,0
17853,C3D8,0.0389859,0,0,0,0,0,0,0,0,0,0,0,0
17854,C3D8,0.0389861,0,0,0,0,0,0,0,0,0,0,0,0
17855,C3D8,0.0389864,0,0,0,0,0,0,0,0,0,0,0,0
17856,C3D8,0.0389867,0,0,0,0,0,0,0,0,0,0,0,0
17857,C3D8,0.0389868,0,0,0,0,0,0,0,0,0,0,0,0
17858,C3D8,0.0389866,0,0,0,0,0,0,0,0,0,0,0,0
17859,C3D8,0.0366023,0,0,0,0,0,0,0,0,0,0,0,0
17860,C3D8,0.0366039,0,0,0,0,0,0,0,0,0,0,0,0
17861,C3D8,0.0366056,0,0,0,0,0,0,0,0,0,0,0,0
17862,C3D8,0.0366071,0,0,0,0,0,0,0,0,0,0,0,0
17863,C3D8,0.0366084,0,0,0,0,0,0,0,0,0,0,0,0
17864,C3D8,0.0366097,0,0,0,0,0,0,0,0,0,0,0,0
17865,C3D8,0.036611,0,0,0,0,0,0,0,0,0,0,0,0
17866,C3D8,0.0366121,0,0,0,0,0,0,0,0,0,0,0,0
17867,C3D8,0.0366131,0,0,0,0,0,0,0,0,0,0,0,0
17868,C3D8,0.0366142,0,0,0,0,0,0,0,0,0,0,0,0
17869,C3D8,0.0366149,0,0,0,0,0,0,0,0,0,0,0,0
17870,C3D8,0.0366159,0,0,0,0,0,0,0,0,0,0,0,0
17871,C3D8,0.0366165,0,0,0,0,0,0,0,0,0,0,0,0
17872,C3D8,0.0366171,0,0,0,0,0,0,0,0,0,0,0,0
17873,C3D8,0.0366176,0,0,0,0,0,0,0,0,0,0,0,0
17874,C3D8,0.0366181,0,0,0,0,0,0,0,0,0,0,0,0
17875,C3D8,0.0366184,0,0,0,0,0,0,0,0,0,0,0,0
17876,C3D8,0.0366189,0,0,0,0,0,0,0,0,0,0,0,0
17877,C3D8,0.0366189,0,0,0,0,0,0,0,0,0,0,0,0
17878,C3D8,0.0366187,0,0,0,0,0,0,0,0,0,0,0,0
17879,C3D8,0.0662212,0,0,0,0,0,0,0,0,0,0,0,0
17880,C3D8,0.0662126,0,0,0,0,0,0,0,0,0,0,0,0
17881,C3D8,0.0662042,0,0,0,0,0,0,0,0,0,0,0,0
17882,C3D8,0.0661964,0,0,0,0,0,0,0,0,0,0,0,0
17883,C3D8,0.066189,0,0,0,0,0,0,0,0,0,0,0,0
17884,C3D8,0.0661821,0,0,0,0,0,0,0,0,0,0,0,0
17885,C3D8,0.0661757,0,0,0,0,0,0,0,0,0,0,0,0
17886,C3D8,0.0661697,0,0,0,0,0,0,0,0,0,0,0,0
17887,C3D8,0.0661642,0,0,0,0,0,0,0,0,0,0,0,0
17888,C3D8,0.0661592,0,0,0,0,0,0,0,0,0,0,0,0
17889,C3D8,0.0661543,0,0,0,0,0,0,0,0,0,0,0,0
17890,C3D8,0.0661506,0,0,0,0,0,0,0,0,0,0,0,0
17891,C3D8,0.0661464,0,0,0,0,0,0,0,0,0,0,0,0
17892,C3D8,0.0661436,0,0,0,0,0,0,0,0,0,0,0,0
17893,C3D8,0.0661407,0,0,0,0,0,0,0,0,0,0,0,0
17894,C3D8,0.0661383,0,0,0,0,0,0,0,0,0,0,0,0
17895,C3D8,0.0661365,0,0,0,0,0,0,0,0,0,0,0,0
17896,C3D8,0.0661354,0,0,0,0,0,0,0,0,0,0,0,0
17897,C3D8,0.0661344,0,0,0,0,0,0,0,0,0,0,0,0
17898,C3D8,0.0661334,0,0,0,0,0,0,0,0,0,0,0,0
17899,C3D8,0.0566926,0,0,0,0,0,0,0,0,0,0,0,0
17900,C3D8,0.0566894,0,0,0,0,0,0,0,0,0,0,0,0
17901,C3D8,0.0566864,0,0,0,0,0,0,0,0,0,0,0,0
17902,C3D8,0.0566837,0,0,0,0,0,0,0,0,0,0,0,0
17903,C3D8,0.0566808,0,0,0,0,0,0,0,0,0,0,0,0
17904,C3D8,0.0566783,0,0,0,0,0,0,0,0,0,0,0,0
17905,C3D8,0.0566761,0,0,0,0,0,0,0,0,0,0,0,0
17906,C3D8,0.0566738,0,0,0,0,0,0,0,0,0,0,0,0
17907,C3D8,0.056672,0,0,0,0,0,0,0,0,0,0,0,0
17908,C3D8,0.0566698,0,0,0,0,0,0,0,0,0,0,0,0
17909,C3D8,0.0566684,0,0,0,0,0,0,0,0,0,0,0,0
17910,C3D8,0.0566668,0,0,0,0,0,0,0,0,0,0,0,0
17911,C3D8,0.0566653,0,0,0,0,0,0,0,0,0,0,0,0
17912,C3D8,0.0566643,0,0,0,0,0,0,0,0,0,0,0,0
17913,C3D8,0.0566633,0,0,0,0,0,0,0,0,0,0,0,0
17914,C3D8,0.0566625,0,0,0,0,0,0,0,0,0,0,0,0
17915,C3D8,0.0566617,0,0,0,0,0,0,0,0,0,0,0,0
17916,C3D8,0.0566613,0,0,0,0,0,0,0,0,0,0,0,0
17917,C3D8,0.0566611,0,0,0,0,0,0,0,0,0,0,0,0
17918,C3D8,0.0566606,0,0,0,0,0,0,0,0,0,0,0,0
17919,C3D8,0.0471639,0,0,0,0,0,0,0,0,0,0,0,0
17920,C3D8,0.0471661,0,0,0,0,0,0,0,0,0,0,0,0
17921,C3D8,0.0471688,0,0,0,0,0,0,0,0,0,0,0,0
17922,C3D8,0.0471708,0,0,0,0,0,0,0,0,0,0,0,0
17923,C3D8,0.0471726,0,0,0,0,0,0,0,0,0,0,0,0
17924,C3D8,0.0471745,0,0,0,0,0,0,0,0,0,0,0,0
17925,C3D8,0.0471766,0,0,0,0,0,0,0,0,0,0,0,0
17926,C3D8,0.0471779,0,0,0,0,0,0,0,0,0,0,0,0
17927,C3D8,0.0471795,0,0,0,0,0,0,0,0,0,0,0,0
17928,C3D8,0.0471809,0,0,0,0,0,0,0,0,0,0,0,0
17929,C3D8,0.0471823,0,0,0,0,0,0,0,0,0,0,0,0
17930,C3D8,0.0471829,0,0,0,0,0,0,0,0,0,0,0,0
17931,C3D8,0.0471845,0,0,0,0,0,0,0,0,0,0,0,0
17932,C3D8,0.0471852,0,0,0,0,0,0,0,0,0,0,0,0
17933,C3D8,0.0471858,0,0,0,0,0,0,0,0,0,0,0,0
17934,C3D8,0.0471867,0,0,0,0,0,0,0,0,0,0,0,0
17935,C3D8,0.0471868,0,0,0,0,0,0,0,0,0,0,0,0
17936,C3D8,0.0471874,0,0,0,0,0,0,0,0,0,0,0,0
17937,C3D8,0.0471878,0,0,0,0,0,0,0,0,0,0,0,0
17938,C3D8,0.0471875,0,0,0,0,0,0,0,0,0,0,0,0
17939,C3D8,0.0376353,0,0,0,0,0,0,0,0,0,0,0,0
17940,C3D8,0.0376432,0,0,0,0,0,0,0,0,0,0,0,0
17941,C3D8,0.037651,0,0,0,0,0,0,0,0,0,0,0,0
17942,C3D8,0.0376579,0,0,0,0,0,0,0,0,0,0,0,0
17943,C3D8,0.0376643,0,0,0,0,0,0,0,0,0,0,0,0
17944,C3D8,0.0376709,0,0,0,0,0,0,0,0,0,0,0,0
17945,C3D8,0.0376767,0,0,0,0,0,0,0,0,0,0,0,0
17946,C3D8,0.0376822,0,0,0,0,0,0,0,0,0,0,0,0
17947,C3D8,0.0376871,0,0,0,0,0,0,0,0,0,0,0,0
17948,C3D8,0.0376919,0,0,0,0,0,0,0,0,0,0,0,0
17949,C3D8,0.0376959,0,0,0,0,0,0,0,0,0,0,0,0
17950,C3D8,0.0376995,0,0,0,0,0,0,0,0,0,0,0,0
17951,C3D8,0.0377034,0,0,0,0,0,0,0,0,0,0,0,0
17952,C3D8,0.0377059,0,0,0,0,0,0,0,0,0,0,0,0
17953,C3D8,0.0377082,0,0,0,0,0,0,0,0,0,0,0,0
17954,C3D8,0.0377107,0,0,0,0,0,0,0,0,0,0,0,0
17955,C3D8,0.0377122,0,0,0,0,0,0,0,0,0,0,0,0
17956,C3D8,0.0377135,0,0,0,0,0,0,0,0,0,0,0,0
17957,C3D8,0.0377145,0,0,0,0,0,0,0,0,0,0,0,0
17958,C3D8,0.0377144,0,0,0,0,0,0,0,0,0,0,0,0
17959,C3D8,0.325767,0,0,0,0,0,0,0,0,0,0,0,0
17960,C3D8,0.325767,0,0,0,0,0,0,0,0,0,0,0,0
17961,C3D8,0.325767,0,0,0,0,0,0,0,0,0,0,0,0
17962,C3D8,0.325766,0,0,0,0,0,0,0,0,0,0,0,0
17963,C3D8,0.325766,0,0,0,0,0,0,0,0,0,0,0,0
17964,C3D8,0.325766,0,0,0,0,0,0,0,0,0,0,0,0
17965,C3D8,0.325767,0,0,0,0,0,0,0,0,0,0,0,0
17966,C3D8,0.325767,0,0,0,0,0,0,0,0,0,0,0,0
17967,C3D8,0.325767,0,0,0,0,0,0,0,0,0,0,0,0
17968,C3D8,0.325766,0,0,0,0,0,0,0,0,0,0,0,0
17969,C3D8,0.325766,0,0,0,0,0,0,0,0,0,0,0,0
17970,C3D8,0.325766,0,0,0,0,0,0,0,0,0,0,0,0
17971,C3D8,0.325767,0,0,0,0,0,0,0,0,0,0,0,0
17972,C3D8,0.325767,0,0,0,0,0,0,0,0,0,0,0,0
17973,C3D8,0.325767,0,0,0,0,0,0,0,0,0,0,0,0
17974,C3D8,0.325766,0,0,0,0,0,0,0,0,0,0,0,0
17975,C3D8,0.325766,0,0,0,0,0,0,0,0,0,0,0,0
17976,C3D8,0.325766,0,0,0,0,0,0,0,0,0,0,0,0
17977,C3D8,0.325767,0,0,0,0,0,0,0,0,0,0,0,0
17978,C3D8,0.325767,0,0,0,0,0,0,0,0,0,0,0,0
17979,C3D8,0.325767,0,0,0,0,0,0,0,0,0,0,0,0
17980,C3D8,0.325766,0,0,0,0,0,0,0,0,0,0,0,0
17981,C3D8,0.325766,0,0,0,0,0,0,0,0,0,0,0,0
17982,C3D8,0.325766,0,0,0,0,0,0,0,0,0,0,0,0
17983,C3D8,0.325767,0,0,0,0,0,0,0,0,0,0,0,0
17984,C3D8,0.325767,0,0,0,0,0,0,0,0,0,0,0,0
17985,C3D8,0.325767,0,0,0,0,0,0,0,0,0,0,0,0
17986,C3D8,0.325766,0,0,0,0,0,0,0,0,0,0,0,0
17987,C3D8,0.325766,0,0,0,0,0,0,0,0,0,0,0,0
17988,C3D8,0.325766,0,0,0,0,0,0,0,0,0,0,0,0
17989,C3D8,0.325767,0,0,0,0,0,0,0,0,0,0,0,0
17990,C3D8,0.325767,0,0,0,0,0,0,0,0,0,0,0,0
17991,C3D8,0.325767,0,0,0,0,0,0,0,0,0,0,0,0
17992,C3D8,0.325766,0,0,0,0,0,0,0,0,0,0,0,0
17993,C3D8,0.325766,0,0,0,0,0,0,0,0,0,0,0,0
17994,C3D8,0.325766,0,0,0,0,0,0,0,0,0,0,0,0
17995,C3D8,0.325767,0,0,0,0,0,0,0,0,0,0,0,0
17996,C3D8,0.325767,0,0,0,0,0,0,0,0,0,0,0,0
17997,C3D8,0.325767,0,0,0,0,0,0,0,0,0,0,0,0
17998,C3D8,0.325766,0,0,0,0,0,0,0,0,0,0,0,0
17999,C3D8,0.325766,0,0,0,0,0,0,0,0,0,0,0,0
18000,C3D8,0.325766,0,0,0,0,0,0,0,0,0,0,0,0
18001,C3D8,0.325767,0,0,0,0,0,0,0,0,0,0,0,0
18002,C3D8,0.325767,0,0,0,0,0,0,0,0,0,0,0,0
18003,C3D8,0.325767,0,0,0,0,0,0,0,0,0,0,0,0
18004,C3D8,0.325766,0,0,0,0,0,0,0,0,0,0,0,0
18005,C3D8,0.325766,0,0,0,0,0,0,0,0,0,0,0,0
18006,C3D8,0.325766,0,0,0,0,0,0,0,0,0,0,0,0
18007,C3D8,0.325766,0,0,0,0,0,0,0,0,0,0,0,0
18008,C3D8,0.325766,0,0,0,0,0,0,0,0,0,0,0,0
18009,C3D8,0.325766,0,0,0,0,0,0,0,0,0,0,0,0
18010,C3D8,0.325767,0,0,0,0,0,0,0,0,0,0,0,0
18011,C3D8,0.325767,0,0,0,0,0,0,0,0,0,0,0,0
18012,C3D8,0.325767,0,0,0,0,0,0,0,0,0,0,0,0
18013,C3D8,0.325766,0,0,0,0,0,0,0,0,0,0,0,0
18014,C3D8,0.325766,0,0,0,0,0,0,0,0,0,0,0,0
18015,C3D8,0.325766,0,0,0,0,0,0,0,0,0,0,0,0
18016,C3D8,0.325766,0,0,0,0,0,0,0,0,0,0,0,0
18017,C3D8,0.325766,0,0,0,0,0,0,0,0,0,0,0,0
18018,C3D8,0.325766,0,0,0,0,0,0,0,0,0,0,0,0
18019,C3D8,0.325767,0,0,0,0,0,0,0,0,0,0,0,0
18020,C3D8,0.325767,0,0,0,0,0,0,0,0,0,0,0,0
18021,C3D8,0.325767,0,0,0,0,0,0,0,0,0,0,0,0
18022,C3D8,0.325766,0,0,0,0,0,0,0,0,0,0,0,0
18023,C3D8,0.325766,0,0,0,0,0,0,0,0,0,0,0,0
18024,C3D8,0.325766,0,0,0,0,0,0,0,0,0,0,0,0
18025,C3D8,0.325766,0,0,0,0,0,0,0,0,0,0,0,0
18026,C3D8,0.325766,0,0,0,0,0,0,0,0,0,0,0,0
18027,C3D8,0.325766,0,0,0,0,0,0,0,0,0,0,0,0
18028,C3D8,0.325766,0,0,0,0,0,0,0,0,0,0,0,0
18029,C3D8,0.325766,0,0,0,0,0,0,0,0,0,0,0,0
18030,C3D8,0.325766,0,0,0,0,0,0,0,0,0,0,0,0
18031,C3D8,0.325767,0,0,0,0,0,0,0,0,0,0,0,0
18032,C3D8,0.325767,0,0,0,0,0,0,0,0,0,0,0,0
18033,C3D8,0.325767,0,0,0,0,0,0,0,0,0,0,0,0
18034,C3D8,0.325766,0,0,0,0,0,0,0,0,0,0,0,0
18035,C3D8,0.325766,0,0,0,0,0,0,0,0,0,0,0,0
18036,C3D8,0.325766,0,0,0,0,0,0,0,0,0,0,0,0
18037,C3D8,0.325766,0,0,0,0,0,0,0,0,0,0,0,0
18038,C3D8,0.325766,0,0,0,0,0,0,0,0,0,0,0,0
18039,C3D8,0.325766,0,0,0,0,0,0,0,0,0,0,0,0
18040,C3D8,0.325766,0,0,0,0,0,0,0,0,0,0,0,0
18041,C3D8,0.325766,0,0,0,0,0,0,0,0,0,0,0,0
18042,C3D8,0.325766,0,0,0,0,0,0,0,0,0,0,0,0
18043,C3D8,0.325767,0,0,0,0,0,0,0,0,0,0,0,0
18044,C3D8,0.325767,0,0,0,0,0,0,0,0,0,0,0,0
18045,C3D8,0.325767,0,0,0,0,0,0,0,0,0,0,0,0
18046,C3D8,0.325766,0,0,0,0,0,0,0,0,0,0,0,0
18047,C3D8,0.325766,0,0,0,0,0,0,0,0,0,0,0,0
18048,C3D8,0.325766,0,0,0,0,0,0,0,0,0,0,0,0
18049,C3D8,0.325766,0,0,0,0,0,0,0,0,0,0,0,0
18050,C3D8,0.325766,0,0,0,0,0,0,0,0,0,0,0,0
18051,C3D8,0.325766,0,0,0,0,0,0,0,0,0,0,0,0
18052,C3D8,0.325766,0,0,0,0,0,0,0,0,0,0,0,0
18053,C3D8,0.325766,0,0,0,0,0,0,0,0,0,0,0,0
18054,C3D8,0.325766,0,0,0,0,0,0,0,0,0,0,0,0
18055,C3D8,0.325767,0,0,0,0,0,0,0,0,0,0,0,0
18056,C3D8,0.325767,0,0,0,0,0,0,0,0,0,0,0,0
18057,C3D8,0.325767,0,0,0,0,0,0,0,0,0,0,0,0
18058,C3D8,0.325766,0,0,0,0,0,0,0,0,0,0,0,0
18059,C3D8,0.325766,0,0,0,0,0,0,0,0,0,0,0,0
18060,C3D8,0.325766,0,0,0,0,0,0,0,0,0,0,0,0
18061,C3D8,0.325766,0,0,0,0,0,0,0,0,0,0,0,0
18062,C3D8,0.325766,0,0,0,0,0,0,0,0,0,0,0,0
18063,C3D8,0.325766,0,0,0,0,0,0,0,0,0,0,0,0
18064,C3D8,0.325767,0,0,0,0,0,0,0,0,0,0,0,0
18065,C3D8,0.325767,0,0,0,0,0,0,0,0,0,0,0,0
18066,C3D8,0.325767,0,0,0,0,0,0,0,0,0,0,0,0
18067,C3D8,0.325766,0,0,0,0,0,0,0,0,0,0,0,0
18068,C3D8,0.325766,0,0,0,0,0,0,0,0,0,0,0,0
18069,C3D8,0.325766,0,0,0,0,0,0,0,0,0,0,0,0
18070,C3D8,0.325766,0,0,0,0,0,0,0,0,0,0,0,0
18071,C3D8,0.325766,0,0,0,0,0,0,0,0,0,0,0,0
18072,C3D8,0.325766,0,0,0,0,0,0,0,0,0,0,0,0
18073,C3D8,0.325766,0,0,0,0,0,0,0,0,0,0,0,0
18074,C3D8,0.325766,0,0,0,0,0,0,0,0,0,0,0,0
18075,C3D8,0.325766,0,0,0,0,0,0,0,0,0,0,0,0
18076,C3D8,0.325767,0,0,0,0,0,0,0,0,0,0,0,0
18077,C3D8,0.325767,0,0,0,0,0,0,0,0,0,0,0,0
18078,C3D8,0.325767,0,0,0,0,0,0,0,0,0,0,0,0
18079,C3D8,0.325766,0,0,0,0,0,0,0,0,0,0,0,0
18080,C3D8,0.325766,0,0,0,0,0,0,0,0,0,0,0,0
18081,C3D8,0.325766,0,0,0,0,0,0,0,0,0,0,0,0
18082,C3D8,0.325766,0,0,0,0,0,0,0,0,0,0,0,0
18083,C3D8,0.325766,0,0,0,0,0,0,0,0,0,0,0,0
18084,C3D8,0.325766,0,0,0,0,0,0,0,0,0,0,0,0
18085,C3D8,0.325766,0,0,0,0,0,0,0,0,0,0,0,0
18086,C3D8,0.325766,0,0,0,0,0,0,0,0,0,0,0,0
18087,C3D8,0.325766,0,0,0,0,0,0,0,0,0,0,0,0
18088,C3D8,0.325767,0,0,0,0,0,0,0,0,0,0,0,0
18089,C3D8,0.325767,0,0,0,0,0,0,0,0,0,0,0,0
18090,C3D8,0.325767,0,0,0,0,0,0,0,0,0,0,0,0
18091,C3D8,0.325766,0,0,0,0,0,0,0,0,0,0,0,0
18092,C3D8,0.325766,0,0,0,0,0,0,0,0,0,0,0,0
18093,C3D8,0.325766,0,0,0,0,0,0,0,0,0,0,0,0
18094,C3D8,0.325766,0,0,0,0,0,0,0,0,0,0,0,0
18095,C3D8,0.325766,0,0,0,0,0,0,0,0,0,0,0,0
18096,C3D8,0.325766,0,0,0,0,0,0,0,0,0,0,0,0
18097,C3D8,0.325766,0,0,0,0,0,0,0,0,0,0,0,0
18098,C3D8,0.325766,0,0,0,0,0,0,0,0,0,0,0,0
18099,C3D8,0.325766,0,0,0,0,0,0,0,0,0,0,0,0
18100,C3D8,0.325767,0,0,0,0,0,0,0,0,0,0,0,0
18101,C3D8,0.325767,0,0,0,0,0,0,0,0,0,0,0,0
18102,C3D8,0.325767,0,0,0,0,0,0,0,0,0,0,0,0
18103,C3D8,0.325765,0,0,0,0,0,0,0,0,0,0,0,0
18104,C3D8,0.325765,0,0,0,0,0,0,0,0,0,0,0,0
18105,C3D8,0.325765,0,0,0,0,0,0,0,0,0,0,0,0
18106,C3D8,0.325769,0,0,0,0,0,0,0,0,0,0,0,0
18107,C3D8,0.325769,0,0,0,0,0,0,0,0,0,0,0,0
18108,C3D8,0.325769,0,0,0,0,0,0,0,0,0,0,0,0
18109,C3D8,0.325766,0,0,0,0,0,0,0,0,0,0,0,0
18110,C3D8,0.325766,0,0,0,0,0,0,0,0,0,0,0,0
18111,C3D8,0.325766,0,0,0,0,0,0,0,0,0,0,0,0
18112,C3D8,0.325766,0,0,0,0,0,0,0,0,0,0,0,0
18113,C3D8,0.325766,0,0,0,0,0,0,0,0,0,0,0,0
18114,C3D8,0.325766,0,0,0,0,0,0,0,0,0,0,0,0
18115,C3D8,0.325766,0,0,0,0,0,0,0,0,0,0,0,0
18116,C3D8,0.325766,0,0,0,0,0,0,0,0,0,0,0,0
18117,C3D8,0.325766,0,0,0,0,0,0,0,0,0,0,0,0
18118,C3D8,0.325767,0,0,0,0,0,0,0,0,0,0,0,0
18119,C3D8,0.325767,0,0,0,0,0,0,0,0,0,0,0,0
18120,C3D8,0.325767,0,0,0,0,0,0,0,0,0,0,0,0
18121,C3D8,0.325766,0,0,0,0,0,0,0,0,0,0,0,0
18122,C3D8,0.325766,0,0,0,0,0,0,0,0,0,0,0,0
18123,C3D8,0.325766,0,0,0,0,0,0,0,0,0,0,0,0
18124,C3D8,0.325767,0,0,0,0,0,0,0,0,0,0,0,0
18125,C3D8,0.325767,0,0,0,0,0,0,0,0,0,0,0,0
18126,C3D8,0.325767,0,0,0,0,0,0,0,0,0,0,0,0
18127,C3D8,0.325766,0,0,0,0,0,0,0,0,0,0,0,0
18128,C3D8,0.325766,0,0,0,0,0,0,0,0,0,0,0,0
18129,C3D8,0.325766,0,0,0,0,0,0,0,0,0,0,0,0
18130,C3D8,0.325767,0,0,0,0,0,0,0,0,0,0,0,0
18131,C3D8,0.325767,0,0,0,0,0,0,0,0,0,0,0,0
18132,C3D8,0.325767,0,0,0,0,0,0,0,0,0,0,0,0
18133,C3D8,0.325766,0,0,0,0,0,0,0,0,0,0,0,0
18134,C3D8,0.325766,0,0,0,0,0,0,0,0,0,0,0,0
18135,C3D8,0.325766,0,0,0,0,0,0,0,0,0,0,0,0
18136,C3D8,0.325767,0,0,0,0,0,0,0,0,0,0,0,0
18137,C3D8,0.325767,0,0,0,0,0,0,0,0,0,0,0,0
18138,C3D8,0.325767,0,0,0,0,0,0,0,0,0,0,0,0
18139,C3D8,0.325766,0,0,0,0,0,0,0,0,0,0,0,0
18140,C3D8,0.325766,0,0,0,0,0,0,0,0,0,0,0,0
18141,C3D8,0.325766,0,0,0,0,0,0,0,0,0,0,0,0
18142,C3D8,0.325767,0,0,0,0,0,0,0,0,0,0,0,0
18143,C3D8,0.325767,0,0,0,0,0,0,0,0,0,0,0,0
18144,C3D8,0.325767,0,0,0,0,0,0,0,0,0,0,0,0
18145,C3D8,0.325766,0,0,0,0,0,0,0,0,0,0,0,0
18146,C3D8,0.325766,0,0,0,0,0,0,0,0,0,0,0,0
18147,C3D8,0.325766,0,0,0,0,0,0,0,0,0,0,0,0
18148,C3D8,0.325767,0,0,0,0,0,0,0,0,0,0,0,0
18149,C3D8,0.325767,0,0,0,0,0,0,0,0,0,0,0,0
18150,C3D8,0.325767,0,0,0,0,0,0,0,0,0,0,0,0
18151,C3D8,0.325766,0,0,0,0,0,0,0,0,0,0,0,0
18152,C3D8,0.325766,0,0,0,0,0,0,0,0,0,0,0,0
18153,C3D8,0.325766,0,0,0,0,0,0,0,0,0,0,0,0
18154,C3D8,0.325767,0,0,0,0,0,0,0,0,0,0,0,0
18155,C3D8,0.325767,0,0,0,0,0,0,0,0,0,0,0,0
18156,C3D8,0.325767,0,0,0,0,0,0,0,0,0,0,0,0
18157,C3D8,0.325766,0,0,0,0,0,0,0,0,0,0,0,0
18158,C3D8,0.325766,0,0,0,0,0,0,0,0,0,0,0,0
18159,C3D8,0.325766,0,0,0,0,0,0,0,0,0,0,0,0
18160,C3D8,0.325767,0,0,0,0,0,0,0,0,0,0,0,0
18161,C3D8,0.325767,0,0,0,0,0,0,0,0,0,0,0,0
18162,C3D8,0.325767,0,0,0,0,0,0,0,0,0,0,0,0
18163,C3D8,0.325766,0,0,0,0,0,0,0,0,0,0,0,0
18164,C3D8,0.325766,0,0,0,0,0,0,0,0,0,0,0,0
18165,C3D8,0.325766,0,0,0,0,0,0,0,0,0,0,0,0
18166,C3D8,0.325766,0,0,0,0,0,0,0,0,0,0,0,0
18167,C3D8,0.325766,0,0,0,0,0,0,0,0,0,0,0,0
18168,C3D8,0.325766,0,0,0,0,0,0,0,0,0,0,0,0
18169,C3D8,0.325767,0,0,0,0,0,0,0,0,0,0,0,0
18170,C3D8,0.325767,0,0,0,0,0,0,0,0,0,0,0,0
18171,C3D8,0.325767,0,0,0,0,0,0,0,0,0,0,0,0
18172,C3D8,0.325766,0,0,0,0,0,0,0,0,0,0,0,0
18173,C3D8,0.325766,0,0,0,0,0,0,0,0,0,0,0,0
18174,C3D8,0.325766,0,0,0,0,0,0,0,0,0,0,0,0
18175,C3D8,0.325766,0,0,0,0,0,0,0,0,0,0,0,0
18176,C3D8,0.325766,0,0,0,0,0,0,0,0,0,0,0,0
18177,C3D8,0.325766,0,0,0,0,0,0,0,0,0,0,0,0
18178,C3D8,0.325767,0,0,0,0,0,0,0,0,0,0,0,0
18179,C3D8,0.325767,0,0,0,0,0,0,0,0,0,0,0,0
18180,C3D8,0.325767,0,0,0,0,0,0,0,0,0,0,0,0
18181,C3D8,0.325766,0,0,0,0,0,0,0,0,0,0,0,0
18182,C3D8,0.325766,0,0,0,0,0,0,0,0,0,0,0,0
18183,C3D8,0.325766,0,0,0,0,0,0,0,0,0,0,0,0
18184,C3D8,0.325766,0,0,0,0,0,0,0,0,0,0,0,0
18185,C3D8,0.325766,0,0,0,0,0,0,0,0,0,0,0,0
18186,C3D8,0.325766,0,0,0,0,0,0,0,0,0,0,0,0
18187,C3D8,0.325766,0,0,0,0,0,0,0,0,0,0,0,0
18188,C3D8,0.325766,0,0,0,0,0,0,0,0,0,0,0,0
18189,C3D8,0.325766,0,0,0,0,0,0,0,0,0,0,0,0
18190,C3D8,0.325767,0,0,0,0,0,0,0,0,0,0,0,0
18191,C3D8,0.325767,0,0,0,0,0,0,0,0,0,0,0,0
18192,C3D8,0.325767,0,0,0,0,0,0,0,0,0,0,0,0
18193,C3D8,0.325766,0,0,0,0,0,0,0,0,0,0,0,0
18194,C3D8,0.325766,0,0,0,0,0,0,0,0,0,0,0,0
18195,C3D8,0.325766,0,0,0,0,0,0,0,0,0,0,0,0
18196,C3D8,0.325766,0,0,0,0,0,0,0,0,0,0,0,0
18197,C3D8,0.325766,0,0,0,0,0,0,0,0,0,0,0,0
18198,C3D8,0.325766,0,0,0,0,0,0,0,0,0,0,0,0
18199,C3D8,0.325766,0,0,0,0,0,0,0,0,0,0,0,0
18200,C3D8,0.325766,0,0,0,0,0,0,0,0,0,0,0,0
18201,C3D8,0.325766,0,0,0,0,0,0,0,0,0,0,0,0
18202,C3D8,0.325767,0,0,0,0,0,0,0,0,0,0,0,0
18203,C3D8,0.325767,0,0,0,0,0,0,0,0,0,0,0,0
18204,C3D8,0.325767,0,0,0,0,0,0,0,0,0,0,0,0
18205,C3D8,0.325766,0,0,0,0,0,0,0,0,0,0,0,0
18206,C3D8,0.325766,0,0,0,0,0,0,0,0,0,0,0,0
18207,C3D8,0.325766,0,0,0,0,0,0,0,0,0,0,0,0
18208,C3D8,0.325766,0,0,0,0,0,0,0,0,0,0,0,0
18209,C3D8,0.325766,0,0,0,0,0,0,0,0,0,0,0,0
18210,C3D8,0.325766,0,0,0,0,0,0,0,0,0,0,0,0
18211,C3D8,0.325766,0,0,0,0,0,0,0,0,0,0,0,0
18212,C3D8,0.325766,0,0,0,0,0,0,0,0,0,0,0,0
18213,C3D8,0.325766,0,0,0,0,0,0,0,0,0,0,0,0
18214,C3D8,0.325767,0,0,0,0,0,0,0,0,0,0,0,0
18215,C3D8,0.325767,0,0,0,0,0,0,0,0,0,0,0,0
18216,C3D8,0.325767,0,0,0,0,0,0,0,0,0,0,0,0
18217,C3D8,0.325766,0,0,0,0,0,0,0,0,0,0,0,0
18218,C3D8,0.325766,0,0,0,0,0,0,0,0,0,0,0,0
18219,C3D8,0.325766,0,0,0,0,0,0,0,0,0,0,0,0
18220,C3D8,0.325766,0,0,0,0,0,0,0,0,0,0,0,0
18221,C3D8,0.325766,0,0,0,0,0,0,0,0,0,0,0,0
18222,C3D8,0.325766,0,0,0,0,0,0,0,0,0,0,0,0
18223,C3D8,0.325767,0,0,0,0,0,0,0,0,0,0,0,0
18224,C3D8,0.325767,0,0,0,0,0,0,0,0,0,0,0,0
18225,C3D8,0.325767,0,0,0,0,0,0,0,0,0,0,0,0
18226,C3D8,0.325766,0,0,0,0,0,0,0,0,0,0,0,0
18227,C3D8,0.325766,0,0,0,0,0,0,0,0,0,0,0,0
18228,C3D8,0.325766,0,0,0,0,0,0,0,0,0,0,0,0
18229,C3D8,0.325766,0,0,0,0,0,0,0,0,0,0,0,0
18230,C3D8,0.325766,0,0,0,0,0,0,0,0,0,0,0,0
18231,C3D8,0.325766,0,0,0,0,0,0,0,0,0,0,0,0
18232,C3D8,0.325766,0,0,0,0,0,0,0,0,0,0,0,0
18233,C3D8,0.325766,0,0,0,0,0,0,0,0,0,0,0,0
18234,C3D8,0.325766,0,0,0,0,0,0,0,0,0,0,0,0
18235,C3D8,0.325767,0,0,0,0,0,0,0,0,0,0,0,0
18236,C3D8,0.325767,0,0,0,0,0,0,0,0,0,0,0,0
18237,C3D8,0.325767,0,0,0,0,0,0,0,0,0,0,0,0
18238,C3D8,0.325766,0,0,0,0,0,0,0,0,0,0,0,0
18239,C3D8,0.325766,0,0,0,0,0,0,0,0,0,0,0,0
18240,C3D8,0.325766,0,0,0,0,0,0,0,0,0,0,0,0
18241,C3D8,0.325766,0,0,0,0,0,0,0,0,0,0,0,0
18242,C3D8,0.325766,0,0,0,0,0,0,0,0,0,0,0,0
18243,C3D8,0.325766,0,0,0,0,0,0,0,0,0,0,0,0
18244,C3D8,0.325766,0,0,0,0,0,0,0,0,0,0,0,0
18245,C3D8,0.325766,0,0,0,0,0,0,0,0,0,0,0,0
18246,C3D8,0.325766,0,0,0,0,0,0,0,0,0,0,0,0
18247,C3D8,0.325767,0,0,0,0,0,0,0,0,0,0,0,0
18248,C3D8,0.325767,0,0,0,0,0,0,0,0,0,0,0,0
18249,C3D8,0.325767,0,0,0,0,0,0,0,0,0,0,0,0
18250,C3D8,0.325766,0,0,0,0,0,0,0,0,0,0,0,0
18251,C3D8,0.325766,0,0,0,0,0,0,0,0,0,0,0,0
18252,C3D8,0.325766,0,0,0,0,0,0,0,0,0,0,0,0
18253,C3D8,0.325766,0,0,0,0,0,0,0,0,0,0,0,0
18254,C3D8,0.325766,0,0,0,0,0,0,0,0,0,0,0,0
18255,C3D8,0.325766,0,0,0,0,0,0,0,0,0,0,0,0
18256,C3D8,0.325766,0,0,0,0,0,0,0,0,0,0,0,0
18257,C3D8,0.325766,0,0,0,0,0,0,0,0,0,0,0,0
18258,C3D8,0.325766,0,0,0,0,0,0,0,0,0,0,0,0
18259,C3D8,0.325767,0,0,0,0,0,0,0,0,0,0,0,0
18260,C3D8,0.325767,0,0,0,0,0,0,0,0,0,0,0,0
18261,C3D8,0.325767,0,0,0,0,0,0,0,0,0,0,0,0
18262,C3D8,0.325765,0,0,0,0,0,0,0,0,0,0,0,0
18263,C3D8,0.325765,0,0,0,0,0,0,0,0,0,0,0,0
18264,C3D8,0.325765,0,0,0,0,0,0,0,0,0,0,0,0
18265,C3D8,0.325769,0,0,0,0,0,0,0,0,0,0,0,0
18266,C3D8,0.325769,0,0,0,0,0,0,0,0,0,0,0,0
18267,C3D8,0.325769,0,0,0,0,0,0,0,0,0,0,0,0
18268,C3D8,0.325766,0,0,0,0,0,0,0,0,0,0,0,0
18269,C3D8,0.325766,0,0,0,0,0,0,0,0,0,0,0,0
18270,C3D8,0.325766,0,0,0,0,0,0,0,0,0,0,0,0
18271,C3D8,0.325766,0,0,0,0,0,0,0,0,0,0,0,0
18272,C3D8,0.325766,0,0,0,0,0,0,0,0,0,0,0,0
18273,C3D8,0.325766,0,0,0,0,0,0,0,0,0,0,0,0
18274,C3D8,0.325766,0,0,0,0,0,0,0,0,0,0,0,0
18275,C3D8,0.325766,0,0,0,0,0,0,0,0,0,0,0,0
18276,C3D8,0.325766,0,0,0,0,0,0,0,0,0,0,0,0
18277,C3D8,0.325767,0,0,0,0,0,0,0,0,0,0,0,0
18278,C3D8,0.325767,0,0,0,0,0,0,0,0,0,0,0,0
18279,C3D8,0.325767,0,0,0,0,0,0,0,0,0,0,0,0
18280,C3D8,0.325766,0,0,0,0,0,0,0,0,0,0,0,0
18281,C3D8,0.325766,0,0,0,0,0,0,0,0,0,0,0,0
18282,C3D8,0.325766,0,0,0,0,0,0,0,0,0,0,0,0
18283,C3D8,0.325767,0,0,0,0,0,0,0,0,0,0,0,0
18284,C3D8,0.325767,0,0,0,0,0,0,0,0,0,0,0,0
18285,C3D8,0.325767,0,0,0,0,0,0,0,0,0,0,0,0
18286,C3D8,0.325766,0,0,0,0,0,0,0,0,0,0,0,0
18287,C3D8,0.325766,0,0,0,0,0,0,0,0,0,0,0,0
18288,C3D8,0.325766,0,0,0,0,0,0,0,0,0,0,0,0
18289,C3D8,0.325767,0,0,0,0,0,0,0,0,0,0,0,0
18290,C3D8,0.325767,0,0,0,0,0,0,0,0,0,0,0,0
18291,C3D8,0.325767,0,0,0,0,0,0,0,0,0,0,0,0
18292,C3D8,0.325766,0,0,0,0,0,0,0,0,0,0,0,0
18293,C3D8,0.325766,0,0,0,0,0,0,0,0,0,0,0,0
18294,C3D8,0.325766,0,0,0,0,0,0,0,0,0,0,0,0
18295,C3D8,0.325767,0,0,0,0,0,0,0,0,0,0,0,0
18296,C3D8,0.325767,0,0,0,0,0,0,0,0,0,0,0,0
18297,C3D8,0.325767,0,0,0,0,0,0,0,0,0,0,0,0
18298,C3D8,0.325766,0,0,0,0,0,0,0,0,0,0,0,0
18299,C3D8,0.325766,0,0,0,0,0,0,0,0,0,0,0,0
18300,C3D8,0.325766,0,0,0,0,0,0,0,0,0,0,0,0
18301,C3D8,0.325767,0,0,0,0,0,0,0,0,0,0,0,0
18302,C3D8,0.325767,0,0,0,0,0,0,0,0,0,0,0,0
18303,C3D8,0.325767,0,0,0,0,0,0,0,0,0,0,0,0
18304,C3D8,0.325766,0,0,0,0,0,0,0,0,0,0,0,0
18305,C3D8,0.325766,0,0,0,0,0,0,0,0,0,0,0,0
18306,C3D8,0.325766,0,0,0,0,0,0,0,0,0,0,0,0
18307,C3D8,0.325767,0,0,0,0,0,0,0,0,0,0,0,0
18308,C3D8,0.325767,0,0,0,0,0,0,0,0,0,0,0,0
18309,C3D8,0.325767,0,0,0,0,0,0,0,0,0,0,0,0
18310,C3D8,0.325766,0,0,0,0,0,0,0,0,0,0,0,0
18311,C3D8,0.325766,0,0,0,0,0,0,0,0,0,0,0,0
18312,C3D8,0.325766,0,0,0,0,0,0,0,0,0,0,0,0
18313,C3D8,0.325767,0,0,0,0,0,0,0,0,0,0,0,0
18314,C3D8,0.325767,0,0,0,0,0,0,0,0,0,0,0,0
18315,C3D8,0.325767,0,0,0,0,0,0,0,0,0,0,0,0
18316,C3D8,0.325766,0,0,0,0,0,0,0,0,0,0,0,0
18317,C3D8,0.325766,0,0,0,0,0,0,0,0,0,0,0,0
18318,C3D8,0.325766,0,0,0,0,0,0,0,0,0,0,0,0
18319,C3D8,0.325767,0,0,0,0,0,0,0,0,0,0,0,0
18320,C3D8,0.325767,0,0,0,0,0,0,0,0,0,0,0,0
18321,C3D8,0.325767,0,0,0,0,0,0,0,0,0,0,0,0
18322,C3D8,0.325766,0,0,0,0,0,0,0,0,0,0,0,0
18323,C3D8,0.325766,0,0,0,0,0,0,0,0,0,0,0,0
18324,C3D8,0.325766,0,0,0,0,0,0,0,0,0,0,0,0
18325,C3D8,0.325766,0,0,0,0,0,0,0,0,0,0,0,0
18326,C3D8,0.325766,0,0,0,0,0,0,0,0,0,0,0,0
18327,C3D8,0.325766,0,0,0,0,0,0,0,0,0,0,0,0
18328,C3D8,0.325767,0,0,0,0,0,0,0,0,0,0,0,0
18329,C3D8,0.325767,0,0,0,0,0,0,0,0,0,0,0,0
18330,C3D8,0.325767,0,0,0,0,0,0,0,0,0,0,0,0
18331,C3D8,0.325766,0,0,0,0,0,0,0,0,0,0,0,0
18332,C3D8,0.325766,0,0,0,0,0,0,0,0,0,0,0,0
18333,C3D8,0.325766,0,0,0,0,0,0,0,0,0,0,0,0
18334,C3D8,0.325766,0,0,0,0,0,0,0,0,0,0,0,0
18335,C3D8,0.325766,0,0,0,0,0,0,0,0,0,0,0,0
18336,C3D8,0.325766,0,0,0,0,0,0,0,0,0,0,0,0
18337,C3D8,0.325767,0,0,0,0,0,0,0,0,0,0,0,0
18338,C3D8,0.325767,0,0,0,0,0,0,0,0,0,0,0,0
18339,C3D8,0.325767,0,0,0,0,0,0,0,0,0,0,0,0
18340,C3D8,0.325766,0,0,0,0,0,0,0,0,0,0,0,0
18341,C3D8,0.325766,0,0,0,0,0,0,0,0,0,0,0,0
18342,C3D8,0.325766,0,0,0,0,0,0,0,0,0,0,0,0
18343,C3D8,0.325766,0,0,0,0,0,0,0,0,0,0,0,0
18344,C3D8,0.325766,0,0,0,0,0,0,0,0,0,0,0,0
18345,C3D8,0.325766,0,0,0,0,0,0,0,0,0,0,0,0
18346,C3D8,0.325766,0,0,0,0,0,0,0,0,0,0,0,0
18347,C3D8,0.325766,0,0,0,0,0,0,0,0,0,0,0,0
18348,C3D8,0.325766,0,0,0,0,0,0,0,0,0,0,0,0
18349,C3D8,0.325767,0,0,0,0,0,0,0,0,0,0,0,0
18350,C3D8,0.325767,0,0,0,0,0,0,0,0,0,0,0,0
18351,C3D8,0.325767,0,0,0,0,0,0,0,0,0,0,0,0
18352,C3D8,0.325766,0,0,0,0,0,0,0,0,0,0,0,0
18353,C3D8,0.325766,0,0,0,0,0,0,0,0,0,0,0,0
18354,C3D8,0.325766,0,0,0,0,0,0,0,0,0,0,0,0
18355,C3D8,0.325766,0,0,0,0,0,0,0,0,0,0,0,0
18356,C3D8,0.325766,0,0,0,0,0,0,0,0,0,0,0,0
18357,C3D8,0.325766,0,0,0,0,0,0,0,0,0,0,0,0
18358,C3D8,0.325766,0,0,0,0,0,0,0,0,0,0,0,0
18359,C3D8,0.325766,0,0,0,0,0,0,0,0,0,0,0,0
18360,C3D8,0.325766,0,0,0,0,0,0,0,0,0,0,0,0
18361,C3D8,0.325767,0,0,0,0,0,0,0,0,0,0,0,0
18362,C3D8,0.325767,0,0,0,0,0,0,0,0,0,0,0,0
18363,C3D8,0.325767,0,0,0,0,0,0,0,0,0,0,0,0
18364,C3D8,0.325766,0,0,0,0,0,0,0,0,0,0,0,0
18365,C3D8,0.325766,0,0,0,0,0,0,0,0,0,0,0,0
18366,C3D8,0.325766,0,0,0,0,0,0,0,0,0,0,0,0
18367,C3D8,0.325766,0,0,0,0,0,0,0,0,0,0,0,0
18368,C3D8,0.325766,0,0,0,0,0,0,0,0,0,0,0,0
18369,C3D8,0.325766,0,0,0,0,0,0,0,0,0,0,0,0
18370,C3D8,0.325766,0,0,0,0,0,0,0,0,0,0,0,0
18371,C3D8,0.325766,0,0,0,0,0,0,0,0,0,0,0,0
18372,C3D8,0.325766,0,0,0,0,0,0,0,0,0,0,0,0
18373,C3D8,0.325767,0,0,0,0,0,0,0,0,0,0,0,0
18374,C3D8,0.325767,0,0,0,0,0,0,0,0,0,0,0,0
18375,C3D8,0.325767,0,0,0,0,0,0,0,0,0,0,0,0
18376,C3D8,0.325766,0,0,0,0,0,0,0,0,0,0,0,0
18377,C3D8,0.325766,0,0,0,0,0,0,0,0,0,0,0,0
18378,C3D8,0.325766,0,0,0,0,0,0,0,0,0,0,0,0
18379,C3D8,0.325766,0,0,0,0,0,0,0,0,0,0,0,0
18380,C3D8,0.325766,0,0,0,0,0,0,0,0,0,0,0,0
18381,C3D8,0.325766,0,0,0,0,0,0,0,0,0,0,0,0
18382,C3D8,0.325767,0,0,0,0,0,0,0,0,0,0,0,0
18383,C3D8,0.325767,0,0,0,0,0,0,0,0,0,0,0,0
18384,C3D8,0.325767,0,0,0,0,0,0,0,0,0,0,0,0
18385,C3D8,0.325766,0,0,0,0,0,0,0,0,0,0,0,0
18386,C3D8,0.325766,0,0,0,0,0,0,0,0,0,0,0,0
18387,C3D8,0.325766,0,0,0,0,0,0,0,0,0,0,0,0
18388,C3D8,0.325766,0,0,0,0,0,0,0,0,0,0,0,0
18389,C3D8,0.325766,0,0,0,0,0,0,0,0,0,0,0,0
18390,C3D8,0.325766,0,0,0,0,0,0,0,0,0,0,0,0
18391,C3D8,0.325766,0,0,0,0,0,0,0,0,0,0,0,0
18392,C3D8,0.325766,0,0,0,0,0,0,0,0,0,0,0,0
18393,C3D8,0.325766,0,0,0,0,0,0,0,0,0,0,0,0
18394,C3D8,0.325767,0,0,0,0,0,0,0,0,0,0,0,0
18395,C3D8,0.325767,0,0,0,0,0,0,0,0,0,0,0,0
18396,C3D8,0.325767,0,0,0,0,0,0,0,0,0,0,0,0
18397,C3D8,0.325766,0,0,0,0,0,0,0,0,0,0,0,0
18398,C3D8,0.325766,0,0,0,0,0,0,0,0,0,0,0,0
18399,C3D8,0.325766,0,0,0,0,0,0,0,0,0,0,0,0
18400,C3D8,0.325766,0,0,0,0,0,0,0,0,0,0,0,0
18401,C3D8,0.325766,0,0,0,0,0,0,0,0,0,0,0,0
18402,C3D8,0.325766,0,0,0,0,0,0,0,0,0,0,0,0
18403,C3D8,0.325766,0,0,0,0,0,0,0,0,0,0,0,0
18404,C3D8,0.325766,0,0,0,0,0,0,0,0,0,0,0,0
18405,C3D8,0.325766,0,0,0,0,0,0,0,0,0,0,0,0
18406,C3D8,0.325767,0,0,0,0,0,0,0,0,0,0,0,0
18407,C3D8,0.325767,0,0,0,0,0,0,0,0,0,0,0,0
18408,C3D8,0.325767,0,0,0,0,0,0,0,0,0,0,0,0
18409,C3D8,0.325766,0,0,0,0,0,0,0,0,0,0,0,0
18410,C3D8,0.325766,0,0,0,0,0,0,0,0,0,0,0,0
18411,C3D8,0.325766,0,0,0,0,0,0,0,0,0,0,0,0
18412,C3D8,0.325766,0,0,0,0,0,0,0,0,0,0,0,0
18413,C3D8,0.325766,0,0,0,0,0,0,0,0,0,0,0,0
18414,C3D8,0.325766,0,0,0,0,0,0,0,0,0,0,0,0
18415,C3D8,0.325766,0,0,0,0,0,0,0,0,0,0,0,0
18416,C3D8,0.325766,0,0,0,0,0,0,0,0,0,0,0,0
18417,C3D8,0.325766,0,0,0,0,0,0,0,0,0,0,0,0
18418,C3D8,0.325767,0,0,0,0,0,0,0,0,0,0,0,0
18419,C3D8,0.325767,0,0,0,0,0,0,0,0,0,0,0,0
18420,C3D8,0.325767,0,0,0,0,0,0,0,0,0,0,0,0
18421,C3D8,0.325765,0,0,0,0,0,0,0,0,0,0,0,0
18422,C3D8,0.325765,0,0,0,0,0,0,0,0,0,0,0,0
18423,C3D8,0.325765,0,0,0,0,0,0,0,0,0,0,0,0
18424,C3D8,0.325769,0,0,0,0,0,0,0,0,0,0,0,0
18425,C3D8,0.325769,0,0,0,0,0,0,0,0,0,0,0,0
18426,C3D8,0.325769,0,0,0,0,0,0,0,0,0,0,0,0
18427,C3D8,0.325766,0,0,0,0,0,0,0,0,0,0,0,0
18428,C3D8,0.325766,0,0,0,0,0,0,0,0,0,0,0,0
18429,C3D8,0.325766,0,0,0,0,0,0,0,0,0,0,0,0
18430,C3D8,0.325766,0,0,0,0,0,0,0,0,0,0,0,0
18431,C3D8,0.325766,0,0,0,0,0,0,0,0,0,0,0,0
18432,C3D8,0.325766,0,0,0,0,0,0,0,0,0,0,0,0
18433,C3D8,0.325766,0,0,0,0,0,0,0,0,0,0,0,0
18434,C3D8,0.325766,0,0,0,0,0,0,0,0,0,0,0,0
18435,C3D8,0.325766,0,0,0,0,0,0,0,0,0,0,0,0
18436,C3D8,0.325767,0,0,0,0,0,0,0,0,0,0,0,0
18437,C3D8,0.325767,0,0,0,0,0,0,0,0,0,0,0,0
18438,C3D8,0.325767,0,0,0,0,0,0,0,0,0,0,0,0
18439,C3D8,0.325766,0,0,0,0,0,0,0,0,0,0,0,0
18440,C3D8,0.325766,0,0,0,0,0,0,0,0,0,0,0,0
18441,C3D8,0.325766,0,0,0,0,0,0,0,0,0,0,0,0
18442,C3D8,0.325767,0,0,0,0,0,0,0,0,0,0,0,0
18443,C3D8,0.325767,0,0,0,0,0,0,0,0,0,0,0,0
18444,C3D8,0.325767,0,0,0,0,0,0,0,0,0,0,0,0
18445,C3D8,0.325766,0,0,0,0,0,0,0,0,0,0,0,0
18446,C3D8,0.325766,0,0,0,0,0,0,0,0,0,0,0,0
18447,C3D8,0.325766,0,0,0,0,0,0,0,0,0,0,0,0
18448,C3D8,0.325767,0,0,0,0,0,0,0,0,0,0,0,0
18449,C3D8,0.325767,0,0,0,0,0,0,0,0,0,0,0,0
18450,C3D8,0.325767,0,0,0,0,0,0,0,0,0,0,0,0
18451,C3D8,0.325766,0,0,0,0,0,0,0,0,0,0,0,0
18452,C3D8,0.325766,0,0,0,0,0,0,0,0,0,0,0,0
18453,C3D8,0.325766,0,0,0,0,0,0,0,0,0,0,0,0
18454,C3D8,0.325767,0,0,0,0,0,0,0,0,0,0,0,0
18455,C3D8,0.325767,0,0,0,0,0,0,0,0,0,0,0,0
18456,C3D8,0.325767,0,0,0,0,0,0,0,0,0,0,0,0
18457,C3D8,0.325766,0,0,0,0,0,0,0,0,0,0,0,0
18458,C3D8,0.325766,0,0,0,0,0,0,0,0,0,0,0,0
18459,C3D8,0.325766,0,0,0,0,0,0,0,0,0,0,0,0
18460,C3D8,0.325767,0,0,0,0,0,0,0,0,0,0,0,0
18461,C3D8,0.325767,0,0,0,0,0,0,0,0,0,0,0,0
18462,C3D8,0.325767,0,0,0,0,0,0,0,0,0,0,0,0
18463,C3D8,0.325766,0,0,0,0,0,0,0,0,0,0,0,0
18464,C3D8,0.325766,0,0,0,0,0,0,0,0,0,0,0,0
18465,C3D8,0.325766,0,0,0,0,0,0,0,0,0,0,0,0
18466,C3D8,0.325767,0,0,0,0,0,0,0,0,0,0,0,0
18467,C3D8,0.325767,0,0,0,0,0,0,0,0,0,0,0,0
18468,C3D8,0.325767,0,0,0,0,0,0,0,0,0,0,0,0
18469,C3D8,0.325766,0,0,0,0,0,0,0,0,0,0,0,0
18470,C3D8,0.325766,0,0,0,0,0,0,0,0,0,0,0,0
18471,C3D8,0.325766,0,0,0,0,0,0,0,0,0,0,0,0
18472,C3D8,0.325767,0,0,0,0,0,0,0,0,0,0,0,0
18473,C3D8,0.325767,0,0,0,0,0,0,0,0,0,0,0,0
18474,C3D8,0.325767,0,0,0,0,0,0,0,0,0,0,0,0
18475,C3D8,0.325766,0,0,0,0,0,0,0,0,0,0,0,0
18476,C3D8,0.325766,0,0,0,0,0,0,0,0,0,0,0,0
18477,C3D8,0.325766,0,0,0,0,0,0,0,0,0,0,0,0
18478,C3D8,0.325767,0,0,0,0,0,0,0,0,0,0,0,0
18479,C3D8,0.325767,0,0,0,0,0,0,0,0,0,0,0,0
18480,C3D8,0.325767,0,0,0,0,0,0,0,0,0,0,0,0
18481,C3D8,0.325766,0,0,0,0,0,0,0,0,0,0,0,0
18482,C3D8,0.325766,0,0,0,0,0,0,0,0,0,0,0,0
18483,C3D8,0.325766,0,0,0,0,0,0,0,0,0,0,0,0
18484,C3D8,0.325766,0,0,0,0,0,0,0,0,0,0,0,0
18485,C3D8,0.325766,0,0,0,0,0,0,0,0,0,0,0,0
18486,C3D8,0.325766,0,0,0,0,0,0,0,0,0,0,0,0
18487,C3D8,0.325767,0,0,0,0,0,0,0,0,0,0,0,0
18488,C3D8,0.325767,0,0,0,0,0,0,0,0,0,0,0,0
18489,C3D8,0.325767,0,0,0,0,0,0,0,0,0,0,0,0
18490,C3D8,0.325766,0,0,0,0,0,0,0,0,0,0,0,0
18491,C3D8,0.325766,0,0,0,0,0,0,0,0,0,0,0,0
18492,C3D8,0.325766,0,0,0,0,0,0,0,0,0,0,0,0
18493,C3D8,0.325766,0,0,0,0,0,0,0,0,0,0,0,0
18494,C3D8,0.325766,0,0,0,0,0,0,0,0,0,0,0,0
18495,C3D8,0.325766,0,0,0,0,0,0,0,0,0,0,0,0
18496,C3D8,0.325767,0,0,0,0,0,0,0,0,0,0,0,0
18497,C3D8,0.325767,0,0,0,0,0,0,0,0,0,0,0,0
18498,C3D8,0.325767,0,0,0,0,0,0,0,0,0,0,0,0
18499,C3D8,0.325766,0,0,0,0,0,0,0,0,0,0,0,0
18500,C3D8,0.325766,0,0,0,0,0,0,0,0,0,0,0,0
18501,C3D8,0.325766,0,0,0,0,0,0,0,0,0,0,0,0
18502,C3D8,0.325766,0,0,0,0,0,0,0,0,0,0,0,0
18503,C3D8,0.325766,0,0,0,0,0,0,0,0,0,0,0,0
18504,C3D8,0.325766,0,0,0,0,0,0,0,0,0,0,0,0
18505,C3D8,0.325766,0,0,0,0,0,0,0,0,0,0,0,0
18506,C3D8,0.325766,0,0,0,0,0,0,0,0,0,0,0,0
18507,C3D8,0.325766,0,0,0,0,0,0,0,0,0,0,0,0
18508,C3D8,0.325767,0,0,0,0,0,0,0,0,0,0,0,0
18509,C3D8,0.325767,0,0,0,0,0,0,0,0,0,0,0,0
18510,C3D8,0.325767,0,0,0,0,0,0,0,0,0,0,0,0
18511,C3D8,0.325766,0,0,0,0,0,0,0,0,0,0,0,0
18512,C3D8,0.325766,0,0,0,0,0,0,0,0,0,0,0,0
18513,C3D8,0.325766,0,0,0,0,0,0,0,0,0,0,0,0
18514,C3D8,0.325766,0,0,0,0,0,0,0,0,0,0,0,0
18515,C3D8,0.325766,0,0,0,0,0,0,0,0,0,0,0,0
18516,C3D8,0.325766,0,0,0,0,0,0,0,0,0,0,0,0
18517,C3D8,0.325766,0,0,0,0,0,0,0,0,0,0,0,0
18518,C3D8,0.325766,0,0,0,0,0,0,0,0,0,0,0,0
18519,C3D8,0.325766,0,0,0,0,0,0,0,0,0,0,0,0
18520,C3D8,0.325767,0,0,0,0,0,0,0,0,0,0,0,0
18521,C3D8,0.325767,0,0,0,0,0,0,0,0,0,0,0,0
18522,C3D8,0.325767,0,0,0,0,0,0,0,0,0,0,0,0
18523,C3D8,0.325766,0,0,0,0,0,0,0,0,0,0,0,0
18524,C3D8,0.325766,0,0,0,0,0,0,0,0,0,0,0,0
18525,C3D8,0.325766,0,0,0,0,0,0,0,0,0,0,0,0
18526,C3D8,0.325766,0,0,0,0,0,0,0,0,0,0,0,0
18527,C3D8,0.325766,0,0,0,0,0,0,0,0,0,0,0,0
18528,C3D8,0.325766,0,0,0,0,0,0,0,0,0,0,0,0
18529,C3D8,0.325766,0,0,0,0,0,0,0,0,0,0,0,0
18530,C3D8,0.325766,0,0,0,0,0,0,0,0,0,0,0,0
18531,C3D8,0.325766,0,0,0,0,0,0,0,0,0,0,0,0
18532,C3D8,0.325767,0,0,0,0,0,0,0,0,0,0,0,0
18533,C3D8,0.325767,0,0,0,0,0,0,0,0,0,0,0,0
18534,C3D8,0.325767,0,0,0,0,0,0,0,0,0,0,0,0
18535,C3D8,0.325766,0,0,0,0,0,0,0,0,0,0,0,0
18536,C3D8,0.325766,0,0,0,0,0,0,0,0,0,0,0,0
18537,C3D8,0.325766,0,0,0,0,0,0,0,0,0,0,0,0
18538,C3D8,0.325766,0,0,0,0,0,0,0,0,0,0,0,0
18539,C3D8,0.325766,0,0,0,0,0,0,0,0,0,0,0,0
18540,C3D8,0.325766,0,0,0,0,0,0,0,0,0,0,0,0
18541,C3D8,0.325767,0,0,0,0,0,0,0,0,0,0,0,0
18542,C3D8,0.325767,0,0,0,0,0,0,0,0,0,0,0,0
18543,C3D8,0.325767,0,0,0,0,0,0,0,0,0,0,0,0
18544,C3D8,0.325766,0,0,0,0,0,0,0,0,0,0,0,0
18545,C3D8,0.325766,0,0,0,0,0,0,0,0,0,0,0,0
18546,C3D8,0.325766,0,0,0,0,0,0,0,0,0,0,0,0
18547,C3D8,0.325766,0,0,0,0,0,0,0,0,0,0,0,0
18548,C3D8,0.325766,0,0,0,0,0,0,0,0,0,0,0,0
18549,C3D8,0.325766,0,0,0,0,0,0,0,0,0,0,0,0
18550,C3D8,0.325766,0,0,0,0,0,0,0,0,0,0,0,0
18551,C3D8,0.325766,0,0,0,0,0,0,0,0,0,0,0,0
18552,C3D8,0.325766,0,0,0,0,0,0,0,0,0,0,0,0
18553,C3D8,0.325767,0,0,0,0,0,0,0,0,0,0,0,0
18554,C3D8,0.325767,0,0,0,0,0,0,0,0,0,0,0,0
18555,C3D8,0.325767,0,0,0,0,0,0,0,0,0,0,0,0
18556,C3D8,0.325766,0,0,0,0,0,0,0,0,0,0,0,0
18557,C3D8,0.325766,0,0,0,0,0,0,0,0,0,0,0,0
18558,C3D8,0.325766,0,0,0,0,0,0,0,0,0,0,0,0
18559,C3D8,0.325766,0,0,0,0,0,0,0,0,0,0,0,0
18560,C3D8,0.325766,0,0,0,0,0,0,0,0,0,0,0,0
18561,C3D8,0.325766,0,0,0,0,0,0,0,0,0,0,0,0
18562,C3D8,0.325766,0,0,0,0,0,0,0,0,0,0,0,0
18563,C3D8,0.325766,0,0,0,0,0,0,0,0,0,0,0,0
18564,C3D8,0.325766,0,0,0,0,0,0,0,0,0,0,0,0
18565,C3D8,0.325767,0,0,0,0,0,0,0,0,0,0,0,0
18566,C3D8,0.325767,0,0,0,0,0,0,0,0,0,0,0,0
18567,C3D8,0.325767,0,0,0,0,0,0,0,0,0,0,0,0
18568,C3D8,0.325766,0,0,0,0,0,0,0,0,0,0,0,0
18569,C3D8,0.325766,0,0,0,0,0,0,0,0,0,0,0,0
18570,C3D8,0.325766,0,0,0,0,0,0,0,0,0,0,0,0
18571,C3D8,0.325766,0,0,0,0,0,0,0,0,0,0,0,0
18572,C3D8,0.325766,0,0,0,0,0,0,0,0,0,0,0,0
18573,C3D8,0.325766,0,0,0,0,0,0,0,0,0,0,0,0
18574,C3D8,0.325766,0,0,0,0,0,0,0,0,0,0,0,0
18575,C3D8,0.325766,0,0,0,0,0,0,0,0,0,0,0,0
18576,C3D8,0.325766,0,0,0,0,0,0,0,0,0,0,0,0
18577,C3D8,0.325767,0,0,0,0,0,0,0,0,0,0,0,0
18578,C3D8,0.325767,0,0,0,0,0,0,0,0,0,0,0,0
18579,C3D8,0.325767,0,0,0,0,0,0,0,0,0,0,0,0
18580,C3D8,0.325765,0,0,0,0,0,0,0,0,0,0,0,0
18581,C3D8,0.325765,0,0,0,0,0,0,0,0,0,0,0,0
18582,C3D8,0.325765,0,0,0,0,0,0,0,0,0,0,0,0
18583,C3D8,0.325769,0,0,0,0,0,0,0,0,0,0,0,0
18584,C3D8,0.325769,0,0,0,0,0,0,0,0,0,0,0,0
18585,C3D8,0.325769,0,0,0,0,0,0,0,0,0,0,0,0
18586,C3D8,0.325766,0,0,0,0,0,0,0,0,0,0,0,0
18587,C3D8,0.325766,0,0,0,0,0,0,0,0,0,0,0,0
18588,C3D8,0.325766,0,0,0,0,0,0,0,0,0,0,0,0
18589,C3D8,0.325766,0,0,0,0,0,0,0,0,0,0,0,0
18590,C3D8,0.325766,0,0,0,0,0,0,0,0,0,0,0,0
18591,C3D8,0.325766,0,0,0,0,0,0,0,0,0,0,0,0
18592,C3D8,0.325766,0,0,0,0,0,0,0,0,0,0,0,0
18593,C3D8,0.325766,0,0,0,0,0,0,0,0,0,0,0,0
18594,C3D8,0.325766,0,0,0,0,0,0,0,0,0,0,0,0
18595,C3D8,0.325767,0,0,0,0,0,0,0,0,0,0,0,0
18596,C3D8,0.325767,0,0,0,0,0,0,0,0,0,0,0,0
18597,C3D8,0.325767,0,0,0,0,0,0,0,0,0,0,0,0
18598,C3D8,0.325766,0,0,0,0,0,0,0,0,0,0,0,0
18599,C3D8,0.325766,0,0,0,0,0,0,0,0,0,0,0,0
18600,C3D8,0.325766,0,0,0,0,0,0,0,0,0,0,0,0
18601,C3D8,0.325767,0,0,0,0,0,0,0,0,0,0,0,0
18602,C3D8,0.325767,0,0,0,0,0,0,0,0,0,0,0,0
18603,C3D8,0.325767,0,0,0,0,0,0,0,0,0,0,0,0
18604,C3D8,0.325766,0,0,0,0,0,0,0,0,0,0,0,0
18605,C3D8,0.325766,0,0,0,0,0,0,0,0,0,0,0,0
18606,C3D8,0.325766,0,0,0,0,0,0,0,0,0,0,0,0
18607,C3D8,0.325767,0,0,0,0,0,0,0,0,0,0,0,0
18608,C3D8,0.325767,0,0,0,0,0,0,0,0,0,0,0,0
18609,C3D8,0.325767,0,0,0,0,0,0,0,0,0,0,0,0
18610,C3D8,0.325766,0,0,0,0,0,0,0,0,0,0,0,0
18611,C3D8,0.325766,0,0,0,0,0,0,0,0,0,0,0,0
18612,C3D8,0.325766,0,0,0,0,0,0,0,0,0,0,0,0
18613,C3D8,0.325767,0,0,0,0,0,0,0,0,0,0,0,0
18614,C3D8,0.325767,0,0,0,0,0,0,0,0,0,0,0,0
18615,C3D8,0.325767,0,0,0,0,0,0,0,0,0,0,0,0
18616,C3D8,0.325766,0,0,0,0,0,0,0,0,0,0,0,0
18617,C3D8,0.325766,0,0,0,0,0,0,0,0,0,0,0,0
18618,C3D8,0.325766,0,0,0,0,0,0,0,0,0,0,0,0
18619,C3D8,0.325767,0,0,0,0,0,0,0,0,0,0,0,0
18620,C3D8,0.325767,0,0,0,0,0,0,0,0,0,0,0,0
18621,C3D8,0.325767,0,0,0,0,0,0,0,0,0,0,0,0
18622,C3D8,0.325766,0,0,0,0,0,0,0,0,0,0,0,0
18623,C3D8,0.325766,0,0,0,0,0,0,0,0,0,0,0,0
18624,C3D8,0.325766,0,0,0,0,0,0,0,0,0,0,0,0
18625,C3D8,0.325767,0,0,0,0,0,0,0,0,0,0,0,0
18626,C3D8,0.325767,0,0,0,0,0,0,0,0,0,0,0,0
18627,C3D8,0.325767,0,0,0,0,0,0,0,0,0,0,0,0
18628,C3D8,0.325766,0,0,0,0,0,0,0,0,0,0,0,0
18629,C3D8,0.325766,0,0,0,0,0,0,0,0,0,0,0,0
18630,C3D8,0.325766,0,0,0,0,0,0,0,0,0,0,0,0
18631,C3D8,0.325767,0,0,0,0,0,0,0,0,0,0,0,0
18632,C3D8,0.325767,0,0,0,0,0,0,0,0,0,0,0,0
18633,C3D8,0.325767,0,0,0,0,0,0,0,0,0,0,0,0
18634,C3D8,0.325766,0,0,0,0,0,0,0,0,0,0,0,0
18635,C3D8,0.325766,0,0,0,0,0,0,0,0,0,0,0,0
18636,C3D8,0.325766,0,0,0,0,0,0,0,0,0,0,0,0
18637,C3D8,0.325767,0,0,0,0,0,0,0,0,0,0,0,0
18638,C3D8,0.325767,0,0,0,0,0,0,0,0,0,0,0,0
18639,C3D8,0.325767,0,0,0,0,0,0,0,0,0,0,0,0
18640,C3D8,0.325766,0,0,0,0,0,0,0,0,0,0,0,0
18641,C3D8,0.325766,0,0,0,0,0,0,0,0,0,0,0,0
18642,C3D8,0.325766,0,0,0,0,0,0,0,0,0,0,0,0
18643,C3D8,0.325766,0,0,0,0,0,0,0,0,0,0,0,0
18644,C3D8,0.325766,0,0,0,0,0,0,0,0,0,0,0,0
18645,C3D8,0.325766,0,0,0,0,0,0,0,0,0,0,0,0
18646,C3D8,0.325767,0,0,0,0,0,0,0,0,0,0,0,0
18647,C3D8,0.325767,0,0,0,0,0,0,0,0,0,0,0,0
18648,C3D8,0.325767,0,0,0,0,0,0,0,0,0,0,0,0
18649,C3D8,0.325766,0,0,0,0,0,0,0,0,0,0,0,0
18650,C3D8,0.325766,0,0,0,0,0,0,0,0,0,0,0,0
18651,C3D8,0.325766,0,0,0,0,0,0,0,0,0,0,0,0
18652,C3D8,0.325766,0,0,0,0,0,0,0,0,0,0,0,0
18653,C3D8,0.325766,0,0,0,0,0,0,0,0,0,0,0,0
18654,C3D8,0.325766,0,0,0,0,0,0,0,0,0,0,0,0
18655,C3D8,0.325767,0,0,0,0,0,0,0,0,0,0,0,0
18656,C3D8,0.325767,0,0,0,0,0,0,0,0,0,0,0,0
18657,C3D8,0.325767,0,0,0,0,0,0,0,0,0,0,0,0
18658,C3D8,0.325766,0,0,0,0,0,0,0,0,0,0,0,0
18659,C3D8,0.325766,0,0,0,0,0,0,0,0,0,0,0,0
18660,C3D8,0.325766,0,0,0,0,0,0,0,0,0,0,0,0
18661,C3D8,0.325766,0,0,0,0,0,0,0,0,0,0,0,0
18662,C3D8,0.325766,0,0,0,0,0,0,0,0,0,0,0,0
18663,C3D8,0.325766,0,0,0,0,0,0,0,0,0,0,0,0
18664,C3D8,0.325766,0,0,0,0,0,0,0,0,0,0,0,0
18665,C3D8,0.325766,0,0,0,0,0,0,0,0,0,0,0,0
18666,C3D8,0.325766,0,0,0,0,0,0,0,0,0,0,0,0
18667,C3D8,0.325767,0,0,0,0,0,0,0,0,0,0,0,0
18668,C3D8,0.325767,0,0,0,0,0,0,0,0,0,0,0,0
18669,C3D8,0.325767,0,0,0,0,0,0,0,0,0,0,0,0
18670,C3D8,0.325766,0,0,0,0,0,0,0,0,0,0,0,0
18671,C3D8,0.325766,0,0,0,0,0,0,0,0,0,0,0,0
18672,C3D8,0.325766,0,0,0,0,0,0,0,0,0,0,0,0
18673,C3D8,0.325766,0,0,0,0,0,0,0,0,0,0,0,0
18674,C3D8,0.325766,0,0,0,0,0,0,0,0,0,0,0,0
18675,C3D8,0.325766,0,0,0,0,0,0,0,0,0,0,0,0
18676,C3D8,0.325766,0,0,0,0,0,0,0,0,0,0,0,0
18677,C3D8,0.325766,0,0,0,0,0,0,0,0,0,0,0,0
18678,C3D8,0.325766,0,0,0,0,0,0,0,0,0,0,0,0
18679,C3D8,0.325767,0,0,0,0,0,0,0,0,0,0,0,0
18680,C3D8,0.325767,0,0,0,0,0,0,0,0,0,0,0,0
18681,C3D8,0.325767,0,0,0,0,0,0,0,0,0,0,0,0
18682,C3D8,0.325766,0,0,0,0,0,0,0,0,0,0,0,0
18683,C3D8,0.325766,0,0,0,0,0,0,0,0,0,0,0,0
18684,C3D8,0.325766,0,0,0,0,0,0,0,0,0,0,0,0
18685,C3D8,0.325766,0,0,0,0,0,0,0,0,0,0,0,0
18686,C3D8,0.325766,0,0,0,0,0,0,0,0,0,0,0,0
18687,C3D8,0.325766,0,0,0,0,0,0,0,0,0,0,0,0
18688,C3D8,0.325766,0,0,0,0,0,0,0,0,0,0,0,0
18689,C3D8,0.325766,0,0,0,0,0,0,0,0,0,0,0,0
18690,C3D8,0.325766,0,0,0,0,0,0,0,0,0,0,0,0
18691,C3D8,0.325767,0,0,0,0,0,0,0,0,0,0,0,0
18692,C3D8,0.325767,0,0,0,0,0,0,0,0,0,0,0,0
18693,C3D8,0.325767,0,0,0,0,0,0,0,0,0,0,0,0
18694,C3D8,0.325766,0,0,0,0,0,0,0,0,0,0,0,0
18695,C3D8,0.325766,0,0,0,0,0,0,0,0,0,0,0,0
18696,C3D8,0.325766,0,0,0,0,0,0,0,0,0,0,0,0
18697,C3D8,0.325766,0,0,0,0,0,0,0,0,0,0,0,0
18698,C3D8,0.325766,0,0,0,0,0,0,0,0,0,0,0,0
18699,C3D8,0.325766,0,0,0,0,0,0,0,0,0,0,0,0
18700,C3D8,0.325767,0,0,0,0,0,0,0,0,0,0,0,0
18701,C3D8,0.325767,0,0,0,0,0,0,0,0,0,0,0,0
18702,C3D8,0.325767,0,0,0,0,0,0,0,0,0,0,0,0
18703,C3D8,0.325766,0,0,0,0,0,0,0,0,0,0,0,0
18704,C3D8,0.325766,0,0,0,0,0,0,0,0,0,0,0,0
18705,C3D8,0.325766,0,0,0,0,0,0,0,0,0,0,0,0
18706,C3D8,0.325766,0,0,0,0,0,0,0,0,0,0,0,0
18707,C3D8,0.325766,0,0,0,0,0,0,0,0,0,0,0,0
18708,C3D8,0.325766,0,0,0,0,0,0,0,0,0,0,0,0
18709,C3D8,0.325766,0,0,0,0,0,0,0,0,0,0,0,0
18710,C3D8,0.325766,0,0,0,0,0,0,0,0,0,0,0,0
18711,C3D8,0.325766,0,0,0,0,0,0,0,0,0,0,0,0
18712,C3D8,0.325767,0,0,0,0,0,0,0,0,0,0,0,0
18713,C3D8,0.325767,0,0,0,0,0,0,0,0,0,0,0,0
18714,C3D8,0.325767,0,0,0,0,0,0,0,0,0,0,0,0
18715,C3D8,0.325766,0,0,0,0,0,0,0,0,0,0,0,0
18716,C3D8,0.325766,0,0,0,0,0,0,0,0,0,0,0,0
18717,C3D8,0.325766,0,0,0,0,0,0,0,0,0,0,0,0
18718,C3D8,0.325766,0,0,0,0,0,0,0,0,0,0,0,0
18719,C3D8,0.325766,0,0,0,0,0,0,0,0,0,0,0,0
18720,C3D8,0.325766,0,0,0,0,0,0,0,0,0,0,0,0
18721,C3D8,0.325766,0,0,0,0,0,0,0,0,0,0,0,0
18722,C3D8,0.325766,0,0,0,0,0,0,0,0,0,0,0,0
18723,C3D8,0.325766,0,0,0,0,0,0,0,0,0,0,0,0
18724,C3D8,0.325767,0,0,0,0,0,0,0,0,0,0,0,0
18725,C3D8,0.325767,0,0,0,0,0,0,0,0,0,0,0,0
18726,C3D8,0.325767,0,0,0,0,0,0,0,0,0,0,0,0
18727,C3D8,0.325766,0,0,0,0,0,0,0,0,0,0,0,0
18728,C3D8,0.325766,0,0,0,0,0,0,0,0,0,0,0,0
18729,C3D8,0.325766,0,0,0,0,0,0,0,0,0,0,0,0
18730,C3D8,0.325766,0,0,0,0,0,0,0,0,0,0,0,0
18731,C3D8,0.325766,0,0,0,0,0,0,0,0,0,0,0,0
18732,C3D8,0.325766,0,0,0,0,0,0,0,0,0,0,0,0
18733,C3D8,0.325766,0,0,0,0,0,0,0,0,0,0,0,0
18734,C3D8,0.325766,0,0,0,0,0,0,0,0,0,0,0,0
18735,C3D8,0.325766,0,0,0,0,0,0,0,0,0,0,0,0
18736,C3D8,0.325767,0,0,0,0,0,0,0,0,0,0,0,0
18737,C3D8,0.325767,0,0,0,0,0,0,0,0,0,0,0,0
18738,C3D8,0.325767,0,0,0,0,0,0,0,0,0,0,0,0
18739,C3D8,0.325765,0,0,0,0,0,0,0,0,0,0,0,0
18740,C3D8,0.325765,0,0,0,0,0,0,0,0,0,0,0,0
18741,C3D8,0.325765,0,0,0,0,0,0,0,0,0,0,0,0
18742,C3D8,0.325769,0,0,0,0,0,0,0,0,0,0,0,0
18743,C3D8,0.325769,0,0,0,0,0,0,0,0,0,0,0,0
18744,C3D8,0.325769,0,0,0,0,0,0,0,0,0,0,0,0
18745,C3D8,0.325766,0,0,0,0,0,0,0,0,0,0,0,0
18746,C3D8,0.325766,0,0,0,0,0,0,0,0,0,0,0,0
18747,C3D8,0.325766,0,0,0,0,0,0,0,0,0,0,0,0
18748,C3D8,0.325766,0,0,0,0,0,0,0,0,0,0,0,0
18749,C3D8,0.325766,0,0,0,0,0,0,0,0,0,0,0,0
18750,C3D8,0.325766,0,0,0,0,0,0,0,0,0,0,0,0
18751,C3D8,0.325766,0,0,0,0,0,0,0,0,0,0,0,0
18752,C3D8,0.325766,0,0,0,0,0,0,0,0,0,0,0,0
18753,C3D8,0.325766,0,0,0,0,0,0,0,0,0,0,0,0
18754,C3D8,0.325767,0,0,0,0,0,0,0,0,0,0,0,0
18755,C3D8,0.325767,0,0,0,0,0,0,0,0,0,0,0,0
18756,C3D8,0.325767,0,0,0,0,0,0,0,0,0,0,0,0
18757,C3D8,0.325766,0,0,0,0,0,0,0,0,0,0,0,0
18758,C3D8,0.325766,0,0,0,0,0,0,0,0,0,0,0,0
18759,C3D8,0.325766,0,0,0,0,0,0,0,0,0,0,0,0
18760,C3D8,0.325767,0,0,0,0,0,0,0,0,0,0,0,0
18761,C3D8,0.325767,0,0,0,0,0,0,0,0,0,0,0,0
18762,C3D8,0.325767,0,0,0,0,0,0,0,0,0,0,0,0
18763,C3D8,0.325766,0,0,0,0,0,0,0,0,0,0,0,0
18764,C3D8,0.325766,0,0,0,0,0,0,0,0,0,0,0,0
18765,C3D8,0.325766,0,0,0,0,0,0,0,0,0,0,0,0
18766,C3D8,0.325767,0,0,0,0,0,0,0,0,0,0,0,0
18767,C3D8,0.325767,0,0,0,0,0,0,0,0,0,0,0,0
18768,C3D8,0.325767,0,0,0,0,0,0,0,0,0,0,0,0
18769,C3D8,0.325766,0,0,0,0,0,0,0,0,0,0,0,0
18770,C3D8,0.325766,0,0,0,0,0,0,0,0,0,0,0,0
18771,C3D8,0.325766,0,0,0,0,0,0,0,0,0,0,0,0
18772,C3D8,0.325767,0,0,0,0,0,0,0,0,0,0,0,0
18773,C3D8,0.325767,0,0,0,0,0,0,0,0,0,0,0,0
18774,C3D8,0.325767,0,0,0,0,0,0,0,0,0,0,0,0
18775,C3D8,0.325766,0,0,0,0,0,0,0,0,0,0,0,0
18776,C3D8,0.325766,0,0,0,0,0,0,0,0,0,0,0,0
18777,C3D8,0.325766,0,0,0,0,0,0,0,0,0,0,0,0
18778,C3D8,0.325767,0,0,0,0,0,0,0,0,0,0,0,0
18779,C3D8,0.325767,0,0,0,0,0,0,0,0,0,0,0,0
18780,C3D8,0.325767,0,0,0,0,0,0,0,0,0,0,0,0
18781,C3D8,0.325766,0,0,0,0,0,0,0,0,0,0,0,0
18782,C3D8,0.325766,0,0,0,0,0,0,0,0,0,0,0,0
18783,C3D8,0.325766,0,0,0,0,0,0,0,0,0,0,0,0
18784,C3D8,0.325767,0,0,0,0,0,0,0,0,0,0,0,0
18785,C3D8,0.325767,0,0,0,0,0,0,0,0,0,0,0,0
18786,C3D8,0.325767,0,0,0,0,0,0,0,0,0,0,0,0
18787,C3D8,0.325766,0,0,0,0,0,0,0,0,0,0,0,0
18788,C3D8,0.325766,0,0,0,0,0,0,0,0,0,0,0,0
18789,C3D8,0.325766,0,0,0,0,0,0,0,0,0,0,0,0
18790,C3D8,0.325767,0,0,0,0,0,0,0,0,0,0,0,0
18791,C3D8,0.325767,0,0,0,0,0,0,0,0,0,0,0,0
18792,C3D8,0.325767,0,0,0,0,0,0,0,0,0,0,0,0
18793,C3D8,0.325766,0,0,0,0,0,0,0,0,0,0,0,0
18794,C3D8,0.325766,0,0,0,0,0,0,0,0,0,0,0,0
18795,C3D8,0.325766,0,0,0,0,0,0,0,0,0,0,0,0
18796,C3D8,0.325767,0,0,0,0,0,0,0,0,0,0,0,0
18797,C3D8,0.325767,0,0,0,0,0,0,0,0,0,0,0,0
18798,C3D8,0.325767,0,0,0,0,0,0,0,0,0,0,0,0
18799,C3D8,0.325766,0,0,0,0,0,0,0,0,0,0,0,0
18800,C3D8,0.325766,0,0,0,0,0,0,0,0,0,0,0,0
18801,C3D8,0.325766,0,0,0,0,0,0,0,0,0,0,0,0
18802,C3D8,0.325766,0,0,0,0,0,0,0,0,0,0,0,0
18803,C3D8,0.325766,0,0,0,0,0,0,0,0,0,0,0,0
18804,C3D8,0.325766,0,0,0,0,0,0,0,0,0,0,0,0
18805,C3D8,0.325767,0,0,0,0,0,0,0,0,0,0,0,0
18806,C3D8,0.325767,0,0,0,0,0,0,0,0,0,0,0,0
18807,C3D8,0.325767,0,0,0,0,0,0,0,0,0,0,0,0
18808,C3D8,0.325766,0,0,0,0,0,0,0,0,0,0,0,0
18809,C3D8,0.325766,0,0,0,0,0,0,0,0,0,0,0,0
18810,C3D8,0.325766,0,0,0,0,0,0,0,0,0,0,0,0
18811,C3D8,0.325766,0,0,0,0,0,0,0,0,0,0,0,0
18812,C3D8,0.325766,0,0,0,0,0,0,0,0,0,0,0,0
18813,C3D8,0.325766,0,0,0,0,0,0,0,0,0,0,0,0
18814,C3D8,0.325767,0,0,0,0,0,0,0,0,0,0,0,0
18815,C3D8,0.325767,0,0,0,0,0,0,0,0,0,0,0,0
18816,C3D8,0.325767,0,0,0,0,0,0,0,0,0,0,0,0
18817,C3D8,0.325766,0,0,0,0,0,0,0,0,0,0,0,0
18818,C3D8,0.325766,0,0,0,0,0,0,0,0,0,0,0,0
18819,C3D8,0.325766,0,0,0,0,0,0,0,0,0,0,0,0
18820,C3D8,0.325766,0,0,0,0,0,0,0,0,0,0,0,0
18821,C3D8,0.325766,0,0,0,0,0,0,0,0,0,0,0,0
18822,C3D8,0.325766,0,0,0,0,0,0,0,0,0,0,0,0
18823,C3D8,0.325766,0,0,0,0,0,0,0,0,0,0,0,0
18824,C3D8,0.325766,0,0,0,0,0,0,0,0,0,0,0,0
18825,C3D8,0.325766,0,0,0,0,0,0,0,0,0,0,0,0
18826,C3D8,0.325767,0,0,0,0,0,0,0,0,0,0,0,0
18827,C3D8,0.325767,0,0,0,0,0,0,0,0,0,0,0,0
18828,C3D8,0.325767,0,0,0,0,0,0,0,0,0,0,0,0
18829,C3D8,0.325766,0,0,0,0,0,0,0,0,0,0,0,0
18830,C3D8,0.325766,0,0,0,0,0,0,0,0,0,0,0,0
18831,C3D8,0.325766,0,0,0,0,0,0,0,0,0,0,0,0
18832,C3D8,0.325766,0,0,0,0,0,0,0,0,0,0,0,0
18833,C3D8,0.325766,0,0,0,0,0,0,0,0,0,0,0,0
18834,C3D8,0.325766,0,0,0,0,0,0,0,0,0,0,0,0
18835,C3D8,0.325766,0,0,0,0,0,0,0,0,0,0,0,0
18836,C3D8,0.325766,0,0,0,0,0,0,0,0,0,0,0,0
18837,C3D8,0.325766,0,0,0,0,0,0,0,0,0,0,0,0
18838,C3D8,0.325767,0,0,0,0,0,0,0,0,0,0,0,0
18839,C3D8,0.325767,0,0,0,0,0,0,0,0,0,0,0,0
18840,C3D8,0.325767,0,0,0,0,0,0,0,0,0,0,0,0
18841,C3D8,0.325766,0,0,0,0,0,0,0,0,0,0,0,0
18842,C3D8,0.325766,0,0,0,0,0,0,0,0,0,0,0,0
18843,C3D8,0.325766,0,0,0,0,0,0,0,0,0,0,0,0
18844,C3D8,0.325766,0,0,0,0,0,0,0,0,0,0,0,0
18845,C3D8,0.325766,0,0,0,0,0,0,0,0,0,0,0,0
18846,C3D8,0.325766,0,0,0,0,0,0,0,0,0,0,0,0
18847,C3D8,0.325766,0,0,0,0,0,0,0,0,0,0,0,0
18848,C3D8,0.325766,0,0,0,0,0,0,0,0,0,0,0,0
18849,C3D8,0.325766,0,0,0,0,0,0,0,0,0,0,0,0
18850,C3D8,0.325767,0,0,0,0,0,0,0,0,0,0,0,0
18851,C3D8,0.325767,0,0,0,0,0,0,0,0,0,0,0,0
18852,C3D8,0.325767,0,0,0,0,0,0,0,0,0,0,0,0
18853,C3D8,0.325766,0,0,0,0,0,0,0,0,0,0,0,0
18854,C3D8,0.325766,0,0,0,0,0,0,0,0,0,0,0,0
18855,C3D8,0.325766,0,0,0,0,0,0,0,0,0,0,0,0
18856,C3D8,0.325766,0,0,0,0,0,0,0,0,0,0,0,0
18857,C3D8,0.325766,0,0,0,0,0,0,0,0,0,0,0,0
18858,C3D8,0.325766,0,0,0,0,0,0,0,0,0,0,0,0
18859,C3D8,0.325767,0,0,0,0,0,0,0,0,0,0,0,0
18860,C3D8,0.325767,0,0,0,0,0,0,0,0,0,0,0,0
18861,C3D8,0.325767,0,0,0,0,0,0,0,0,0,0,0,0
18862,C3D8,0.325766,0,0,0,0,0,0,0,0,0,0,0,0
18863,C3D8,0.325766,0,0,0,0,0,0,0,0,0,0,0,0
18864,C3D8,0.325766,0,0,0,0,0,0,0,0,0,0,0,0
18865,C3D8,0.325766,0,0,0,0,0,0,0,0,0,0,0,0
18866,C3D8,0.325766,0,0,0,0,0,0,0,0,0,0,0,0
18867,C3D8,0.325766,0,0,0,0,0,0,0,0,0,0,0,0
18868,C3D8,0.325766,0,0,0,0,0,0,0,0,0,0,0,0
18869,C3D8,0.325766,0,0,0,0,0,0,0,0,0,0,0,0
18870,C3D8,0.325766,0,0,0,0,0,0,0,0,0,0,0,0
18871,C3D8,0.325767,0,0,0,0,0,0,0,0,0,0,0,0
18872,C3D8,0.325767,0,0,0,0,0,0,0,0,0,0,0,0
18873,C3D8,0.325767,0,0,0,0,0,0,0,0,0,0,0,0
18874,C3D8,0.325766,0,0,0,0,0,0,0,0,0,0,0,0
18875,C3D8,0.325766,0,0,0,0,0,0,0,0,0,0,0,0
18876,C3D8,0.325766,0,0,0,0,0,0,0,0,0,0,0,0
18877,C3D8,0.325766,0,0,0,0,0,0,0,0,0,0,0,0
18878,C3D8,0.325766,0,0,0,0,0,0,0,0,0,0,0,0
18879,C3D8,0.325766,0,0,0,0,0,0,0,0,0,0,0,0
18880,C3D8,0.325766,0,0,0,0,0,0,0,0,0,0,0,0
18881,C3D8,0.325766,0,0,0,0,0,0,0,0,0,0,0,0
18882,C3D8,0.325766,0,0,0,0,0,0,0,0,0,0,0,0
18883,C3D8,0.325767,0,0,0,0,0,0,0,0,0,0,0,0
18884,C3D8,0.325767,0,0,0,0,0,0,0,0,0,0,0,0
18885,C3D8,0.325767,0,0,0,0,0,0,0,0,0,0,0,0
18886,C3D8,0.325766,0,0,0,0,0,0,0,0,0,0,0,0
18887,C3D8,0.325766,0,0,0,0,0,0,0,0,0,0,0,0
18888,C3D8,0.325766,0,0,0,0,0,0,0,0,0,0,0,0
18889,C3D8,0.325766,0,0,0,0,0,0,0,0,0,0,0,0
18890,C3D8,0.325766,0,0,0,0,0,0,0,0,0,0,0,0
18891,C3D8,0.325766,0,0,0,0,0,0,0,0,0,0,0,0
18892,C3D8,0.325766,0,0,0,0,0,0,0,0,0,0,0,0
18893,C3D8,0.325766,0,0,0,0,0,0,0,0,0,0,0,0
18894,C3D8,0.325766,0,0,0,0,0,0,0,0,0,0,0,0
18895,C3D8,0.325767,0,0,0,0,0,0,0,0,0,0,0,0
18896,C3D8,0.325767,0,0,0,0,0,0,0,0,0,0,0,0
18897,C3D8,0.325767,0,0,0,0,0,0,0,0,0,0,0,0
18898,C3D8,0.325765,0,0,0,0,0,0,0,0,0,0,0,0
18899,C3D8,0.325765,0,0,0,0,0,0,0,0,0,0,0,0
18900,C3D8,0.325765,0,0,0,0,0,0,0,0,0,0,0,0
18901,C3D8,0.325769,0,0,0,0,0,0,0,0,0,0,0,0
18902,C3D8,0.325769,0,0,0,0,0,0,0,0,0,0,0,0
18903,C3D8,0.325769,0,0,0,0,0,0,0,0,0,0,0,0
18904,C3D8,0.325766,0,0,0,0,0,0,0,0,0,0,0,0
18905,C3D8,0.325766,0,0,0,0,0,0,0,0,0,0,0,0
18906,C3D8,0.325766,0,0,0,0,0,0,0,0,0,0,0,0
18907,C3D8,0.325766,0,0,0,0,0,0,0,0,0,0,0,0
18908,C3D8,0.325766,0,0,0,0,0,0,0,0,0,0,0,0
18909,C3D8,0.325766,0,0,0,0,0,0,0,0,0,0,0,0
18910,C3D8,0.325766,0,0,0,0,0,0,0,0,0,0,0,0
18911,C3D8,0.325766,0,0,0,0,0,0,0,0,0,0,0,0
18912,C3D8,0.325766,0,0,0,0,0,0,0,0,0,0,0,0
18913,C3D8,0.325767,0,0,0,0,0,0,0,0,0,0,0,0
18914,C3D8,0.325767,0,0,0,0,0,0,0,0,0,0,0,0
18915,C3D8,0.325767,0,0,0,0,0,0,0,0,0,0,0,0
18916,C3D8,0.325766,0,0,0,0,0,0,0,0,0,0,0,0
18917,C3D8,0.325766,0,0,0,0,0,0,0,0,0,0,0,0
18918,C3D8,0.325766,0,0,0,0,0,0,0,0,0,0,0,0
18919,C3D8,0.325767,0,0,0,0,0,0,0,0,0,0,0,0
18920,C3D8,0.325767,0,0,0,0,0,0,0,0,0,0,0,0
18921,C3D8,0.325767,0,0,0,0,0,0,0,0,0,0,0,0
18922,C3D8,0.325766,0,0,0,0,0,0,0,0,0,0,0,0
18923,C3D8,0.325766,0,0,0,0,0,0,0,0,0,0,0,0
18924,C3D8,0.325766,0,0,0,0,0,0,0,0,0,0,0,0
18925,C3D8,0.325767,0,0,0,0,0,0,0,0,0,0,0,0
18926,C3D8,0.325767,0,0,0,0,0,0,0,0,0,0,0,0
18927,C3D8,0.325767,0,0,0,0,0,0,0,0,0,0,0,0
18928,C3D8,0.325766,0,0,0,0,0,0,0,0,0,0,0,0
18929,C3D8,0.325766,0,0,0,0,0,0,0,0,0,0,0,0
18930,C3D8,0.325766,0,0,0,0,0,0,0,0,0,0,0,0
18931,C3D8,0.325767,0,0,0,0,0,0,0,0,0,0,0,0
18932,C3D8,0.325767,0,0,0,0,0,0,0,0,0,0,0,0
18933,C3D8,0.325767,0,0,0,0,0,0,0,0,0,0,0,0
18934,C3D8,0.325766,0,0,0,0,0,0,0,0,0,0,0,0
18935,C3D8,0.325766,0,0,0,0,0,0,0,0,0,0,0,0
18936,C3D8,0.325766,0,0,0,0,0,0,0,0,0,0,0,0
18937,C3D8,0.325767,0,0,0,0,0,0,0,0,0,0,0,0
18938,C3D8,0.325767,0,0,0,0,0,0,0,0,0,0,0,0
18939,C3D8,0.325767,0,0,0,0,0,0,0,0,0,0,0,0
18940,C3D8,0.325766,0,0,0,0,0,0,0,0,0,0,0,0
18941,C3D8,0.325766,0,0,0,0,0,0,0,0,0,0,0,0
18942,C3D8,0.325766,0,0,0,0,0,0,0,0,0,0,0,0
18943,C3D8,0.325767,0,0,0,0,0,0,0,0,0,0,0,0
18944,C3D8,0.325767,0,0,0,0,0,0,0,0,0,0,0,0
18945,C3D8,0.325767,0,0,0,0,0,0,0,0,0,0,0,0
18946,C3D8,0.325766,0,0,0,0,0,0,0,0,0,0,0,0
18947,C3D8,0.325766,0,0,0,0,0,0,0,0,0,0,0,0
18948,C3D8,0.325766,0,0,0,0,0,0,0,0,0,0,0,0
18949,C3D8,0.325767,0,0,0,0,0,0,0,0,0,0,0,0
18950,C3D8,0.325767,0,0,0,0,0,0,0,0,0,0,0,0
18951,C3D8,0.325767,0,0,0,0,0,0,0,0,0,0,0,0
18952,C3D8,0.325766,0,0,0,0,0,0,0,0,0,0,0,0
18953,C3D8,0.325766,0,0,0,0,0,0,0,0,0,0,0,0
18954,C3D8,0.325766,0,0,0,0,0,0,0,0,0,0,0,0
18955,C3D8,0.325767,0,0,0,0,0,0,0,0,0,0,0,0
18956,C3D8,0.325767,0,0,0,0,0,0,0,0,0,0,0,0
18957,C3D8,0.325767,0,0,0,0,0,0,0,0,0,0,0,0
18958,C3D8,0.325766,0,0,0,0,0,0,0,0,0,0,0,0
18959,C3D8,0.325766,0,0,0,0,0,0,0,0,0,0,0,0
18960,C3D8,0.325766,0,0,0,0,0,0,0,0,0,0,0,0
18961,C3D8,0.325766,0,0,0,0,0,0,0,0,0,0,0,0
18962,C3D8,0.325766,0,0,0,0,0,0,0,0,0,0,0,0
18963,C3D8,0.325766,0,0,0,0,0,0,0,0,0,0,0,0
18964,C3D8,0.325767,0,0,0,0,0,0,0,0,0,0,0,0
18965,C3D8,0.325767,0,0,0,0,0,0,0,0,0,0,0,0
18966,C3D8,0.325767,0,0,0,0,0,0,0,0,0,0,0,0
18967,C3D8,0.325766,0,0,0,0,0,0,0,0,0,0,0,0
18968,C3D8,0.325766,0,0,0,0,0,0,0,0,0,0,0,0
18969,C3D8,0.325766,0,0,0,0,0,0,0,0,0,0,0,0
18970,C3D8,0.325766,0,0,0,0,0,0,0,0,0,0,0,0
18971,C3D8,0.325766,0,0,0,0,0,0,0,0,0,0,0,0
18972,C3D8,0.325766,0,0,0,0,0,0,0,0,0,0,0,0
18973,C3D8,0.325767,0,0,0,0,0,0,0,0,0,0,0,0
18974,C3D8,0.325767,0,0,0,0,0,0,0,0,0,0,0,0
18975,C3D8,0.325767,0,0,0,0,0,0,0,0,0,0,0,0
18976,C3D8,0.325766,0,0,0,0,0,0,0,0,0,0,0,0
18977,C3D8,0.325766,0,0,0,0,0,0,0,0,0,0,0,0
18978,C3D8,0.325766,0,0,0,0,0,0,0,0,0,0,0,0
18979,C3D8,0.325766,0,0,0,0,0,0,0,0,0,0,0,0
18980,C3D8,0.325766,0,0,0,0,0,0,0,0,0,0,0,0
18981,C3D8,0.325766,0,0,0,0,0,0,0,0,0,0,0,0
18982,C3D8,0.325766,0,0,0,0,0,0,0,0,0,0,0,0
18983,C3D8,0.325766,0,0,0,0,0,0,0,0,0,0,0,0
18984,C3D8,0.325766,0,0,0,0,0,0,0,0,0,0,0,0
18985,C3D8,0.325767,0,0,0,0,0,0,0,0,0,0,0,0
18986,C3D8,0.325767,0,0,0,0,0,0,0,0,0,0,0,0
18987,C3D8,0.325767,0,0,0,0,0,0,0,0,0,0,0,0
18988,C3D8,0.325766,0,0,0,0,0,0,0,0,0,0,0,0
18989,C3D8,0.325766,0,0,0,0,0,0,0,0,0,0,0,0
18990,C3D8,0.325766,0,0,0,0,0,0,0,0,0,0,0,0
18991,C3D8,0.325766,0,0,0,0,0,0,0,0,0,0,0,0
18992,C3D8,0.325766,0,0,0,0,0,0,0,0,0,0,0,0
18993,C3D8,0.325766,0,0,0,0,0,0,0,0,0,0,0,0
18994,C3D8,0.325766,0,0,0,0,0,0,0,0,0,0,0,0
18995,C3D8,0.325766,0,0,0,0,0,0,0,0,0,0,0,0
18996,C3D8,0.325766,0,0,0,0,0,0,0,0,0,0,0,0
18997,C3D8,0.325767,0,0,0,0,0,0,0,0,0,0,0,0
18998,C3D8,0.325767,0,0,0,0,0,0,0,0,0,0,0,0
18999,C3D8,0.325767,0,0,0,0,0,0,0,0,0,0,0,0
19000,C3D8,0.325766,0,0,0,0,0,0,0,0,0,0,0,0
19001,C3D8,0.325766,0,0,0,0,0,0,0,0,0,0,0,0
19002,C3D8,0.325766,0,0,0,0,0,0,0,0,0,0,0,0
19003,C3D8,0.325766,0,0,0,0,0,0,0,0,0,0,0,0
19004,C3D8,0.325766,0,0,0,0,0,0,0,0,0,0,0,0
19005,C3D8,0.325766,0,0,0,0,0,0,0,0,0,0,0,0
19006,C3D8,0.325766,0,0,0,0,0,0,0,0,0,0,0,0
19007,C3D8,0.325766,0,0,0,0,0,0,0,0,0,0,0,0
19008,C3D8,0.325766,0,0,0,0,0,0,0,0,0,0,0,0
19009,C3D8,0.325767,0,0,0,0,0,0,0,0,0,0,0,0
19010,C3D8,0.325767,0,0,0,0,0,0,0,0,0,0,0,0
19011,C3D8,0.325767,0,0,0,0,0,0,0,0,0,0,0,0
19012,C3D8,0.325766,0,0,0,0,0,0,0,0,0,0,0,0
19013,C3D8,0.325766,0,0,0,0,0,0,0,0,0,0,0,0
19014,C3D8,0.325766,0,0,0,0,0,0,0,0,0,0,0,0
19015,C3D8,0.325766,0,0,0,0,0,0,0,0,0,0,0,0
19016,C3D8,0.325766,0,0,0,0,0,0,0,0,0,0,0,0
19017,C3D8,0.325766,0,0,0,0,0,0,0,0,0,0,0,0
19018,C3D8,0.325767,0,0,0,0,0,0,0,0,0,0,0,0
19019,C3D8,0.325767,0,0,0,0,0,0,0,0,0,0,0,0
19020,C3D8,0.325767,0,0,0,0,0,0,0,0,0,0,0,0
19021,C3D8,0.325766,0,0,0,0,0,0,0,0,0,0,0,0
19022,C3D8,0.325766,0,0,0,0,0,0,0,0,0,0,0,0
19023,C3D8,0.325766,0,0,0,0,0,0,0,0,0,0,0,0
19024,C3D8,0.325766,0,0,0,0,0,0,0,0,0,0,0,0
19025,C3D8,0.325766,0,0,0,0,0,0,0,0,0,0,0,0
19026,C3D8,0.325766,0,0,0,0,0,0,0,0,0,0,0,0
19027,C3D8,0.325766,0,0,0,0,0,0,0,0,0,0,0,0
19028,C3D8,0.325766,0,0,0,0,0,0,0,0,0,0,0,0
19029,C3D8,0.325766,0,0,0,0,0,0,0,0,0,0,0,0
19030,C3D8,0.325767,0,0,0,0,0,0,0,0,0,0,0,0
19031,C3D8,0.325767,0,0,0,0,0,0,0,0,0,0,0,0
19032,C3D8,0.325767,0,0,0,0,0,0,0,0,0,0,0,0
19033,C3D8,0.325766,0,0,0,0,0,0,0,0,0,0,0,0
19034,C3D8,0.325766,0,0,0,0,0,0,0,0,0,0,0,0
19035,C3D8,0.325766,0,0,0,0,0,0,0,0,0,0,0,0
19036,C3D8,0.325766,0,0,0,0,0,0,0,0,0,0,0,0
19037,C3D8,0.325766,0,0,0,0,0,0,0,0,0,0,0,0
19038,C3D8,0.325766,0,0,0,0,0,0,0,0,0,0,0,0
19039,C3D8,0.325766,0,0,0,0,0,0,0,0,0,0,0,0
19040,C3D8,0.325766,0,0,0,0,0,0,0,0,0,0,0,0
19041,C3D8,0.325766,0,0,0,0,0,0,0,0,0,0,0,0
19042,C3D8,0.325767,0,0,0,0,0,0,0,0,0,0,0,0
19043,C3D8,0.325767,0,0,0,0,0,0,0,0,0,0,0,0
19044,C3D8,0.325767,0,0,0,0,0,0,0,0,0,0,0,0
19045,C3D8,0.325766,0,0,0,0,0,0,0,0,0,0,0,0
19046,C3D8,0.325766,0,0,0,0,0,0,0,0,0,0,0,0
19047,C3D8,0.325766,0,0,0,0,0,0,0,0,0,0,0,0
19048,C3D8,0.325766,0,0,0,0,0,0,0,0,0,0,0,0
19049,C3D8,0.325766,0,0,0,0,0,0,0,0,0,0,0,0
19050,C3D8,0.325766,0,0,0,0,0,0,0,0,0,0,0,0
19051,C3D8,0.325766,0,0,0,0,0,0,0,0,0,0,0,0
19052,C3D8,0.325766,0,0,0,0,0,0,0,0,0,0,0,0
19053,C3D8,0.325766,0,0,0,0,0,0,0,0,0,0,0,0
19054,C3D8,0.325767,0,0,0,0,0,0,0,0,0,0,0,0
19055,C3D8,0.325767,0,0,0,0,0,0,0,0,0,0,0,0
19056,C3D8,0.325767,0,0,0,0,0,0,0,0,0,0,0,0
19057,C3D8,0.325765,0,0,0,0,0,0,0,0,0,0,0,0
19058,C3D8,0.325765,0,0,0,0,0,0,0,0,0,0,0,0
19059,C3D8,0.325765,0,0,0,0,0,0,0,0,0,0,0,0
19060,C3D8,0.325769,0,0,0,0,0,0,0,0,0,0,0,0
19061,C3D8,0.325769,0,0,0,0,0,0,0,0,0,0,0,0
19062,C3D8,0.325769,0,0,0,0,0,0,0,0,0,0,0,0
19063,C3D8,0.325766,0,0,0,0,0,0,0,0,0,0,0,0
19064,C3D8,0.325766,0,0,0,0,0,0,0,0,0,0,0,0
19065,C3D8,0.325766,0,0,0,0,0,0,0,0,0,0,0,0
19066,C3D8,0.325766,0,0,0,0,0,0,0,0,0,0,0,0
19067,C3D8,0.325766,0,0,0,0,0,0,0,0,0,0,0,0
19068,C3D8,0.325766,0,0,0,0,0,0,0,0,0,0,0,0
19069,C3D8,0.325766,0,0,0,0,0,0,0,0,0,0,0,0
19070,C3D8,0.325766,0,0,0,0,0,0,0,0,0,0,0,0
19071,C3D8,0.325766,0,0,0,0,0,0,0,0,0,0,0,0
19072,C3D8,0.325767,0,0,0,0,0,0,0,0,0,0,0,0
19073,C3D8,0.325767,0,0,0,0,0,0,0,0,0,0,0,0
19074,C3D8,0.325767,0,0,0,0,0,0,0,0,0,0,0,0
19075,C3D8,0.325766,0,0,0,0,0,0,0,0,0,0,0,0
19076,C3D8,0.325766,0,0,0,0,0,0,0,0,0,0,0,0
19077,C3D8,0.325766,0,0,0,0,0,0,0,0,0,0,0,0
19078,C3D8,0.325767,0,0,0,0,0,0,0,0,0,0,0,0
19079,C3D8,0.325767,0,0,0,0,0,0,0,0,0,0,0,0
19080,C3D8,0.325767,0,0,0,0,0,0,0,0,0,0,0,0
19081,C3D8,0.325766,0,0,0,0,0,0,0,0,0,0,0,0
19082,C3D8,0.325766,0,0,0,0,0,0,0,0,0,0,0,0
19083,C3D8,0.325766,0,0,0,0,0,0,0,0,0,0,0,0
19084,C3D8,0.325767,0,0,0,0,0,0,0,0,0,0,0,0
19085,C3D8,0.325767,0,0,0,0,0,0,0,0,0,0,0,0
19086,C3D8,0.325767,0,0,0,0,0,0,0,0,0,0,0,0
19087,C3D8,0.325766,0,0,0,0,0,0,0,0,0,0,0,0
19088,C3D8,0.325766,0,0,0,0,0,0,0,0,0,0,0,0
19089,C3D8,0.325766,0,0,0,0,0,0,0,0,0,0,0,0
19090,C3D8,0.325767,0,0,0,0,0,0,0,0,0,0,0,0
19091,C3D8,0.325767,0,0,0,0,0,0,0,0,0,0,0,0
19092,C3D8,0.325767,0,0,0,0,0,0,0,0,0,0,0,0
19093,C3D8,0.325766,0,0,0,0,0,0,0,0,0,0,0,0
19094,C3D8,0.325766,0,0,0,0,0,0,0,0,0,0,0,0
19095,C3D8,0.325766,0,0,0,0,0,0,0,0,0,0,0,0
19096,C3D8,0.325767,0,0,0,0,0,0,0,0,0,0,0,0
19097,C3D8,0.325767,0,0,0,0,0,0,0,0,0,0,0,0
19098,C3D8,0.325767,0,0,0,0,0,0,0,0,0,0,0,0
19099,C3D8,0.325766,0,0,0,0,0,0,0,0,0,0,0,0
19100,C3D8,0.325766,0,0,0,0,0,0,0,0,0,0,0,0
19101,C3D8,0.325766,0,0,0,0,0,0,0,0,0,0,0,0
19102,C3D8,0.325767,0,0,0,0,0,0,0,0,0,0,0,0
19103,C3D8,0.325767,0,0,0,0,0,0,0,0,0,0,0,0
19104,C3D8,0.325767,0,0,0,0,0,0,0,0,0,0,0,0
19105,C3D8,0.325766,0,0,0,0,0,0,0,0,0,0,0,0
19106,C3D8,0.325766,0,0,0,0,0,0,0,0,0,0,0,0
19107,C3D8,0.325766,0,0,0,0,0,0,0,0,0,0,0,0
19108,C3D8,0.325767,0,0,0,0,0,0,0,0,0,0,0,0
19109,C3D8,0.325767,0,0,0,0,0,0,0,0,0,0,0,0
19110,C3D8,0.325767,0,0,0,0,0,0,0,0,0,0,0,0
19111,C3D8,0.325766,0,0,0,0,0,0,0,0,0,0,0,0
19112,C3D8,0.325766,0,0,0,0,0,0,0,0,0,0,0,0
19113,C3D8,0.325766,0,0,0,0,0,0,0,0,0,0,0,0
19114,C3D8,0.325767,0,0,0,0,0,0,0,0,0,0,0,0
19115,C3D8,0.325767,0,0,0,0,0,0,0,0,0,0,0,0
19116,C3D8,0.325767,0,0,0,0,0,0,0,0,0,0,0,0
19117,C3D8,0.325766,0,0,0,0,0,0,0,0,0,0,0,0
19118,C3D8,0.325766,0,0,0,0,0,0,0,0,0,0,0,0
19119,C3D8,0.325766,0,0,0,0,0,0,0,0,0,0,0,0
19120,C3D8,0.325766,0,0,0,0,0,0,0,0,0,0,0,0
19121,C3D8,0.325766,0,0,0,0,0,0,0,0,0,0,0,0
19122,C3D8,0.325766,0,0,0,0,0,0,0,0,0,0,0,0
19123,C3D8,0.325767,0,0,0,0,0,0,0,0,0,0,0,0
19124,C3D8,0.325767,0,0,0,0,0,0,0,0,0,0,0,0
19125,C3D8,0.325767,0,0,0,0,0,0,0,0,0,0,0,0
19126,C3D8,0.325766,0,0,0,0,0,0,0,0,0,0,0,0
19127,C3D8,0.325766,0,0,0,0,0,0,0,0,0,0,0,0
19128,C3D8,0.325766,0,0,0,0,0,0,0,0,0,0,0,0
19129,C3D8,0.325766,0,0,0,0,0,0,0,0,0,0,0,0
19130,C3D8,0.325766,0,0,0,0,0,0,0,0,0,0,0,0
19131,C3D8,0.325766,0,0,0,0,0,0,0,0,0,0,0,0
19132,C3D8,0.325767,0,0,0,0,0,0,0,0,0,0,0,0
19133,C3D8,0.325767,0,0,0,0,0,0,0,0,0,0,0,0
19134,C3D8,0.325767,0,0,0,0,0,0,0,0,0,0,0,0
19135,C3D8,0.325766,0,0,0,0,0,0,0,0,0,0,0,0
19136,C3D8,0.325766,0,0,0,0,0,0,0,0,0,0,0,0
19137,C3D8,0.325766,0,0,0,0,0,0,0,0,0,0,0,0
19138,C3D8,0.325766,0,0,0,0,0,0,0,0,0,0,0,0
19139,C3D8,0.325766,0,0,0,0,0,0,0,0,0,0,0,0
19140,C3D8,0.325766,0,0,0,0,0,0,0,0,0,0,0,0
19141,C3D8,0.325766,0,0,0,0,0,0,0,0,0,0,0,0
19142,C3D8,0.325766,0,0,0,0,0,0,0,0,0,0,0,0
19143,C3D8,0.325766,0,0,0,0,0,0,0,0,0,0,0,0
19144,C3D8,0.325767,0,0,0,0,0,0,0,0,0,0,0,0
19145,C3D8,0.325767,0,0,0,0,0,0,0,0,0,0,0,0
19146,C3D8,0.325767,0,0,0,0,0,0,0,0,0,0,0,0
19147,C3D8,0.325766,0,0,0,0,0,0,0,0,0,0,0,0
19148,C3D8,0.325766,0,0,0,0,0,0,0,0,0,0,0,0
19149,C3D8,0.325766,0,0,0,0,0,0,0,0,0,0,0,0
19150,C3D8,0.325766,0,0,0,0,0,0,0,0,0,0,0,0
19151,C3D8,0.325766,0,0,0,0,0,0,0,0,0,0,0,0
19152,C3D8,0.325766,0,0,0,0,0,0,0,0,0,0,0,0
19153,C3D8,0.325766,0,0,0,0,0,0,0,0,0,0,0,0
19154,C3D8,0.325766,0,0,0,0,0,0,0,0,0,0,0,0
19155,C3D8,0.325766,0,0,0,0,0,0,0,0,0,0,0,0
19156,C3D8,0.325767,0,0,0,0,0,0,0,0,0,0,0,0
19157,C3D8,0.325767,0,0,0,0,0,0,0,0,0,0,0,0
19158,C3D8,0.325767,0,0,0,0,0,0,0,0,0,0,0,0
19159,C3D8,0.325766,0,0,0,0,0,0,0,0,0,0,0,0
19160,C3D8,0.325766,0,0,0,0,0,0,0,0,0,0,0,0
19161,C3D8,0.325766,0,0,0,0,0,0,0,0,0,0,0,0
19162,C3D8,0.325766,0,0,0,0,0,0,0,0,0,0,0,0
19163,C3D8,0.325766,0,0,0,0,0,0,0,0,0,0,0,0
19164,C3D8,0.325766,0,0,0,0,0,0,0,0,0,0,0,0
19165,C3D8,0.325766,0,0,0,0,0,0,0,0,0,0,0,0
19166,C3D8,0.325766,0,0,0,0,0,0,0,0,0,0,0,0
19167,C3D8,0.325766,0,0,0,0,0,0,0,0,0,0,0,0
19168,C3D8,0.325767,0,0,0,0,0,0,0,0,0,0,0,0
19169,C3D8,0.325767,0,0,0,0,0,0,0,0,0,0,0,0
19170,C3D8,0.325767,0,0,0,0,0,0,0,0,0,0,0,0
19171,C3D8,0.325766,0,0,0,0,0,0,0,0,0,0,0,0
19172,C3D8,0.325766,0,0,0,0,0,0,0,0,0,0,0,0
19173,C3D8,0.325766,0,0,0,0,0,0,0,0,0,0,0,0
19174,C3D8,0.325766,0,0,0,0,0,0,0,0,0,0,0,0
19175,C3D8,0.325766,0,0,0,0,0,0,0,0,0,0,0,0
19176,C3D8,0.325766,0,0,0,0,0,0,0,0,0,0,0,0
19177,C3D8,0.325767,0,0,0,0,0,0,0,0,0,0,0,0
19178,C3D8,0.325767,0,0,0,0,0,0,0,0,0,0,0,0
19179,C3D8,0.325767,0,0,0,0,0,0,0,0,0,0,0,0
19180,C3D8,0.325766,0,0,0,0,0,0,0,0,0,0,0,0
19181,C3D8,0.325766,0,0,0,0,0,0,0,0,0,0,0,0
19182,C3D8,0.325766,0,0,0,0,0,0,0,0,0,0,0,0
19183,C3D8,0.325766,0,0,0,0,0,0,0,0,0,0,0,0
19184,C3D8,0.325766,0,0,0,0,0,0,0,0,0,0,0,0
19185,C3D8,0.325766,0,0,0,0,0,0,0,0,0,0,0,0
19186,C3D8,0.325766,0,0,0,0,0,0,0,0,0,0,0,0
19187,C3D8,0.325766,0,0,0,0,0,0,0,0,0,0,0,0
19188,C3D8,0.325766,0,0,0,0,0,0,0,0,0,0,0,0
19189,C3D8,0.325767,0,0,0,0,0,0,0,0,0,0,0,0
19190,C3D8,0.325767,0,0,0,0,0,0,0,0,0,0,0,0
19191,C3D8,0.325767,0,0,0,0,0,0,0,0,0,0,0,0
19192,C3D8,0.325766,0,0,0,0,0,0,0,0,0,0,0,0
19193,C3D8,0.325766,0,0,0,0,0,0,0,0,0,0,0,0
19194,C3D8,0.325766,0,0,0,0,0,0,0,0,0,0,0,0
19195,C3D8,0.325766,0,0,0,0,0,0,0,0,0,0,0,0
19196,C3D8,0.325766,0,0,0,0,0,0,0,0,0,0,0,0
19197,C3D8,0.325766,0,0,0,0,0,0,0,0,0,0,0,0
19198,C3D8,0.325766,0,0,0,0,0,0,0,0,0,0,0,0
19199,C3D8,0.325766,0,0,0,0,0,0,0,0,0,0,0,0
19200,C3D8,0.325766,0,0,0,0,0,0,0,0,0,0,0,0
19201,C3D8,0.325767,0,0,0,0,0,0,0,0,0,0,0,0
19202,C3D8,0.325767,0,0,0,0,0,0,0,0,0,0,0,0
19203,C3D8,0.325767,0,0,0,0,0,0,0,0,0,0,0,0
19204,C3D8,0.325766,0,0,0,0,0,0,0,0,0,0,0,0
19205,C3D8,0.325766,0,0,0,0,0,0,0,0,0,0,0,0
19206,C3D8,0.325766,0,0,0,0,0,0,0,0,0,0,0,0
19207,C3D8,0.325766,0,0,0,0,0,0,0,0,0,0,0,0
19208,C3D8,0.325766,0,0,0,0,0,0,0,0,0,0,0,0
19209,C3D8,0.325766,0,0,0,0,0,0,0,0,0,0,0,0
19210,C3D8,0.325766,0,0,0,0,0,0,0,0,0,0,0,0
19211,C3D8,0.325766,0,0,0,0,0,0,0,0,0,0,0,0
19212,C3D8,0.325766,0,0,0,0,0,0,0,0,0,0,0,0
19213,C3D8,0.325767,0,0,0,0,0,0,0,0,0,0,0,0
19214,C3D8,0.325767,0,0,0,0,0,0,0,0,0,0,0,0
19215,C3D8,0.325767,0,0,0,0,0,0,0,0,0,0,0,0
19216,C3D8,0.325765,0,0,0,0,0,0,0,0,0,0,0,0
19217,C3D8,0.325765,0,0,0,0,0,0,0,0,0,0,0,0
19218,C3D8,0.325765,0,0,0,0,0,0,0,0,0,0,0,0
19219,C3D8,0.325769,0,0,0,0,0,0,0,0,0,0,0,0
19220,C3D8,0.325769,0,0,0,0,0,0,0,0,0,0,0,0
19221,C3D8,0.325769,0,0,0,0,0,0,0,0,0,0,0,0
19222,C3D8,0.325766,0,0,0,0,0,0,0,0,0,0,0,0
19223,C3D8,0.325766,0,0,0,0,0,0,0,0,0,0,0,0
19224,C3D8,0.325766,0,0,0,0,0,0,0,0,0,0,0,0
19225,C3D8,0.325766,0,0,0,0,0,0,0,0,0,0,0,0
19226,C3D8,0.325766,0,0,0,0,0,0,0,0,0,0,0,0
19227,C3D8,0.325766,0,0,0,0,0,0,0,0,0,0,0,0
19228,C3D8,0.325766,0,0,0,0,0,0,0,0,0,0,0,0
19229,C3D8,0.325766,0,0,0,0,0,0,0,0,0,0,0,0
19230,C3D8,0.325766,0,0,0,0,0,0,0,0,0,0,0,0
19231,C3D8,0.325767,0,0,0,0,0,0,0,0,0,0,0,0
19232,C3D8,0.325767,0,0,0,0,0,0,0,0,0,0,0,0
19233,C3D8,0.325767,0,0,0,0,0,0,0,0,0,0,0,0
19234,C3D8,0.325766,0,0,0,0,0,0,0,0,0,0,0,0
19235,C3D8,0.325766,0,0,0,0,0,0,0,0,0,0,0,0
19236,C3D8,0.325766,0,0,0,0,0,0,0,0,0,0,0,0
19237,C3D8,0.325767,0,0,0,0,0,0,0,0,0,0,0,0
19238,C3D8,0.325767,0,0,0,0,0,0,0,0,0,0,0,0
19239,C3D8,0.325767,0,0,0,0,0,0,0,0,0,0,0,0
19240,C3D8,0.325766,0,0,0,0,0,0,0,0,0,0,0,0
19241,C3D8,0.325766,0,0,0,0,0,0,0,0,0,0,0,0
19242,C3D8,0.325766,0,0,0,0,0,0,0,0,0,0,0,0
19243,C3D8,0.325767,0,0,0,0,0,0,0,0,0,0,0,0
19244,C3D8,0.325767,0,0,0,0,0,0,0,0,0,0,0,0
19245,C3D8,0.325767,0,0,0,0,0,0,0,0,0,0,0,0
19246,C3D8,0.325766,0,0,0,0,0,0,0,0,0,0,0,0
19247,C3D8,0.325766,0,0,0,0,0,0,0,0,0,0,0,0
19248,C3D8,0.325766,0,0,0,0,0,0,0,0,0,0,0,0
19249,C3D8,0.325767,0,0,0,0,0,0,0,0,0,0,0,0
19250,C3D8,0.325767,0,0,0,0,0,0,0,0,0,0,0,0
19251,C3D8,0.325767,0,0,0,0,0,0,0,0,0,0,0,0
19252,C3D8,0.325766,0,0,0,0,0,0,0,0,0,0,0,0
19253,C3D8,0.325766,0,0,0,0,0,0,0,0,0,0,0,0
19254,C3D8,0.325766,0,0,0,0,0,0,0,0,0,0,0,0
19255,C3D8,0.325767,0,0,0,0,0,0,0,0,0,0,0,0
19256,C3D8,0.325767,0,0,0,0,0,0,0,0,0,0,0,0
19257,C3D8,0.325767,0,0,0,0,0,0,0,0,0,0,0,0
19258,C3D8,0.325766,0,0,0,0,0,0,0,0,0,0,0,0
19259,C3D8,0.325766,0,0,0,0,0,0,0,0,0,0,0,0
19260,C3D8,0.325766,0,0,0,0,0,0,0,0,0,0,0,0
19261,C3D8,0.325767,0,0,0,0,0,0,0,0,0,0,0,0
19262,C3D8,0.325767,0,0,0,0,0,0,0,0,0,0,0,0
19263,C3D8,0.325767,0,0,0,0,0,0,0,0,0,0,0,0
19264,C3D8,0.325766,0,0,0,0,0,0,0,0,0,0,0,0
19265,C3D8,0.325766,0,0,0,0,0,0,0,0,0,0,0,0
19266,C3D8,0.325766,0,0,0,0,0,0,0,0,0,0,0,0
19267,C3D8,0.325767,0,0,0,0,0,0,0,0,0,0,0,0
19268,C3D8,0.325767,0,0,0,0,0,0,0,0,0,0,0,0
19269,C3D8,0.325767,0,0,0,0,0,0,0,0,0,0,0,0
19270,C3D8,0.325766,0,0,0,0,0,0,0,0,0,0,0,0
19271,C3D8,0.325766,0,0,0,0,0,0,0,0,0,0,0,0
19272,C3D8,0.325766,0,0,0,0,0,0,0,0,0,0,0,0
19273,C3D8,0.325767,0,0,0,0,0,0,0,0,0,0,0,0
19274,C3D8,0.325767,0,0,0,0,0,0,0,0,0,0,0,0
19275,C3D8,0.325767,0,0,0,0,0,0,0,0,0,0,0,0
19276,C3D8,0.325766,0,0,0,0,0,0,0,0,0,0,0,0
19277,C3D8,0.325766,0,0,0,0,0,0,0,0,0,0,0,0
19278,C3D8,0.325766,0,0,0,0,0,0,0,0,0,0,0,0
19279,C3D8,0.325766,0,0,0,0,0,0,0,0,0,0,0,0
19280,C3D8,0.325766,0,0,0,0,0,0,0,0,0,0,0,0
19281,C3D8,0.325766,0,0,0,0,0,0,0,0,0,0,0,0
19282,C3D8,0.325767,0,0,0,0,0,0,0,0,0,0,0,0
19283,C3D8,0.325767,0,0,0,0,0,0,0,0,0,0,0,0
19284,C3D8,0.325767,0,0,0,0,0,0,0,0,0,0,0,0
19285,C3D8,0.325766,0,0,0,0,0,0,0,0,0,0,0,0
19286,C3D8,0.325766,0,0,0,0,0,0,0,0,0,0,0,0
19287,C3D8,0.325766,0,0,0,0,0,0,0,0,0,0,0,0
19288,C3D8,0.325766,0,0,0,0,0,0,0,0,0,0,0,0
19289,C3D8,0.325766,0,0,0,0,0,0,0,0,0,0,0,0
19290,C3D8,0.325766,0,0,0,0,0,0,0,0,0,0,0,0
19291,C3D8,0.325767,0,0,0,0,0,0,0,0,0,0,0,0
19292,C3D8,0.325767,0,0,0,0,0,0,0,0,0,0,0,0
19293,C3D8,0.325767,0,0,0,0,0,0,0,0,0,0,0,0
19294,C3D8,0.325766,0,0,0,0,0,0,0,0,0,0,0,0
19295,C3D8,0.325766,0,0,0,0,0,0,0,0,0,0,0,0
19296,C3D8,0.325766,0,0,0,0,0,0,0,0,0,0,0,0
19297,C3D8,0.325766,0,0,0,0,0,0,0,0,0,0,0,0
19298,C3D8,0.325766,0,0,0,0,0,0,0,0,0,0,0,0
19299,C3D8,0.325766,0,0,0,0,0,0,0,0,0,0,0,0
19300,C3D8,0.325766,0,0,0,0,0,0,0,0,0,0,0,0
19301,C3D8,0.325766,0,0,0,0,0,0,0,0,0,0,0,0
19302,C3D8,0.325766,0,0,0,0,0,0,0,0,0,0,0,0
19303,C3D8,0.325767,0,0,0,0,0,0,0,0,0,0,0,0
19304,C3D8,0.325767,0,0,0,0,0,0,0,0,0,0,0,0
19305,C3D8,0.325767,0,0,0,0,0,0,0,0,0,0,0,0
19306,C3D8,0.325766,0,0,0,0,0,0,0,0,0,0,0,0
19307,C3D8,0.325766,0,0,0,0,0,0,0,0,0,0,0,0
19308,C3D8,0.325766,0,0,0,0,0,0,0,0,0,0,0,0
19309,C3D8,0.325766,0,0,0,0,0,0,0,0,0,0,0,0
19310,C3D8,0.325766,0,0,0,0,0,0,0,0,0,0,0,0
19311,C3D8,0.325766,0,0,0,0,0,0,0,0,0,0,0,0
19312,C3D8,0.325766,0,0,0,0,0,0,0,0,0,0,0,0
19313,C3D8,0.325766,0,0,0,0,0,0,0,0,0,0,0,0
19314,C3D8,0.325766,0,0,0,0,0,0,0,0,0,0,0,0
19315,C3D8,0.325767,0,0,0,0,0,0,0,0,0,0,0,0
19316,C3D8,0.325767,0,0,0,0,0,0,0,0,0,0,0,0
19317,C3D8,0.325767,0,0,0,0,0,0,0,0,0,0,0,0
19318,C3D8,0.325766,0,0,0,0,0,0,0,0,0,0,0,0
19319,C3D8,0.325766,0,0,0,0,0,0,0,0,0,0,0,0
19320,C3D8,0.325766,0,0,0,0,0,0,0,0,0,0,0,0
19321,C3D8,0.325766,0,0,0,0,0,0,0,0,0,0,0,0
19322,C3D8,0.325766,0,0,0,0,0,0,0,0,0,0,0,0
19323,C3D8,0.325766,0,0,0,0,0,0,0,0,0,0,0,0
19324,C3D8,0.325766,0,0,0,0,0,0,0,0,0,0,0,0
19325,C3D8,0.325766,0,0,0,0,0,0,0,0,0,0,0,0
19326,C3D8,0.325766,0,0,0,0,0,0,0,0,0,0,0,0
19327,C3D8,0.325767,0,0,0,0,0,0,0,0,0,0,0,0
19328,C3D8,0.325767,0,0,0,0,0,0,0,0,0,0,0,0
19329,C3D8,0.325767,0,0,0,0,0,0,0,0,0,0,0,0
19330,C3D8,0.325766,0,0,0,0,0,0,0,0,0,0,0,0
19331,C3D8,0.325766,0,0,0,0,0,0,0,0,0,0,0,0
19332,C3D8,0.325766,0,0,0,0,0,0,0,0,0,0,0,0
19333,C3D8,0.325766,0,0,0,0,0,0,0,0,0,0,0,0
19334,C3D8,0.325766,0,0,0,0,0,0,0,0,0,0,0,0
19335,C3D8,0.325766,0,0,0,0,0,0,0,0,0,0,0,0
19336,C3D8,0.325767,0,0,0,0,0,0,0,0,0,0,0,0
19337,C3D8,0.325767,0,0,0,0,0,0,0,0,0,0,0,0
19338,C3D8,0.325767,0,0,0,0,0,0,0,0,0,0,0,0
19339,C3D8,0.325766,0,0,0,0,0,0,0,0,0,0,0,0
19340,C3D8,0.325766,0,0,0,0,0,0,0,0,0,0,0,0
19341,C3D8,0.325766,0,0,0,0,0,0,0,0,0,0,0,0
19342,C3D8,0.325766,0,0,0,0,0,0,0,0,0,0,0,0
19343,C3D8,0.325766,0,0,0,0,0,0,0,0,0,0,0,0
19344,C3D8,0.325766,0,0,0,0,0,0,0,0,0,0,0,0
19345,C3D8,0.325766,0,0,0,0,0,0,0,0,0,0,0,0
19346,C3D8,0.325766,0,0,0,0,0,0,0,0,0,0,0,0
19347,C3D8,0.325766,0,0,0,0,0,0,0,0,0,0,0,0
19348,C3D8,0.325767,0,0,0,0,0,0,0,0,0,0,0,0
19349,C3D8,0.325767,0,0,0,0,0,0,0,0,0,0,0,0
19350,C3D8,0.325767,0,0,0,0,0,0,0,0,0,0,0,0
19351,C3D8,0.325766,0,0,0,0,0,0,0,0,0,0,0,0
19352,C3D8,0.325766,0,0,0,0,0,0,0,0,0,0,0,0
19353,C3D8,0.325766,0,0,0,0,0,0,0,0,0,0,0,0
19354,C3D8,0.325766,0,0,0,0,0,0,0,0,0,0,0,0
19355,C3D8,0.325766,0,0,0,0,0,0,0,0,0,0,0,0
19356,C3D8,0.325766,0,0,0,0,0,0,0,0,0,0,0,0
19357,C3D8,0.325766,0,0,0,0,0,0,0,0,0,0,0,0
19358,C3D8,0.325766,0,0,0,0,0,0,0,0,0,0,0,0
19359,C3D8,0.325766,0,0,0,0,0,0,0,0,0,0,0,0
19360,C3D8,0.325767,0,0,0,0,0,0,0,0,0,0,0,0
19361,C3D8,0.325767,0,0,0,0,0,0,0,0,0,0,0,0
19362,C3D8,0.325767,0,0,0,0,0,0,0,0,0,0,0,0
19363,C3D8,0.325766,0,0,0,0,0,0,0,0,0,0,0,0
19364,C3D8,0.325766,0,0,0,0,0,0,0,0,0,0,0,0
19365,C3D8,0.325766,0,0,0,0,0,0,0,0,0,0,0,0
19366,C3D8,0.325766,0,0,0,0,0,0,0,0,0,0,0,0
19367,C3D8,0.325766,0,0,0,0,0,0,0,0,0,0,0,0
19368,C3D8,0.325766,0,0,0,0,0,0,0,0,0,0,0,0
19369,C3D8,0.325766,0,0,0,0,0,0,0,0,0,0,0,0
19370,C3D8,0.325766,0,0,0,0,0,0,0,0,0,0,0,0
19371,C3D8,0.325766,0,0,0,0,0,0,0,0,0,0,0,0
19372,C3D8,0.325767,0,0,0,0,0,0,0,0,0,0,0,0
19373,C3D8,0.325767,0,0,0,0,0,0,0,0,0,0,0,0
19374,C3D8,0.325767,0,0,0,0,0,0,0,0,0,0,0,0
19375,C3D8,0.325765,0,0,0,0,0,0,0,0,0,0,0,0
19376,C3D8,0.325765,0,0,0,0,0,0,0,0,0,0,0,0
19377,C3D8,0.325765,0,0,0,0,0,0,0,0,0,0,0,0
19378,C3D8,0.325769,0,0,0,0,0,0,0,0,0,0,0,0
19379,C3D8,0.325769,0,0,0,0,0,0,0,0,0,0,0,0
19380,C3D8,0.325769,0,0,0,0,0,0,0,0,0,0,0,0
19381,C3D8,0.325766,0,0,0,0,0,0,0,0,0,0,0,0
19382,C3D8,0.325766,0,0,0,0,0,0,0,0,0,0,0,0
19383,C3D8,0.325766,0,0,0,0,0,0,0,0,0,0,0,0
19384,C3D8,0.325766,0,0,0,0,0,0,0,0,0,0,0,0
19385,C3D8,0.325766,0,0,0,0,0,0,0,0,0,0,0,0
19386,C3D8,0.325766,0,0,0,0,0,0,0,0,0,0,0,0
19387,C3D8,0.325766,0,0,0,0,0,0,0,0,0,0,0,0
19388,C3D8,0.325766,0,0,0,0,0,0,0,0,0,0,0,0
19389,C3D8,0.325766,0,0,0,0,0,0,0,0,0,0,0,0
19390,C3D8,0.325767,0,0,0,0,0,0,0,0,0,0,0,0
19391,C3D8,0.325767,0,0,0,0,0,0,0,0,0,0,0,0
19392,C3D8,0.325767,0,0,0,0,0,0,0,0,0,0,0,0
19393,C3D8,0.325766,0,0,0,0,0,0,0,0,0,0,0,0
19394,C3D8,0.325766,0,0,0,0,0,0,0,0,0,0,0,0
19395,C3D8,0.325766,0,0,0,0,0,0,0,0,0,0,0,0
19396,C3D8,0.325767,0,0,0,0,0,0,0,0,0,0,0,0
19397,C3D8,0.325767,0,0,0,0,0,0,0,0,0,0,0,0
19398,C3D8,0.325767,0,0,0,0,0,0,0,0,0,0,0,0
19399,C3D8,0.325766,0,0,0,0,0,0,0,0,0,0,0,0
19400,C3D8,0.325766,0,0,0,0,0,0,0,0,0,0,0,0
19401,C3D8,0.325766,0,0,0,0,0,0,0,0,0,0,0,0
19402,C3D8,0.325767,0,0,0,0,0,0,0,0,0,0,0,0
19403,C3D8,0.325767,0,0,0,0,0,0,0,0,0,0,0,0
19404,C3D8,0.325767,0,0,0,0,0,0,0,0,0,0,0,0
19405,C3D8,0.325766,0,0,0,0,0,0,0,0,0,0,0,0
19406,C3D8,0.325766,0,0,0,0,0,0,0,0,0,0,0,0
19407,C3D8,0.325766,0,0,0,0,0,0,0,0,0,0,0,0
19408,C3D8,0.325767,0,0,0,0,0,0,0,0,0,0,0,0
19409,C3D8,0.325767,0,0,0,0,0,0,0,0,0,0,0,0
19410,C3D8,0.325767,0,0,0,0,0,0,0,0,0,0,0,0
19411,C3D8,0.325766,0,0,0,0,0,0,0,0,0,0,0,0
19412,C3D8,0.325766,0,0,0,0,0,0,0,0,0,0,0,0
19413,C3D8,0.325766,0,0,0,0,0,0,0,0,0,0,0,0
19414,C3D8,0.325767,0,0,0,0,0,0,0,0,0,0,0,0
19415,C3D8,0.325767,0,0,0,0,0,0,0,0,0,0,0,0
19416,C3D8,0.325767,0,0,0,0,0,0,0,0,0,0,0,0
19417,C3D8,0.325766,0,0,0,0,0,0,0,0,0,0,0,0
19418,C3D8,0.325766,0,0,0,0,0,0,0,0,0,0,0,0
19419,C3D8,0.325766,0,0,0,0,0,0,0,0,0,0,0,0
19420,C3D8,0.325767,0,0,0,0,0,0,0,0,0,0,0,0
19421,C3D8,0.325767,0,0,0,0,0,0,0,0,0,0,0,0
19422,C3D8,0.325767,0,0,0,0,0,0,0,0,0,0,0,0
19423,C3D8,0.325766,0,0,0,0,0,0,0,0,0,0,0,0
19424,C3D8,0.325766,0,0,0,0,0,0,0,0,0,0,0,0
19425,C3D8,0.325766,0,0,0,0,0,0,0,0,0,0,0,0
19426,C3D8,0.325767,0,0,0,0,0,0,0,0,0,0,0,0
19427,C3D8,0.325767,0,0,0,0,0,0,0,0,0,0,0,0
19428,C3D8,0.325767,0,0,0,0,0,0,0,0,0,0,0,0
19429,C3D8,0.325766,0,0,0,0,0,0,0,0,0,0,0,0
19430,C3D8,0.325766,0,0,0,0,0,0,0,0,0,0,0,0
19431,C3D8,0.325766,0,0,0,0,0,0,0,0,0,0,0,0
19432,C3D8,0.325767,0,0,0,0,0,0,0,0,0,0,0,0
19433,C3D8,0.325767,0,0,0,0,0,0,0,0,0,0,0,0
19434,C3D8,0.325767,0,0,0,0,0,0,0,0,0,0,0,0
19435,C3D8,0.325766,0,0,0,0,0,0,0,0,0,0,0,0
19436,C3D8,0.325766,0,0,0,0,0,0,0,0,0,0,0,0
19437,C3D8,0.325766,0,0,0,0,0,0,0,0,0,0,0,0
19438,C3D8,0.325766,0,0,0,0,0,0,0,0,0,0,0,0
19439,C3D8,0.325766,0,0,0,0,0,0,0,0,0,0,0,0
19440,C3D8,0.325766,0,0,0,0,0,0,0,0,0,0,0,0
19441,C3D8,0.325768,0,0,0,0,0,0,0,0,0,0,0,0
19442,C3D8,0.325768,0,0,0,0,0,0,0,0,0,0,0,0
19443,C3D8,0.325768,0,0,0,0,0,0,0,0,0,0,0,0
19444,C3D8,0.325766,0,0,0,0,0,0,0,0,0,0,0,0
19445,C3D8,0.325766,0,0,0,0,0,0,0,0,0,0,0,0
19446,C3D8,0.325766,0,0,0,0,0,0,0,0,0,0,0,0
19447,C3D8,0.325766,0,0,0,0,0,0,0,0,0,0,0,0
19448,C3D8,0.325766,0,0,0,0,0,0,0,0,0,0,0,0
19449,C3D8,0.325766,0,0,0,0,0,0,0,0,0,0,0,0
19450,C3D8,0.325768,0,0,0,0,0,0,0,0,0,0,0,0
19451,C3D8,0.325768,0,0,0,0,0,0,0,0,0,0,0,0
19452,C3D8,0.325768,0,0,0,0,0,0,0,0,0,0,0,0
19453,C3D8,0.325766,0,0,0,0,0,0,0,0,0,0,0,0
19454,C3D8,0.325766,0,0,0,0,0,0,0,0,0,0,0,0
19455,C3D8,0.325766,0,0,0,0,0,0,0,0,0,0,0,0
19456,C3D8,0.325766,0,0,0,0,0,0,0,0,0,0,0,0
19457,C3D8,0.325766,0,0,0,0,0,0,0,0,0,0,0,0
19458,C3D8,0.325766,0,0,0,0,0,0,0,0,0,0,0,0
19459,C3D8,0.325766,0,0,0,0,0,0,0,0,0,0,0,0
19460,C3D8,0.325766,0,0,0,0,0,0,0,0,0,0,0,0
19461,C3D8,0.325766,0,0,0,0,0,0,0,0,0,0,0,0
19462,C3D8,0.325768,0,0,0,0,0,0,0,0,0,0,0,0
19463,C3D8,0.325768,0,0,0,0,0,0,0,0,0,0,0,0
19464,C3D8,0.325768,0,0,0,0,0,0,0,0,0,0,0,0
19465,C3D8,0.325766,0,0,0,0,0,0,0,0,0,0,0,0
19466,C3D8,0.325766,0,0,0,0,0,0,0,0,0,0,0,0
19467,C3D8,0.325766,0,0,0,0,0,0,0,0,0,0,0,0
19468,C3D8,0.325766,0,0,0,0,0,0,0,0,0,0,0,0
19469,C3D8,0.325766,0,0,0,0,0,0,0,0,0,0,0,0
19470,C3D8,0.325766,0,0,0,0,0,0,0,0,0,0,0,0
19471,C3D8,0.325766,0,0,0,0,0,0,0,0,0,0,0,0
19472,C3D8,0.325766,0,0,0,0,0,0,0,0,0,0,0,0
19473,C3D8,0.325766,0,0,0,0,0,0,0,0,0,0,0,0
19474,C3D8,0.325768,0,0,0,0,0,0,0,0,0,0,0,0
19475,C3D8,0.325768,0,0,0,0,0,0,0,0,0,0,0,0
19476,C3D8,0.325768,0,0,0,0,0,0,0,0,0,0,0,0
19477,C3D8,0.325766,0,0,0,0,0,0,0,0,0,0,0,0
19478,C3D8,0.325766,0,0,0,0,0,0,0,0,0,0,0,0
19479,C3D8,0.325766,0,0,0,0,0,0,0,0,0,0,0,0
19480,C3D8,0.325766,0,0,0,0,0,0,0,0,0,0,0,0
19481,C3D8,0.325766,0,0,0,0,0,0,0,0,0,0,0,0
19482,C3D8,0.325766,0,0,0,0,0,0,0,0,0,0,0,0
19483,C3D8,0.325766,0,0,0,0,0,0,0,0,0,0,0,0
19484,C3D8,0.325766,0,0,0,0,0,0,0,0,0,0,0,0
19485,C3D8,0.325766,0,0,0,0,0,0,0,0,0,0,0,0
19486,C3D8,0.325768,0,0,0,0,0,0,0,0,0,0,0,0
19487,C3D8,0.325768,0,0,0,0,0,0,0,0,0,0,0,0
19488,C3D8,0.325768,0,0,0,0,0,0,0,0,0,0,0,0
19489,C3D8,0.325766,0,0,0,0,0,0,0,0,0,0,0,0
19490,C3D8,0.325766,0,0,0,0,0,0,0,0,0,0,0,0
19491,C3D8,0.325766,0,0,0,0,0,0,0,0,0,0,0,0
19492,C3D8,0.325766,0,0,0,0,0,0,0,0,0,0,0,0
19493,C3D8,0.325766,0,0,0,0,0,0,0,0,0,0,0,0
19494,C3D8,0.325766,0,0,0,0,0,0,0,0,0,0,0,0
19495,C3D8,0.325768,0,0,0,0,0,0,0,0,0,0,0,0
19496,C3D8,0.325768,0,0,0,0,0,0,0,0,0,0,0,0
19497,C3D8,0.325768,0,0,0,0,0,0,0,0,0,0,0,0
19498,C3D8,0.325766,0,0,0,0,0,0,0,0,0,0,0,0
19499,C3D8,0.325766,0,0,0,0,0,0,0,0,0,0,0,0
19500,C3D8,0.325766,0,0,0,0,0,0,0,0,0,0,0,0
19501,C3D8,0.325766,0,0,0,0,0,0,0,0,0,0,0,0
19502,C3D8,0.325766,0,0,0,0,0,0,0,0,0,0,0,0
19503,C3D8,0.325766,0,0,0,0,0,0,0,0,0,0,0,0
19504,C3D8,0.325766,0,0,0,0,0,0,0,0,0,0,0,0
19505,C3D8,0.325766,0,0,0,0,0,0,0,0,0,0,0,0
19506,C3D8,0.325766,0,0,0,0,0,0,0,0,0,0,0,0
19507,C3D8,0.325768,0,0,0,0,0,0,0,0,0,0,0,0
19508,C3D8,0.325768,0,0,0,0,0,0,0,0,0,0,0,0
19509,C3D8,0.325768,0,0,0,0,0,0,0,0,0,0,0,0
19510,C3D8,0.325766,0,0,0,0,0,0,0,0,0,0,0,0
19511,C3D8,0.325766,0,0,0,0,0,0,0,0,0,0,0,0
19512,C3D8,0.325766,0,0,0,0,0,0,0,0,0,0,0,0
19513,C3D8,0.325766,0,0,0,0,0,0,0,0,0,0,0,0
19514,C3D8,0.325766,0,0,0,0,0,0,0,0,0,0,0,0
19515,C3D8,0.325766,0,0,0,0,0,0,0,0,0,0,0,0
19516,C3D8,0.325766,0,0,0,0,0,0,0,0,0,0,0,0
19517,C3D8,0.325766,0,0,0,0,0,0,0,0,0,0,0,0
19518,C3D8,0.325766,0,0,0,0,0,0,0,0,0,0,0,0
19519,C3D8,0.325768,0,0,0,0,0,0,0,0,0,0,0,0
19520,C3D8,0.325768,0,0,0,0,0,0,0,0,0,0,0,0
19521,C3D8,0.325768,0,0,0,0,0,0,0,0,0,0,0,0
19522,C3D8,0.325766,0,0,0,0,0,0,0,0,0,0,0,0
19523,C3D8,0.325766,0,0,0,0,0,0,0,0,0,0,0,0
19524,C3D8,0.325766,0,0,0,0,0,0,0,0,0,0,0,0
19525,C3D8,0.325766,0,0,0,0,0,0,0,0,0,0,0,0
19526,C3D8,0.325766,0,0,0,0,0,0,0,0,0,0,0,0
19527,C3D8,0.325766,0,0,0,0,0,0,0,0,0,0,0,0
19528,C3D8,0.325766,0,0,0,0,0,0,0,0,0,0,0,0
19529,C3D8,0.325766,0,0,0,0,0,0,0,0,0,0,0,0
19530,C3D8,0.325766,0,0,0,0,0,0,0,0,0,0,0,0
19531,C3D8,0.325768,0,0,0,0,0,0,0,0,0,0,0,0
19532,C3D8,0.325768,0,0,0,0,0,0,0,0,0,0,0,0
19533,C3D8,0.325768,0,0,0,0,0,0,0,0,0,0,0,0
19534,C3D8,0.325765,0,0,0,0,0,0,0,0,0,0,0,0
19535,C3D8,0.325765,0,0,0,0,0,0,0,0,0,0,0,0
19536,C3D8,0.325765,0,0,0,0,0,0,0,0,0,0,0,0
19537,C3D8,0.325769,0,0,0,0,0,0,0,0,0,0,0,0
19538,C3D8,0.325769,0,0,0,0,0,0,0,0,0,0,0,0
19539,C3D8,0.325769,0,0,0,0,0,0,0,0,0,0,0,0
19540,C3D8,0.325766,0,0,0,0,0,0,0,0,0,0,0,0
19541,C3D8,0.325766,0,0,0,0,0,0,0,0,0,0,0,0
19542,C3D8,0.325766,0,0,0,0,0,0,0,0,0,0,0,0
19543,C3D8,0.325766,0,0,0,0,0,0,0,0,0,0,0,0
19544,C3D8,0.325766,0,0,0,0,0,0,0,0,0,0,0,0
19545,C3D8,0.325766,0,0,0,0,0,0,0,0,0,0,0,0
19546,C3D8,0.325766,0,0,0,0,0,0,0,0,0,0,0,0
19547,C3D8,0.325766,0,0,0,0,0,0,0,0,0,0,0,0
19548,C3D8,0.325766,0,0,0,0,0,0,0,0,0,0,0,0
19549,C3D8,0.325767,0,0,0,0,0,0,0,0,0,0,0,0
19550,C3D8,0.325767,0,0,0,0,0,0,0,0,0,0,0,0
19551,C3D8,0.325767,0,0,0,0,0,0,0,0,0,0,0,0
19552,C3D8,0.325766,0,0,0,0,0,0,0,0,0,0,0,0
19553,C3D8,0.325766,0,0,0,0,0,0,0,0,0,0,0,0
19554,C3D8,0.325766,0,0,0,0,0,0,0,0,0,0,0,0
19555,C3D8,0.325767,0,0,0,0,0,0,0,0,0,0,0,0
19556,C3D8,0.325767,0,0,0,0,0,0,0,0,0,0,0,0
19557,C3D8,0.325767,0,0,0,0,0,0,0,0,0,0,0,0
19558,C3D8,0.325766,0,0,0,0,0,0,0,0,0,0,0,0
19559,C3D8,0.325766,0,0,0,0,0,0,0,0,0,0,0,0
19560,C3D8,0.325766,0,0,0,0,0,0,0,0,0,0,0,0
19561,C3D8,0.325767,0,0,0,0,0,0,0,0,0,0,0,0
19562,C3D8,0.325767,0,0,0,0,0,0,0,0,0,0,0,0
19563,C3D8,0.325767,0,0,0,0,0,0,0,0,0,0,0,0
19564,C3D8,0.325766,0,0,0,0,0,0,0,0,0,0,0,0
19565,C3D8,0.325766,0,0,0,0,0,0,0,0,0,0,0,0
19566,C3D8,0.325766,0,0,0,0,0,0,0,0,0,0,0,0
19567,C3D8,0.325767,0,0,0,0,0,0,0,0,0,0,0,0
19568,C3D8,0.325767,0,0,0,0,0,0,0,0,0,0,0,0
19569,C3D8,0.325767,0,0,0,0,0,0,0,0,0,0,0,0
19570,C3D8,0.325766,0,0,0,0,0,0,0,0,0,0,0,0
19571,C3D8,0.325766,0,0,0,0,0,0,0,0,0,0,0,0
19572,C3D8,0.325766,0,0,0,0,0,0,0,0,0,0,0,0
19573,C3D8,0.325767,0,0,0,0,0,0,0,0,0,0,0,0
19574,C3D8,0.325767,0,0,0,0,0,0,0,0,0,0,0,0
19575,C3D8,0.325767,0,0,0,0,0,0,0,0,0,0,0,0
19576,C3D8,0.325766,0,0,0,0,0,0,0,0,0,0,0,0
19577,C3D8,0.325766,0,0,0,0,0,0,0,0,0,0,0,0
19578,C3D8,0.325766,0,0,0,0,0,0,0,0,0,0,0,0
19579,C3D8,0.325767,0,0,0,0,0,0,0,0,0,0,0,0
19580,C3D8,0.325767,0,0,0,0,0,0,0,0,0,0,0,0
19581,C3D8,0.325767,0,0,0,0,0,0,0,0,0,0,0,0
19582,C3D8,0.325766,0,0,0,0,0,0,0,0,0,0,0,0
19583,C3D8,0.325766,0,0,0,0,0,0,0,0,0,0,0,0
19584,C3D8,0.325766,0,0,0,0,0,0,0,0,0,0,0,0
19585,C3D8,0.325767,0,0,0,0,0,0,0,0,0,0,0,0
19586,C3D8,0.325767,0,0,0,0,0,0,0,0,0,0,0,0
19587,C3D8,0.325767,0,0,0,0,0,0,0,0,0,0,0,0
19588,C3D8,0.325766,0,0,0,0,0,0,0,0,0,0,0,0
19589,C3D8,0.325766,0,0,0,0,0,0,0,0,0,0,0,0
19590,C3D8,0.325766,0,0,0,0,0,0,0,0,0,0,0,0
19591,C3D8,0.325767,0,0,0,0,0,0,0,0,0,0,0,0
19592,C3D8,0.325767,0,0,0,0,0,0,0,0,0,0,0,0
19593,C3D8,0.325767,0,0,0,0,0,0,0,0,0,0,0,0
19594,C3D8,0.325766,0,0,0,0,0,0,0,0,0,0,0,0
19595,C3D8,0.325766,0,0,0,0,0,0,0,0,0,0,0,0
19596,C3D8,0.325766,0,0,0,0,0,0,0,0,0,0,0,0
19597,C3D8,0.325766,0,0,0,0,0,0,0,0,0,0,0,0
19598,C3D8,0.325766,0,0,0,0,0,0,0,0,0,0,0,0
19599,C3D8,0.325766,0,0,0,0,0,0,0,0,0,0,0,0
19600,C3D8,0.325767,0,0,0,0,0,0,0,0,0,0,0,0
19601,C3D8,0.325767,0,0,0,0,0,0,0,0,0,0,0,0
19602,C3D8,0.325767,0,0,0,0,0,0,0,0,0,0,0,0
19603,C3D8,0.325766,0,0,0,0,0,0,0,0,0,0,0,0
19604,C3D8,0.325766,0,0,0,0,0,0,0,0,0,0,0,0
19605,C3D8,0.325766,0,0,0,0,0,0,0,0,0,0,0,0
19606,C3D8,0.325766,0,0,0,0,0,0,0,0,0,0,0,0
19607,C3D8,0.325766,0,0,0,0,0,0,0,0,0,0,0,0
19608,C3D8,0.325766,0,0,0,0,0,0,0,0,0,0,0,0
19609,C3D8,0.325767,0,0,0,0,0,0,0,0,0,0,0,0
19610,C3D8,0.325767,0,0,0,0,0,0,0,0,0,0,0,0
19611,C3D8,0.325767,0,0,0,0,0,0,0,0,0,0,0,0
19612,C3D8,0.325766,0,0,0,0,0,0,0,0,0,0,0,0
19613,C3D8,0.325766,0,0,0,0,0,0,0,0,0,0,0,0
19614,C3D8,0.325766,0,0,0,0,0,0,0,0,0,0,0,0
19615,C3D8,0.325766,0,0,0,0,0,0,0,0,0,0,0,0
19616,C3D8,0.325766,0,0,0,0,0,0,0,0,0,0,0,0
19617,C3D8,0.325766,0,0,0,0,0,0,0,0,0,0,0,0
19618,C3D8,0.325766,0,0,0,0,0,0,0,0,0,0,0,0
19619,C3D8,0.325766,0,0,0,0,0,0,0,0,0,0,0,0
19620,C3D8,0.325766,0,0,0,0,0,0,0,0,0,0,0,0
19621,C3D8,0.325767,0,0,0,0,0,0,0,0,0,0,0,0
19622,C3D8,0.325767,0,0,0,0,0,0,0,0,0,0,0,0
19623,C3D8,0.325767,0,0,0,0,0,0,0,0,0,0,0,0
19624,C3D8,0.325766,0,0,0,0,0,0,0,0,0,0,0,0
19625,C3D8,0.325766,0,0,0,0,0,0,0,0,0,0,0,0
19626,C3D8,0.325766,0,0,0,0,0,0,0,0,0,0,0,0
19627,C3D8,0.325766,0,0,0,0,0,0,0,0,0,0,0,0
19628,C3D8,0.325766,0,0,0,0,0,0,0,0,0,0,0,0
19629,C3D8,0.325766,0,0,0,0,0,0,0,0,0,0,0,0
19630,C3D8,0.325766,0,0,0,0,0,0,0,0,0,0,0,0
19631,C3D8,0.325766,0,0,0,0,0,0,0,0,0,0,0,0
19632,C3D8,0.325766,0,0,0,0,0,0,0,0,0,0,0,0
19633,C3D8,0.325767,0,0,0,0,0,0,0,0,0,0,0,0
19634,C3D8,0.325767,0,0,0,0,0,0,0,0,0,0,0,0
19635,C3D8,0.325767,0,0,0,0,0,0,0,0,0,0,0,0
19636,C3D8,0.325766,0,0,0,0,0,0,0,0,0,0,0,0
19637,C3D8,0.325766,0,0,0,0,0,0,0,0,0,0,0,0
19638,C3D8,0.325766,0,0,0,0,0,0,0,0,0,0,0,0
19639,C3D8,0.325766,0,0,0,0,0,0,0,0,0,0,0,0
19640,C3D8,0.325766,0,0,0,0,0,0,0,0,0,0,0,0
19641,C3D8,0.325766,0,0,0,0,0,0,0,0,0,0,0,0
19642,C3D8,0.325766,0,0,0,0,0,0,0,0,0,0,0,0
19643,C3D8,0.325766,0,0,0,0,0,0,0,0,0,0,0,0
19644,C3D8,0.325766,0,0,0,0,0,0,0,0,0,0,0,0
19645,C3D8,0.325767,0,0,0,0,0,0,0,0,0,0,0,0
19646,C3D8,0.325767,0,0,0,0,0,0,0,0,0,0,0,0
19647,C3D8,0.325767,0,0,0,0,0,0,0,0,0,0,0,0
19648,C3D8,0.325766,0,0,0,0,0,0,0,0,0,0,0,0
19649,C3D8,0.325766,0,0,0,0,0,0,0,0,0,0,0,0
19650,C3D8,0.325766,0,0,0,0,0,0,0,0,0,0,0,0
19651,C3D8,0.325766,0,0,0,0,0,0,0,0,0,0,0,0
19652,C3D8,0.325766,0,0,0,0,0,0,0,0,0,0,0,0
19653,C3D8,0.325766,0,0,0,0,0,0,0,0,0,0,0,0
19654,C3D8,0.325767,0,0,0,0,0,0,0,0,0,0,0,0
19655,C3D8,0.325767,0,0,0,0,0,0,0,0,0,0,0,0
19656,C3D8,0.325767,0,0,0,0,0,0,0,0,0,0,0,0
19657,C3D8,0.325766,0,0,0,0,0,0,0,0,0,0,0,0
19658,C3D8,0.325766,0,0,0,0,0,0,0,0,0,0,0,0
19659,C3D8,0.325766,0,0,0,0,0,0,0,0,0,0,0,0
19660,C3D8,0.325766,0,0,0,0,0,0,0,0,0,0,0,0
19661,C3D8,0.325766,0,0,0,0,0,0,0,0,0,0,0,0
19662,C3D8,0.325766,0,0,0,0,0,0,0,0,0,0,0,0
19663,C3D8,0.325766,0,0,0,0,0,0,0,0,0,0,0,0
19664,C3D8,0.325766,0,0,0,0,0,0,0,0,0,0,0,0
19665,C3D8,0.325766,0,0,0,0,0,0,0,0,0,0,0,0
19666,C3D8,0.325767,0,0,0,0,0,0,0,0,0,0,0,0
19667,C3D8,0.325767,0,0,0,0,0,0,0,0,0,0,0,0
19668,C3D8,0.325767,0,0,0,0,0,0,0,0,0,0,0,0
19669,C3D8,0.325766,0,0,0,0,0,0,0,0,0,0,0,0
19670,C3D8,0.325766,0,0,0,0,0,0,0,0,0,0,0,0
19671,C3D8,0.325766,0,0,0,0,0,0,0,0,0,0,0,0
19672,C3D8,0.325766,0,0,0,0,0,0,0,0,0,0,0,0
19673,C3D8,0.325766,0,0,0,0,0,0,0,0,0,0,0,0
19674,C3D8,0.325766,0,0,0,0,0,0,0,0,0,0,0,0
19675,C3D8,0.325766,0,0,0,0,0,0,0,0,0,0,0,0
19676,C3D8,0.325766,0,0,0,0,0,0,0,0,0,0,0,0
19677,C3D8,0.325766,0,0,0,0,0,0,0,0,0,0,0,0
19678,C3D8,0.325767,0,0,0,0,0,0,0,0,0,0,0,0
19679,C3D8,0.325767,0,0,0,0,0,0,0,0,0,0,0,0
19680,C3D8,0.325767,0,0,0,0,0,0,0,0,0,0,0,0
19681,C3D8,0.325766,0,0,0,0,0,0,0,0,0,0,0,0
19682,C3D8,0.325766,0,0,0,0,0,0,0,0,0,0,0,0
19683,C3D8,0.325766,0,0,0,0,0,0,0,0,0,0,0,0
19684,C3D8,0.325766,0,0,0,0,0,0,0,0,0,0,0,0
19685,C3D8,0.325766,0,0,0,0,0,0,0,0,0,0,0,0
19686,C3D8,0.325766,0,0,0,0,0,0,0,0,0,0,0,0
19687,C3D8,0.325766,0,0,0,0,0,0,0,0,0,0,0,0
19688,C3D8,0.325766,0,0,0,0,0,0,0,0,0,0,0,0
19689,C3D8,0.325766,0,0,0,0,0,0,0,0,0,0,0,0
19690,C3D8,0.325767,0,0,0,0,0,0,0,0,0,0,0,0
19691,C3D8,0.325767,0,0,0,0,0,0,0,0,0,0,0,0
19692,C3D8,0.325767,0,0,0,0,0,0,0,0,0,0,0,0
19693,C3D8,0.325765,0,0,0,0,0,0,0,0,0,0,0,0
19694,C3D8,0.325765,0,0,0,0,0,0,0,0,0,0,0,0
19695,C3D8,0.325765,0,0,0,0,0,0,0,0,0,0,0,0
19696,C3D8,0.325768,0,0,0,0,0,0,0,0,0,0,0,0
19697,C3D8,0.325769,0,0,0,0,0,0,0,0,0,0,0,0
19698,C3D8,0.325769,0,0,0,0,0,0,0,0,0,0,0,0
19699,C3D8,0.325766,0,0,0,0,0,0,0,0,0,0,0,0
19700,C3D8,0.325766,0,0,0,0,0,0,0,0,0,0,0,0
19701,C3D8,0.325766,0,0,0,0,0,0,0,0,0,0,0,0
19702,C3D8,0.325766,0,0,0,0,0,0,0,0,0,0,0,0
19703,C3D8,0.325766,0,0,0,0,0,0,0,0,0,0,0,0
19704,C3D8,0.325766,0,0,0,0,0,0,0,0,0,0,0,0
19705,C3D8,0.325766,0,0,0,0,0,0,0,0,0,0,0,0
19706,C3D8,0.325766,0,0,0,0,0,0,0,0,0,0,0,0
19707,C3D8,0.325766,0,0,0,0,0,0,0,0,0,0,0,0
19708,C3D8,0.325767,0,0,0,0,0,0,0,0,0,0,0,0
19709,C3D8,0.325767,0,0,0,0,0,0,0,0,0,0,0,0
19710,C3D8,0.325767,0,0,0,0,0,0,0,0,0,0,0,0
19711,C3D8,0.325766,0,0,0,0,0,0,0,0,0,0,0,0
19712,C3D8,0.325766,0,0,0,0,0,0,0,0,0,0,0,0
19713,C3D8,0.325766,0,0,0,0,0,0,0,0,0,0,0,0
19714,C3D8,0.325767,0,0,0,0,0,0,0,0,0,0,0,0
19715,C3D8,0.325767,0,0,0,0,0,0,0,0,0,0,0,0
19716,C3D8,0.325767,0,0,0,0,0,0,0,0,0,0,0,0
19717,C3D8,0.325766,0,0,0,0,0,0,0,0,0,0,0,0
19718,C3D8,0.325766,0,0,0,0,0,0,0,0,0,0,0,0
19719,C3D8,0.325766,0,0,0,0,0,0,0,0,0,0,0,0
19720,C3D8,0.325767,0,0,0,0,0,0,0,0,0,0,0,0
19721,C3D8,0.325767,0,0,0,0,0,0,0,0,0,0,0,0
19722,C3D8,0.325767,0,0,0,0,0,0,0,0,0,0,0,0
19723,C3D8,0.325766,0,0,0,0,0,0,0,0,0,0,0,0
19724,C3D8,0.325766,0,0,0,0,0,0,0,0,0,0,0,0
19725,C3D8,0.325766,0,0,0,0,0,0,0,0,0,0,0,0
19726,C3D8,0.325767,0,0,0,0,0,0,0,0,0,0,0,0
19727,C3D8,0.325767,0,0,0,0,0,0,0,0,0,0,0,0
19728,C3D8,0.325767,0,0,0,0,0,0,0,0,0,0,0,0
19729,C3D8,0.325766,0,0,0,0,0,0,0,0,0,0,0,0
19730,C3D8,0.325766,0,0,0,0,0,0,0,0,0,0,0,0
19731,C3D8,0.325766,0,0,0,0,0,0,0,0,0,0,0,0
19732,C3D8,0.325767,0,0,0,0,0,0,0,0,0,0,0,0
19733,C3D8,0.325767,0,0,0,0,0,0,0,0,0,0,0,0
19734,C3D8,0.325767,0,0,0,0,0,0,0,0,0,0,0,0
19735,C3D8,0.325766,0,0,0,0,0,0,0,0,0,0,0,0
19736,C3D8,0.325766,0,0,0,0,0,0,0,0,0,0,0,0
19737,C3D8,0.325766,0,0,0,0,0,0,0,0,0,0,0,0
19738,C3D8,0.325767,0,0,0,0,0,0,0,0,0,0,0,0
19739,C3D8,0.325767,0,0,0,0,0,0,0,0,0,0,0,0
19740,C3D8,0.325767,0,0,0,0,0,0,0,0,0,0,0,0
19741,C3D8,0.325766,0,0,0,0,0,0,0,0,0,0,0,0
19742,C3D8,0.325766,0,0,0,0,0,0,0,0,0,0,0,0
19743,C3D8,0.325766,0,0,0,0,0,0,0,0,0,0,0,0
19744,C3D8,0.325767,0,0,0,0,0,0,0,0,0,0,0,0
19745,C3D8,0.325767,0,0,0,0,0,0,0,0,0,0,0,0
19746,C3D8,0.325767,0,0,0,0,0,0,0,0,0,0,0,0
19747,C3D8,0.325766,0,0,0,0,0,0,0,0,0,0,0,0
19748,C3D8,0.325766,0,0,0,0,0,0,0,0,0,0,0,0
19749,C3D8,0.325766,0,0,0,0,0,0,0,0,0,0,0,0
19750,C3D8,0.325767,0,0,0,0,0,0,0,0,0,0,0,0
19751,C3D8,0.325767,0,0,0,0,0,0,0,0,0,0,0,0
19752,C3D8,0.325767,0,0,0,0,0,0,0,0,0,0,0,0
19753,C3D8,0.325766,0,0,0,0,0,0,0,0,0,0,0,0
19754,C3D8,0.325766,0,0,0,0,0,0,0,0,0,0,0,0
19755,C3D8,0.325766,0,0,0,0,0,0,0,0,0,0,0,0
19756,C3D8,0.325766,0,0,0,0,0,0,0,0,0,0,0,0
19757,C3D8,0.325766,0,0,0,0,0,0,0,0,0,0,0,0
19758,C3D8,0.325766,0,0,0,0,0,0,0,0,0,0,0,0
19759,C3D8,0.325768,0,0,0,0,0,0,0,0,0,0,0,0
19760,C3D8,0.325768,0,0,0,0,0,0,0,0,0,0,0,0
19761,C3D8,0.325768,0,0,0,0,0,0,0,0,0,0,0,0
19762,C3D8,0.325766,0,0,0,0,0,0,0,0,0,0,0,0
19763,C3D8,0.325766,0,0,0,0,0,0,0,0,0,0,0,0
19764,C3D8,0.325766,0,0,0,0,0,0,0,0,0,0,0,0
19765,C3D8,0.325766,0,0,0,0,0,0,0,0,0,0,0,0
19766,C3D8,0.325766,0,0,0,0,0,0,0,0,0,0,0,0
19767,C3D8,0.325766,0,0,0,0,0,0,0,0,0,0,0,0
19768,C3D8,0.325768,0,0,0,0,0,0,0,0,0,0,0,0
19769,C3D8,0.325768,0,0,0,0,0,0,0,0,0,0,0,0
19770,C3D8,0.325768,0,0,0,0,0,0,0,0,0,0,0,0
19771,C3D8,0.325766,0,0,0,0,0,0,0,0,0,0,0,0
19772,C3D8,0.325766,0,0,0,0,0,0,0,0,0,0,0,0
19773,C3D8,0.325766,0,0,0,0,0,0,0,0,0,0,0,0
19774,C3D8,0.325766,0,0,0,0,0,0,0,0,0,0,0,0
19775,C3D8,0.325766,0,0,0,0,0,0,0,0,0,0,0,0
19776,C3D8,0.325766,0,0,0,0,0,0,0,0,0,0,0,0
19777,C3D8,0.325766,0,0,0,0,0,0,0,0,0,0,0,0
19778,C3D8,0.325766,0,0,0,0,0,0,0,0,0,0,0,0
19779,C3D8,0.325766,0,0,0,0,0,0,0,0,0,0,0,0
19780,C3D8,0.325768,0,0,0,0,0,0,0,0,0,0,0,0
19781,C3D8,0.325768,0,0,0,0,0,0,0,0,0,0,0,0
19782,C3D8,0.325768,0,0,0,0,0,0,0,0,0,0,0,0
19783,C3D8,0.325766,0,0,0,0,0,0,0,0,0,0,0,0
19784,C3D8,0.325766,0,0,0,0,0,0,0,0,0,0,0,0
19785,C3D8,0.325766,0,0,0,0,0,0,0,0,0,0,0,0
19786,C3D8,0.325766,0,0,0,0,0,0,0,0,0,0,0,0
19787,C3D8,0.325766,0,0,0,0,0,0,0,0,0,0,0,0
19788,C3D8,0.325766,0,0,0,0,0,0,0,0,0,0,0,0
19789,C3D8,0.325766,0,0,0,0,0,0,0,0,0,0,0,0
19790,C3D8,0.325766,0,0,0,0,0,0,0,0,0,0,0,0
19791,C3D8,0.325766,0,0,0,0,0,0,0,0,0,0,0,0
19792,C3D8,0.325768,0,0,0,0,0,0,0,0,0,0,0,0
19793,C3D8,0.325768,0,0,0,0,0,0,0,0,0,0,0,0
19794,C3D8,0.325768,0,0,0,0,0,0,0,0,0,0,0,0
19795,C3D8,0.325766,0,0,0,0,0,0,0,0,0,0,0,0
19796,C3D8,0.325766,0,0,0,0,0,0,0,0,0,0,0,0
19797,C3D8,0.325766,0,0,0,0,0,0,0,0,0,0,0,0
19798,C3D8,0.325766,0,0,0,0,0,0,0,0,0,0,0,0
19799,C3D8,0.325766,0,0,0,0,0,0,0,0,0,0,0,0
19800,C3D8,0.325766,0,0,0,0,0,0,0,0,0,0,0,0
19801,C3D8,0.325766,0,0,0,0,0,0,0,0,0,0,0,0
19802,C3D8,0.325766,0,0,0,0,0,0,0,0,0,0,0,0
19803,C3D8,0.325766,0,0,0,0,0,0,0,0,0,0,0,0
19804,C3D8,0.325768,0,0,0,0,0,0,0,0,0,0,0,0
19805,C3D8,0.325768,0,0,0,0,0,0,0,0,0,0,0,0
19806,C3D8,0.325768,0,0,0,0,0,0,0,0,0,0,0,0
19807,C3D8,0.325766,0,0,0,0,0,0,0,0,0,0,0,0
19808,C3D8,0.325766,0,0,0,0,0,0,0,0,0,0,0,0
19809,C3D8,0.325766,0,0,0,0,0,0,0,0,0,0,0,0
19810,C3D8,0.325766,0,0,0,0,0,0,0,0,0,0,0,0
19811,C3D8,0.325766,0,0,0,0,0,0,0,0,0,0,0,0
19812,C3D8,0.325766,0,0,0,0,0,0,0,0,0,0,0,0
19813,C3D8,0.325768,0,0,0,0,0,0,0,0,0,0,0,0
19814,C3D8,0.325768,0,0,0,0,0,0,0,0,0,0,0,0
19815,C3D8,0.325768,0,0,0,0,0,0,0,0,0,0,0,0
19816,C3D8,0.325766,0,0,0,0,0,0,0,0,0,0,0,0
19817,C3D8,0.325766,0,0,0,0,0,0,0,0,0,0,0,0
19818,C3D8,0.325766,0,0,0,0,0,0,0,0,0,0,0,0
19819,C3D8,0.325766,0,0,0,0,0,0,0,0,0,0,0,0
19820,C3D8,0.325766,0,0,0,0,0,0,0,0,0,0,0,0
19821,C3D8,0.325766,0,0,0,0,0,0,0,0,0,0,0,0
19822,C3D8,0.325766,0,0,0,0,0,0,0,0,0,0,0,0
19823,C3D8,0.325766,0,0,0,0,0,0,0,0,0,0,0,0
19824,C3D8,0.325766,0,0,0,0,0,0,0,0,0,0,0,0
19825,C3D8,0.325768,0,0,0,0,0,0,0,0,0,0,0,0
19826,C3D8,0.325768,0,0,0,0,0,0,0,0,0,0,0,0
19827,C3D8,0.325768,0,0,0,0,0,0,0,0,0,0,0,0
19828,C3D8,0.325766,0,0,0,0,0,0,0,0,0,0,0,0
19829,C3D8,0.325766,0,0,0,0,0,0,0,0,0,0,0,0
19830,C3D8,0.325766,0,0,0,0,0,0,0,0,0,0,0,0
19831,C3D8,0.325766,0,0,0,0,0,0,0,0,0,0,0,0
19832,C3D8,0.325766,0,0,0,0,0,0,0,0,0,0,0,0
19833,C3D8,0.325766,0,0,0,0,0,0,0,0,0,0,0,0
19834,C3D8,0.325766,0,0,0,0,0,0,0,0,0,0,0,0
19835,C3D8,0.325766,0,0,0,0,0,0,0,0,0,0,0,0
19836,C3D8,0.325766,0,0,0,0,0,0,0,0,0,0,0,0
19837,C3D8,0.325768,0,0,0,0,0,0,0,0,0,0,0,0
19838,C3D8,0.325768,0,0,0,0,0,0,0,0,0,0,0,0
19839,C3D8,0.325768,0,0,0,0,0,0,0,0,0,0,0,0
19840,C3D8,0.325766,0,0,0,0,0,0,0,0,0,0,0,0
19841,C3D8,0.325766,0,0,0,0,0,0,0,0,0,0,0,0
19842,C3D8,0.325766,0,0,0,0,0,0,0,0,0,0,0,0
19843,C3D8,0.325766,0,0,0,0,0,0,0,0,0,0,0,0
19844,C3D8,0.325766,0,0,0,0,0,0,0,0,0,0,0,0
19845,C3D8,0.325766,0,0,0,0,0,0,0,0,0,0,0,0
19846,C3D8,0.325766,0,0,0,0,0,0,0,0,0,0,0,0
19847,C3D8,0.325766,0,0,0,0,0,0,0,0,0,0,0,0
19848,C3D8,0.325766,0,0,0,0,0,0,0,0,0,0,0,0
19849,C3D8,0.325768,0,0,0,0,0,0,0,0,0,0,0,0
19850,C3D8,0.325768,0,0,0,0,0,0,0,0,0,0,0,0
19851,C3D8,0.325768,0,0,0,0,0,0,0,0,0,0,0,0
19852,C3D8,0.325765,0,0,0,0,0,0,0,0,0,0,0,0
19853,C3D8,0.325765,0,0,0,0,0,0,0,0,0,0,0,0
19854,C3D8,0.325765,0,0,0,0,0,0,0,0,0,0,0,0
19855,C3D8,0.325769,0,0,0,0,0,0,0,0,0,0,0,0
19856,C3D8,0.325769,0,0,0,0,0,0,0,0,0,0,0,0
19857,C3D8,0.325769,0,0,0,0,0,0,0,0,0,0,0,0
19858,C3D8,0.325766,0,0,0,0,0,0,0,0,0,0,0,0
19859,C3D8,0.325766,0,0,0,0,0,0,0,0,0,0,0,0
19860,C3D8,0.325766,0,0,0,0,0,0,0,0,0,0,0,0
19861,C3D8,0.325766,0,0,0,0,0,0,0,0,0,0,0,0
19862,C3D8,0.325766,0,0,0,0,0,0,0,0,0,0,0,0
19863,C3D8,0.325766,0,0,0,0,0,0,0,0,0,0,0,0
19864,C3D8,0.325766,0,0,0,0,0,0,0,0,0,0,0,0
19865,C3D8,0.325766,0,0,0,0,0,0,0,0,0,0,0,0
19866,C3D8,0.325766,0,0,0,0,0,0,0,0,0,0,0,0
19867,C3D8,0.325767,0,0,0,0,0,0,0,0,0,0,0,0
19868,C3D8,0.325767,0,0,0,0,0,0,0,0,0,0,0,0
19869,C3D8,0.325767,0,0,0,0,0,0,0,0,0,0,0,0
19870,C3D8,0.325766,0,0,0,0,0,0,0,0,0,0,0,0
19871,C3D8,0.325766,0,0,0,0,0,0,0,0,0,0,0,0
19872,C3D8,0.325766,0,0,0,0,0,0,0,0,0,0,0,0
19873,C3D8,0.325767,0,0,0,0,0,0,0,0,0,0,0,0
19874,C3D8,0.325767,0,0,0,0,0,0,0,0,0,0,0,0
19875,C3D8,0.325767,0,0,0,0,0,0,0,0,0,0,0,0
19876,C3D8,0.325766,0,0,0,0,0,0,0,0,0,0,0,0
19877,C3D8,0.325766,0,0,0,0,0,0,0,0,0,0,0,0
19878,C3D8,0.325766,0,0,0,0,0,0,0,0,0,0,0,0
19879,C3D8,0.325767,0,0,0,0,0,0,0,0,0,0,0,0
19880,C3D8,0.325767,0,0,0,0,0,0,0,0,0,0,0,0
19881,C3D8,0.325767,0,0,0,0,0,0,0,0,0,0,0,0
19882,C3D8,0.325766,0,0,0,0,0,0,0,0,0,0,0,0
19883,C3D8,0.325766,0,0,0,0,0,0,0,0,0,0,0,0
19884,C3D8,0.325766,0,0,0,0,0,0,0,0,0,0,0,0
19885,C3D8,0.325767,0,0,0,0,0,0,0,0,0,0,0,0
19886,C3D8,0.325767,0,0,0,0,0,0,0,0,0,0,0,0
19887,C3D8,0.325767,0,0,0,0,0,0,0,0,0,0,0,0
19888,C3D8,0.325766,0,0,0,0,0,0,0,0,0,0,0,0
19889,C3D8,0.325766,0,0,0,0,0,0,0,0,0,0,0,0
19890,C3D8,0.325766,0,0,0,0,0,0,0,0,0,0,0,0
19891,C3D8,0.325767,0,0,0,0,0,0,0,0,0,0,0,0
19892,C3D8,0.325767,0,0,0,0,0,0,0,0,0,0,0,0
19893,C3D8,0.325767,0,0,0,0,0,0,0,0,0,0,0,0
19894,C3D8,0.325766,0,0,0,0,0,0,0,0,0,0,0,0
19895,C3D8,0.325766,0,0,0,0,0,0,0,0,0,0,0,0
19896,C3D8,0.325766,0,0,0,0,0,0,0,0,0,0,0,0
19897,C3D8,0.325767,0,0,0,0,0,0,0,0,0,0,0,0
19898,C3D8,0.325767,0,0,0,0,0,0,0,0,0,0,0,0
19899,C3D8,0.325767,0,0,0,0,0,0,0,0,0,0,0,0
19900,C3D8,0.325766,0,0,0,0,0,0,0,0,0,0,0,0
19901,C3D8,0.325766,0,0,0,0,0,0,0,0,0,0,0,0
19902,C3D8,0.325766,0,0,0,0,0,0,0,0,0,0,0,0
19903,C3D8,0.325767,0,0,0,0,0,0,0,0,0,0,0,0
19904,C3D8,0.325767,0,0,0,0,0,0,0,0,0,0,0,0
19905,C3D8,0.325767,0,0,0,0,0,0,0,0,0,0,0,0
19906,C3D8,0.325766,0,0,0,0,0,0,0,0,0,0,0,0
19907,C3D8,0.325766,0,0,0,0,0,0,0,0,0,0,0,0
19908,C3D8,0.325766,0,0,0,0,0,0,0,0,0,0,0,0
19909,C3D8,0.325767,0,0,0,0,0,0,0,0,0,0,0,0
19910,C3D8,0.325767,0,0,0,0,0,0,0,0,0,0,0,0
19911,C3D8,0.325767,0,0,0,0,0,0,0,0,0,0,0,0
19912,C3D8,0.325766,0,0,0,0,0,0,0,0,0,0,0,0
19913,C3D8,0.325766,0,0,0,0,0,0,0,0,0,0,0,0
19914,C3D8,0.325766,0,0,0,0,0,0,0,0,0,0,0,0
19915,C3D8,0.325766,0,0,0,0,0,0,0,0,0,0,0,0
19916,C3D8,0.325766,0,0,0,0,0,0,0,0,0,0,0,0
19917,C3D8,0.325766,0,0,0,0,0,0,0,0,0,0,0,0
19918,C3D8,0.325768,0,0,0,0,0,0,0,0,0,0,0,0
19919,C3D8,0.325768,0,0,0,0,0,0,0,0,0,0,0,0
19920,C3D8,0.325768,0,0,0,0,0,0,0,0,0,0,0,0
19921,C3D8,0.325766,0,0,0,0,0,0,0,0,0,0,0,0
19922,C3D8,0.325766,0,0,0,0,0,0,0,0,0,0,0,0
19923,C3D8,0.325766,0,0,0,0,0,0,0,0,0,0,0,0
19924,C3D8,0.325766,0,0,0,0,0,0,0,0,0,0,0,0
19925,C3D8,0.325766,0,0,0,0,0,0,0,0,0,0,0,0
19926,C3D8,0.325766,0,0,0,0,0,0,0,0,0,0,0,0
19927,C3D8,0.325768,0,0,0,0,0,0,0,0,0,0,0,0
19928,C3D8,0.325768,0,0,0,0,0,0,0,0,0,0,0,0
19929,C3D8,0.325768,0,0,0,0,0,0,0,0,0,0,0,0
19930,C3D8,0.325766,0,0,0,0,0,0,0,0,0,0,0,0
19931,C3D8,0.325766,0,0,0,0,0,0,0,0,0,0,0,0
19932,C3D8,0.325766,0,0,0,0,0,0,0,0,0,0,0,0
19933,C3D8,0.325766,0,0,0,0,0,0,0,0,0,0,0,0
19934,C3D8,0.325766,0,0,0,0,0,0,0,0,0,0,0,0
19935,C3D8,0.325766,0,0,0,0,0,0,0,0,0,0,0,0
19936,C3D8,0.325766,0,0,0,0,0,0,0,0,0,0,0,0
19937,C3D8,0.325766,0,0,0,0,0,0,0,0,0,0,0,0
19938,C3D8,0.325766,0,0,0,0,0,0,0,0,0,0,0,0
19939,C3D8,0.325768,0,0,0,0,0,0,0,0,0,0,0,0
19940,C3D8,0.325768,0,0,0,0,0,0,0,0,0,0,0,0
19941,C3D8,0.325768,0,0,0,0,0,0,0,0,0,0,0,0
19942,C3D8,0.325766,0,0,0,0,0,0,0,0,0,0,0,0
19943,C3D8,0.325766,0,0,0,0,0,0,0,0,0,0,0,0
19944,C3D8,0.325766,0,0,0,0,0,0,0,0,0,0,0,0
19945,C3D8,0.325766,0,0,0,0,0,0,0,0,0,0,0,0
19946,C3D8,0.325766,0,0,0,0,0,0,0,0,0,0,0,0
19947,C3D8,0.325766,0,0,0,0,0,0,0,0,0,0,0,0
19948,C3D8,0.325766,0,0,0,0,0,0,0,0,0,0,0,0
19949,C3D8,0.325766,0,0,0,0,0,0,0,0,0,0,0,0
19950,C3D8,0.325766,0,0,0,0,0,0,0,0,0,0,0,0
19951,C3D8,0.325768,0,0,0,0,0,0,0,0,0,0,0,0
19952,C3D8,0.325768,0,0,0,0,0,0,0,0,0,0,0,0
19953,C3D8,0.325768,0,0,0,0,0,0,0,0,0,0,0,0
19954,C3D8,0.325766,0,0,0,0,0,0,0,0,0,0,0,0
19955,C3D8,0.325766,0,0,0,0,0,0,0,0,0,0,0,0
19956,C3D8,0.325766,0,0,0,0,0,0,0,0,0,0,0,0
19957,C3D8,0.325766,0,0,0,0,0,0,0,0,0,0,0,0
19958,C3D8,0.325766,0,0,0,0,0,0,0,0,0,0,0,0
19959,C3D8,0.325766,0,0,0,0,0,0,0,0,0,0,0,0
19960,C3D8,0.325766,0,0,0,0,0,0,0,0,0,0,0,0
19961,C3D8,0.325766,0,0,0,0,0,0,0,0,0,0,0,0
19962,C3D8,0.325766,0,0,0,0,0,0,0,0,0,0,0,0
19963,C3D8,0.325768,0,0,0,0,0,0,0,0,0,0,0,0
19964,C3D8,0.325768,0,0,0,0,0,0,0,0,0,0,0,0
19965,C3D8,0.325768,0,0,0,0,0,0,0,0,0,0,0,0
19966,C3D8,0.325766,0,0,0,0,0,0,0,0,0,0,0,0
19967,C3D8,0.325766,0,0,0,0,0,0,0,0,0,0,0,0
19968,C3D8,0.325766,0,0,0,0,0,0,0,0,0,0,0,0
19969,C3D8,0.325766,0,0,0,0,0,0,0,0,0,0,0,0
19970,C3D8,0.325766,0,0,0,0,0,0,0,0,0,0,0,0
19971,C3D8,0.325766,0,0,0,0,0,0,0,0,0,0,0,0
19972,C3D8,0.325768,0,0,0,0,0,0,0,0,0,0,0,0
19973,C3D8,0.325768,0,0,0,0,0,0,0,0,0,0,0,0
19974,C3D8,0.325768,0,0,0,0,0,0,0,0,0,0,0,0
19975,C3D8,0.325766,0,0,0,0,0,0,0,0,0,0,0,0
19976,C3D8,0.325766,0,0,0,0,0,0,0,0,0,0,0,0
19977,C3D8,0.325766,0,0,0,0,0,0,0,0,0,0,0,0
19978,C3D8,0.325766,0,0,0,0,0,0,0,0,0,0,0,0
19979,C3D8,0.325766,0,0,0,0,0,0,0,0,0,0,0,0
19980,C3D8,0.325766,0,0,0,0,0,0,0,0,0,0,0,0
19981,C3D8,0.325766,0,0,0,0,0,0,0,0,0,0,0,0
19982,C3D8,0.325766,0,0,0,0,0,0,0,0,0,0,0,0
19983,C3D8,0.325766,0,0,0,0,0,0,0,0,0,0,0,0
19984,C3D8,0.325768,0,0,0,0,0,0,0,0,0,0,0,0
19985,C3D8,0.325768,0,0,0,0,0,0,0,0,0,0,0,0
19986,C3D8,0.325768,0,0,0,0,0,0,0,0,0,0,0,0
19987,C3D8,0.325766,0,0,0,0,0,0,0,0,0,0,0,0
19988,C3D8,0.325766,0,0,0,0,0,0,0,0,0,0,0,0
19989,C3D8,0.325766,0,0,0,0,0,0,0,0,0,0,0,0
19990,C3D8,0.325766,0,0,0,0,0,0,0,0,0,0,0,0
19991,C3D8,0.325766,0,0,0,0,0,0,0,0,0,0,0,0
19992,C3D8,0.325766,0,0,0,0,0,0,0,0,0,0,0,0
19993,C3D8,0.325766,0,0,0,0,0,0,0,0,0,0,0,0
19994,C3D8,0.325766,0,0,0,0,0,0,0,0,0,0,0,0
19995,C3D8,0.325766,0,0,0,0,0,0,0,0,0,0,0,0
19996,C3D8,0.325768,0,0,0,0,0,0,0,0,0,0,0,0
19997,C3D8,0.325768,0,0,0,0,0,0,0,0,0,0,0,0
19998,C3D8,0.325768,0,0,0,0,0,0,0,0,0,0,0,0
19999,C3D8,0.325766,0,0,0,0,0,0,0,0,0,0,0,0
20000,C3D8,0.325766,0,0,0,0,0,0,0,0,0,0,0,0
20001,C3D8,0.325766,0,0,0,0,0,0,0,0,0,0,0,0
20002,C3D8,0.325766,0,0,0,0,0,0,0,0,0,0,0,0
20003,C3D8,0.325766,0,0,0,0,0,0,0,0,0,0,0,0
20004,C3D8,0.325766,0,0,0,0,0,0,0,0,0,0,0,0
20005,C3D8,0.325766,0,0,0,0,0,0,0,0,0,0,0,0
20006,C3D8,0.325766,0,0,0,0,0,0,0,0,0,0,0,0
20007,C3D8,0.325766,0,0,0,0,0,0,0,0,0,0,0,0
20008,C3D8,0.325768,0,0,0,0,0,0,0,0,0,0,0,0
20009,C3D8,0.325768,0,0,0,0,0,0,0,0,0,0,0,0
20010,C3D8,0.325768,0,0,0,0,0,0,0,0,0,0,0,0
20011,C3D8,0.325765,0,0,0,0,0,0,0,0,0,0,0,0
20012,C3D8,0.325765,0,0,0,0,0,0,0,0,0,0,0,0
20013,C3D8,0.325765,0,0,0,0,0,0,0,0,0,0,0,0
20014,C3D8,0.325769,0,0,0,0,0,0,0,0,0,0,0,0
20015,C3D8,0.325769,0,0,0,0,0,0,0,0,0,0,0,0
20016,C3D8,0.325769,0,0,0,0,0,0,0,0,0,0,0,0
20017,C3D8,0.325766,0,0,0,0,0,0,0,0,0,0,0,0
20018,C3D8,0.325766,0,0,0,0,0,0,0,0,0,0,0,0
20019,C3D8,0.325766,0,0,0,0,0,0,0,0,0,0,0,0
20020,C3D8,0.325766,0,0,0,0,0,0,0,0,0,0,0,0
20021,C3D8,0.325766,0,0,0,0,0,0,0,0,0,0,0,0
20022,C3D8,0.325766,0,0,0,0,0,0,0,0,0,0,0,0
20023,C3D8,0.325766,0,0,0,0,0,0,0,0,0,0,0,0
20024,C3D8,0.325766,0,0,0,0,0,0,0,0,0,0,0,0
20025,C3D8,0.325766,0,0,0,0,0,0,0,0,0,0,0,0
20026,C3D8,0.325767,0,0,0,0,0,0,0,0,0,0,0,0
20027,C3D8,0.325767,0,0,0,0,0,0,0,0,0,0,0,0
20028,C3D8,0.325767,0,0,0,0,0,0,0,0,0,0,0,0
20029,C3D8,0.325766,0,0,0,0,0,0,0,0,0,0,0,0
20030,C3D8,0.325766,0,0,0,0,0,0,0,0,0,0,0,0
20031,C3D8,0.325766,0,0,0,0,0,0,0,0,0,0,0,0
20032,C3D8,0.325767,0,0,0,0,0,0,0,0,0,0,0,0
20033,C3D8,0.325767,0,0,0,0,0,0,0,0,0,0,0,0
20034,C3D8,0.325767,0,0,0,0,0,0,0,0,0,0,0,0
20035,C3D8,0.325766,0,0,0,0,0,0,0,0,0,0,0,0
20036,C3D8,0.325766,0,0,0,0,0,0,0,0,0,0,0,0
20037,C3D8,0.325766,0,0,0,0,0,0,0,0,0,0,0,0
20038,C3D8,0.325767,0,0,0,0,0,0,0,0,0,0,0,0
20039,C3D8,0.325767,0,0,0,0,0,0,0,0,0,0,0,0
20040,C3D8,0.325767,0,0,0,0,0,0,0,0,0,0,0,0
20041,C3D8,0.325766,0,0,0,0,0,0,0,0,0,0,0,0
20042,C3D8,0.325766,0,0,0,0,0,0,0,0,0,0,0,0
20043,C3D8,0.325766,0,0,0,0,0,0,0,0,0,0,0,0
20044,C3D8,0.325767,0,0,0,0,0,0,0,0,0,0,0,0
20045,C3D8,0.325767,0,0,0,0,0,0,0,0,0,0,0,0
20046,C3D8,0.325767,0,0,0,0,0,0,0,0,0,0,0,0
20047,C3D8,0.325766,0,0,0,0,0,0,0,0,0,0,0,0
20048,C3D8,0.325766,0,0,0,0,0,0,0,0,0,0,0,0
20049,C3D8,0.325766,0,0,0,0,0,0,0,0,0,0,0,0
20050,C3D8,0.325767,0,0,0,0,0,0,0,0,0,0,0,0
20051,C3D8,0.325767,0,0,0,0,0,0,0,0,0,0,0,0
20052,C3D8,0.325767,0,0,0,0,0,0,0,0,0,0,0,0
20053,C3D8,0.325766,0,0,0,0,0,0,0,0,0,0,0,0
20054,C3D8,0.325766,0,0,0,0,0,0,0,0,0,0,0,0
20055,C3D8,0.325766,0,0,0,0,0,0,0,0,0,0,0,0
20056,C3D8,0.325767,0,0,0,0,0,0,0,0,0,0,0,0
20057,C3D8,0.325767,0,0,0,0,0,0,0,0,0,0,0,0
20058,C3D8,0.325767,0,0,0,0,0,0,0,0,0,0,0,0
20059,C3D8,0.325766,0,0,0,0,0,0,0,0,0,0,0,0
20060,C3D8,0.325766,0,0,0,0,0,0,0,0,0,0,0,0
20061,C3D8,0.325766,0,0,0,0,0,0,0,0,0,0,0,0
20062,C3D8,0.325767,0,0,0,0,0,0,0,0,0,0,0,0
20063,C3D8,0.325767,0,0,0,0,0,0,0,0,0,0,0,0
20064,C3D8,0.325767,0,0,0,0,0,0,0,0,0,0,0,0
20065,C3D8,0.325766,0,0,0,0,0,0,0,0,0,0,0,0
20066,C3D8,0.325766,0,0,0,0,0,0,0,0,0,0,0,0
20067,C3D8,0.325766,0,0,0,0,0,0,0,0,0,0,0,0
20068,C3D8,0.325767,0,0,0,0,0,0,0,0,0,0,0,0
20069,C3D8,0.325767,0,0,0,0,0,0,0,0,0,0,0,0
20070,C3D8,0.325767,0,0,0,0,0,0,0,0,0,0,0,0
20071,C3D8,0.325766,0,0,0,0,0,0,0,0,0,0,0,0
20072,C3D8,0.325766,0,0,0,0,0,0,0,0,0,0,0,0
20073,C3D8,0.325766,0,0,0,0,0,0,0,0,0,0,0,0
20074,C3D8,0.325766,0,0,0,0,0,0,0,0,0,0,0,0
20075,C3D8,0.325766,0,0,0,0,0,0,0,0,0,0,0,0
20076,C3D8,0.325766,0,0,0,0,0,0,0,0,0,0,0,0
20077,C3D8,0.325767,0,0,0,0,0,0,0,0,0,0,0,0
20078,C3D8,0.325767,0,0,0,0,0,0,0,0,0,0,0,0
20079,C3D8,0.325767,0,0,0,0,0,0,0,0,0,0,0,0
20080,C3D8,0.325766,0,0,0,0,0,0,0,0,0,0,0,0
20081,C3D8,0.325766,0,0,0,0,0,0,0,0,0,0,0,0
20082,C3D8,0.325766,0,0,0,0,0,0,0,0,0,0,0,0
20083,C3D8,0.325766,0,0,0,0,0,0,0,0,0,0,0,0
20084,C3D8,0.325766,0,0,0,0,0,0,0,0,0,0,0,0
20085,C3D8,0.325766,0,0,0,0,0,0,0,0,0,0,0,0
20086,C3D8,0.325767,0,0,0,0,0,0,0,0,0,0,0,0
20087,C3D8,0.325767,0,0,0,0,0,0,0,0,0,0,0,0
20088,C3D8,0.325767,0,0,0,0,0,0,0,0,0,0,0,0
20089,C3D8,0.325766,0,0,0,0,0,0,0,0,0,0,0,0
20090,C3D8,0.325766,0,0,0,0,0,0,0,0,0,0,0,0
20091,C3D8,0.325766,0,0,0,0,0,0,0,0,0,0,0,0
20092,C3D8,0.325766,0,0,0,0,0,0,0,0,0,0,0,0
20093,C3D8,0.325766,0,0,0,0,0,0,0,0,0,0,0,0
20094,C3D8,0.325766,0,0,0,0,0,0,0,0,0,0,0,0
20095,C3D8,0.325766,0,0,0,0,0,0,0,0,0,0,0,0
20096,C3D8,0.325766,0,0,0,0,0,0,0,0,0,0,0,0
20097,C3D8,0.325766,0,0,0,0,0,0,0,0,0,0,0,0
20098,C3D8,0.325767,0,0,0,0,0,0,0,0,0,0,0,0
20099,C3D8,0.325767,0,0,0,0,0,0,0,0,0,0,0,0
20100,C3D8,0.325767,0,0,0,0,0,0,0,0,0,0,0,0
20101,C3D8,0.325766,0,0,0,0,0,0,0,0,0,0,0,0
20102,C3D8,0.325766,0,0,0,0,0,0,0,0,0,0,0,0
20103,C3D8,0.325766,0,0,0,0,0,0,0,0,0,0,0,0
20104,C3D8,0.325766,0,0,0,0,0,0,0,0,0,0,0,0
20105,C3D8,0.325766,0,0,0,0,0,0,0,0,0,0,0,0
20106,C3D8,0.325766,0,0,0,0,0,0,0,0,0,0,0,0
20107,C3D8,0.325766,0,0,0,0,0,0,0,0,0,0,0,0
20108,C3D8,0.325766,0,0,0,0,0,0,0,0,0,0,0,0
20109,C3D8,0.325766,0,0,0,0,0,0,0,0,0,0,0,0
20110,C3D8,0.325767,0,0,0,0,0,0,0,0,0,0,0,0
20111,C3D8,0.325767,0,0,0,0,0,0,0,0,0,0,0,0
20112,C3D8,0.325767,0,0,0,0,0,0,0,0,0,0,0,0
20113,C3D8,0.325766,0,0,0,0,0,0,0,0,0,0,0,0
20114,C3D8,0.325766,0,0,0,0,0,0,0,0,0,0,0,0
20115,C3D8,0.325766,0,0,0,0,0,0,0,0,0,0,0,0
20116,C3D8,0.325766,0,0,0,0,0,0,0,0,0,0,0,0
20117,C3D8,0.325766,0,0,0,0,0,0,0,0,0,0,0,0
20118,C3D8,0.325766,0,0,0,0,0,0,0,0,0,0,0,0
20119,C3D8,0.325766,0,0,0,0,0,0,0,0,0,0,0,0
20120,C3D8,0.325766,0,0,0,0,0,0,0,0,0,0,0,0
20121,C3D8,0.325766,0,0,0,0,0,0,0,0,0,0,0,0
20122,C3D8,0.325767,0,0,0,0,0,0,0,0,0,0,0,0
20123,C3D8,0.325767,0,0,0,0,0,0,0,0,0,0,0,0
20124,C3D8,0.325767,0,0,0,0,0,0,0,0,0,0,0,0
20125,C3D8,0.325766,0,0,0,0,0,0,0,0,0,0,0,0
20126,C3D8,0.325766,0,0,0,0,0,0,0,0,0,0,0,0
20127,C3D8,0.325766,0,0,0,0,0,0,0,0,0,0,0,0
20128,C3D8,0.325766,0,0,0,0,0,0,0,0,0,0,0,0
20129,C3D8,0.325766,0,0,0,0,0,0,0,0,0,0,0,0
20130,C3D8,0.325766,0,0,0,0,0,0,0,0,0,0,0,0
20131,C3D8,0.325767,0,0,0,0,0,0,0,0,0,0,0,0
20132,C3D8,0.325767,0,0,0,0,0,0,0,0,0,0,0,0
20133,C3D8,0.325767,0,0,0,0,0,0,0,0,0,0,0,0
20134,C3D8,0.325766,0,0,0,0,0,0,0,0,0,0,0,0
20135,C3D8,0.325766,0,0,0,0,0,0,0,0,0,0,0,0
20136,C3D8,0.325766,0,0,0,0,0,0,0,0,0,0,0,0
20137,C3D8,0.325766,0,0,0,0,0,0,0,0,0,0,0,0
20138,C3D8,0.325766,0,0,0,0,0,0,0,0,0,0,0,0
20139,C3D8,0.325766,0,0,0,0,0,0,0,0,0,0,0,0
20140,C3D8,0.325766,0,0,0,0,0,0,0,0,0,0,0,0
20141,C3D8,0.325766,0,0,0,0,0,0,0,0,0,0,0,0
20142,C3D8,0.325766,0,0,0,0,0,0,0,0,0,0,0,0
20143,C3D8,0.325767,0,0,0,0,0,0,0,0,0,0,0,0
20144,C3D8,0.325767,0,0,0,0,0,0,0,0,0,0,0,0
20145,C3D8,0.325767,0,0,0,0,0,0,0,0,0,0,0,0
20146,C3D8,0.325766,0,0,0,0,0,0,0,0,0,0,0,0
20147,C3D8,0.325766,0,0,0,0,0,0,0,0,0,0,0,0
20148,C3D8,0.325766,0,0,0,0,0,0,0,0,0,0,0,0
20149,C3D8,0.325766,0,0,0,0,0,0,0,0,0,0,0,0
20150,C3D8,0.325766,0,0,0,0,0,0,0,0,0,0,0,0
20151,C3D8,0.325766,0,0,0,0,0,0,0,0,0,0,0,0
20152,C3D8,0.325766,0,0,0,0,0,0,0,0,0,0,0,0
20153,C3D8,0.325766,0,0,0,0,0,0,0,0,0,0,0,0
20154,C3D8,0.325766,0,0,0,0,0,0,0,0,0,0,0,0
20155,C3D8,0.325767,0,0,0,0,0,0,0,0,0,0,0,0
20156,C3D8,0.325767,0,0,0,0,0,0,0,0,0,0,0,0
20157,C3D8,0.325767,0,0,0,0,0,0,0,0,0,0,0,0
20158,C3D8,0.325766,0,0,0,0,0,0,0,0,0,0,0,0
20159,C3D8,0.325766,0,0,0,0,0,0,0,0,0,0,0,0
20160,C3D8,0.325766,0,0,0,0,0,0,0,0,0,0,0,0
20161,C3D8,0.325766,0,0,0,0,0,0,0,0,0,0,0,0
20162,C3D8,0.325766,0,0,0,0,0,0,0,0,0,0,0,0
20163,C3D8,0.325766,0,0,0,0,0,0,0,0,0,0,0,0
20164,C3D8,0.325766,0,0,0,0,0,0,0,0,0,0,0,0
20165,C3D8,0.325766,0,0,0,0,0,0,0,0,0,0,0,0
20166,C3D8,0.325766,0,0,0,0,0,0,0,0,0,0,0,0
20167,C3D8,0.325767,0,0,0,0,0,0,0,0,0,0,0,0
20168,C3D8,0.325767,0,0,0,0,0,0,0,0,0,0,0,0
20169,C3D8,0.325767,0,0,0,0,0,0,0,0,0,0,0,0
20170,C3D8,0.325765,0,0,0,0,0,0,0,0,0,0,0,0
20171,C3D8,0.325765,0,0,0,0,0,0,0,0,0,0,0,0
20172,C3D8,0.325765,0,0,0,0,0,0,0,0,0,0,0,0
20173,C3D8,0.325768,0,0,0,0,0,0,0,0,0,0,0,0
20174,C3D8,0.325768,0,0,0,0,0,0,0,0,0,0,0,0
20175,C3D8,0.325768,0,0,0,0,0,0,0,0,0,0,0,0
20176,C3D8,0.325766,0,0,0,0,0,0,0,0,0,0,0,0
20177,C3D8,0.325766,0,0,0,0,0,0,0,0,0,0,0,0
20178,C3D8,0.325766,0,0,0,0,0,0,0,0,0,0,0,0
20179,C3D8,0.325766,0,0,0,0,0,0,0,0,0,0,0,0
20180,C3D8,0.325766,0,0,0,0,0,0,0,0,0,0,0,0
20181,C3D8,0.325766,0,0,0,0,0,0,0,0,0,0,0,0
20182,C3D8,0.325766,0,0,0,0,0,0,0,0,0,0,0,0
20183,C3D8,0.325766,0,0,0,0,0,0,0,0,0,0,0,0
20184,C3D8,0.325766,0,0,0,0,0,0,0,0,0,0,0,0
20185,C3D8,0.325767,0,0,0,0,0,0,0,0,0,0,0,0
20186,C3D8,0.325767,0,0,0,0,0,0,0,0,0,0,0,0
20187,C3D8,0.325767,0,0,0,0,0,0,0,0,0,0,0,0
20188,C3D8,0.325766,0,0,0,0,0,0,0,0,0,0,0,0
20189,C3D8,0.325766,0,0,0,0,0,0,0,0,0,0,0,0
20190,C3D8,0.325766,0,0,0,0,0,0,0,0,0,0,0,0
20191,C3D8,0.325767,0,0,0,0,0,0,0,0,0,0,0,0
20192,C3D8,0.325767,0,0,0,0,0,0,0,0,0,0,0,0
20193,C3D8,0.325767,0,0,0,0,0,0,0,0,0,0,0,0
20194,C3D8,0.325766,0,0,0,0,0,0,0,0,0,0,0,0
20195,C3D8,0.325766,0,0,0,0,0,0,0,0,0,0,0,0
20196,C3D8,0.325766,0,0,0,0,0,0,0,0,0,0,0,0
20197,C3D8,0.325767,0,0,0,0,0,0,0,0,0,0,0,0
20198,C3D8,0.325767,0,0,0,0,0,0,0,0,0,0,0,0
20199,C3D8,0.325767,0,0,0,0,0,0,0,0,0,0,0,0
20200,C3D8,0.325766,0,0,0,0,0,0,0,0,0,0,0,0
20201,C3D8,0.325766,0,0,0,0,0,0,0,0,0,0,0,0
20202,C3D8,0.325766,0,0,0,0,0,0,0,0,0,0,0,0
20203,C3D8,0.325767,0,0,0,0,0,0,0,0,0,0,0,0
20204,C3D8,0.325767,0,0,0,0,0,0,0,0,0,0,0,0
20205,C3D8,0.325767,0,0,0,0,0,0,0,0,0,0,0,0
20206,C3D8,0.325766,0,0,0,0,0,0,0,0,0,0,0,0
20207,C3D8,0.325766,0,0,0,0,0,0,0,0,0,0,0,0
20208,C3D8,0.325766,0,0,0,0,0,0,0,0,0,0,0,0
20209,C3D8,0.325767,0,0,0,0,0,0,0,0,0,0,0,0
20210,C3D8,0.325767,0,0,0,0,0,0,0,0,0,0,0,0
20211,C3D8,0.325767,0,0,0,0,0,0,0,0,0,0,0,0
20212,C3D8,0.325766,0,0,0,0,0,0,0,0,0,0,0,0
20213,C3D8,0.325766,0,0,0,0,0,0,0,0,0,0,0,0
20214,C3D8,0.325766,0,0,0,0,0,0,0,0,0,0,0,0
20215,C3D8,0.325767,0,0,0,0,0,0,0,0,0,0,0,0
20216,C3D8,0.325767,0,0,0,0,0,0,0,0,0,0,0,0
20217,C3D8,0.325767,0,0,0,0,0,0,0,0,0,0,0,0
20218,C3D8,0.325766,0,0,0,0,0,0,0,0,0,0,0,0
20219,C3D8,0.325766,0,0,0,0,0,0,0,0,0,0,0,0
20220,C3D8,0.325766,0,0,0,0,0,0,0,0,0,0,0,0
20221,C3D8,0.325767,0,0,0,0,0,0,0,0,0,0,0,0
20222,C3D8,0.325767,0,0,0,0,0,0,0,0,0,0,0,0
20223,C3D8,0.325767,0,0,0,0,0,0,0,0,0,0,0,0
20224,C3D8,0.325766,0,0,0,0,0,0,0,0,0,0,0,0
20225,C3D8,0.325766,0,0,0,0,0,0,0,0,0,0,0,0
20226,C3D8,0.325766,0,0,0,0,0,0,0,0,0,0,0,0
20227,C3D8,0.325767,0,0,0,0,0,0,0,0,0,0,0,0
20228,C3D8,0.325767,0,0,0,0,0,0,0,0,0,0,0,0
20229,C3D8,0.325767,0,0,0,0,0,0,0,0,0,0,0,0
20230,C3D8,0.325766,0,0,0,0,0,0,0,0,0,0,0,0
20231,C3D8,0.325766,0,0,0,0,0,0,0,0,0,0,0,0
20232,C3D8,0.325766,0,0,0,0,0,0,0,0,0,0,0,0
20233,C3D8,0.325766,0,0,0,0,0,0,0,0,0,0,0,0
20234,C3D8,0.325766,0,0,0,0,0,0,0,0,0,0,0,0
20235,C3D8,0.325766,0,0,0,0,0,0,0,0,0,0,0,0
20236,C3D8,0.325768,0,0,0,0,0,0,0,0,0,0,0,0
20237,C3D8,0.325768,0,0,0,0,0,0,0,0,0,0,0,0
20238,C3D8,0.325768,0,0,0,0,0,0,0,0,0,0,0,0
20239,C3D8,0.325766,0,0,0,0,0,0,0,0,0,0,0,0
20240,C3D8,0.325766,0,0,0,0,0,0,0,0,0,0,0,0
20241,C3D8,0.325766,0,0,0,0,0,0,0,0,0,0,0,0
20242,C3D8,0.325766,0,0,0,0,0,0,0,0,0,0,0,0
20243,C3D8,0.325766,0,0,0,0,0,0,0,0,0,0,0,0
20244,C3D8,0.325766,0,0,0,0,0,0,0,0,0,0,0,0
20245,C3D8,0.325768,0,0,0,0,0,0,0,0,0,0,0,0
20246,C3D8,0.325768,0,0,0,0,0,0,0,0,0,0,0,0
20247,C3D8,0.325768,0,0,0,0,0,0,0,0,0,0,0,0
20248,C3D8,0.325766,0,0,0,0,0,0,0,0,0,0,0,0
20249,C3D8,0.325766,0,0,0,0,0,0,0,0,0,0,0,0
20250,C3D8,0.325766,0,0,0,0,0,0,0,0,0,0,0,0
20251,C3D8,0.325766,0,0,0,0,0,0,0,0,0,0,0,0
20252,C3D8,0.325766,0,0,0,0,0,0,0,0,0,0,0,0
20253,C3D8,0.325766,0,0,0,0,0,0,0,0,0,0,0,0
20254,C3D8,0.325766,0,0,0,0,0,0,0,0,0,0,0,0
20255,C3D8,0.325766,0,0,0,0,0,0,0,0,0,0,0,0
20256,C3D8,0.325766,0,0,0,0,0,0,0,0,0,0,0,0
20257,C3D8,0.325768,0,0,0,0,0,0,0,0,0,0,0,0
20258,C3D8,0.325768,0,0,0,0,0,0,0,0,0,0,0,0
20259,C3D8,0.325768,0,0,0,0,0,0,0,0,0,0,0,0
20260,C3D8,0.325766,0,0,0,0,0,0,0,0,0,0,0,0
20261,C3D8,0.325766,0,0,0,0,0,0,0,0,0,0,0,0
20262,C3D8,0.325766,0,0,0,0,0,0,0,0,0,0,0,0
20263,C3D8,0.325766,0,0,0,0,0,0,0,0,0,0,0,0
20264,C3D8,0.325766,0,0,0,0,0,0,0,0,0,0,0,0
20265,C3D8,0.325766,0,0,0,0,0,0,0,0,0,0,0,0
20266,C3D8,0.325766,0,0,0,0,0,0,0,0,0,0,0,0
20267,C3D8,0.325766,0,0,0,0,0,0,0,0,0,0,0,0
20268,C3D8,0.325766,0,0,0,0,0,0,0,0,0,0,0,0
20269,C3D8,0.325768,0,0,0,0,0,0,0,0,0,0,0,0
20270,C3D8,0.325768,0,0,0,0,0,0,0,0,0,0,0,0
20271,C3D8,0.325768,0,0,0,0,0,0,0,0,0,0,0,0
20272,C3D8,0.325766,0,0,0,0,0,0,0,0,0,0,0,0
20273,C3D8,0.325766,0,0,0,0,0,0,0,0,0,0,0,0
20274,C3D8,0.325766,0,0,0,0,0,0,0,0,0,0,0,0
20275,C3D8,0.325766,0,0,0,0,0,0,0,0,0,0,0,0
20276,C3D8,0.325766,0,0,0,0,0,0,0,0,0,0,0,0
20277,C3D8,0.325766,0,0,0,0,0,0,0,0,0,0,0,0
20278,C3D8,0.325766,0,0,0,0,0,0,0,0,0,0,0,0
20279,C3D8,0.325766,0,0,0,0,0,0,0,0,0,0,0,0
20280,C3D8,0.325766,0,0,0,0,0,0,0,0,0,0,0,0
20281,C3D8,0.325768,0,0,0,0,0,0,0,0,0,0,0,0
20282,C3D8,0.325768,0,0,0,0,0,0,0,0,0,0,0,0
20283,C3D8,0.325768,0,0,0,0,0,0,0,0,0,0,0,0
20284,C3D8,0.325766,0,0,0,0,0,0,0,0,0,0,0,0
20285,C3D8,0.325766,0,0,0,0,0,0,0,0,0,0,0,0
20286,C3D8,0.325766,0,0,0,0,0,0,0,0,0,0,0,0
20287,C3D8,0.325766,0,0,0,0,0,0,0,0,0,0,0,0
20288,C3D8,0.325766,0,0,0,0,0,0,0,0,0,0,0,0
20289,C3D8,0.325766,0,0,0,0,0,0,0,0,0,0,0,0
20290,C3D8,0.325768,0,0,0,0,0,0,0,0,0,0,0,0
20291,C3D8,0.325768,0,0,0,0,0,0,0,0,0,0,0,0
20292,C3D8,0.325768,0,0,0,0,0,0,0,0,0,0,0,0
20293,C3D8,0.325766,0,0,0,0,0,0,0,0,0,0,0,0
20294,C3D8,0.325766,0,0,0,0,0,0,0,0,0,0,0,0
20295,C3D8,0.325766,0,0,0,0,0,0,0,0,0,0,0,0
20296,C3D8,0.325766,0,0,0,0,0,0,0,0,0,0,0,0
20297,C3D8,0.325766,0,0,0,0,0,0,0,0,0,0,0,0
20298,C3D8,0.325766,0,0,0,0,0,0,0,0,0,0,0,0
20299,C3D8,0.325766,0,0,0,0,0,0,0,0,0,0,0,0
20300,C3D8,0.325766,0,0,0,0,0,0,0,0,0,0,0,0
20301,C3D8,0.325766,0,0,0,0,0,0,0,0,0,0,0,0
20302,C3D8,0.325768,0,0,0,0,0,0,0,0,0,0,0,0
20303,C3D8,0.325768,0,0,0,0,0,0,0,0,0,0,0,0
20304,C3D8,0.325768,0,0,0,0,0,0,0,0,0,0,0,0
20305,C3D8,0.325766,0,0,0,0,0,0,0,0,0,0,0,0
20306,C3D8,0.325766,0,0,0,0,0,0,0,0,0,0,0,0
20307,C3D8,0.325766,0,0,0,0,0,0,0,0,0,0,0,0
20308,C3D8,0.325766,0,0,0,0,0,0,0,0,0,0,0,0
20309,C3D8,0.325766,0,0,0,0,0,0,0,0,0,0,0,0
20310,C3D8,0.325766,0,0,0,0,0,0,0,0,0,0,0,0
20311,C3D8,0.325766,0,0,0,0,0,0,0,0,0,0,0,0
20312,C3D8,0.325766,0,0,0,0,0,0,0,0,0,0,0,0
20313,C3D8,0.325766,0,0,0,0,0,0,0,0,0,0,0,0
20314,C3D8,0.325768,0,0,0,0,0,0,0,0,0,0,0,0
20315,C3D8,0.325768,0,0,0,0,0,0,0,0,0,0,0,0
20316,C3D8,0.325768,0,0,0,0,0,0,0,0,0,0,0,0
20317,C3D8,0.325766,0,0,0,0,0,0,0,0,0,0,0,0
20318,C3D8,0.325766,0,0,0,0,0,0,0,0,0,0,0,0
20319,C3D8,0.325766,0,0,0,0,0,0,0,0,0,0,0,0
20320,C3D8,0.325766,0,0,0,0,0,0,0,0,0,0,0,0
20321,C3D8,0.325766,0,0,0,0,0,0,0,0,0,0,0,0
20322,C3D8,0.325766,0,0,0,0,0,0,0,0,0,0,0,0
20323,C3D8,0.325766,0,0,0,0,0,0,0,0,0,0,0,0
20324,C3D8,0.325766,0,0,0,0,0,0,0,0,0,0,0,0
20325,C3D8,0.325766,0,0,0,0,0,0,0,0,0,0,0,0
20326,C3D8,0.325768,0,0,0,0,0,0,0,0,0,0,0,0
20327,C3D8,0.325768,0,0,0,0,0,0,0,0,0,0,0,0
20328,C3D8,0.325768,0,0,0,0,0,0,0,0,0,0,0,0
20329,C3D8,0.325765,0,0,0,0,0,0,0,0,0,0,0,0
20330,C3D8,0.325765,0,0,0,0,0,0,0,0,0,0,0,0
20331,C3D8,0.325765,0,0,0,0,0,0,0,0,0,0,0,0
20332,C3D8,0.325769,0,0,0,0,0,0,0,0,0,0,0,0
20333,C3D8,0.325769,0,0,0,0,0,0,0,0,0,0,0,0
20334,C3D8,0.325769,0,0,0,0,0,0,0,0,0,0,0,0
20335,C3D8,0.325766,0,0,0,0,0,0,0,0,0,0,0,0
20336,C3D8,0.325766,0,0,0,0,0,0,0,0,0,0,0,0
20337,C3D8,0.325766,0,0,0,0,0,0,0,0,0,0,0,0
20338,C3D8,0.325766,0,0,0,0,0,0,0,0,0,0,0,0
20339,C3D8,0.325766,0,0,0,0,0,0,0,0,0,0,0,0
20340,C3D8,0.325766,0,0,0,0,0,0,0,0,0,0,0,0
20341,C3D8,0.325766,0,0,0,0,0,0,0,0,0,0,0,0
20342,C3D8,0.325766,0,0,0,0,0,0,0,0,0,0,0,0
20343,C3D8,0.325766,0,0,0,0,0,0,0,0,0,0,0,0
20344,C3D8,0.325767,0,0,0,0,0,0,0,0,0,0,0,0
20345,C3D8,0.325767,0,0,0,0,0,0,0,0,0,0,0,0
20346,C3D8,0.325767,0,0,0,0,0,0,0,0,0,0,0,0
20347,C3D8,0.325766,0,0,0,0,0,0,0,0,0,0,0,0
20348,C3D8,0.325766,0,0,0,0,0,0,0,0,0,0,0,0
20349,C3D8,0.325766,0,0,0,0,0,0,0,0,0,0,0,0
20350,C3D8,0.325767,0,0,0,0,0,0,0,0,0,0,0,0
20351,C3D8,0.325767,0,0,0,0,0,0,0,0,0,0,0,0
20352,C3D8,0.325767,0,0,0,0,0,0,0,0,0,0,0,0
20353,C3D8,0.325766,0,0,0,0,0,0,0,0,0,0,0,0
20354,C3D8,0.325766,0,0,0,0,0,0,0,0,0,0,0,0
20355,C3D8,0.325766,0,0,0,0,0,0,0,0,0,0,0,0
20356,C3D8,0.325767,0,0,0,0,0,0,0,0,0,0,0,0
20357,C3D8,0.325767,0,0,0,0,0,0,0,0,0,0,0,0
20358,C3D8,0.325767,0,0,0,0,0,0,0,0,0,0,0,0
20359,C3D8,0.325766,0,0,0,0,0,0,0,0,0,0,0,0
20360,C3D8,0.325766,0,0,0,0,0,0,0,0,0,0,0,0
20361,C3D8,0.325766,0,0,0,0,0,0,0,0,0,0,0,0
20362,C3D8,0.325767,0,0,0,0,0,0,0,0,0,0,0,0
20363,C3D8,0.325767,0,0,0,0,0,0,0,0,0,0,0,0
20364,C3D8,0.325767,0,0,0,0,0,0,0,0,0,0,0,0
20365,C3D8,0.325766,0,0,0,0,0,0,0,0,0,0,0,0
20366,C3D8,0.325766,0,0,0,0,0,0,0,0,0,0,0,0
20367,C3D8,0.325766,0,0,0,0,0,0,0,0,0,0,0,0
20368,C3D8,0.325767,0,0,0,0,0,0,0,0,0,0,0,0
20369,C3D8,0.325767,0,0,0,0,0,0,0,0,0,0,0,0
20370,C3D8,0.325767,0,0,0,0,0,0,0,0,0,0,0,0
20371,C3D8,0.325766,0,0,0,0,0,0,0,0,0,0,0,0
20372,C3D8,0.325766,0,0,0,0,0,0,0,0,0,0,0,0
20373,C3D8,0.325766,0,0,0,0,0,0,0,0,0,0,0,0
20374,C3D8,0.325767,0,0,0,0,0,0,0,0,0,0,0,0
20375,C3D8,0.325767,0,0,0,0,0,0,0,0,0,0,0,0
20376,C3D8,0.325767,0,0,0,0,0,0,0,0,0,0,0,0
20377,C3D8,0.325766,0,0,0,0,0,0,0,0,0,0,0,0
20378,C3D8,0.325766,0,0,0,0,0,0,0,0,0,0,0,0
20379,C3D8,0.325766,0,0,0,0,0,0,0,0,0,0,0,0
20380,C3D8,0.325767,0,0,0,0,0,0,0,0,0,0,0,0
20381,C3D8,0.325767,0,0,0,0,0,0,0,0,0,0,0,0
20382,C3D8,0.325767,0,0,0,0,0,0,0,0,0,0,0,0
20383,C3D8,0.325766,0,0,0,0,0,0,0,0,0,0,0,0
20384,C3D8,0.325766,0,0,0,0,0,0,0,0,0,0,0,0
20385,C3D8,0.325766,0,0,0,0,0,0,0,0,0,0,0,0
20386,C3D8,0.325767,0,0,0,0,0,0,0,0,0,0,0,0
20387,C3D8,0.325767,0,0,0,0,0,0,0,0,0,0,0,0
20388,C3D8,0.325767,0,0,0,0,0,0,0,0,0,0,0,0
20389,C3D8,0.325766,0,0,0,0,0,0,0,0,0,0,0,0
20390,C3D8,0.325766,0,0,0,0,0,0,0,0,0,0,0,0
20391,C3D8,0.325766,0,0,0,0,0,0,0,0,0,0,0,0
20392,C3D8,0.325766,0,0,0,0,0,0,0,0,0,0,0,0
20393,C3D8,0.325766,0,0,0,0,0,0,0,0,0,0,0,0
20394,C3D8,0.325766,0,0,0,0,0,0,0,0,0,0,0,0
20395,C3D8,0.325767,0,0,0,0,0,0,0,0,0,0,0,0
20396,C3D8,0.325767,0,0,0,0,0,0,0,0,0,0,0,0
20397,C3D8,0.325767,0,0,0,0,0,0,0,0,0,0,0,0
20398,C3D8,0.325766,0,0,0,0,0,0,0,0,0,0,0,0
20399,C3D8,0.325766,0,0,0,0,0,0,0,0,0,0,0,0
20400,C3D8,0.325766,0,0,0,0,0,0,0,0,0,0,0,0
20401,C3D8,0.325766,0,0,0,0,0,0,0,0,0,0,0,0
20402,C3D8,0.325766,0,0,0,0,0,0,0,0,0,0,0,0
20403,C3D8,0.325766,0,0,0,0,0,0,0,0,0,0,0,0
20404,C3D8,0.325767,0,0,0,0,0,0,0,0,0,0,0,0
20405,C3D8,0.325767,0,0,0,0,0,0,0,0,0,0,0,0
20406,C3D8,0.325767,0,0,0,0,0,0,0,0,0,0,0,0
20407,C3D8,0.325766,0,0,0,0,0,0,0,0,0,0,0,0
20408,C3D8,0.325766,0,0,0,0,0,0,0,0,0,0,0,0
20409,C3D8,0.325766,0,0,0,0,0,0,0,0,0,0,0,0
20410,C3D8,0.325766,0,0,0,0,0,0,0,0,0,0,0,0
20411,C3D8,0.325766,0,0,0,0,0,0,0,0,0,0,0,0
20412,C3D8,0.325766,0,0,0,0,0,0,0,0,0,0,0,0
20413,C3D8,0.325766,0,0,0,0,0,0,0,0,0,0,0,0
20414,C3D8,0.325766,0,0,0,0,0,0,0,0,0,0,0,0
20415,C3D8,0.325766,0,0,0,0,0,0,0,0,0,0,0,0
20416,C3D8,0.325767,0,0,0,0,0,0,0,0,0,0,0,0
20417,C3D8,0.325767,0,0,0,0,0,0,0,0,0,0,0,0
20418,C3D8,0.325767,0,0,0,0,0,0,0,0,0,0,0,0
20419,C3D8,0.325766,0,0,0,0,0,0,0,0,0,0,0,0
20420,C3D8,0.325766,0,0,0,0,0,0,0,0,0,0,0,0
20421,C3D8,0.325766,0,0,0,0,0,0,0,0,0,0,0,0
20422,C3D8,0.325766,0,0,0,0,0,0,0,0,0,0,0,0
20423,C3D8,0.325766,0,0,0,0,0,0,0,0,0,0,0,0
20424,C3D8,0.325766,0,0,0,0,0,0,0,0,0,0,0,0
20425,C3D8,0.325766,0,0,0,0,0,0,0,0,0,0,0,0
20426,C3D8,0.325766,0,0,0,0,0,0,0,0,0,0,0,0
20427,C3D8,0.325766,0,0,0,0,0,0,0,0,0,0,0,0
20428,C3D8,0.325767,0,0,0,0,0,0,0,0,0,0,0,0
20429,C3D8,0.325767,0,0,0,0,0,0,0,0,0,0,0,0
20430,C3D8,0.325767,0,0,0,0,0,0,0,0,0,0,0,0
20431,C3D8,0.325766,0,0,0,0,0,0,0,0,0,0,0,0
20432,C3D8,0.325766,0,0,0,0,0,0,0,0,0,0,0,0
20433,C3D8,0.325766,0,0,0,0,0,0,0,0,0,0,0,0
20434,C3D8,0.325766,0,0,0,0,0,0,0,0,0,0,0,0
20435,C3D8,0.325766,0,0,0,0,0,0,0,0,0,0,0,0
20436,C3D8,0.325766,0,0,0,0,0,0,0,0,0,0,0,0
20437,C3D8,0.325766,0,0,0,0,0,0,0,0,0,0,0,0
20438,C3D8,0.325766,0,0,0,0,0,0,0,0,0,0,0,0
20439,C3D8,0.325766,0,0,0,0,0,0,0,0,0,0,0,0
20440,C3D8,0.325767,0,0,0,0,0,0,0,0,0,0,0,0
20441,C3D8,0.325767,0,0,0,0,0,0,0,0,0,0,0,0
20442,C3D8,0.325767,0,0,0,0,0,0,0,0,0,0,0,0
20443,C3D8,0.325766,0,0,0,0,0,0,0,0,0,0,0,0
20444,C3D8,0.325766,0,0,0,0,0,0,0,0,0,0,0,0
20445,C3D8,0.325766,0,0,0,0,0,0,0,0,0,0,0,0
20446,C3D8,0.325766,0,0,0,0,0,0,0,0,0,0,0,0
20447,C3D8,0.325766,0,0,0,0,0,0,0,0,0,0,0,0
20448,C3D8,0.325766,0,0,0,0,0,0,0,0,0,0,0,0
20449,C3D8,0.325767,0,0,0,0,0,0,0,0,0,0,0,0
20450,C3D8,0.325767,0,0,0,0,0,0,0,0,0,0,0,0
20451,C3D8,0.325767,0,0,0,0,0,0,0,0,0,0,0,0
20452,C3D8,0.325766,0,0,0,0,0,0,0,0,0,0,0,0
20453,C3D8,0.325766,0,0,0,0,0,0,0,0,0,0,0,0
20454,C3D8,0.325766,0,0,0,0,0,0,0,0,0,0,0,0
20455,C3D8,0.325766,0,0,0,0,0,0,0,0,0,0,0,0
20456,C3D8,0.325766,0,0,0,0,0,0,0,0,0,0,0,0
20457,C3D8,0.325766,0,0,0,0,0,0,0,0,0,0,0,0
20458,C3D8,0.325766,0,0,0,0,0,0,0,0,0,0,0,0
20459,C3D8,0.325766,0,0,0,0,0,0,0,0,0,0,0,0
20460,C3D8,0.325766,0,0,0,0,0,0,0,0,0,0,0,0
20461,C3D8,0.325767,0,0,0,0,0,0,0,0,0,0,0,0
20462,C3D8,0.325767,0,0,0,0,0,0,0,0,0,0,0,0
20463,C3D8,0.325767,0,0,0,0,0,0,0,0,0,0,0,0
20464,C3D8,0.325766,0,0,0,0,0,0,0,0,0,0,0,0
20465,C3D8,0.325766,0,0,0,0,0,0,0,0,0,0,0,0
20466,C3D8,0.325766,0,0,0,0,0,0,0,0,0,0,0,0
20467,C3D8,0.325766,0,0,0,0,0,0,0,0,0,0,0,0
20468,C3D8,0.325766,0,0,0,0,0,0,0,0,0,0,0,0
20469,C3D8,0.325766,0,0,0,0,0,0,0,0,0,0,0,0
20470,C3D8,0.325766,0,0,0,0,0,0,0,0,0,0,0,0
20471,C3D8,0.325766,0,0,0,0,0,0,0,0,0,0,0,0
20472,C3D8,0.325766,0,0,0,0,0,0,0,0,0,0,0,0
20473,C3D8,0.325767,0,0,0,0,0,0,0,0,0,0,0,0
20474,C3D8,0.325767,0,0,0,0,0,0,0,0,0,0,0,0
20475,C3D8,0.325767,0,0,0,0,0,0,0,0,0,0,0,0
20476,C3D8,0.325766,0,0,0,0,0,0,0,0,0,0,0,0
20477,C3D8,0.325766,0,0,0,0,0,0,0,0,0,0,0,0
20478,C3D8,0.325766,0,0,0,0,0,0,0,0,0,0,0,0
20479,C3D8,0.325766,0,0,0,0,0,0,0,0,0,0,0,0
20480,C3D8,0.325766,0,0,0,0,0,0,0,0,0,0,0,0
20481,C3D8,0.325766,0,0,0,0,0,0,0,0,0,0,0,0
20482,C3D8,0.325766,0,0,0,0,0,0,0,0,0,0,0,0
20483,C3D8,0.325766,0,0,0,0,0,0,0,0,0,0,0,0
20484,C3D8,0.325766,0,0,0,0,0,0,0,0,0,0,0,0
20485,C3D8,0.325767,0,0,0,0,0,0,0,0,0,0,0,0
20486,C3D8,0.325767,0,0,0,0,0,0,0,0,0,0,0,0
20487,C3D8,0.325767,0,0,0,0,0,0,0,0,0,0,0,0
20488,C3D8,0.325765,0,0,0,0,0,0,0,0,0,0,0,0
20489,C3D8,0.325765,0,0,0,0,0,0,0,0,0,0,0,0
20490,C3D8,0.325765,0,0,0,0,0,0,0,0,0,0,0,0
20491,C3D8,0.325768,0,0,0,0,0,0,0,0,0,0,0,0
20492,C3D8,0.325768,0,0,0,0,0,0,0,0,0,0,0,0
20493,C3D8,0.325768,0,0,0,0,0,0,0,0,0,0,0,0
20494,C3D8,0.325766,0,0,0,0,0,0,0,0,0,0,0,0
20495,C3D8,0.325766,0,0,0,0,0,0,0,0,0,0,0,0
20496,C3D8,0.325766,0,0,0,0,0,0,0,0,0,0,0,0
20497,C3D8,0.325766,0,0,0,0,0,0,0,0,0,0,0,0
20498,C3D8,0.325766,0,0,0,0,0,0,0,0,0,0,0,0
20499,C3D8,0.325766,0,0,0,0,0,0,0,0,0,0,0,0
20500,C3D8,0.325766,0,0,0,0,0,0,0,0,0,0,0,0
20501,C3D8,0.325766,0,0,0,0,0,0,0,0,0,0,0,0
20502,C3D8,0.325766,0,0,0,0,0,0,0,0,0,0,0,0
20503,C3D8,0.325767,0,0,0,0,0,0,0,0,0,0,0,0
20504,C3D8,0.325767,0,0,0,0,0,0,0,0,0,0,0,0
20505,C3D8,0.325767,0,0,0,0,0,0,0,0,0,0,0,0
20506,C3D8,0.325766,0,0,0,0,0,0,0,0,0,0,0,0
20507,C3D8,0.325766,0,0,0,0,0,0,0,0,0,0,0,0
20508,C3D8,0.325766,0,0,0,0,0,0,0,0,0,0,0,0
20509,C3D8,0.325767,0,0,0,0,0,0,0,0,0,0,0,0
20510,C3D8,0.325767,0,0,0,0,0,0,0,0,0,0,0,0
20511,C3D8,0.325767,0,0,0,0,0,0,0,0,0,0,0,0
20512,C3D8,0.325766,0,0,0,0,0,0,0,0,0,0,0,0
20513,C3D8,0.325766,0,0,0,0,0,0,0,0,0,0,0,0
20514,C3D8,0.325766,0,0,0,0,0,0,0,0,0,0,0,0
20515,C3D8,0.325767,0,0,0,0,0,0,0,0,0,0,0,0
20516,C3D8,0.325767,0,0,0,0,0,0,0,0,0,0,0,0
20517,C3D8,0.325767,0,0,0,0,0,0,0,0,0,0,0,0
20518,C3D8,0.325766,0,0,0,0,0,0,0,0,0,0,0,0
20519,C3D8,0.325766,0,0,0,0,0,0,0,0,0,0,0,0
20520,C3D8,0.325766,0,0,0,0,0,0,0,0,0,0,0,0
20521,C3D8,0.325767,0,0,0,0,0,0,0,0,0,0,0,0
20522,C3D8,0.325767,0,0,0,0,0,0,0,0,0,0,0,0
20523,C3D8,0.325767,0,0,0,0,0,0,0,0,0,0,0,0
20524,C3D8,0.325766,0,0,0,0,0,0,0,0,0,0,0,0
20525,C3D8,0.325766,0,0,0,0,0,0,0,0,0,0,0,0
20526,C3D8,0.325766,0,0,0,0,0,0,0,0,0,0,0,0
20527,C3D8,0.325767,0,0,0,0,0,0,0,0,0,0,0,0
20528,C3D8,0.325767,0,0,0,0,0,0,0,0,0,0,0,0
20529,C3D8,0.325767,0,0,0,0,0,0,0,0,0,0,0,0
20530,C3D8,0.325766,0,0,0,0,0,0,0,0,0,0,0,0
20531,C3D8,0.325766,0,0,0,0,0,0,0,0,0,0,0,0
20532,C3D8,0.325766,0,0,0,0,0,0,0,0,0,0,0,0
20533,C3D8,0.325767,0,0,0,0,0,0,0,0,0,0,0,0
20534,C3D8,0.325767,0,0,0,0,0,0,0,0,0,0,0,0
20535,C3D8,0.325767,0,0,0,0,0,0,0,0,0,0,0,0
20536,C3D8,0.325766,0,0,0,0,0,0,0,0,0,0,0,0
20537,C3D8,0.325766,0,0,0,0,0,0,0,0,0,0,0,0
20538,C3D8,0.325766,0,0,0,0,0,0,0,0,0,0,0,0
20539,C3D8,0.325767,0,0,0,0,0,0,0,0,0,0,0,0
20540,C3D8,0.325767,0,0,0,0,0,0,0,0,0,0,0,0
20541,C3D8,0.325767,0,0,0,0,0,0,0,0,0,0,0,0
20542,C3D8,0.325766,0,0,0,0,0,0,0,0,0,0,0,0
20543,C3D8,0.325766,0,0,0,0,0,0,0,0,0,0,0,0
20544,C3D8,0.325766,0,0,0,0,0,0,0,0,0,0,0,0
20545,C3D8,0.325767,0,0,0,0,0,0,0,0,0,0,0,0
20546,C3D8,0.325767,0,0,0,0,0,0,0,0,0,0,0,0
20547,C3D8,0.325767,0,0,0,0,0,0,0,0,0,0,0,0
20548,C3D8,0.325766,0,0,0,0,0,0,0,0,0,0,0,0
20549,C3D8,0.325766,0,0,0,0,0,0,0,0,0,0,0,0
20550,C3D8,0.325766,0,0,0,0,0,0,0,0,0,0,0,0
20551,C3D8,0.325766,0,0,0,0,0,0,0,0,0,0,0,0
20552,C3D8,0.325766,0,0,0,0,0,0,0,0,0,0,0,0
20553,C3D8,0.325766,0,0,0,0,0,0,0,0,0,0,0,0
20554,C3D8,0.325768,0,0,0,0,0,0,0,0,0,0,0,0
20555,C3D8,0.325768,0,0,0,0,0,0,0,0,0,0,0,0
20556,C3D8,0.325768,0,0,0,0,0,0,0,0,0,0,0,0
20557,C3D8,0.325766,0,0,0,0,0,0,0,0,0,0,0,0
20558,C3D8,0.325766,0,0,0,0,0,0,0,0,0,0,0,0
20559,C3D8,0.325766,0,0,0,0,0,0,0,0,0,0,0,0
20560,C3D8,0.325766,0,0,0,0,0,0,0,0,0,0,0,0
20561,C3D8,0.325766,0,0,0,0,0,0,0,0,0,0,0,0
20562,C3D8,0.325766,0,0,0,0,0,0,0,0,0,0,0,0
20563,C3D8,0.325768,0,0,0,0,0,0,0,0,0,0,0,0
20564,C3D8,0.325768,0,0,0,0,0,0,0,0,0,0,0,0
20565,C3D8,0.325768,0,0,0,0,0,0,0,0,0,0,0,0
20566,C3D8,0.325766,0,0,0,0,0,0,0,0,0,0,0,0
20567,C3D8,0.325766,0,0,0,0,0,0,0,0,0,0,0,0
20568,C3D8,0.325766,0,0,0,0,0,0,0,0,0,0,0,0
20569,C3D8,0.325766,0,0,0,0,0,0,0,0,0,0,0,0
20570,C3D8,0.325766,0,0,0,0,0,0,0,0,0,0,0,0
20571,C3D8,0.325766,0,0,0,0,0,0,0,0,0,0,0,0
20572,C3D8,0.325766,0,0,0,0,0,0,0,0,0,0,0,0
20573,C3D8,0.325766,0,0,0,0,0,0,0,0,0,0,0,0
20574,C3D8,0.325766,0,0,0,0,0,0,0,0,0,0,0,0
20575,C3D8,0.325768,0,0,0,0,0,0,0,0,0,0,0,0
20576,C3D8,0.325768,0,0,0,0,0,0,0,0,0,0,0,0
20577,C3D8,0.325768,0,0,0,0,0,0,0,0,0,0,0,0
20578,C3D8,0.325766,0,0,0,0,0,0,0,0,0,0,0,0
20579,C3D8,0.325766,0,0,0,0,0,0,0,0,0,0,0,0
20580,C3D8,0.325766,0,0,0,0,0,0,0,0,0,0,0,0
20581,C3D8,0.325766,0,0,0,0,0,0,0,0,0,0,0,0
20582,C3D8,0.325766,0,0,0,0,0,0,0,0,0,0,0,0
20583,C3D8,0.325766,0,0,0,0,0,0,0,0,0,0,0,0
20584,C3D8,0.325766,0,0,0,0,0,0,0,0,0,0,0,0
20585,C3D8,0.325766,0,0,0,0,0,0,0,0,0,0,0,0
20586,C3D8,0.325766,0,0,0,0,0,0,0,0,0,0,0,0
20587,C3D8,0.325768,0,0,0,0,0,0,0,0,0,0,0,0
20588,C3D8,0.325768,0,0,0,0,0,0,0,0,0,0,0,0
20589,C3D8,0.325768,0,0,0,0,0,0,0,0,0,0,0,0
20590,C3D8,0.325766,0,0,0,0,0,0,0,0,0,0,0,0
20591,C3D8,0.325766,0,0,0,0,0,0,0,0,0,0,0,0
20592,C3D8,0.325766,0,0,0,0,0,0,0,0,0,0,0,0
20593,C3D8,0.325766,0,0,0,0,0,0,0,0,0,0,0,0
20594,C3D8,0.325766,0,0,0,0,0,0,0,0,0,0,0,0
20595,C3D8,0.325766,0,0,0,0,0,0,0,0,0,0,0,0
20596,C3D8,0.325766,0,0,0,0,0,0,0,0,0,0,0,0
20597,C3D8,0.325766,0,0,0,0,0,0,0,0,0,0,0,0
20598,C3D8,0.325766,0,0,0,0,0,0,0,0,0,0,0,0
20599,C3D8,0.325768,0,0,0,0,0,0,0,0,0,0,0,0
20600,C3D8,0.325768,0,0,0,0,0,0,0,0,0,0,0,0
20601,C3D8,0.325768,0,0,0,0,0,0,0,0,0,0,0,0
20602,C3D8,0.325766,0,0,0,0,0,0,0,0,0,0,0,0
20603,C3D8,0.325766,0,0,0,0,0,0,0,0,0,0,0,0
20604,C3D8,0.325766,0,0,0,0,0,0,0,0,0,0,0,0
20605,C3D8,0.325766,0,0,0,0,0,0,0,0,0,0,0,0
20606,C3D8,0.325766,0,0,0,0,0,0,0,0,0,0,0,0
20607,C3D8,0.325766,0,0,0,0,0,0,0,0,0,0,0,0
20608,C3D8,0.325768,0,0,0,0,0,0,0,0,0,0,0,0
20609,C3D8,0.325768,0,0,0,0,0,0,0,0,0,0,0,0
20610,C3D8,0.325768,0,0,0,0,0,0,0,0,0,0,0,0
20611,C3D8,0.325766,0,0,0,0,0,0,0,0,0,0,0,0
20612,C3D8,0.325766,0,0,0,0,0,0,0,0,0,0,0,0
20613,C3D8,0.325766,0,0,0,0,0,0,0,0,0,0,0,0
20614,C3D8,0.325766,0,0,0,0,0,0,0,0,0,0,0,0
20615,C3D8,0.325766,0,0,0,0,0,0,0,0,0,0,0,0
20616,C3D8,0.325766,0,0,0,0,0,0,0,0,0,0,0,0
20617,C3D8,0.325766,0,0,0,0,0,0,0,0,0,0,0,0
20618,C3D8,0.325766,0,0,0,0,0,0,0,0,0,0,0,0
20619,C3D8,0.325766,0,0,0,0,0,0,0,0,0,0,0,0
20620,C3D8,0.325768,0,0,0,0,0,0,0,0,0,0,0,0
20621,C3D8,0.325768,0,0,0,0,0,0,0,0,0,0,0,0
20622,C3D8,0.325768,0,0,0,0,0,0,0,0,0,0,0,0
20623,C3D8,0.325766,0,0,0,0,0,0,0,0,0,0,0,0
20624,C3D8,0.325766,0,0,0,0,0,0,0,0,0,0,0,0
20625,C3D8,0.325766,0,0,0,0,0,0,0,0,0,0,0,0
20626,C3D8,0.325766,0,0,0,0,0,0,0,0,0,0,0,0
20627,C3D8,0.325766,0,0,0,0,0,0,0,0,0,0,0,0
20628,C3D8,0.325766,0,0,0,0,0,0,0,0,0,0,0,0
20629,C3D8,0.325766,0,0,0,0,0,0,0,0,0,0,0,0
20630,C3D8,0.325766,0,0,0,0,0,0,0,0,0,0,0,0
20631,C3D8,0.325766,0,0,0,0,0,0,0,0,0,0,0,0
20632,C3D8,0.325768,0,0,0,0,0,0,0,0,0,0,0,0
20633,C3D8,0.325768,0,0,0,0,0,0,0,0,0,0,0,0
20634,C3D8,0.325768,0,0,0,0,0,0,0,0,0,0,0,0
20635,C3D8,0.325766,0,0,0,0,0,0,0,0,0,0,0,0
20636,C3D8,0.325766,0,0,0,0,0,0,0,0,0,0,0,0
20637,C3D8,0.325766,0,0,0,0,0,0,0,0,0,0,0,0
20638,C3D8,0.325766,0,0,0,0,0,0,0,0,0,0,0,0
20639,C3D8,0.325766,0,0,0,0,0,0,0,0,0,0,0,0
20640,C3D8,0.325766,0,0,0,0,0,0,0,0,0,0,0,0
20641,C3D8,0.325766,0,0,0,0,0,0,0,0,0,0,0,0
20642,C3D8,0.325766,0,0,0,0,0,0,0,0,0,0,0,0
20643,C3D8,0.325766,0,0,0,0,0,0,0,0,0,0,0,0
20644,C3D8,0.325768,0,0,0,0,0,0,0,0,0,0,0,0
20645,C3D8,0.325768,0,0,0,0,0,0,0,0,0,0,0,0
20646,C3D8,0.325768,0,0,0,0,0,0,0,0,0,0,0,0
20647,C3D8,0.325765,0,0,0,0,0,0,0,0,0,0,0,0
20648,C3D8,0.325765,0,0,0,0,0,0,0,0,0,0,0,0
20649,C3D8,0.325765,0,0,0,0,0,0,0,0,0,0,0,0
20650,C3D8,0.325769,0,0,0,0,0,0,0,0,0,0,0,0
20651,C3D8,0.325769,0,0,0,0,0,0,0,0,0,0,0,0
20652,C3D8,0.325769,0,0,0,0,0,0,0,0,0,0,0,0
20653,C3D8,0.325766,0,0,0,0,0,0,0,0,0,0,0,0
20654,C3D8,0.325766,0,0,0,0,0,0,0,0,0,0,0,0
20655,C3D8,0.325766,0,0,0,0,0,0,0,0,0,0,0,0
20656,C3D8,0.325766,0,0,0,0,0,0,0,0,0,0,0,0
20657,C3D8,0.325766,0,0,0,0,0,0,0,0,0,0,0,0
20658,C3D8,0.325766,0,0,0,0,0,0,0,0,0,0,0,0
20659,C3D8,0.325766,0,0,0,0,0,0,0,0,0,0,0,0
20660,C3D8,0.325766,0,0,0,0,0,0,0,0,0,0,0,0
20661,C3D8,0.325766,0,0,0,0,0,0,0,0,0,0,0,0
20662,C3D8,0.325767,0,0,0,0,0,0,0,0,0,0,0,0
20663,C3D8,0.325767,0,0,0,0,0,0,0,0,0,0,0,0
20664,C3D8,0.325767,0,0,0,0,0,0,0,0,0,0,0,0
20665,C3D8,0.325766,0,0,0,0,0,0,0,0,0,0,0,0
20666,C3D8,0.325766,0,0,0,0,0,0,0,0,0,0,0,0
20667,C3D8,0.325766,0,0,0,0,0,0,0,0,0,0,0,0
20668,C3D8,0.325767,0,0,0,0,0,0,0,0,0,0,0,0
20669,C3D8,0.325767,0,0,0,0,0,0,0,0,0,0,0,0
20670,C3D8,0.325767,0,0,0,0,0,0,0,0,0,0,0,0
20671,C3D8,0.325766,0,0,0,0,0,0,0,0,0,0,0,0
20672,C3D8,0.325766,0,0,0,0,0,0,0,0,0,0,0,0
20673,C3D8,0.325766,0,0,0,0,0,0,0,0,0,0,0,0
20674,C3D8,0.325767,0,0,0,0,0,0,0,0,0,0,0,0
20675,C3D8,0.325767,0,0,0,0,0,0,0,0,0,0,0,0
20676,C3D8,0.325767,0,0,0,0,0,0,0,0,0,0,0,0
20677,C3D8,0.325766,0,0,0,0,0,0,0,0,0,0,0,0
20678,C3D8,0.325766,0,0,0,0,0,0,0,0,0,0,0,0
20679,C3D8,0.325766,0,0,0,0,0,0,0,0,0,0,0,0
20680,C3D8,0.325767,0,0,0,0,0,0,0,0,0,0,0,0
20681,C3D8,0.325767,0,0,0,0,0,0,0,0,0,0,0,0
20682,C3D8,0.325767,0,0,0,0,0,0,0,0,0,0,0,0
20683,C3D8,0.325766,0,0,0,0,0,0,0,0,0,0,0,0
20684,C3D8,0.325766,0,0,0,0,0,0,0,0,0,0,0,0
20685,C3D8,0.325766,0,0,0,0,0,0,0,0,0,0,0,0
20686,C3D8,0.325767,0,0,0,0,0,0,0,0,0,0,0,0
20687,C3D8,0.325767,0,0,0,0,0,0,0,0,0,0,0,0
20688,C3D8,0.325767,0,0,0,0,0,0,0,0,0,0,0,0
20689,C3D8,0.325766,0,0,0,0,0,0,0,0,0,0,0,0
20690,C3D8,0.325766,0,0,0,0,0,0,0,0,0,0,0,0
20691,C3D8,0.325766,0,0,0,0,0,0,0,0,0,0,0,0
20692,C3D8,0.325767,0,0,0,0,0,0,0,0,0,0,0,0
20693,C3D8,0.325767,0,0,0,0,0,0,0,0,0,0,0,0
20694,C3D8,0.325767,0,0,0,0,0,0,0,0,0,0,0,0
20695,C3D8,0.325766,0,0,0,0,0,0,0,0,0,0,0,0
20696,C3D8,0.325766,0,0,0,0,0,0,0,0,0,0,0,0
20697,C3D8,0.325766,0,0,0,0,0,0,0,0,0,0,0,0
20698,C3D8,0.325767,0,0,0,0,0,0,0,0,0,0,0,0
20699,C3D8,0.325767,0,0,0,0,0,0,0,0,0,0,0,0
20700,C3D8,0.325767,0,0,0,0,0,0,0,0,0,0,0,0
20701,C3D8,0.325766,0,0,0,0,0,0,0,0,0,0,0,0
20702,C3D8,0.325766,0,0,0,0,0,0,0,0,0,0,0,0
20703,C3D8,0.325766,0,0,0,0,0,0,0,0,0,0,0,0
20704,C3D8,0.325767,0,0,0,0,0,0,0,0,0,0,0,0
20705,C3D8,0.325767,0,0,0,0,0,0,0,0,0,0,0,0
20706,C3D8,0.325767,0,0,0,0,0,0,0,0,0,0,0,0
20707,C3D8,0.325766,0,0,0,0,0,0,0,0,0,0,0,0
20708,C3D8,0.325766,0,0,0,0,0,0,0,0,0,0,0,0
20709,C3D8,0.325766,0,0,0,0,0,0,0,0,0,0,0,0
20710,C3D8,0.325766,0,0,0,0,0,0,0,0,0,0,0,0
20711,C3D8,0.325766,0,0,0,0,0,0,0,0,0,0,0,0
20712,C3D8,0.325766,0,0,0,0,0,0,0,0,0,0,0,0
20713,C3D8,0.325768,0,0,0,0,0,0,0,0,0,0,0,0
20714,C3D8,0.325768,0,0,0,0,0,0,0,0,0,0,0,0
20715,C3D8,0.325768,0,0,0,0,0,0,0,0,0,0,0,0
20716,C3D8,0.325766,0,0,0,0,0,0,0,0,0,0,0,0
20717,C3D8,0.325766,0,0,0,0,0,0,0,0,0,0,0,0
20718,C3D8,0.325766,0,0,0,0,0,0,0,0,0,0,0,0
20719,C3D8,0.325766,0,0,0,0,0,0,0,0,0,0,0,0
20720,C3D8,0.325766,0,0,0,0,0,0,0,0,0,0,0,0
20721,C3D8,0.325766,0,0,0,0,0,0,0,0,0,0,0,0
20722,C3D8,0.325768,0,0,0,0,0,0,0,0,0,0,0,0
20723,C3D8,0.325768,0,0,0,0,0,0,0,0,0,0,0,0
20724,C3D8,0.325768,0,0,0,0,0,0,0,0,0,0,0,0
20725,C3D8,0.325766,0,0,0,0,0,0,0,0,0,0,0,0
20726,C3D8,0.325766,0,0,0,0,0,0,0,0,0,0,0,0
20727,C3D8,0.325766,0,0,0,0,0,0,0,0,0,0,0,0
20728,C3D8,0.325766,0,0,0,0,0,0,0,0,0,0,0,0
20729,C3D8,0.325766,0,0,0,0,0,0,0,0,0,0,0,0
20730,C3D8,0.325766,0,0,0,0,0,0,0,0,0,0,0,0
20731,C3D8,0.325766,0,0,0,0,0,0,0,0,0,0,0,0
20732,C3D8,0.325766,0,0,0,0,0,0,0,0,0,0,0,0
20733,C3D8,0.325766,0,0,0,0,0,0,0,0,0,0,0,0
20734,C3D8,0.325768,0,0,0,0,0,0,0,0,0,0,0,0
20735,C3D8,0.325768,0,0,0,0,0,0,0,0,0,0,0,0
20736,C3D8,0.325768,0,0,0,0,0,0,0,0,0,0,0,0
20737,C3D8,0.325766,0,0,0,0,0,0,0,0,0,0,0,0
20738,C3D8,0.325766,0,0,0,0,0,0,0,0,0,0,0,0
20739,C3D8,0.325766,0,0,0,0,0,0,0,0,0,0,0,0
20740,C3D8,0.325766,0,0,0,0,0,0,0,0,0,0,0,0
20741,C3D8,0.325766,0,0,0,0,0,0,0,0,0,0,0,0
20742,C3D8,0.325766,0,0,0,0,0,0,0,0,0,0,0,0
20743,C3D8,0.325766,0,0,0,0,0,0,0,0,0,0,0,0
20744,C3D8,0.325766,0,0,0,0,0,0,0,0,0,0,0,0
20745,C3D8,0.325766,0,0,0,0,0,0,0,0,0,0,0,0
20746,C3D8,0.325768,0,0,0,0,0,0,0,0,0,0,0,0
20747,C3D8,0.325768,0,0,0,0,0,0,0,0,0,0,0,0
20748,C3D8,0.325768,0,0,0,0,0,0,0,0,0,0,0,0
20749,C3D8,0.325766,0,0,0,0,0,0,0,0,0,0,0,0
20750,C3D8,0.325766,0,0,0,0,0,0,0,0,0,0,0,0
20751,C3D8,0.325766,0,0,0,0,0,0,0,0,0,0,0,0
20752,C3D8,0.325766,0,0,0,0,0,0,0,0,0,0,0,0
20753,C3D8,0.325766,0,0,0,0,0,0,0,0,0,0,0,0
20754,C3D8,0.325766,0,0,0,0,0,0,0,0,0,0,0,0
20755,C3D8,0.325766,0,0,0,0,0,0,0,0,0,0,0,0
20756,C3D8,0.325766,0,0,0,0,0,0,0,0,0,0,0,0
20757,C3D8,0.325766,0,0,0,0,0,0,0,0,0,0,0,0
20758,C3D8,0.325768,0,0,0,0,0,0,0,0,0,0,0,0
20759,C3D8,0.325768,0,0,0,0,0,0,0,0,0,0,0,0
20760,C3D8,0.325768,0,0,0,0,0,0,0,0,0,0,0,0
20761,C3D8,0.325766,0,0,0,0,0,0,0,0,0,0,0,0
20762,C3D8,0.325766,0,0,0,0,0,0,0,0,0,0,0,0
20763,C3D8,0.325766,0,0,0,0,0,0,0,0,0,0,0,0
20764,C3D8,0.325766,0,0,0,0,0,0,0,0,0,0,0,0
20765,C3D8,0.325766,0,0,0,0,0,0,0,0,0,0,0,0
20766,C3D8,0.325766,0,0,0,0,0,0,0,0,0,0,0,0
20767,C3D8,0.325768,0,0,0,0,0,0,0,0,0,0,0,0
20768,C3D8,0.325768,0,0,0,0,0,0,0,0,0,0,0,0
20769,C3D8,0.325768,0,0,0,0,0,0,0,0,0,0,0,0
20770,C3D8,0.325766,0,0,0,0,0,0,0,0,0,0,0,0
20771,C3D8,0.325766,0,0,0,0,0,0,0,0,0,0,0,0
20772,C3D8,0.325766,0,0,0,0,0,0,0,0,0,0,0,0
20773,C3D8,0.325766,0,0,0,0,0,0,0,0,0,0,0,0
20774,C3D8,0.325766,0,0,0,0,0,0,0,0,0,0,0,0
20775,C3D8,0.325766,0,0,0,0,0,0,0,0,0,0,0,0
20776,C3D8,0.325766,0,0,0,0,0,0,0,0,0,0,0,0
20777,C3D8,0.325766,0,0,0,0,0,0,0,0,0,0,0,0
20778,C3D8,0.325766,0,0,0,0,0,0,0,0,0,0,0,0
20779,C3D8,0.325768,0,0,0,0,0,0,0,0,0,0,0,0
20780,C3D8,0.325768,0,0,0,0,0,0,0,0,0,0,0,0
20781,C3D8,0.325768,0,0,0,0,0,0,0,0,0,0,0,0
20782,C3D8,0.325766,0,0,0,0,0,0,0,0,0,0,0,0
20783,C3D8,0.325766,0,0,0,0,0,0,0,0,0,0,0,0
20784,C3D8,0.325766,0,0,0,0,0,0,0,0,0,0,0,0
20785,C3D8,0.325766,0,0,0,0,0,0,0,0,0,0,0,0
20786,C3D8,0.325766,0,0,0,0,0,0,0,0,0,0,0,0
20787,C3D8,0.325766,0,0,0,0,0,0,0,0,0,0,0,0
20788,C3D8,0.325766,0,0,0,0,0,0,0,0,0,0,0,0
20789,C3D8,0.325766,0,0,0,0,0,0,0,0,0,0,0,0
20790,C3D8,0.325766,0,0,0,0,0,0,0,0,0,0,0,0
20791,C3D8,0.325768,0,0,0,0,0,0,0,0,0,0,0,0
20792,C3D8,0.325768,0,0,0,0,0,0,0,0,0,0,0,0
20793,C3D8,0.325768,0,0,0,0,0,0,0,0,0,0,0,0
20794,C3D8,0.325766,0,0,0,0,0,0,0,0,0,0,0,0
20795,C3D8,0.325766,0,0,0,0,0,0,0,0,0,0,0,0
20796,C3D8,0.325766,0,0,0,0,0,0,0,0,0,0,0,0
20797,C3D8,0.325766,0,0,0,0,0,0,0,0,0,0,0,0
20798,C3D8,0.325766,0,0,0,0,0,0,0,0,0,0,0,0
20799,C3D8,0.325766,0,0,0,0,0,0,0,0,0,0,0,0
20800,C3D8,0.325766,0,0,0,0,0,0,0,0,0,0,0,0
20801,C3D8,0.325766,0,0,0,0,0,0,0,0,0,0,0,0
20802,C3D8,0.325766,0,0,0,0,0,0,0,0,0,0,0,0
20803,C3D8,0.325768,0,0,0,0,0,0,0,0,0,0,0,0
20804,C3D8,0.325768,0,0,0,0,0,0,0,0,0,0,0,0
20805,C3D8,0.325768,0,0,0,0,0,0,0,0,0,0,0,0
20806,C3D8,0.325765,0,0,0,0,0,0,0,0,0,0,0,0
20807,C3D8,0.325765,0,0,0,0,0,0,0,0,0,0,0,0
20808,C3D8,0.325765,0,0,0,0,0,0,0,0,0,0,0,0
20809,C3D8,0.325769,0,0,0,0,0,0,0,0,0,0,0,0
20810,C3D8,0.325769,0,0,0,0,0,0,0,0,0,0,0,0
20811,C3D8,0.325769,0,0,0,0,0,0,0,0,0,0,0,0
20812,C3D8,0.325766,0,0,0,0,0,0,0,0,0,0,0,0
20813,C3D8,0.325766,0,0,0,0,0,0,0,0,0,0,0,0
20814,C3D8,0.325766,0,0,0,0,0,0,0,0,0,0,0,0
20815,C3D8,0.325766,0,0,0,0,0,0,0,0,0,0,0,0
20816,C3D8,0.325766,0,0,0,0,0,0,0,0,0,0,0,0
20817,C3D8,0.325766,0,0,0,0,0,0,0,0,0,0,0,0
20818,C3D8,0.325766,0,0,0,0,0,0,0,0,0,0,0,0
20819,C3D8,0.325766,0,0,0,0,0,0,0,0,0,0,0,0
20820,C3D8,0.325766,0,0,0,0,0,0,0,0,0,0,0,0
20821,C3D8,0.325767,0,0,0,0,0,0,0,0,0,0,0,0
20822,C3D8,0.325767,0,0,0,0,0,0,0,0,0,0,0,0
20823,C3D8,0.325767,0,0,0,0,0,0,0,0,0,0,0,0
20824,C3D8,0.325766,0,0,0,0,0,0,0,0,0,0,0,0
20825,C3D8,0.325766,0,0,0,0,0,0,0,0,0,0,0,0
20826,C3D8,0.325766,0,0,0,0,0,0,0,0,0,0,0,0
20827,C3D8,0.325767,0,0,0,0,0,0,0,0,0,0,0,0
20828,C3D8,0.325767,0,0,0,0,0,0,0,0,0,0,0,0
20829,C3D8,0.325767,0,0,0,0,0,0,0,0,0,0,0,0
20830,C3D8,0.325766,0,0,0,0,0,0,0,0,0,0,0,0
20831,C3D8,0.325766,0,0,0,0,0,0,0,0,0,0,0,0
20832,C3D8,0.325766,0,0,0,0,0,0,0,0,0,0,0,0
20833,C3D8,0.325767,0,0,0,0,0,0,0,0,0,0,0,0
20834,C3D8,0.325767,0,0,0,0,0,0,0,0,0,0,0,0
20835,C3D8,0.325767,0,0,0,0,0,0,0,0,0,0,0,0
20836,C3D8,0.325766,0,0,0,0,0,0,0,0,0,0,0,0
20837,C3D8,0.325766,0,0,0,0,0,0,0,0,0,0,0,0
20838,C3D8,0.325766,0,0,0,0,0,0,0,0,0,0,0,0
20839,C3D8,0.325767,0,0,0,0,0,0,0,0,0,0,0,0
20840,C3D8,0.325767,0,0,0,0,0,0,0,0,0,0,0,0
20841,C3D8,0.325767,0,0,0,0,0,0,0,0,0,0,0,0
20842,C3D8,0.325766,0,0,0,0,0,0,0,0,0,0,0,0
20843,C3D8,0.325766,0,0,0,0,0,0,0,0,0,0,0,0
20844,C3D8,0.325766,0,0,0,0,0,0,0,0,0,0,0,0
20845,C3D8,0.325767,0,0,0,0,0,0,0,0,0,0,0,0
20846,C3D8,0.325767,0,0,0,0,0,0,0,0,0,0,0,0
20847,C3D8,0.325767,0,0,0,0,0,0,0,0,0,0,0,0
20848,C3D8,0.325766,0,0,0,0,0,0,0,0,0,0,0,0
20849,C3D8,0.325766,0,0,0,0,0,0,0,0,0,0,0,0
20850,C3D8,0.325766,0,0,0,0,0,0,0,0,0,0,0,0
20851,C3D8,0.325767,0,0,0,0,0,0,0,0,0,0,0,0
20852,C3D8,0.325767,0,0,0,0,0,0,0,0,0,0,0,0
20853,C3D8,0.325767,0,0,0,0,0,0,0,0,0,0,0,0
20854,C3D8,0.325766,0,0,0,0,0,0,0,0,0,0,0,0
20855,C3D8,0.325766,0,0,0,0,0,0,0,0,0,0,0,0
20856,C3D8,0.325766,0,0,0,0,0,0,0,0,0,0,0,0
20857,C3D8,0.325767,0,0,0,0,0,0,0,0,0,0,0,0
20858,C3D8,0.325767,0,0,0,0,0,0,0,0,0,0,0,0
20859,C3D8,0.325767,0,0,0,0,0,0,0,0,0,0,0,0
20860,C3D8,0.325766,0,0,0,0,0,0,0,0,0,0,0,0
20861,C3D8,0.325766,0,0,0,0,0,0,0,0,0,0,0,0
20862,C3D8,0.325766,0,0,0,0,0,0,0,0,0,0,0,0
20863,C3D8,0.325767,0,0,0,0,0,0,0,0,0,0,0,0
20864,C3D8,0.325767,0,0,0,0,0,0,0,0,0,0,0,0
20865,C3D8,0.325767,0,0,0,0,0,0,0,0,0,0,0,0
20866,C3D8,0.325766,0,0,0,0,0,0,0,0,0,0,0,0
20867,C3D8,0.325766,0,0,0,0,0,0,0,0,0,0,0,0
20868,C3D8,0.325766,0,0,0,0,0,0,0,0,0,0,0,0
20869,C3D8,0.325766,0,0,0,0,0,0,0,0,0,0,0,0
20870,C3D8,0.325766,0,0,0,0,0,0,0,0,0,0,0,0
20871,C3D8,0.325766,0,0,0,0,0,0,0,0,0,0,0,0
20872,C3D8,0.325768,0,0,0,0,0,0,0,0,0,0,0,0
20873,C3D8,0.325768,0,0,0,0,0,0,0,0,0,0,0,0
20874,C3D8,0.325768,0,0,0,0,0,0,0,0,0,0,0,0
20875,C3D8,0.325766,0,0,0,0,0,0,0,0,0,0,0,0
20876,C3D8,0.325766,0,0,0,0,0,0,0,0,0,0,0,0
20877,C3D8,0.325766,0,0,0,0,0,0,0,0,0,0,0,0
20878,C3D8,0.325766,0,0,0,0,0,0,0,0,0,0,0,0
20879,C3D8,0.325766,0,0,0,0,0,0,0,0,0,0,0,0
20880,C3D8,0.325766,0,0,0,0,0,0,0,0,0,0,0,0
20881,C3D8,0.325768,0,0,0,0,0,0,0,0,0,0,0,0
20882,C3D8,0.325768,0,0,0,0,0,0,0,0,0,0,0,0
20883,C3D8,0.325768,0,0,0,0,0,0,0,0,0,0,0,0
20884,C3D8,0.325766,0,0,0,0,0,0,0,0,0,0,0,0
20885,C3D8,0.325766,0,0,0,0,0,0,0,0,0,0,0,0
20886,C3D8,0.325766,0,0,0,0,0,0,0,0,0,0,0,0
20887,C3D8,0.325766,0,0,0,0,0,0,0,0,0,0,0,0
20888,C3D8,0.325766,0,0,0,0,0,0,0,0,0,0,0,0
20889,C3D8,0.325766,0,0,0,0,0,0,0,0,0,0,0,0
20890,C3D8,0.325766,0,0,0,0,0,0,0,0,0,0,0,0
20891,C3D8,0.325766,0,0,0,0,0,0,0,0,0,0,0,0
20892,C3D8,0.325766,0,0,0,0,0,0,0,0,0,0,0,0
20893,C3D8,0.325768,0,0,0,0,0,0,0,0,0,0,0,0
20894,C3D8,0.325768,0,0,0,0,0,0,0,0,0,0,0,0
20895,C3D8,0.325768,0,0,0,0,0,0,0,0,0,0,0,0
20896,C3D8,0.325766,0,0,0,0,0,0,0,0,0,0,0,0
20897,C3D8,0.325766,0,0,0,0,0,0,0,0,0,0,0,0
20898,C3D8,0.325766,0,0,0,0,0,0,0,0,0,0,0,0
20899,C3D8,0.325766,0,0,0,0,0,0,0,0,0,0,0,0
20900,C3D8,0.325766,0,0,0,0,0,0,0,0,0,0,0,0
20901,C3D8,0.325766,0,0,0,0,0,0,0,0,0,0,0,0
20902,C3D8,0.325766,0,0,0,0,0,0,0,0,0,0,0,0
20903,C3D8,0.325766,0,0,0,0,0,0,0,0,0,0,0,0
20904,C3D8,0.325766,0,0,0,0,0,0,0,0,0,0,0,0
20905,C3D8,0.325768,0,0,0,0,0,0,0,0,0,0,0,0
20906,C3D8,0.325768,0,0,0,0,0,0,0,0,0,0,0,0
20907,C3D8,0.325768,0,0,0,0,0,0,0,0,0,0,0,0
20908,C3D8,0.325766,0,0,0,0,0,0,0,0,0,0,0,0
20909,C3D8,0.325766,0,0,0,0,0,0,0,0,0,0,0,0
20910,C3D8,0.325766,0,0,0,0,0,0,0,0,0,0,0,0
20911,C3D8,0.325766,0,0,0,0,0,0,0,0,0,0,0,0
20912,C3D8,0.325766,0,0,0,0,0,0,0,0,0,0,0,0
20913,C3D8,0.325766,0,0,0,0,0,0,0,0,0,0,0,0
20914,C3D8,0.325766,0,0,0,0,0,0,0,0,0,0,0,0
20915,C3D8,0.325766,0,0,0,0,0,0,0,0,0,0,0,0
20916,C3D8,0.325766,0,0,0,0,0,0,0,0,0,0,0,0
20917,C3D8,0.325768,0,0,0,0,0,0,0,0,0,0,0,0
20918,C3D8,0.325768,0,0,0,0,0,0,0,0,0,0,0,0
20919,C3D8,0.325768,0,0,0,0,0,0,0,0,0,0,0,0
20920,C3D8,0.325766,0,0,0,0,0,0,0,0,0,0,0,0
20921,C3D8,0.325766,0,0,0,0,0,0,0,0,0,0,0,0
20922,C3D8,0.325766,0,0,0,0,0,0,0,0,0,0,0,0
20923,C3D8,0.325766,0,0,0,0,0,0,0,0,0,0,0,0
20924,C3D8,0.325766,0,0,0,0,0,0,0,0,0,0,0,0
20925,C3D8,0.325766,0,0,0,0,0,0,0,0,0,0,0,0
20926,C3D8,0.325768,0,0,0,0,0,0,0,0,0,0,0,0
20927,C3D8,0.325768,0,0,0,0,0,0,0,0,0,0,0,0
20928,C3D8,0.325768,0,0,0,0,0,0,0,0,0,0,0,0
20929,C3D8,0.325766,0,0,0,0,0,0,0,0,0,0,0,0
20930,C3D8,0.325766,0,0,0,0,0,0,0,0,0,0,0,0
20931,C3D8,0.325766,0,0,0,0,0,0,0,0,0,0,0,0
20932,C3D8,0.325766,0,0,0,0,0,0,0,0,0,0,0,0
20933,C3D8,0.325766,0,0,0,0,0,0,0,0,0,0,0,0
20934,C3D8,0.325766,0,0,0,0,0,0,0,0,0,0,0,0
20935,C3D8,0.325766,0,0,0,0,0,0,0,0,0,0,0,0
20936,C3D8,0.325766,0,0,0,0,0,0,0,0,0,0,0,0
20937,C3D8,0.325766,0,0,0,0,0,0,0,0,0,0,0,0
20938,C3D8,0.325768,0,0,0,0,0,0,0,0,0,0,0,0
20939,C3D8,0.325768,0,0,0,0,0,0,0,0,0,0,0,0
20940,C3D8,0.325768,0,0,0,0,0,0,0,0,0,0,0,0
20941,C3D8,0.325766,0,0,0,0,0,0,0,0,0,0,0,0
20942,C3D8,0.325766,0,0,0,0,0,0,0,0,0,0,0,0
20943,C3D8,0.325766,0,0,0,0,0,0,0,0,0,0,0,0
20944,C3D8,0.325766,0,0,0,0,0,0,0,0,0,0,0,0
20945,C3D8,0.325766,0,0,0,0,0,0,0,0,0,0,0,0
20946,C3D8,0.325766,0,0,0,0,0,0,0,0,0,0,0,0
20947,C3D8,0.325766,0,0,0,0,0,0,0,0,0,0,0,0
20948,C3D8,0.325766,0,0,0,0,0,0,0,0,0,0,0,0
20949,C3D8,0.325766,0,0,0,0,0,0,0,0,0,0,0,0
20950,C3D8,0.325768,0,0,0,0,0,0,0,0,0,0,0,0
20951,C3D8,0.325768,0,0,0,0,0,0,0,0,0,0,0,0
20952,C3D8,0.325768,0,0,0,0,0,0,0,0,0,0,0,0
20953,C3D8,0.325766,0,0,0,0,0,0,0,0,0,0,0,0
20954,C3D8,0.325766,0,0,0,0,0,0,0,0,0,0,0,0
20955,C3D8,0.325766,0,0,0,0,0,0,0,0,0,0,0,0
20956,C3D8,0.325766,0,0,0,0,0,0,0,0,0,0,0,0
20957,C3D8,0.325766,0,0,0,0,0,0,0,0,0,0,0,0
20958,C3D8,0.325766,0,0,0,0,0,0,0,0,0,0,0,0
20959,C3D8,0.325766,0,0,0,0,0,0,0,0,0,0,0,0
20960,C3D8,0.325766,0,0,0,0,0,0,0,0,0,0,0,0
20961,C3D8,0.325766,0,0,0,0,0,0,0,0,0,0,0,0
20962,C3D8,0.325768,0,0,0,0,0,0,0,0,0,0,0,0
20963,C3D8,0.325768,0,0,0,0,0,0,0,0,0,0,0,0
20964,C3D8,0.325768,0,0,0,0,0,0,0,0,0,0,0,0
20965,C3D8,0.325765,0,0,0,0,0,0,0,0,0,0,0,0
20966,C3D8,0.325765,0,0,0,0,0,0,0,0,0,0,0,0
20967,C3D8,0.325765,0,0,0,0,0,0,0,0,0,0,0,0
20968,C3D8,0.325769,0,0,0,0,0,0,0,0,0,0,0,0
20969,C3D8,0.325769,0,0,0,0,0,0,0,0,0,0,0,0
20970,C3D8,0.325769,0,0,0,0,0,0,0,0,0,0,0,0
20971,C3D8,0.325766,0,0,0,0,0,0,0,0,0,0,0,0
20972,C3D8,0.325766,0,0,0,0,0,0,0,0,0,0,0,0
20973,C3D8,0.325766,0,0,0,0,0,0,0,0,0,0,0,0
20974,C3D8,0.325766,0,0,0,0,0,0,0,0,0,0,0,0
20975,C3D8,0.325766,0,0,0,0,0,0,0,0,0,0,0,0
20976,C3D8,0.325766,0,0,0,0,0,0,0,0,0,0,0,0
20977,C3D8,0.325766,0,0,0,0,0,0,0,0,0,0,0,0
20978,C3D8,0.325766,0,0,0,0,0,0,0,0,0,0,0,0
20979,C3D8,0.325766,0,0,0,0,0,0,0,0,0,0,0,0
20980,C3D8,0.325766,0,0,0,0,0,0,0,0,0,0,0,0
20981,C3D8,0.325766,0,0,0,0,0,0,0,0,0,0,0,0
20982,C3D8,0.325766,0,0,0,0,0,0,0,0,0,0,0,0
20983,C3D8,0.325766,0,0,0,0,0,0,0,0,0,0,0,0
20984,C3D8,0.325766,0,0,0,0,0,0,0,0,0,0,0,0
20985,C3D8,0.325766,0,0,0,0,0,0,0,0,0,0,0,0
20986,C3D8,0.325766,0,0,0,0,0,0,0,0,0,0,0,0
20987,C3D8,0.325766,0,0,0,0,0,0,0,0,0,0,0,0
20988,C3D8,0.325766,0,0,0,0,0,0,0,0,0,0,0,0
20989,C3D8,0.325766,0,0,0,0,0,0,0,0,0,0,0,0
20990,C3D8,0.325766,0,0,0,0,0,0,0,0,0,0,0,0
20991,C3D8,0.325766,0,0,0,0,0,0,0,0,0,0,0,0
20992,C3D8,0.325766,0,0,0,0,0,0,0,0,0,0,0,0
20993,C3D8,0.325766,0,0,0,0,0,0,0,0,0,0,0,0
20994,C3D8,0.325766,0,0,0,0,0,0,0,0,0,0,0,0
20995,C3D8,0.325766,0,0,0,0,0,0,0,0,0,0,0,0
20996,C3D8,0.325766,0,0,0,0,0,0,0,0,0,0,0,0
20997,C3D8,0.325766,0,0,0,0,0,0,0,0,0,0,0,0
20998,C3D8,0.325766,0,0,0,0,0,0,0,0,0,0,0,0
20999,C3D8,0.325766,0,0,0,0,0,0,0,0,0,0,0,0
21000,C3D8,0.325766,0,0,0,0,0,0,0,0,0,0,0,0
21001,C3D8,0.325766,0,0,0,0,0,0,0,0,0,0,0,0
21002,C3D8,0.325766,0,0,0,0,0,0,0,0,0,0,0,0
21003,C3D8,0.325766,0,0,0,0,0,0,0,0,0,0,0,0
21004,C3D8,0.325766,0,0,0,0,0,0,0,0,0,0,0,0
21005,C3D8,0.325766,0,0,0,0,0,0,0,0,0,0,0,0
21006,C3D8,0.325766,0,0,0,0,0,0,0,0,0,0,0,0
21007,C3D8,0.325766,0,0,0,0,0,0,0,0,0,0,0,0
21008,C3D8,0.325766,0,0,0,0,0,0,0,0,0,0,0,0
21009,C3D8,0.325766,0,0,0,0,0,0,0,0,0,0,0,0
21010,C3D8,0.325766,0,0,0,0,0,0,0,0,0,0,0,0
21011,C3D8,0.325766,0,0,0,0,0,0,0,0,0,0,0,0
21012,C3D8,0.325766,0,0,0,0,0,0,0,0,0,0,0,0
21013,C3D8,0.325766,0,0,0,0,0,0,0,0,0,0,0,0
21014,C3D8,0.325766,0,0,0,0,0,0,0,0,0,0,0,0
21015,C3D8,0.325766,0,0,0,0,0,0,0,0,0,0,0,0
21016,C3D8,0.325766,0,0,0,0,0,0,0,0,0,0,0,0
21017,C3D8,0.325766,0,0,0,0,0,0,0,0,0,0,0,0
21018,C3D8,0.325766,0,0,0,0,0,0,0,0,0,0,0,0
21019,C3D8,0.325766,0,0,0,0,0,0,0,0,0,0,0,0
21020,C3D8,0.325766,0,0,0,0,0,0,0,0,0,0,0,0
21021,C3D8,0.325766,0,0,0,0,0,0,0,0,0,0,0,0
21022,C3D8,0.325766,0,0,0,0,0,0,0,0,0,0,0,0
21023,C3D8,0.325766,0,0,0,0,0,0,0,0,0,0,0,0
21024,C3D8,0.325766,0,0,0,0,0,0,0,0,0,0,0,0
21025,C3D8,0.325766,0,0,0,0,0,0,0,0,0,0,0,0
21026,C3D8,0.325766,0,0,0,0,0,0,0,0,0,0,0,0
21027,C3D8,0.325766,0,0,0,0,0,0,0,0,0,0,0,0
21028,C3D8,0.325766,0,0,0,0,0,0,0,0,0,0,0,0
21029,C3D8,0.325766,0,0,0,0,0,0,0,0,0,0,0,0
21030,C3D8,0.325766,0,0,0,0,0,0,0,0,0,0,0,0
21031,C3D8,0.325767,0,0,0,0,0,0,0,0,0,0,0,0
21032,C3D8,0.325767,0,0,0,0,0,0,0,0,0,0,0,0
21033,C3D8,0.325767,0,0,0,0,0,0,0,0,0,0,0,0
21034,C3D8,0.325766,0,0,0,0,0,0,0,0,0,0,0,0
21035,C3D8,0.325766,0,0,0,0,0,0,0,0,0,0,0,0
21036,C3D8,0.325766,0,0,0,0,0,0,0,0,0,0,0,0
21037,C3D8,0.325766,0,0,0,0,0,0,0,0,0,0,0,0
21038,C3D8,0.325766,0,0,0,0,0,0,0,0,0,0,0,0
21039,C3D8,0.325766,0,0,0,0,0,0,0,0,0,0,0,0
21040,C3D8,0.325767,0,0,0,0,0,0,0,0,0,0,0,0
21041,C3D8,0.325767,0,0,0,0,0,0,0,0,0,0,0,0
21042,C3D8,0.325767,0,0,0,0,0,0,0,0,0,0,0,0
21043,C3D8,0.325766,0,0,0,0,0,0,0,0,0,0,0,0
21044,C3D8,0.325766,0,0,0,0,0,0,0,0,0,0,0,0
21045,C3D8,0.325766,0,0,0,0,0,0,0,0,0,0,0,0
21046,C3D8,0.325766,0,0,0,0,0,0,0,0,0,0,0,0
21047,C3D8,0.325766,0,0,0,0,0,0,0,0,0,0,0,0
21048,C3D8,0.325766,0,0,0,0,0,0,0,0,0,0,0,0
21049,C3D8,0.325766,0,0,0,0,0,0,0,0,0,0,0,0
21050,C3D8,0.325766,0,0,0,0,0,0,0,0,0,0,0,0
21051,C3D8,0.325766,0,0,0,0,0,0,0,0,0,0,0,0
21052,C3D8,0.325767,0,0,0,0,0,0,0,0,0,0,0,0
21053,C3D8,0.325767,0,0,0,0,0,0,0,0,0,0,0,0
21054,C3D8,0.325767,0,0,0,0,0,0,0,0,0,0,0,0
21055,C3D8,0.325766,0,0,0,0,0,0,0,0,0,0,0,0
21056,C3D8,0.325766,0,0,0,0,0,0,0,0,0,0,0,0
21057,C3D8,0.325766,0,0,0,0,0,0,0,0,0,0,0,0
21058,C3D8,0.325766,0,0,0,0,0,0,0,0,0,0,0,0
21059,C3D8,0.325766,0,0,0,0,0,0,0,0,0,0,0,0
21060,C3D8,0.325766,0,0,0,0,0,0,0,0,0,0,0,0
21061,C3D8,0.325766,0,0,0,0,0,0,0,0,0,0,0,0
21062,C3D8,0.325766,0,0,0,0,0,0,0,0,0,0,0,0
21063,C3D8,0.325766,0,0,0,0,0,0,0,0,0,0,0,0
21064,C3D8,0.325767,0,0,0,0,0,0,0,0,0,0,0,0
21065,C3D8,0.325767,0,0,0,0,0,0,0,0,0,0,0,0
21066,C3D8,0.325767,0,0,0,0,0,0,0,0,0,0,0,0
21067,C3D8,0.325766,0,0,0,0,0,0,0,0,0,0,0,0
21068,C3D8,0.325766,0,0,0,0,0,0,0,0,0,0,0,0
21069,C3D8,0.325766,0,0,0,0,0,0,0,0,0,0,0,0
21070,C3D8,0.325766,0,0,0,0,0,0,0,0,0,0,0,0
21071,C3D8,0.325766,0,0,0,0,0,0,0,0,0,0,0,0
21072,C3D8,0.325766,0,0,0,0,0,0,0,0,0,0,0,0
21073,C3D8,0.325766,0,0,0,0,0,0,0,0,0,0,0,0
21074,C3D8,0.325766,0,0,0,0,0,0,0,0,0,0,0,0
21075,C3D8,0.325766,0,0,0,0,0,0,0,0,0,0,0,0
21076,C3D8,0.325767,0,0,0,0,0,0,0,0,0,0,0,0
21077,C3D8,0.325767,0,0,0,0,0,0,0,0,0,0,0,0
21078,C3D8,0.325767,0,0,0,0,0,0,0,0,0,0,0,0
21079,C3D8,0.325766,0,0,0,0,0,0,0,0,0,0,0,0
21080,C3D8,0.325766,0,0,0,0,0,0,0,0,0,0,0,0
21081,C3D8,0.325766,0,0,0,0,0,0,0,0,0,0,0,0
21082,C3D8,0.325766,0,0,0,0,0,0,0,0,0,0,0,0
21083,C3D8,0.325766,0,0,0,0,0,0,0,0,0,0,0,0
21084,C3D8,0.325766,0,0,0,0,0,0,0,0,0,0,0,0
21085,C3D8,0.325767,0,0,0,0,0,0,0,0,0,0,0,0
21086,C3D8,0.325767,0,0,0,0,0,0,0,0,0,0,0,0
21087,C3D8,0.325767,0,0,0,0,0,0,0,0,0,0,0,0
21088,C3D8,0.325766,0,0,0,0,0,0,0,0,0,0,0,0
21089,C3D8,0.325766,0,0,0,0,0,0,0,0,0,0,0,0
21090,C3D8,0.325766,0,0,0,0,0,0,0,0,0,0,0,0
21091,C3D8,0.325766,0,0,0,0,0,0,0,0,0,0,0,0
21092,C3D8,0.325766,0,0,0,0,0,0,0,0,0,0,0,0
21093,C3D8,0.325766,0,0,0,0,0,0,0,0,0,0,0,0
21094,C3D8,0.325766,0,0,0,0,0,0,0,0,0,0,0,0
21095,C3D8,0.325766,0,0,0,0,0,0,0,0,0,0,0,0
21096,C3D8,0.325766,0,0,0,0,0,0,0,0,0,0,0,0
21097,C3D8,0.325767,0,0,0,0,0,0,0,0,0,0,0,0
21098,C3D8,0.325767,0,0,0,0,0,0,0,0,0,0,0,0
21099,C3D8,0.325767,0,0,0,0,0,0,0,0,0,0,0,0
21100,C3D8,0.325766,0,0,0,0,0,0,0,0,0,0,0,0
21101,C3D8,0.325766,0,0,0,0,0,0,0,0,0,0,0,0
21102,C3D8,0.325766,0,0,0,0,0,0,0,0,0,0,0,0
21103,C3D8,0.325766,0,0,0,0,0,0,0,0,0,0,0,0
21104,C3D8,0.325766,0,0,0,0,0,0,0,0,0,0,0,0
21105,C3D8,0.325766,0,0,0,0,0,0,0,0,0,0,0,0
21106,C3D8,0.325766,0,0,0,0,0,0,0,0,0,0,0,0
21107,C3D8,0.325766,0,0,0,0,0,0,0,0,0,0,0,0
21108,C3D8,0.325766,0,0,0,0,0,0,0,0,0,0,0,0
21109,C3D8,0.325767,0,0,0,0,0,0,0,0,0,0,0,0
21110,C3D8,0.325767,0,0,0,0,0,0,0,0,0,0,0,0
21111,C3D8,0.325767,0,0,0,0,0,0,0,0,0,0,0,0
21112,C3D8,0.325766,0,0,0,0,0,0,0,0,0,0,0,0
21113,C3D8,0.325766,0,0,0,0,0,0,0,0,0,0,0,0
21114,C3D8,0.325766,0,0,0,0,0,0,0,0,0,0,0,0
21115,C3D8,0.325766,0,0,0,0,0,0,0,0,0,0,0,0
21116,C3D8,0.325766,0,0,0,0,0,0,0,0,0,0,0,0
21117,C3D8,0.325766,0,0,0,0,0,0,0,0,0,0,0,0
21118,C3D8,0.325766,0,0,0,0,0,0,0,0,0,0,0,0
21119,C3D8,0.325766,0,0,0,0,0,0,0,0,0,0,0,0
21120,C3D8,0.325766,0,0,0,0,0,0,0,0,0,0,0,0
21121,C3D8,0.325767,0,0,0,0,0,0,0,0,0,0,0,0
21122,C3D8,0.325767,0,0,0,0,0,0,0,0,0,0,0,0
21123,C3D8,0.325767,0,0,0,0,0,0,0,0,0,0,0,0
21124,C3D8,0.325764,0,0,0,0,0,0,0,0,0,0,0,0
21125,C3D8,0.325764,0,0,0,0,0,0,0,0,0,0,0,0
21126,C3D8,0.325764,0,0,0,0,0,0,0,0,0,0,0,0
21127,C3D8,0.325768,0,0,0,0,0,0,0,0,0,0,0,0
21128,C3D8,0.325768,0,0,0,0,0,0,0,0,0,0,0,0
21129,C3D8,0.325768,0,0,0,0,0,0,0,0,0,0,0,0
21130,C3D8,0.325766,0,0,0,0,0,0,0,0,0,0,0,0
21131,C3D8,0.325766,0,0,0,0,0,0,0,0,0,0,0,0
21132,C3D8,0.325766,0,0,0,0,0,0,0,0,0,0,0,0
21133,C3D8,0.325766,0,0,0,0,0,0,0,0,0,0,0,0
21134,C3D8,0.325766,0,0,0,0,0,0,0,0,0,0,0,0
21135,C3D8,0.325766,0,0,0,0,0,0,0,0,0,0,0,0
21136,C3D8,0.325766,0,0,0,0,0,0,0,0,0,0,0,0
21137,C3D8,0.325766,0,0,0,0,0,0,0,0,0,0,0,0
21138,C3D8,0.325766,0,0,0,0,0,0,0,0,0,0,0,0
