NodeID,X,Y,Z,Ux,Uy,Uz
1,-15.875,0.45,0,0,0,0
2,-69,0.45,0,0,0,0
3,-69,19.05,0,0,0,0
4,-15.875,19.05,0,0,0,0
5,-69,0.45,1,0,0,0
6,-69,19.05,1,0,0,0
7,-15.875,19.05,1,0,0,0
8,-15.875,0.45,1,0,0,0
9,15.875,0.45,1,0,0,0
10,69,0.45,1,0,0,0
11,69,19.05,1,0,0,0
12,15.875,19.05,1,0,0,0
13,69,0.45,0,0,0,0
14,69,19.05,0,0,0,0
15,15.875,19.05,0,0,0,0
16,15.875,0.45,0,0,0,0
17,2.24506,-16.8049,0,0,0,0
18,2.24506,-16.8049,1,0,0,0
19,0,-15.875,1,0,0,0
20,0,-15.875,0,0,0,0
21,0,0.45,1,0,0,0
22,0,0.45,0,0,0,0
23,0,-12.7,0,0,0,0
24,4.21984,-14.305,0,0,0,0
25,0,-9.525,0,0,0,0
26,6.19012,-11.8107,0,0,0,0
27,0,-6.35,0,0,0,0
28,8.15928,-9.31778,0,0,0,0
29,0,-12.7,1,0,0,0
30,4.21984,-14.305,1,0,0,0
31,6.19012,-11.8107,1,0,0,0
32,0,-9.525,1,0,0,0
33,8.15928,-9.31778,1,0,0,0
34,0,-6.35,1,0,0,0
35,-8.15928,-9.31778,1,0,0,0
36,-6.19012,-11.8107,1,0,0,0
37,-4.21984,-14.305,1,0,0,0
38,-2.24506,-16.8049,1,0,0,0
39,-8.15928,-9.31778,0,0,0,0
40,-6.19012,-11.8107,0,0,0,0
41,-4.21984,-14.305,0,0,0,0
42,-2.24506,-16.8049,0,0,0,0
43,3.175,-19.05,1,0,0,0
44,3.175,-19.05,0,0,0,0
45,6.35,-19.05,0,0,0,0
46,6.35,-19.05,1,0,0,0
47,9.525,-19.05,0,0,0,0
48,12.7,-19.05,0,0,0,0
49,15.875,-19.05,0,0,0,0
50,9.525,-19.05,1,0,0,0
51,12.7,-19.05,1,0,0,0
52,15.875,-19.05,1,0,0,0
53,0,19.05,0,0,0,0
54,0,19.05,1,0,0,0
55,69,-19.05,1,0,0,0
56,69,-19.05,0,0,0,0
57,-15.875,-19.05,1,0,0,0
58,-12.7,-19.05,1,0,0,0
59,-9.525,-19.05,1,0,0,0
60,-6.35,-19.05,1,0,0,0
61,-3.175,-19.05,1,0,0,0
62,-15.875,-19.05,0,0,0,0
63,-12.7,-19.05,0,0,0,0
64,-9.525,-19.05,0,0,0,0
65,-6.35,-19.05,0,0,0,0
66,-3.175,-19.05,0,0,0,0
67,-69,-19.05,0,0,0,0
68,-69,-19.05,1,0,0,0
69,-16.8774,0.45,0,0,0,0
70,-17.8797,0.45,0,0,0,0
71,-18.8821,0.45,0,0,0,0
72,-19.8844,0.45,0,0,0,0
73,-20.8868,0.45,0,0,0,0
74,-21.8892,0.45,0,0,0,0
75,-22.8915,0.45,0,0,0,0
76,-23.8939,0.45,0,0,0,0
77,-24.8962,0.45,0,0,0,0
78,-25.8986,0.45,0,0,0,0
79,-26.9009,0.45,0,0,0,0
80,-27.9033,0.45,0,0,0,0
81,-28.9057,0.45,0,0,0,0
82,-29.908,0.45,0,0,0,0
83,-30.9104,0.45,0,0,0,0
84,-31.9127,0.45,0,0,0,0
85,-32.9151,0.45,0,0,0,0
86,-33.9175,0.45,0,0,0,0
87,-34.9198,0.45,0,0,0,0
88,-35.9222,0.45,0,0,0,0
89,-36.9245,0.45,0,0,0,0
90,-37.9269,0.45,0,0,0,0
91,-38.9292,0.45,0,0,0,0
92,-39.9316,0.45,0,0,0,0
93,-40.934,0.45,0,0,0,0
94,-41.9363,0.45,0,0,0,0
95,-42.9387,0.45,0,0,0,0
96,-43.941,0.45,0,0,0,0
97,-44.9434,0.45,0,0,0,0
98,-45.9458,0.45,0,0,0,0
99,-46.9481,0.45,0,0,0,0
100,-47.9505,0.45,0,0,0,0
101,-48.9528,0.45,0,0,0,0
102,-49.9552,0.45,0,0,0,0
103,-50.9575,0.45,0,0,0,0
104,-51.9599,0.45,0,0,0,0
105,-52.9623,0.45,0,0,0,0
106,-53.9646,0.45,0,0,0,0
107,-54.967,0.45,0,0,0,0
108,-55.9693,0.45,0,0,0,0
109,-56.9717,0.45,0,0,0,0
110,-57.9741,0.45,0,0,0,0
111,-58.9764,0.45,0,0,0,0
112,-59.9788,0.45,0,0,0,0
113,-60.9811,0.45,0,0,0,0
114,-61.9835,0.45,0,0,0,0
115,-62.9858,0.45,0,0,0,0
116,-63.9882,0.45,0,0,0,0
117,-64.9906,0.45,0,0,0,0
118,-65.9929,0.45,0,0,0,0
119,-66.9953,0.45,0,0,0,0
120,-67.9976,0.45,0,0,0,0
121,-69,1.42895,0,0,0,0
122,-69,2.40789,0,0,0,0
123,-69,3.38684,0,0,0,0
124,-69,4.36579,0,0,0,0
125,-69,5.34474,0,0,0,0
126,-69,6.32368,0,0,0,0
127,-69,7.30263,0,0,0,0
128,-69,8.28158,0,0,0,0
129,-69,9.26053,0,0,0,0
130,-69,10.2395,0,0,0,0
131,-69,11.2184,0,0,0,0
132,-69,12.1974,0,0,0,0
133,-69,13.1763,0,0,0,0
134,-69,14.1553,0,0,0,0
135,-69,15.1342,0,0,0,0
136,-69,16.1132,0,0,0,0
137,-69,17.0921,0,0,0,0
138,-69,18.0711,0,0,0,0
139,-67.9976,19.05,0,0,0,0
140,-66.9953,19.05,0,0,0,0
141,-65.9929,19.05,0,0,0,0
142,-64.9906,19.05,0,0,0,0
143,-63.9882,19.05,0,0,0,0
144,-62.9858,19.05,0,0,0,0
145,-61.9835,19.05,0,0,0,0
146,-60.9811,19.05,0,0,0,0
147,-59.9788,19.05,0,0,0,0
148,-58.9764,19.05,0,0,0,0
149,-57.9741,19.05,0,0,0,0
150,-56.9717,19.05,0,0,0,0
151,-55.9693,19.05,0,0,0,0
152,-54.967,19.05,0,0,0,0
153,-53.9646,19.05,0,0,0,0
154,-52.9623,19.05,0,0,0,0
155,-51.9599,19.05,0,0,0,0
156,-50.9575,19.05,0,0,0,0
157,-49.9552,19.05,0,0,0,0
158,-48.9528,19.05,0,0,0,0
159,-47.9505,19.05,0,0,0,0
160,-46.9481,19.05,0,0,0,0
161,-45.9458,19.05,0,0,0,0
162,-44.9434,19.05,0,0,0,0
163,-43.941,19.05,0,0,0,0
164,-42.9387,19.05,0,0,0,0
165,-41.9363,19.05,0,0,0,0
166,-40.934,19.05,0,0,0,0
167,-39.9316,19.05,0,0,0,0
168,-38.9292,19.05,0,0,0,0
169,-37.9269,19.05,0,0,0,0
170,-36.9245,19.05,0,0,0,0
171,-35.9222,19.05,0,0,0,0
172,-34.9198,19.05,0,0,0,0
173,-33.9175,19.05,0,0,0,0
174,-32.9151,19.05,0,0,0,0
175,-31.9127,19.05,0,0,0,0
176,-30.9104,19.05,0,0,0,0
177,-29.908,19.05,0,0,0,0
178,-28.9057,19.05,0,0,0,0
179,-27.9033,19.05,0,0,0,0
180,-26.9009,19.05,0,0,0,0
181,-25.8986,19.05,0,0,0,0
182,-24.8962,19.05,0,0,0,0
183,-23.8939,19.05,0,0,0,0
184,-22.8915,19.05,0,0,0,0
185,-21.8892,19.05,0,0,0,0
186,-20.8868,19.05,0,0,0,0
187,-19.8844,19.05,0,0,0,0
188,-18.8821,19.05,0,0,0,0
189,-17.8797,19.05,0,0,0,0
190,-16.8774,19.05,0,0,0,0
191,-15.875,18.0711,0,0,0,0
192,-15.875,17.0921,0,0,0,0
193,-15.875,16.1132,0,0,0,0
194,-15.875,15.1342,0,0,0,0
195,-15.875,14.1553,0,0,0,0
196,-15.875,13.1763,0,0,0,0
197,-15.875,12.1974,0,0,0,0
198,-15.875,11.2184,0,0,0,0
199,-15.875,10.2395,0,0,0,0
200,-15.875,9.26053,0,0,0,0
201,-15.875,8.28158,0,0,0,0
202,-15.875,7.30263,0,0,0,0
203,-15.875,6.32368,0,0,0,0
204,-15.875,5.34474,0,0,0,0
205,-15.875,4.36579,0,0,0,0
206,-15.875,3.38684,0,0,0,0
207,-15.875,2.40789,0,0,0,0
208,-15.875,1.42895,0,0,0,0
209,-67.9976,0.45,1,0,0,0
210,-66.9953,0.45,1,0,0,0
211,-65.9929,0.45,1,0,0,0
212,-64.9906,0.45,1,0,0,0
213,-63.9882,0.45,1,0,0,0
214,-62.9858,0.45,1,0,0,0
215,-61.9835,0.45,1,0,0,0
216,-60.9811,0.45,1,0,0,0
217,-59.9788,0.45,1,0,0,0
218,-58.9764,0.45,1,0,0,0
219,-57.9741,0.45,1,0,0,0
220,-56.9717,0.45,1,0,0,0
221,-55.9693,0.45,1,0,0,0
222,-54.967,0.45,1,0,0,0
223,-53.9646,0.45,1,0,0,0
224,-52.9623,0.45,1,0,0,0
225,-51.9599,0.45,1,0,0,0
226,-50.9575,0.45,1,0,0,0
227,-49.9552,0.45,1,0,0,0
228,-48.9528,0.45,1,0,0,0
229,-47.9505,0.45,1,0,0,0
230,-46.9481,0.45,1,0,0,0
231,-45.9458,0.45,1,0,0,0
232,-44.9434,0.45,1,0,0,0
233,-43.941,0.45,1,0,0,0
234,-42.9387,0.45,1,0,0,0
235,-41.9363,0.45,1,0,0,0
236,-40.934,0.45,1,0,0,0
237,-39.9316,0.45,1,0,0,0
238,-38.9292,0.45,1,0,0,0
239,-37.9269,0.45,1,0,0,0
240,-36.9245,0.45,1,0,0,0
241,-35.9222,0.45,1,0,0,0
242,-34.9198,0.45,1,0,0,0
243,-33.9175,0.45,1,0,0,0
244,-32.9151,0.45,1,0,0,0
245,-31.9127,0.45,1,0,0,0
246,-30.9104,0.45,1,0,0,0
247,-29.908,0.45,1,0,0,0
248,-28.9057,0.45,1,0,0,0
249,-27.9033,0.45,1,0,0,0
250,-26.9009,0.45,1,0,0,0
251,-25.8986,0.45,1,0,0,0
252,-24.8962,0.45,1,0,0,0
253,-23.8939,0.45,1,0,0,0
254,-22.8915,0.45,1,0,0,0
255,-21.8892,0.45,1,0,0,0
256,-20.8868,0.45,1,0,0,0
257,-19.8844,0.45,1,0,0,0
258,-18.8821,0.45,1,0,0,0
259,-17.8797,0.45,1,0,0,0
260,-16.8774,0.45,1,0,0,0
261,-69,18.0711,1,0,0,0
262,-69,17.0921,1,0,0,0
263,-69,16.1132,1,0,0,0
264,-69,15.1342,1,0,0,0
265,-69,14.1553,1,0,0,0
266,-69,13.1763,1,0,0,0
267,-69,12.1974,1,0,0,0
268,-69,11.2184,1,0,0,0
269,-69,10.2395,1,0,0,0
270,-69,9.26053,1,0,0,0
271,-69,8.28158,1,0,0,0
272,-69,7.30263,1,0,0,0
273,-69,6.32368,1,0,0,0
274,-69,5.34474,1,0,0,0
275,-69,4.36579,1,0,0,0
276,-69,3.38684,1,0,0,0
277,-69,2.40789,1,0,0,0
278,-69,1.42895,1,0,0,0
279,-16.8774,19.05,1,0,0,0
280,-17.8797,19.05,1,0,0,0
281,-18.8821,19.05,1,0,0,0
282,-19.8844,19.05,1,0,0,0
283,-20.8868,19.05,1,0,0,0
284,-21.8892,19.05,1,0,0,0
285,-22.8915,19.05,1,0,0,0
286,-23.8939,19.05,1,0,0,0
287,-24.8962,19.05,1,0,0,0
288,-25.8986,19.05,1,0,0,0
289,-26.9009,19.05,1,0,0,0
290,-27.9033,19.05,1,0,0,0
291,-28.9057,19.05,1,0,0,0
292,-29.908,19.05,1,0,0,0
293,-30.9104,19.05,1,0,0,0
294,-31.9127,19.05,1,0,0,0
295,-32.9151,19.05,1,0,0,0
296,-33.9175,19.05,1,0,0,0
297,-34.9198,19.05,1,0,0,0
298,-35.9222,19.05,1,0,0,0
299,-36.9245,19.05,1,0,0,0
300,-37.9269,19.05,1,0,0,0
301,-38.9292,19.05,1,0,0,0
302,-39.9316,19.05,1,0,0,0
303,-40.934,19.05,1,0,0,0
304,-41.9363,19.05,1,0,0,0
305,-42.9387,19.05,1,0,0,0
306,-43.941,19.05,1,0,0,0
307,-44.9434,19.05,1,0,0,0
308,-45.9458,19.05,1,0,0,0
309,-46.9481,19.05,1,0,0,0
310,-47.9505,19.05,1,0,0,0
311,-48.9528,19.05,1,0,0,0
312,-49.9552,19.05,1,0,0,0
313,-50.9575,19.05,1,0,0,0
314,-51.9599,19.05,1,0,0,0
315,-52.9623,19.05,1,0,0,0
316,-53.9646,19.05,1,0,0,0
317,-54.967,19.05,1,0,0,0
318,-55.9693,19.05,1,0,0,0
319,-56.9717,19.05,1,0,0,0
320,-57.9741,19.05,1,0,0,0
321,-58.9764,19.05,1,0,0,0
322,-59.9788,19.05,1,0,0,0
323,-60.9811,19.05,1,0,0,0
324,-61.9835,19.05,1,0,0,0
325,-62.9858,19.05,1,0,0,0
326,-63.9882,19.05,1,0,0,0
327,-64.9906,19.05,1,0,0,0
328,-65.9929,19.05,1,0,0,0
329,-66.9953,19.05,1,0,0,0
330,-67.9976,19.05,1,0,0,0
331,-15.875,1.42895,1,0,0,0
332,-15.875,2.40789,1,0,0,0
333,-15.875,3.38684,1,0,0,0
334,-15.875,4.36579,1,0,0,0
335,-15.875,5.34474,1,0,0,0
336,-15.875,6.32368,1,0,0,0
337,-15.875,7.30263,1,0,0,0
338,-15.875,8.28158,1,0,0,0
339,-15.875,9.26053,1,0,0,0
340,-15.875,10.2395,1,0,0,0
341,-15.875,11.2184,1,0,0,0
342,-15.875,12.1974,1,0,0,0
343,-15.875,13.1763,1,0,0,0
344,-15.875,14.1553,1,0,0,0
345,-15.875,15.1342,1,0,0,0
346,-15.875,16.1132,1,0,0,0
347,-15.875,17.0921,1,0,0,0
348,-15.875,18.0711,1,0,0,0
349,-15.875,19.05,0.666667,0,0,0
350,-15.875,19.05,0.333333,0,0,0
351,-15.875,0.45,0.333333,0,0,0
352,-15.875,0.45,0.666667,0,0,0
353,-69,19.05,0.666667,0,0,0
354,-69,19.05,0.333333,0,0,0
355,-69,0.45,0.333333,0,0,0
356,-69,0.45,0.666667,0,0,0
357,16.8774,0.45,1,0,0,0
358,17.8797,0.45,1,0,0,0
359,18.8821,0.45,1,0,0,0
360,19.8844,0.45,1,0,0,0
361,20.8868,0.45,1,0,0,0
362,21.8892,0.45,1,0,0,0
363,22.8915,0.45,1,0,0,0
364,23.8939,0.45,1,0,0,0
365,24.8962,0.45,1,0,0,0
366,25.8986,0.45,1,0,0,0
367,26.9009,0.45,1,0,0,0
368,27.9033,0.45,1,0,0,0
369,28.9057,0.45,1,0,0,0
370,29.908,0.45,1,0,0,0
371,30.9104,0.45,1,0,0,0
372,31.9127,0.45,1,0,0,0
373,32.9151,0.45,1,0,0,0
374,33.9175,0.45,1,0,0,0
375,34.9198,0.45,1,0,0,0
376,35.9222,0.45,1,0,0,0
377,36.9245,0.45,1,0,0,0
378,37.9269,0.45,1,0,0,0
379,38.9292,0.45,1,0,0,0
380,39.9316,0.45,1,0,0,0
381,40.934,0.45,1,0,0,0
382,41.9363,0.45,1,0,0,0
383,42.9387,0.45,1,0,0,0
384,43.941,0.45,1,0,0,0
385,44.9434,0.45,1,0,0,0
386,45.9458,0.45,1,0,0,0
387,46.9481,0.45,1,0,0,0
388,47.9505,0.45,1,0,0,0
389,48.9528,0.45,1,0,0,0
390,49.9552,0.45,1,0,0,0
391,50.9575,0.45,1,0,0,0
392,51.9599,0.45,1,0,0,0
393,52.9623,0.45,1,0,0,0
394,53.9646,0.45,1,0,0,0
395,54.967,0.45,1,0,0,0
396,55.9693,0.45,1,0,0,0
397,56.9717,0.45,1,0,0,0
398,57.9741,0.45,1,0,0,0
399,58.9764,0.45,1,0,0,0
400,59.9788,0.45,1,0,0,0
401,60.9811,0.45,1,0,0,0
402,61.9835,0.45,1,0,0,0
403,62.9858,0.45,1,0,0,0
404,63.9882,0.45,1,0,0,0
405,64.9906,0.45,1,0,0,0
406,65.9929,0.45,1,0,0,0
407,66.9953,0.45,1,0,0,0
408,67.9976,0.45,1,0,0,0
409,69,1.42895,1,0,0,0
410,69,2.40789,1,0,0,0
411,69,3.38684,1,0,0,0
412,69,4.36579,1,0,0,0
413,69,5.34474,1,0,0,0
414,69,6.32368,1,0,0,0
415,69,7.30263,1,0,0,0
416,69,8.28158,1,0,0,0
417,69,9.26053,1,0,0,0
418,69,10.2395,1,0,0,0
419,69,11.2184,1,0,0,0
420,69,12.1974,1,0,0,0
421,69,13.1763,1,0,0,0
422,69,14.1553,1,0,0,0
423,69,15.1342,1,0,0,0
424,69,16.1132,1,0,0,0
425,69,17.0921,1,0,0,0
426,69,18.0711,1,0,0,0
427,67.9976,19.05,1,0,0,0
428,66.9953,19.05,1,0,0,0
429,65.9929,19.05,1,0,0,0
430,64.9906,19.05,1,0,0,0
431,63.9882,19.05,1,0,0,0
432,62.9858,19.05,1,0,0,0
433,61.9835,19.05,1,0,0,0
434,60.9811,19.05,1,0,0,0
435,59.9788,19.05,1,0,0,0
436,58.9764,19.05,1,0,0,0
437,57.9741,19.05,1,0,0,0
438,56.9717,19.05,1,0,0,0
439,55.9693,19.05,1,0,0,0
440,54.967,19.05,1,0,0,0
441,53.9646,19.05,1,0,0,0
442,52.9623,19.05,1,0,0,0
443,51.9599,19.05,1,0,0,0
444,50.9575,19.05,1,0,0,0
445,49.9552,19.05,1,0,0,0
446,48.9528,19.05,1,0,0,0
447,47.9505,19.05,1,0,0,0
448,46.9481,19.05,1,0,0,0
449,45.9458,19.05,1,0,0,0
450,44.9434,19.05,1,0,0,0
451,43.941,19.05,1,0,0,0
452,42.9387,19.05,1,0,0,0
453,41.9363,19.05,1,0,0,0
454,40.934,19.05,1,0,0,0
455,39.9316,19.05,1,0,0,0
456,38.9292,19.05,1,0,0,0
457,37.9269,19.05,1,0,0,0
458,36.9245,19.05,1,0,0,0
459,35.9222,19.05,1,0,0,0
460,34.9198,19.05,1,0,0,0
461,33.9175,19.05,1,0,0,0
462,32.9151,19.05,1,0,0,0
463,31.9127,19.05,1,0,0,0
464,30.9104,19.05,1,0,0,0
465,29.908,19.05,1,0,0,0
466,28.9057,19.05,1,0,0,0
467,27.9033,19.05,1,0,0,0
468,26.9009,19.05,1,0,0,0
469,25.8986,19.05,1,0,0,0
470,24.8962,19.05,1,0,0,0
471,23.8939,19.05,1,0,0,0
472,22.8915,19.05,1,0,0,0
473,21.8892,19.05,1,0,0,0
474,20.8868,19.05,1,0,0,0
475,19.8844,19.05,1,0,0,0
476,18.8821,19.05,1,0,0,0
477,17.8797,19.05,1,0,0,0
478,16.8774,19.05,1,0,0,0
479,15.875,18.0711,1,0,0,0
480,15.875,17.0921,1,0,0,0
481,15.875,16.1132,1,0,0,0
482,15.875,15.1342,1,0,0,0
483,15.875,14.1553,1,0,0,0
484,15.875,13.1763,1,0,0,0
485,15.875,12.1974,1,0,0,0
486,15.875,11.2184,1,0,0,0
487,15.875,10.2395,1,0,0,0
488,15.875,9.26053,1,0,0,0
489,15.875,8.28158,1,0,0,0
490,15.875,7.30263,1,0,0,0
491,15.875,6.32368,1,0,0,0
492,15.875,5.34474,1,0,0,0
493,15.875,4.36579,1,0,0,0
494,15.875,3.38684,1,0,0,0
495,15.875,2.40789,1,0,0,0
496,15.875,1.42895,1,0,0,0
497,67.9976,0.45,0,0,0,0
498,66.9953,0.45,0,0,0,0
499,65.9929,0.45,0,0,0,0
500,64.9906,0.45,0,0,0,0
501,63.9882,0.45,0,0,0,0
502,62.9858,0.45,0,0,0,0
503,61.9835,0.45,0,0,0,0
504,60.9811,0.45,0,0,0,0
505,59.9788,0.45,0,0,0,0
506,58.9764,0.45,0,0,0,0
507,57.9741,0.45,0,0,0,0
508,56.9717,0.45,0,0,0,0
509,55.9693,0.45,0,0,0,0
510,54.967,0.45,0,0,0,0
511,53.9646,0.45,0,0,0,0
512,52.9623,0.45,0,0,0,0
513,51.9599,0.45,0,0,0,0
514,50.9575,0.45,0,0,0,0
515,49.9552,0.45,0,0,0,0
516,48.9528,0.45,0,0,0,0
517,47.9505,0.45,0,0,0,0
518,46.9481,0.45,0,0,0,0
519,45.9458,0.45,0,0,0,0
520,44.9434,0.45,0,0,0,0
521,43.941,0.45,0,0,0,0
522,42.9387,0.45,0,0,0,0
523,41.9363,0.45,0,0,0,0
524,40.934,0.45,0,0,0,0
525,39.9316,0.45,0,0,0,0
526,38.9292,0.45,0,0,0,0
527,37.9269,0.45,0,0,0,0
528,36.9245,0.45,0,0,0,0
529,35.9222,0.45,0,0,0,0
530,34.9198,0.45,0,0,0,0
531,33.9175,0.45,0,0,0,0
532,32.9151,0.45,0,0,0,0
533,31.9127,0.45,0,0,0,0
534,30.9104,0.45,0,0,0,0
535,29.908,0.45,0,0,0,0
536,28.9057,0.45,0,0,0,0
537,27.9033,0.45,0,0,0,0
538,26.9009,0.45,0,0,0,0
539,25.8986,0.45,0,0,0,0
540,24.8962,0.45,0,0,0,0
541,23.8939,0.45,0,0,0,0
542,22.8915,0.45,0,0,0,0
543,21.8892,0.45,0,0,0,0
544,20.8868,0.45,0,0,0,0
545,19.8844,0.45,0,0,0,0
546,18.8821,0.45,0,0,0,0
547,17.8797,0.45,0,0,0,0
548,16.8774,0.45,0,0,0,0
549,69,18.0711,0,0,0,0
550,69,17.0921,0,0,0,0
551,69,16.1132,0,0,0,0
552,69,15.1342,0,0,0,0
553,69,14.1553,0,0,0,0
554,69,13.1763,0,0,0,0
555,69,12.1974,0,0,0,0
556,69,11.2184,0,0,0,0
557,69,10.2395,0,0,0,0
558,69,9.26053,0,0,0,0
559,69,8.28158,0,0,0,0
560,69,7.30263,0,0,0,0
561,69,6.32368,0,0,0,0
562,69,5.34474,0,0,0,0
563,69,4.36579,0,0,0,0
564,69,3.38684,0,0,0,0
565,69,2.40789,0,0,0,0
566,69,1.42895,0,0,0,0
567,16.8774,19.05,0,0,0,0
568,17.8797,19.05,0,0,0,0
569,18.8821,19.05,0,0,0,0
570,19.8844,19.05,0,0,0,0
571,20.8868,19.05,0,0,0,0
572,21.8892,19.05,0,0,0,0
573,22.8915,19.05,0,0,0,0
574,23.8939,19.05,0,0,0,0
575,24.8962,19.05,0,0,0,0
576,25.8986,19.05,0,0,0,0
577,26.9009,19.05,0,0,0,0
578,27.9033,19.05,0,0,0,0
579,28.9057,19.05,0,0,0,0
580,29.908,19.05,0,0,0,0
581,30.9104,19.05,0,0,0,0
582,31.9127,19.05,0,0,0,0
583,32.9151,19.05,0,0,0,0
584,33.9175,19.05,0,0,0,0
585,34.9198,19.05,0,0,0,0
586,35.9222,19.05,0,0,0,0
587,36.9245,19.05,0,0,0,0
588,37.9269,19.05,0,0,0,0
589,38.9292,19.05,0,0,0,0
590,39.9316,19.05,0,0,0,0
591,40.934,19.05,0,0,0,0
592,41.9363,19.05,0,0,0,0
593,42.9387,19.05,0,0,0,0
594,43.941,19.05,0,0,0,0
595,44.9434,19.05,0,0,0,0
596,45.9458,19.05,0,0,0,0
597,46.9481,19.05,0,0,0,0
598,47.9505,19.05,0,0,0,0
599,48.9528,19.05,0,0,0,0
600,49.9552,19.05,0,0,0,0
601,50.9575,19.05,0,0,0,0
602,51.9599,19.05,0,0,0,0
603,52.9623,19.05,0,0,0,0
604,53.9646,19.05,0,0,0,0
605,54.967,19.05,0,0,0,0
606,55.9693,19.05,0,0,0,0
607,56.9717,19.05,0,0,0,0
608,57.9741,19.05,0,0,0,0
609,58.9764,19.05,0,0,0,0
610,59.9788,19.05,0,0,0,0
611,60.9811,19.05,0,0,0,0
612,61.9835,19.05,0,0,0,0
613,62.9858,19.05,0,0,0,0
614,63.9882,19.05,0,0,0,0
615,64.9906,19.05,0,0,0,0
616,65.9929,19.05,0,0,0,0
617,66.9953,19.05,0,0,0,0
618,67.9976,19.05,0,0,0,0
619,15.875,1.42895,0,0,0,0
620,15.875,2.40789,0,0,0,0
621,15.875,3.38684,0,0,0,0
622,15.875,4.36579,0,0,0,0
623,15.875,5.34474,0,0,0,0
624,15.875,6.32368,0,0,0,0
625,15.875,7.30263,0,0,0,0
626,15.875,8.28158,0,0,0,0
627,15.875,9.26053,0,0,0,0
628,15.875,10.2395,0,0,0,0
629,15.875,11.2184,0,0,0,0
630,15.875,12.1974,0,0,0,0
631,15.875,13.1763,0,0,0,0
632,15.875,14.1553,0,0,0,0
633,15.875,15.1342,0,0,0,0
634,15.875,16.1132,0,0,0,0
635,15.875,17.0921,0,0,0,0
636,15.875,18.0711,0,0,0,0
637,15.875,19.05,0.333333,0,0,0
638,15.875,19.05,0.666667,0,0,0
639,15.875,0.45,0.666667,0,0,0
640,15.875,0.45,0.333333,0,0,0
641,69,19.05,0.333333,0,0,0
642,69,19.05,0.666667,0,0,0
643,69,0.45,0.666667,0,0,0
644,69,0.45,0.333333,0,0,0
645,2.24506,-16.8049,0.333333,0,0,0
646,2.24506,-16.8049,0.666667,0,0,0
647,2.1322,-16.6975,1,0,0,0
648,2.0142,-16.5957,1,0,0,0
649,1.89135,-16.4998,1,0,0,0
650,1.76394,-16.4101,1,0,0,0
651,1.63228,-16.3267,1,0,0,0
652,1.49668,-16.2499,1,0,0,0
653,1.35749,-16.1798,1,0,0,0
654,1.21502,-16.1167,1,0,0,0
655,1.06963,-16.0606,1,0,0,0
656,0.921654,-16.0117,1,0,0,0
657,0.771462,-15.9702,1,0,0,0
658,0.619412,-15.936,1,0,0,0
659,0.465869,-15.9094,1,0,0,0
660,0.311204,-15.8903,1,0,0,0
661,0.15579,-15.8788,1,0,0,0
662,0,-15.875,0.666667,0,0,0
663,0,-15.875,0.333333,0,0,0
664,0.15579,-15.8788,0,0,0,0
665,0.311204,-15.8903,0,0,0,0
666,0.465869,-15.9094,0,0,0,0
667,0.619412,-15.936,0,0,0,0
668,0.771462,-15.9702,0,0,0,0
669,0.921654,-16.0117,0,0,0,0
670,1.06963,-16.0606,0,0,0,0
671,1.21502,-16.1167,0,0,0,0
672,1.35749,-16.1798,0,0,0,0
673,1.49668,-16.2499,0,0,0,0
674,1.63228,-16.3267,0,0,0,0
675,1.76394,-16.4101,0,0,0,0
676,1.89135,-16.4998,0,0,0,0
677,2.0142,-16.5957,0,0,0,0
678,2.1322,-16.6975,0,0,0,0
679,0.992188,0.45,1,0,0,0
680,1.98438,0.45,1,0,0,0
681,2.97656,0.45,1,0,0,0
682,3.96875,0.45,1,0,0,0
683,4.96094,0.45,1,0,0,0
684,5.95312,0.45,1,0,0,0
685,6.94531,0.45,1,0,0,0
686,7.9375,0.45,1,0,0,0
687,8.92969,0.45,1,0,0,0
688,9.92188,0.45,1,0,0,0
689,10.9141,0.45,1,0,0,0
690,11.9062,0.45,1,0,0,0
691,12.8984,0.45,1,0,0,0
692,13.8906,0.45,1,0,0,0
693,14.8828,0.45,1,0,0,0
694,0,0.45,0.333333,0,0,0
695,0,0.45,0.666667,0,0,0
696,14.8828,0.45,0,0,0,0
697,13.8906,0.45,0,0,0,0
698,12.8984,0.45,0,0,0,0
699,11.9062,0.45,0,0,0,0
700,10.9141,0.45,0,0,0,0
701,9.92188,0.45,0,0,0,0
702,8.92969,0.45,0,0,0,0
703,7.9375,0.45,0,0,0,0
704,6.94531,0.45,0,0,0,0
705,5.95312,0.45,0,0,0,0
706,4.96094,0.45,0,0,0,0
707,3.96875,0.45,0,0,0,0
708,2.97656,0.45,0,0,0,0
709,1.98438,0.45,0,0,0,0
710,0.992188,0.45,0,0,0,0
711,0,-15.0813,0,0,0,0
712,0,-14.2875,0,0,0,0
713,0,-13.4937,0,0,0,0
714,0.288381,-12.7066,0,0,0,0
715,0.576167,-12.7262,0,0,0,0
716,0.862765,-12.7589,0,0,0,0
717,1.14758,-12.8046,0,0,0,0
718,1.43003,-12.8631,0,0,0,0
719,1.70953,-12.9344,0,0,0,0
720,1.9855,-13.0184,0,0,0,0
721,2.25737,-13.1148,0,0,0,0
722,2.52459,-13.2234,0,0,0,0
723,2.78659,-13.3441,0,0,0,0
724,3.04285,-13.4765,0,0,0,0
725,3.29282,-13.6205,0,0,0,0
726,3.53601,-13.7756,0,0,0,0
727,3.77189,-13.9416,0,0,0,0
728,3.99999,-14.1182,0,0,0,0
729,3.72614,-14.9299,0,0,0,0
730,3.23245,-15.5549,0,0,0,0
731,2.73876,-16.1799,0,0,0,0
732,0.421004,-9.53431,0,0,0,0
733,0.841184,-9.56222,0,0,0,0
734,1.25972,-9.60867,0,0,0,0
735,1.6758,-9.67358,0,0,0,0
736,2.08859,-9.75681,0,0,0,0
737,2.49731,-9.85821,0,0,0,0
738,2.90115,-9.97757,0,0,0,0
739,3.29931,-10.1147,0,0,0,0
740,3.69103,-10.2692,0,0,0,0
741,4.07553,-10.441,0,0,0,0
742,4.45206,-10.6295,0,0,0,0
743,4.8199,-10.8345,0,0,0,0
744,5.17831,-11.0556,0,0,0,0
745,5.5266,-11.2923,0,0,0,0
746,5.86409,-11.5441,0,0,0,0
747,5.94383,-12.1224,0,0,0,0
748,5.69755,-12.4342,0,0,0,0
749,5.45126,-12.746,0,0,0,0
750,5.20498,-13.0578,0,0,0,0
751,4.95869,-13.3696,0,0,0,0
752,4.71241,-13.6814,0,0,0,0
753,4.46612,-13.9932,0,0,0,0
754,0,-12.3031,0,0,0,0
755,0,-11.9062,0,0,0,0
756,0,-11.5094,0,0,0,0
757,0,-11.1125,0,0,0,0
758,0,-10.7156,0,0,0,0
759,0,-10.3188,0,0,0,0
760,0,-9.92188,0,0,0,0
761,0.55363,-6.36207,0,0,0,0
762,1.10621,-6.39827,0,0,0,0
763,1.65668,-6.45852,0,0,0,0
764,2.20401,-6.54271,0,0,0,0
765,2.74714,-6.65068,0,0,0,0
766,3.28505,-6.78222,0,0,0,0
767,3.81672,-6.93709,0,0,0,0
768,4.34113,-7.11498,0,0,0,0
769,4.85729,-7.31557,0,0,0,0
770,5.36421,-7.53847,0,0,0,0
771,5.86093,-7.78326,0,0,0,0
772,6.34651,-8.04946,0,0,0,0
773,6.82002,-8.33658,0,0,0,0
774,7.28057,-8.64407,0,0,0,0
775,7.72727,-8.97134,0,0,0,0
776,7.91314,-9.62939,0,0,0,0
777,7.66699,-9.941,0,0,0,0
778,7.42085,-10.2526,0,0,0,0
779,7.1747,-10.5642,0,0,0,0
780,6.92856,-10.8758,0,0,0,0
781,6.68241,-11.1874,0,0,0,0
782,6.43626,-11.499,0,0,0,0
783,0,-9.12813,0,0,0,0
784,0,-8.73125,0,0,0,0
785,0,-8.33438,0,0,0,0
786,0,-7.9375,0,0,0,0
787,0,-7.54063,0,0,0,0
788,0,-7.14375,0,0,0,0
789,0,-6.74687,0,0,0,0
790,0,-5.78333,0,0,0,0
791,0,-5.21667,0,0,0,0
792,0,-4.65,0,0,0,0
793,0,-4.08333,0,0,0,0
794,0,-3.51667,0,0,0,0
795,0,-2.95,0,0,0,0
796,0,-2.38333,0,0,0,0
797,0,-1.81667,0,0,0,0
798,0,-1.25,0,0,0,0
799,0,-0.683333,0,0,0,0
800,0,-0.116667,0,0,0,0
801,15.232,-0.363982,0,0,0,0
802,14.589,-1.17796,0,0,0,0
803,13.9461,-1.99194,0,0,0,0
804,13.3031,-2.80593,0,0,0,0
805,12.6601,-3.61991,0,0,0,0
806,12.0171,-4.43389,0,0,0,0
807,11.3742,-5.24787,0,0,0,0
808,10.7312,-6.06185,0,0,0,0
809,10.0882,-6.87583,0,0,0,0
810,9.44524,-7.68982,0,0,0,0
811,8.80226,-8.5038,0,0,0,0
812,0,-13.4937,1,0,0,0
813,0,-14.2875,1,0,0,0
814,0,-15.0813,1,0,0,0
815,3.99999,-14.1182,1,0,0,0
816,3.77189,-13.9416,1,0,0,0
817,3.53601,-13.7756,1,0,0,0
818,3.29282,-13.6205,1,0,0,0
819,3.04285,-13.4765,1,0,0,0
820,2.78659,-13.3441,1,0,0,0
821,2.52459,-13.2234,1,0,0,0
822,2.25737,-13.1148,1,0,0,0
823,1.9855,-13.0184,1,0,0,0
824,1.70953,-12.9344,1,0,0,0
825,1.43003,-12.8631,1,0,0,0
826,1.14758,-12.8046,1,0,0,0
827,0.862765,-12.7589,1,0,0,0
828,0.576167,-12.7262,1,0,0,0
829,0.288381,-12.7066,1,0,0,0
830,2.73876,-16.1799,1,0,0,0
831,3.23245,-15.5549,1,0,0,0
832,3.72614,-14.9299,1,0,0,0
833,5.86409,-11.5441,1,0,0,0
834,5.5266,-11.2923,1,0,0,0
835,5.17831,-11.0556,1,0,0,0
836,4.8199,-10.8345,1,0,0,0
837,4.45206,-10.6295,1,0,0,0
838,4.07553,-10.441,1,0,0,0
839,3.69103,-10.2692,1,0,0,0
840,3.29931,-10.1147,1,0,0,0
841,2.90115,-9.97757,1,0,0,0
842,2.49731,-9.85821,1,0,0,0
843,2.08859,-9.75681,1,0,0,0
844,1.6758,-9.67358,1,0,0,0
845,1.25972,-9.60867,1,0,0,0
846,0.841184,-9.56222,1,0,0,0
847,0.421004,-9.53431,1,0,0,0
848,0,-9.92188,1,0,0,0
849,0,-10.3188,1,0,0,0
850,0,-10.7156,1,0,0,0
851,0,-11.1125,1,0,0,0
852,0,-11.5094,1,0,0,0
853,0,-11.9062,1,0,0,0
854,0,-12.3031,1,0,0,0
855,4.46612,-13.9932,1,0,0,0
856,4.71241,-13.6814,1,0,0,0
857,4.95869,-13.3696,1,0,0,0
858,5.20498,-13.0578,1,0,0,0
859,5.45126,-12.746,1,0,0,0
860,5.69755,-12.4342,1,0,0,0
861,5.94383,-12.1224,1,0,0,0
862,7.72727,-8.97134,1,0,0,0
863,7.28057,-8.64407,1,0,0,0
864,6.82002,-8.33658,1,0,0,0
865,6.34651,-8.04946,1,0,0,0
866,5.86093,-7.78326,1,0,0,0
867,5.36421,-7.53847,1,0,0,0
868,4.85729,-7.31557,1,0,0,0
869,4.34113,-7.11498,1,0,0,0
870,3.81672,-6.93709,1,0,0,0
871,3.28505,-6.78222,1,0,0,0
872,2.74714,-6.65068,1,0,0,0
873,2.20401,-6.54271,1,0,0,0
874,1.65668,-6.45852,1,0,0,0
875,1.10621,-6.39827,1,0,0,0
876,0.55363,-6.36207,1,0,0,0
877,0,-6.74687,1,0,0,0
878,0,-7.14375,1,0,0,0
879,0,-7.54063,1,0,0,0
880,0,-7.9375,1,0,0,0
881,0,-8.33438,1,0,0,0
882,0,-8.73125,1,0,0,0
883,0,-9.12813,1,0,0,0
884,6.43626,-11.499,1,0,0,0
885,6.68241,-11.1874,1,0,0,0
886,6.92856,-10.8758,1,0,0,0
887,7.1747,-10.5642,1,0,0,0
888,7.42085,-10.2526,1,0,0,0
889,7.66699,-9.941,1,0,0,0
890,7.91314,-9.62939,1,0,0,0
891,8.80226,-8.5038,1,0,0,0
892,9.44524,-7.68982,1,0,0,0
893,10.0882,-6.87583,1,0,0,0
894,10.7312,-6.06185,1,0,0,0
895,11.3742,-5.24787,1,0,0,0
896,12.0171,-4.43389,1,0,0,0
897,12.6601,-3.61991,1,0,0,0
898,13.3031,-2.80593,1,0,0,0
899,13.9461,-1.99194,1,0,0,0
900,14.589,-1.17796,1,0,0,0
901,15.232,-0.363982,1,0,0,0
902,0,-0.116667,1,0,0,0
903,0,-0.683333,1,0,0,0
904,0,-1.25,1,0,0,0
905,0,-1.81667,1,0,0,0
906,0,-2.38333,1,0,0,0
907,0,-2.95,1,0,0,0
908,0,-3.51667,1,0,0,0
909,0,-4.08333,1,0,0,0
910,0,-4.65,1,0,0,0
911,0,-5.21667,1,0,0,0
912,0,-5.78333,1,0,0,0
913,4.21984,-14.305,0.333333,0,0,0
914,4.21984,-14.305,0.666667,0,0,0
915,6.19012,-11.8107,0.333333,0,0,0
916,6.19012,-11.8107,0.666667,0,0,0
917,8.15928,-9.31778,0.333333,0,0,0
918,8.15928,-9.31778,0.666667,0,0,0
919,0,-12.7,0.333333,0,0,0
920,0,-12.7,0.666667,0,0,0
921,0,-9.525,0.333333,0,0,0
922,0,-9.525,0.666667,0,0,0
923,0,-6.35,0.333333,0,0,0
924,0,-6.35,0.666667,0,0,0
925,-0.992188,0.45,1,0,0,0
926,-1.98438,0.45,1,0,0,0
927,-2.97656,0.45,1,0,0,0
928,-3.96875,0.45,1,0,0,0
929,-4.96094,0.45,1,0,0,0
930,-5.95312,0.45,1,0,0,0
931,-6.94531,0.45,1,0,0,0
932,-7.9375,0.45,1,0,0,0
933,-8.92969,0.45,1,0,0,0
934,-9.92188,0.45,1,0,0,0
935,-10.9141,0.45,1,0,0,0
936,-11.9062,0.45,1,0,0,0
937,-12.8984,0.45,1,0,0,0
938,-13.8906,0.45,1,0,0,0
939,-14.8828,0.45,1,0,0,0
940,-15.232,-0.363982,1,0,0,0
941,-14.589,-1.17796,1,0,0,0
942,-13.9461,-1.99194,1,0,0,0
943,-13.3031,-2.80593,1,0,0,0
944,-12.6601,-3.61991,1,0,0,0
945,-12.0171,-4.43389,1,0,0,0
946,-11.3742,-5.24787,1,0,0,0
947,-10.7312,-6.06185,1,0,0,0
948,-10.0882,-6.87583,1,0,0,0
949,-9.44524,-7.68982,1,0,0,0
950,-8.80226,-8.5038,1,0,0,0
951,-7.72727,-8.97134,1,0,0,0
952,-7.28057,-8.64407,1,0,0,0
953,-6.82002,-8.33658,1,0,0,0
954,-6.34651,-8.04946,1,0,0,0
955,-5.86093,-7.78326,1,0,0,0
956,-5.36421,-7.53847,1,0,0,0
957,-4.85729,-7.31557,1,0,0,0
958,-4.34113,-7.11498,1,0,0,0
959,-3.81672,-6.93709,1,0,0,0
960,-3.28505,-6.78222,1,0,0,0
961,-2.74714,-6.65068,1,0,0,0
962,-2.20401,-6.54271,1,0,0,0
963,-1.65668,-6.45852,1,0,0,0
964,-1.10621,-6.39827,1,0,0,0
965,-0.55363,-6.36207,1,0,0,0
966,-7.91314,-9.62939,1,0,0,0
967,-7.66699,-9.941,1,0,0,0
968,-7.42085,-10.2526,1,0,0,0
969,-7.1747,-10.5642,1,0,0,0
970,-6.92856,-10.8758,1,0,0,0
971,-6.68241,-11.1874,1,0,0,0
972,-6.43626,-11.499,1,0,0,0
973,-5.86409,-11.5441,1,0,0,0
974,-5.5266,-11.2923,1,0,0,0
975,-5.17831,-11.0556,1,0,0,0
976,-4.8199,-10.8345,1,0,0,0
977,-4.45206,-10.6295,1,0,0,0
978,-4.07553,-10.441,1,0,0,0
979,-3.69103,-10.2692,1,0,0,0
980,-3.29931,-10.1147,1,0,0,0
981,-2.90115,-9.97757,1,0,0,0
982,-2.49731,-9.85821,1,0,0,0
983,-2.08859,-9.75681,1,0,0,0
984,-1.6758,-9.67358,1,0,0,0
985,-1.25972,-9.60867,1,0,0,0
986,-0.841184,-9.56222,1,0,0,0
987,-0.421004,-9.53431,1,0,0,0
988,-5.94383,-12.1224,1,0,0,0
989,-5.69755,-12.4342,1,0,0,0
990,-5.45126,-12.746,1,0,0,0
991,-5.20498,-13.0578,1,0,0,0
992,-4.95869,-13.3696,1,0,0,0
993,-4.71241,-13.6814,1,0,0,0
994,-4.46612,-13.9932,1,0,0,0
995,-3.99999,-14.1182,1,0,0,0
996,-3.77189,-13.9416,1,0,0,0
997,-3.53601,-13.7756,1,0,0,0
998,-3.29282,-13.6205,1,0,0,0
999,-3.04285,-13.4765,1,0,0,0
1000,-2.78659,-13.3441,1,0,0,0
1001,-2.52459,-13.2234,1,0,0,0
1002,-2.25737,-13.1148,1,0,0,0
1003,-1.9855,-13.0184,1,0,0,0
1004,-1.70953,-12.9344,1,0,0,0
1005,-1.43003,-12.8631,1,0,0,0
1006,-1.14758,-12.8046,1,0,0,0
1007,-0.862765,-12.7589,1,0,0,0
1008,-0.576167,-12.7262,1,0,0,0
1009,-0.288381,-12.7066,1,0,0,0
1010,-3.72614,-14.9299,1,0,0,0
1011,-3.23245,-15.5549,1,0,0,0
1012,-2.73876,-16.1799,1,0,0,0
1013,-2.1322,-16.6975,1,0,0,0
1014,-2.0142,-16.5957,1,0,0,0
1015,-1.89135,-16.4998,1,0,0,0
1016,-1.76394,-16.4101,1,0,0,0
1017,-1.63228,-16.3267,1,0,0,0
1018,-1.49668,-16.2499,1,0,0,0
1019,-1.35749,-16.1798,1,0,0,0
1020,-1.21502,-16.1167,1,0,0,0
1021,-1.06963,-16.0606,1,0,0,0
1022,-0.921654,-16.0117,1,0,0,0
1023,-0.771462,-15.9702,1,0,0,0
1024,-0.619412,-15.936,1,0,0,0
1025,-0.465869,-15.9094,1,0,0,0
1026,-0.311204,-15.8903,1,0,0,0
1027,-0.15579,-15.8788,1,0,0,0
1028,-14.8828,0.45,0,0,0,0
1029,-13.8906,0.45,0,0,0,0
1030,-12.8984,0.45,0,0,0,0
1031,-11.9062,0.45,0,0,0,0
1032,-10.9141,0.45,0,0,0,0
1033,-9.92188,0.45,0,0,0,0
1034,-8.92969,0.45,0,0,0,0
1035,-7.9375,0.45,0,0,0,0
1036,-6.94531,0.45,0,0,0,0
1037,-5.95312,0.45,0,0,0,0
1038,-4.96094,0.45,0,0,0,0
1039,-3.96875,0.45,0,0,0,0
1040,-2.97656,0.45,0,0,0,0
1041,-1.98438,0.45,0,0,0,0
1042,-0.992188,0.45,0,0,0,0
1043,-8.80226,-8.5038,0,0,0,0
1044,-9.44524,-7.68982,0,0,0,0
1045,-10.0882,-6.87583,0,0,0,0
1046,-10.7312,-6.06185,0,0,0,0
1047,-11.3742,-5.24787,0,0,0,0
1048,-12.0171,-4.43389,0,0,0,0
1049,-12.6601,-3.61991,0,0,0,0
1050,-13.3031,-2.80593,0,0,0,0
1051,-13.9461,-1.99194,0,0,0,0
1052,-14.589,-1.17796,0,0,0,0
1053,-15.232,-0.363982,0,0,0,0
1054,-0.55363,-6.36207,0,0,0,0
1055,-1.10621,-6.39827,0,0,0,0
1056,-1.65668,-6.45852,0,0,0,0
1057,-2.20401,-6.54271,0,0,0,0
1058,-2.74714,-6.65068,0,0,0,0
1059,-3.28505,-6.78222,0,0,0,0
1060,-3.81672,-6.93709,0,0,0,0
1061,-4.34113,-7.11498,0,0,0,0
1062,-4.85729,-7.31557,0,0,0,0
1063,-5.36421,-7.53847,0,0,0,0
1064,-5.86093,-7.78326,0,0,0,0
1065,-6.34651,-8.04946,0,0,0,0
1066,-6.82002,-8.33658,0,0,0,0
1067,-7.28057,-8.64407,0,0,0,0
1068,-7.72727,-8.97134,0,0,0,0
1069,-0.421004,-9.53431,0,0,0,0
1070,-0.841184,-9.56222,0,0,0,0
1071,-1.25972,-9.60867,0,0,0,0
1072,-1.6758,-9.67358,0,0,0,0
1073,-2.08859,-9.75681,0,0,0,0
1074,-2.49731,-9.85821,0,0,0,0
1075,-2.90115,-9.97757,0,0,0,0
1076,-3.29931,-10.1147,0,0,0,0
1077,-3.69103,-10.2692,0,0,0,0
1078,-4.07553,-10.441,0,0,0,0
1079,-4.45206,-10.6295,0,0,0,0
1080,-4.8199,-10.8345,0,0,0,0
1081,-5.17831,-11.0556,0,0,0,0
1082,-5.5266,-11.2923,0,0,0,0
1083,-5.86409,-11.5441,0,0,0,0
1084,-6.43626,-11.499,0,0,0,0
1085,-6.68241,-11.1874,0,0,0,0
1086,-6.92856,-10.8758,0,0,0,0
1087,-7.1747,-10.5642,0,0,0,0
1088,-7.42085,-10.2526,0,0,0,0
1089,-7.66699,-9.941,0,0,0,0
1090,-7.91314,-9.62939,0,0,0,0
1091,-0.288381,-12.7066,0,0,0,0
1092,-0.576167,-12.7262,0,0,0,0
1093,-0.862765,-12.7589,0,0,0,0
1094,-1.14758,-12.8046,0,0,0,0
1095,-1.43003,-12.8631,0,0,0,0
1096,-1.70953,-12.9344,0,0,0,0
1097,-1.9855,-13.0184,0,0,0,0
1098,-2.25737,-13.1148,0,0,0,0
1099,-2.52459,-13.2234,0,0,0,0
1100,-2.78659,-13.3441,0,0,0,0
1101,-3.04285,-13.4765,0,0,0,0
1102,-3.29282,-13.6205,0,0,0,0
1103,-3.53601,-13.7756,0,0,0,0
1104,-3.77189,-13.9416,0,0,0,0
1105,-3.99999,-14.1182,0,0,0,0
1106,-4.46612,-13.9932,0,0,0,0
1107,-4.71241,-13.6814,0,0,0,0
1108,-4.95869,-13.3696,0,0,0,0
1109,-5.20498,-13.0578,0,0,0,0
1110,-5.45126,-12.746,0,0,0,0
1111,-5.69755,-12.4342,0,0,0,0
1112,-5.94383,-12.1224,0,0,0,0
1113,-0.15579,-15.8788,0,0,0,0
1114,-0.311204,-15.8903,0,0,0,0
1115,-0.465869,-15.9094,0,0,0,0
1116,-0.619412,-15.936,0,0,0,0
1117,-0.771462,-15.9702,0,0,0,0
1118,-0.921654,-16.0117,0,0,0,0
1119,-1.06963,-16.0606,0,0,0,0
1120,-1.21502,-16.1167,0,0,0,0
1121,-1.35749,-16.1798,0,0,0,0
1122,-1.49668,-16.2499,0,0,0,0
1123,-1.63228,-16.3267,0,0,0,0
1124,-1.76394,-16.4101,0,0,0,0
1125,-1.89135,-16.4998,0,0,0,0
1126,-2.0142,-16.5957,0,0,0,0
1127,-2.1322,-16.6975,0,0,0,0
1128,-2.73876,-16.1799,0,0,0,0
1129,-3.23245,-15.5549,0,0,0,0
1130,-3.72614,-14.9299,0,0,0,0
1131,-8.15928,-9.31778,0.666667,0,0,0
1132,-8.15928,-9.31778,0.333333,0,0,0
1133,-6.19012,-11.8107,0.666667,0,0,0
1134,-6.19012,-11.8107,0.333333,0,0,0
1135,-4.21984,-14.305,0.666667,0,0,0
1136,-4.21984,-14.305,0.333333,0,0,0
1137,-2.24506,-16.8049,0.666667,0,0,0
1138,-2.24506,-16.8049,0.333333,0,0,0
1139,3.175,-19.05,0.666667,0,0,0
1140,3.175,-19.05,0.333333,0,0,0
1141,3.96875,-19.05,0,0,0,0
1142,4.7625,-19.05,0,0,0,0
1143,5.55625,-19.05,0,0,0,0
1144,6.35,-19.05,0.333333,0,0,0
1145,6.35,-19.05,0.666667,0,0,0
1146,5.55625,-19.05,1,0,0,0
1147,4.7625,-19.05,1,0,0,0
1148,3.96875,-19.05,1,0,0,0
1149,6.74687,-19.05,0,0,0,0
1150,7.14375,-19.05,0,0,0,0
1151,7.54063,-19.05,0,0,0,0
1152,7.9375,-19.05,0,0,0,0
1153,8.33438,-19.05,0,0,0,0
1154,8.73125,-19.05,0,0,0,0
1155,9.12813,-19.05,0,0,0,0
1156,9.92188,-19.05,0,0,0,0
1157,10.3188,-19.05,0,0,0,0
1158,10.7156,-19.05,0,0,0,0
1159,11.1125,-19.05,0,0,0,0
1160,11.5094,-19.05,0,0,0,0
1161,11.9062,-19.05,0,0,0,0
1162,12.3031,-19.05,0,0,0,0
1163,12.9646,-19.05,0,0,0,0
1164,13.2292,-19.05,0,0,0,0
1165,13.4937,-19.05,0,0,0,0
1166,13.7583,-19.05,0,0,0,0
1167,14.0229,-19.05,0,0,0,0
1168,14.2875,-19.05,0,0,0,0
1169,14.5521,-19.05,0,0,0,0
1170,14.8167,-19.05,0,0,0,0
1171,15.0813,-19.05,0,0,0,0
1172,15.3458,-19.05,0,0,0,0
1173,15.6104,-19.05,0,0,0,0
1174,15.875,-19.05,0.333333,0,0,0
1175,15.875,-19.05,0.666667,0,0,0
1176,9.12813,-19.05,1,0,0,0
1177,8.73125,-19.05,1,0,0,0
1178,8.33438,-19.05,1,0,0,0
1179,7.9375,-19.05,1,0,0,0
1180,7.54063,-19.05,1,0,0,0
1181,7.14375,-19.05,1,0,0,0
1182,6.74687,-19.05,1,0,0,0
1183,12.3031,-19.05,1,0,0,0
1184,11.9062,-19.05,1,0,0,0
1185,11.5094,-19.05,1,0,0,0
1186,11.1125,-19.05,1,0,0,0
1187,10.7156,-19.05,1,0,0,0
1188,10.3188,-19.05,1,0,0,0
1189,9.92188,-19.05,1,0,0,0
1190,15.6104,-19.05,1,0,0,0
1191,15.3458,-19.05,1,0,0,0
1192,15.0813,-19.05,1,0,0,0
1193,14.8167,-19.05,1,0,0,0
1194,14.5521,-19.05,1,0,0,0
1195,14.2875,-19.05,1,0,0,0
1196,14.0229,-19.05,1,0,0,0
1197,13.7583,-19.05,1,0,0,0
1198,13.4937,-19.05,1,0,0,0
1199,13.2292,-19.05,1,0,0,0
1200,12.9646,-19.05,1,0,0,0
1201,6.34435,-18.7821,1,0,0,0
1202,6.3274,-18.5147,1,0,0,0
1203,6.29919,-18.2483,1,0,0,0
1204,6.25977,-17.9833,1,0,0,0
1205,6.2092,-17.7202,1,0,0,0
1206,6.14757,-17.4595,1,0,0,0
1207,6.07501,-17.2015,1,0,0,0
1208,5.99163,-16.9469,1,0,0,0
1209,5.89758,-16.6961,1,0,0,0
1210,5.79303,-16.4494,1,0,0,0
1211,5.67817,-16.2073,1,0,0,0
1212,5.55321,-15.9703,1,0,0,0
1213,5.41835,-15.7388,1,0,0,0
1214,5.27385,-15.5132,1,0,0,0
1215,5.11996,-15.2939,1,0,0,0
1216,4.95696,-15.0812,1,0,0,0
1217,4.78513,-14.8757,1,0,0,0
1218,4.60479,-14.6775,1,0,0,0
1219,4.41624,-14.4872,1,0,0,0
1220,2.33147,-16.8948,1,0,0,0
1221,2.41429,-16.988,1,0,0,0
1222,2.49338,-17.0844,1,0,0,0
1223,2.56863,-17.1838,1,0,0,0
1224,2.63992,-17.2861,1,0,0,0
1225,2.70713,-17.3911,1,0,0,0
1226,2.77017,-17.4986,1,0,0,0
1227,2.82895,-17.6086,1,0,0,0
1228,2.88335,-17.7208,1,0,0,0
1229,2.93332,-17.835,1,0,0,0
1230,2.97876,-17.9511,1,0,0,0
1231,3.0196,-18.0689,1,0,0,0
1232,3.0558,-18.1882,1,0,0,0
1233,3.08727,-18.3088,1,0,0,0
1234,3.11399,-18.4306,1,0,0,0
1235,3.13591,-18.5533,1,0,0,0
1236,3.15299,-18.6768,1,0,0,0
1237,3.16521,-18.8009,1,0,0,0
1238,3.17255,-18.9254,1,0,0,0
1239,9.51613,-18.6389,1,0,0,0
1240,9.48952,-18.2287,1,0,0,0
1241,9.44524,-17.8199,1,0,0,0
1242,9.38335,-17.4134,1,0,0,0
1243,9.30399,-17.01,1,0,0,0
1244,9.20728,-16.6104,1,0,0,0
1245,9.09343,-16.2153,1,0,0,0
1246,8.96262,-15.8256,1,0,0,0
1247,8.81512,-15.4418,1,0,0,0
1248,8.6512,-15.0647,1,0,0,0
1249,8.47116,-14.6951,1,0,0,0
1250,8.27533,-14.3336,1,0,0,0
1251,8.06408,-13.9809,1,0,0,0
1252,7.83781,-13.6376,1,0,0,0
1253,7.59694,-13.3044,1,0,0,0
1254,7.34191,-12.9819,1,0,0,0
1255,7.0732,-12.6707,1,0,0,0
1256,6.79131,-12.3714,1,0,0,0
1257,6.49677,-12.0845,1,0,0,0
1258,12.6879,-18.4958,1,0,0,0
1259,12.6516,-17.9426,1,0,0,0
1260,12.5912,-17.3915,1,0,0,0
1261,12.5069,-16.8436,1,0,0,0
1262,12.3987,-16.2999,1,0,0,0
1263,12.2668,-15.7614,1,0,0,0
1264,12.1116,-15.2292,1,0,0,0
1265,11.9334,-14.7043,1,0,0,0
1266,11.7323,-14.1877,1,0,0,0
1267,11.509,-13.6803,1,0,0,0
1268,11.2637,-13.1832,1,0,0,0
1269,10.9969,-12.6972,1,0,0,0
1270,10.7092,-12.2233,1,0,0,0
1271,10.4011,-11.7625,1,0,0,0
1272,10.0731,-11.3155,1,0,0,0
1273,9.726,-10.8833,1,0,0,0
1274,9.36033,-10.4666,1,0,0,0
1275,8.97683,-10.0663,1,0,0,0
1276,8.57623,-9.68313,1,0,0,0
1277,15.875,-18.075,1,0,0,0
1278,15.875,-17.1,1,0,0,0
1279,15.875,-16.125,1,0,0,0
1280,15.875,-15.15,1,0,0,0
1281,15.875,-14.175,1,0,0,0
1282,15.875,-13.2,1,0,0,0
1283,15.875,-12.225,1,0,0,0
1284,15.875,-11.25,1,0,0,0
1285,15.875,-10.275,1,0,0,0
1286,15.875,-9.3,1,0,0,0
1287,15.875,-8.325,1,0,0,0
1288,15.875,-7.35,1,0,0,0
1289,15.875,-6.375,1,0,0,0
1290,15.875,-5.4,1,0,0,0
1291,15.875,-4.425,1,0,0,0
1292,15.875,-3.45,1,0,0,0
1293,15.875,-2.475,1,0,0,0
1294,15.875,-1.5,1,0,0,0
1295,15.875,-0.525,1,0,0,0
1296,4.41624,-14.4872,0,0,0,0
1297,4.60479,-14.6775,0,0,0,0
1298,4.78513,-14.8757,0,0,0,0
1299,4.95696,-15.0812,0,0,0,0
1300,5.11996,-15.2939,0,0,0,0
1301,5.27385,-15.5132,0,0,0,0
1302,5.41835,-15.7388,0,0,0,0
1303,5.55321,-15.9703,0,0,0,0
1304,5.67817,-16.2073,0,0,0,0
1305,5.79303,-16.4494,0,0,0,0
1306,5.89758,-16.6961,0,0,0,0
1307,5.99163,-16.9469,0,0,0,0
1308,6.07501,-17.2015,0,0,0,0
1309,6.14757,-17.4595,0,0,0,0
1310,6.2092,-17.7202,0,0,0,0
1311,6.25977,-17.9833,0,0,0,0
1312,6.29919,-18.2483,0,0,0,0
1313,6.3274,-18.5147,0,0,0,0
1314,6.34435,-18.7821,0,0,0,0
1315,3.17255,-18.9254,0,0,0,0
1316,3.16521,-18.8009,0,0,0,0
1317,3.15299,-18.6768,0,0,0,0
1318,3.13591,-18.5533,0,0,0,0
1319,3.11399,-18.4306,0,0,0,0
1320,3.08727,-18.3088,0,0,0,0
1321,3.0558,-18.1882,0,0,0,0
1322,3.0196,-18.0689,0,0,0,0
1323,2.97876,-17.9511,0,0,0,0
1324,2.93332,-17.835,0,0,0,0
1325,2.88335,-17.7208,0,0,0,0
1326,2.82895,-17.6086,0,0,0,0
1327,2.77017,-17.4986,0,0,0,0
1328,2.70713,-17.3911,0,0,0,0
1329,2.63992,-17.2861,0,0,0,0
1330,2.56863,-17.1838,0,0,0,0
1331,2.49338,-17.0844,0,0,0,0
1332,2.41429,-16.988,0,0,0,0
1333,2.33147,-16.8948,0,0,0,0
1334,6.49677,-12.0845,0,0,0,0
1335,6.79131,-12.3714,0,0,0,0
1336,7.0732,-12.6707,0,0,0,0
1337,7.34191,-12.9819,0,0,0,0
1338,7.59694,-13.3044,0,0,0,0
1339,7.83781,-13.6376,0,0,0,0
1340,8.06408,-13.9809,0,0,0,0
1341,8.27533,-14.3336,0,0,0,0
1342,8.47116,-14.6951,0,0,0,0
1343,8.6512,-15.0647,0,0,0,0
1344,8.81512,-15.4418,0,0,0,0
1345,8.96262,-15.8256,0,0,0,0
1346,9.09343,-16.2153,0,0,0,0
1347,9.20728,-16.6104,0,0,0,0
1348,9.30399,-17.01,0,0,0,0
1349,9.38335,-17.4134,0,0,0,0
1350,9.44524,-17.8199,0,0,0,0
1351,9.48952,-18.2287,0,0,0,0
1352,9.51613,-18.6389,0,0,0,0
1353,8.57623,-9.68313,0,0,0,0
1354,8.97683,-10.0663,0,0,0,0
1355,9.36033,-10.4666,0,0,0,0
1356,9.726,-10.8833,0,0,0,0
1357,10.0731,-11.3155,0,0,0,0
1358,10.4011,-11.7625,0,0,0,0
1359,10.7092,-12.2233,0,0,0,0
1360,10.9969,-12.6972,0,0,0,0
1361,11.2637,-13.1832,0,0,0,0
1362,11.509,-13.6803,0,0,0,0
1363,11.7323,-14.1877,0,0,0,0
1364,11.9334,-14.7043,0,0,0,0
1365,12.1116,-15.2292,0,0,0,0
1366,12.2668,-15.7614,0,0,0,0
1367,12.3987,-16.2999,0,0,0,0
1368,12.5069,-16.8436,0,0,0,0
1369,12.5912,-17.3915,0,0,0,0
1370,12.6516,-17.9426,0,0,0,0
1371,12.6879,-18.4958,0,0,0,0
1372,15.875,-0.525,0,0,0,0
1373,15.875,-1.5,0,0,0,0
1374,15.875,-2.475,0,0,0,0
1375,15.875,-3.45,0,0,0,0
1376,15.875,-4.425,0,0,0,0
1377,15.875,-5.4,0,0,0,0
1378,15.875,-6.375,0,0,0,0
1379,15.875,-7.35,0,0,0,0
1380,15.875,-8.325,0,0,0,0
1381,15.875,-9.3,0,0,0,0
1382,15.875,-10.275,0,0,0,0
1383,15.875,-11.25,0,0,0,0
1384,15.875,-12.225,0,0,0,0
1385,15.875,-13.2,0,0,0,0
1386,15.875,-14.175,0,0,0,0
1387,15.875,-15.15,0,0,0,0
1388,15.875,-16.125,0,0,0,0
1389,15.875,-17.1,0,0,0,0
1390,15.875,-18.075,0,0,0,0
1391,14.8828,19.05,0,0,0,0
1392,13.8906,19.05,0,0,0,0
1393,12.8984,19.05,0,0,0,0
1394,11.9062,19.05,0,0,0,0
1395,10.9141,19.05,0,0,0,0
1396,9.92188,19.05,0,0,0,0
1397,8.92969,19.05,0,0,0,0
1398,7.9375,19.05,0,0,0,0
1399,6.94531,19.05,0,0,0,0
1400,5.95312,19.05,0,0,0,0
1401,4.96094,19.05,0,0,0,0
1402,3.96875,19.05,0,0,0,0
1403,2.97656,19.05,0,0,0,0
1404,1.98438,19.05,0,0,0,0
1405,0.992188,19.05,0,0,0,0
1406,0,19.05,0.333333,0,0,0
1407,0,19.05,0.666667,0,0,0
1408,0.992188,19.05,1,0,0,0
1409,1.98438,19.05,1,0,0,0
1410,2.97656,19.05,1,0,0,0
1411,3.96875,19.05,1,0,0,0
1412,4.96094,19.05,1,0,0,0
1413,5.95312,19.05,1,0,0,0
1414,6.94531,19.05,1,0,0,0
1415,7.9375,19.05,1,0,0,0
1416,8.92969,19.05,1,0,0,0
1417,9.92188,19.05,1,0,0,0
1418,10.9141,19.05,1,0,0,0
1419,11.9062,19.05,1,0,0,0
1420,12.8984,19.05,1,0,0,0
1421,13.8906,19.05,1,0,0,0
1422,14.8828,19.05,1,0,0,0
1423,0,18.0711,1,0,0,0
1424,0,17.0921,1,0,0,0
1425,0,16.1132,1,0,0,0
1426,0,15.1342,1,0,0,0
1427,0,14.1553,1,0,0,0
1428,0,13.1763,1,0,0,0
1429,0,12.1974,1,0,0,0
1430,0,11.2184,1,0,0,0
1431,0,10.2395,1,0,0,0
1432,0,9.26053,1,0,0,0
1433,0,8.28158,1,0,0,0
1434,0,7.30263,1,0,0,0
1435,0,6.32368,1,0,0,0
1436,0,5.34474,1,0,0,0
1437,0,4.36579,1,0,0,0
1438,0,3.38684,1,0,0,0
1439,0,2.40789,1,0,0,0
1440,0,1.42895,1,0,0,0
1441,0,1.42895,0,0,0,0
1442,0,2.40789,0,0,0,0
1443,0,3.38684,0,0,0,0
1444,0,4.36579,0,0,0,0
1445,0,5.34474,0,0,0,0
1446,0,6.32368,0,0,0,0
1447,0,7.30263,0,0,0,0
1448,0,8.28158,0,0,0,0
1449,0,9.26053,0,0,0,0
1450,0,10.2395,0,0,0,0
1451,0,11.2184,0,0,0,0
1452,0,12.1974,0,0,0,0
1453,0,13.1763,0,0,0,0
1454,0,14.1553,0,0,0,0
1455,0,15.1342,0,0,0,0
1456,0,16.1132,0,0,0,0
1457,0,17.0921,0,0,0,0
1458,0,18.0711,0,0,0,0
1459,-0.992188,19.05,1,0,0,0
1460,-1.98438,19.05,1,0,0,0
1461,-2.97656,19.05,1,0,0,0
1462,-3.96875,19.05,1,0,0,0
1463,-4.96094,19.05,1,0,0,0
1464,-5.95312,19.05,1,0,0,0
1465,-6.94531,19.05,1,0,0,0
1466,-7.9375,19.05,1,0,0,0
1467,-8.92969,19.05,1,0,0,0
1468,-9.92188,19.05,1,0,0,0
1469,-10.9141,19.05,1,0,0,0
1470,-11.9062,19.05,1,0,0,0
1471,-12.8984,19.05,1,0,0,0
1472,-13.8906,19.05,1,0,0,0
1473,-14.8828,19.05,1,0,0,0
1474,-14.8828,19.05,0,0,0,0
1475,-13.8906,19.05,0,0,0,0
1476,-12.8984,19.05,0,0,0,0
1477,-11.9062,19.05,0,0,0,0
1478,-10.9141,19.05,0,0,0,0
1479,-9.92188,19.05,0,0,0,0
1480,-8.92969,19.05,0,0,0,0
1481,-7.9375,19.05,0,0,0,0
1482,-6.94531,19.05,0,0,0,0
1483,-5.95312,19.05,0,0,0,0
1484,-4.96094,19.05,0,0,0,0
1485,-3.96875,19.05,0,0,0,0
1486,-2.97656,19.05,0,0,0,0
1487,-1.98438,19.05,0,0,0,0
1488,-0.992188,19.05,0,0,0,0
1489,67.9976,-19.05,1,0,0,0
1490,66.9953,-19.05,1,0,0,0
1491,65.9929,-19.05,1,0,0,0
1492,64.9906,-19.05,1,0,0,0
1493,63.9882,-19.05,1,0,0,0
1494,62.9858,-19.05,1,0,0,0
1495,61.9835,-19.05,1,0,0,0
1496,60.9811,-19.05,1,0,0,0
1497,59.9788,-19.05,1,0,0,0
1498,58.9764,-19.05,1,0,0,0
1499,57.9741,-19.05,1,0,0,0
1500,56.9717,-19.05,1,0,0,0
1501,55.9693,-19.05,1,0,0,0
1502,54.967,-19.05,1,0,0,0
1503,53.9646,-19.05,1,0,0,0
1504,52.9623,-19.05,1,0,0,0
1505,51.9599,-19.05,1,0,0,0
1506,50.9575,-19.05,1,0,0,0
1507,49.9552,-19.05,1,0,0,0
1508,48.9528,-19.05,1,0,0,0
1509,47.9505,-19.05,1,0,0,0
1510,46.9481,-19.05,1,0,0,0
1511,45.9458,-19.05,1,0,0,0
1512,44.9434,-19.05,1,0,0,0
1513,43.941,-19.05,1,0,0,0
1514,42.9387,-19.05,1,0,0,0
1515,41.9363,-19.05,1,0,0,0
1516,40.934,-19.05,1,0,0,0
1517,39.9316,-19.05,1,0,0,0
1518,38.9292,-19.05,1,0,0,0
1519,37.9269,-19.05,1,0,0,0
1520,36.9245,-19.05,1,0,0,0
1521,35.9222,-19.05,1,0,0,0
1522,34.9198,-19.05,1,0,0,0
1523,33.9175,-19.05,1,0,0,0
1524,32.9151,-19.05,1,0,0,0
1525,31.9127,-19.05,1,0,0,0
1526,30.9104,-19.05,1,0,0,0
1527,29.908,-19.05,1,0,0,0
1528,28.9057,-19.05,1,0,0,0
1529,27.9033,-19.05,1,0,0,0
1530,26.9009,-19.05,1,0,0,0
1531,25.8986,-19.05,1,0,0,0
1532,24.8962,-19.05,1,0,0,0
1533,23.8939,-19.05,1,0,0,0
1534,22.8915,-19.05,1,0,0,0
1535,21.8892,-19.05,1,0,0,0
1536,20.8868,-19.05,1,0,0,0
1537,19.8844,-19.05,1,0,0,0
1538,18.8821,-19.05,1,0,0,0
1539,17.8797,-19.05,1,0,0,0
1540,16.8774,-19.05,1,0,0,0
1541,69,-19.05,0.333333,0,0,0
1542,69,-19.05,0.666667,0,0,0
1543,16.8774,-19.05,0,0,0,0
1544,17.8797,-19.05,0,0,0,0
1545,18.8821,-19.05,0,0,0,0
1546,19.8844,-19.05,0,0,0,0
1547,20.8868,-19.05,0,0,0,0
1548,21.8892,-19.05,0,0,0,0
1549,22.8915,-19.05,0,0,0,0
1550,23.8939,-19.05,0,0,0,0
1551,24.8962,-19.05,0,0,0,0
1552,25.8986,-19.05,0,0,0,0
1553,26.9009,-19.05,0,0,0,0
1554,27.9033,-19.05,0,0,0,0
1555,28.9057,-19.05,0,0,0,0
1556,29.908,-19.05,0,0,0,0
1557,30.9104,-19.05,0,0,0,0
1558,31.9127,-19.05,0,0,0,0
1559,32.9151,-19.05,0,0,0,0
1560,33.9175,-19.05,0,0,0,0
1561,34.9198,-19.05,0,0,0,0
1562,35.9222,-19.05,0,0,0,0
1563,36.9245,-19.05,0,0,0,0
1564,37.9269,-19.05,0,0,0,0
1565,38.9292,-19.05,0,0,0,0
1566,39.9316,-19.05,0,0,0,0
1567,40.934,-19.05,0,0,0,0
1568,41.9363,-19.05,0,0,0,0
1569,42.9387,-19.05,0,0,0,0
1570,43.941,-19.05,0,0,0,0
1571,44.9434,-19.05,0,0,0,0
1572,45.9458,-19.05,0,0,0,0
1573,46.9481,-19.05,0,0,0,0
1574,47.9505,-19.05,0,0,0,0
1575,48.9528,-19.05,0,0,0,0
1576,49.9552,-19.05,0,0,0,0
1577,50.9575,-19.05,0,0,0,0
1578,51.9599,-19.05,0,0,0,0
1579,52.9623,-19.05,0,0,0,0
1580,53.9646,-19.05,0,0,0,0
1581,54.967,-19.05,0,0,0,0
1582,55.9693,-19.05,0,0,0,0
1583,56.9717,-19.05,0,0,0,0
1584,57.9741,-19.05,0,0,0,0
1585,58.9764,-19.05,0,0,0,0
1586,59.9788,-19.05,0,0,0,0
1587,60.9811,-19.05,0,0,0,0
1588,61.9835,-19.05,0,0,0,0
1589,62.9858,-19.05,0,0,0,0
1590,63.9882,-19.05,0,0,0,0
1591,64.9906,-19.05,0,0,0,0
1592,65.9929,-19.05,0,0,0,0
1593,66.9953,-19.05,0,0,0,0
1594,67.9976,-19.05,0,0,0,0
1595,69,-0.525,0,0,0,0
1596,69,-1.5,0,0,0,0
1597,69,-2.475,0,0,0,0
1598,69,-3.45,0,0,0,0
1599,69,-4.425,0,0,0,0
1600,69,-5.4,0,0,0,0
1601,69,-6.375,0,0,0,0
1602,69,-7.35,0,0,0,0
1603,69,-8.325,0,0,0,0
1604,69,-9.3,0,0,0,0
1605,69,-10.275,0,0,0,0
1606,69,-11.25,0,0,0,0
1607,69,-12.225,0,0,0,0
1608,69,-13.2,0,0,0,0
1609,69,-14.175,0,0,0,0
1610,69,-15.15,0,0,0,0
1611,69,-16.125,0,0,0,0
1612,69,-17.1,0,0,0,0
1613,69,-18.075,0,0,0,0
1614,69,-18.075,1,0,0,0
1615,69,-17.1,1,0,0,0
1616,69,-16.125,1,0,0,0
1617,69,-15.15,1,0,0,0
1618,69,-14.175,1,0,0,0
1619,69,-13.2,1,0,0,0
1620,69,-12.225,1,0,0,0
1621,69,-11.25,1,0,0,0
1622,69,-10.275,1,0,0,0
1623,69,-9.3,1,0,0,0
1624,69,-8.325,1,0,0,0
1625,69,-7.35,1,0,0,0
1626,69,-6.375,1,0,0,0
1627,69,-5.4,1,0,0,0
1628,69,-4.425,1,0,0,0
1629,69,-3.45,1,0,0,0
1630,69,-2.475,1,0,0,0
1631,69,-1.5,1,0,0,0
1632,69,-0.525,1,0,0,0
1633,-15.875,-0.525,1,0,0,0
1634,-15.875,-1.5,1,0,0,0
1635,-15.875,-2.475,1,0,0,0
1636,-15.875,-3.45,1,0,0,0
1637,-15.875,-4.425,1,0,0,0
1638,-15.875,-5.4,1,0,0,0
1639,-15.875,-6.375,1,0,0,0
1640,-15.875,-7.35,1,0,0,0
1641,-15.875,-8.325,1,0,0,0
1642,-15.875,-9.3,1,0,0,0
1643,-15.875,-10.275,1,0,0,0
1644,-15.875,-11.25,1,0,0,0
1645,-15.875,-12.225,1,0,0,0
1646,-15.875,-13.2,1,0,0,0
1647,-15.875,-14.175,1,0,0,0
1648,-15.875,-15.15,1,0,0,0
1649,-15.875,-16.125,1,0,0,0
1650,-15.875,-17.1,1,0,0,0
1651,-15.875,-18.075,1,0,0,0
1652,-15.6104,-19.05,1,0,0,0
1653,-15.3458,-19.05,1,0,0,0
1654,-15.0813,-19.05,1,0,0,0
1655,-14.8167,-19.05,1,0,0,0
1656,-14.5521,-19.05,1,0,0,0
1657,-14.2875,-19.05,1,0,0,0
1658,-14.0229,-19.05,1,0,0,0
1659,-13.7583,-19.05,1,0,0,0
1660,-13.4937,-19.05,1,0,0,0
1661,-13.2292,-19.05,1,0,0,0
1662,-12.9646,-19.05,1,0,0,0
1663,-12.6879,-18.4958,1,0,0,0
1664,-12.6516,-17.9426,1,0,0,0
1665,-12.5912,-17.3915,1,0,0,0
1666,-12.5069,-16.8436,1,0,0,0
1667,-12.3987,-16.2999,1,0,0,0
1668,-12.2668,-15.7614,1,0,0,0
1669,-12.1116,-15.2292,1,0,0,0
1670,-11.9334,-14.7043,1,0,0,0
1671,-11.7323,-14.1877,1,0,0,0
1672,-11.509,-13.6803,1,0,0,0
1673,-11.2637,-13.1832,1,0,0,0
1674,-10.9969,-12.6972,1,0,0,0
1675,-10.7092,-12.2233,1,0,0,0
1676,-10.4011,-11.7625,1,0,0,0
1677,-10.0731,-11.3155,1,0,0,0
1678,-9.726,-10.8833,1,0,0,0
1679,-9.36033,-10.4666,1,0,0,0
1680,-8.97683,-10.0663,1,0,0,0
1681,-8.57623,-9.68313,1,0,0,0
1682,-12.3031,-19.05,1,0,0,0
1683,-11.9062,-19.05,1,0,0,0
1684,-11.5094,-19.05,1,0,0,0
1685,-11.1125,-19.05,1,0,0,0
1686,-10.7156,-19.05,1,0,0,0
1687,-10.3188,-19.05,1,0,0,0
1688,-9.92188,-19.05,1,0,0,0
1689,-9.51613,-18.6389,1,0,0,0
1690,-9.48952,-18.2287,1,0,0,0
1691,-9.44524,-17.8199,1,0,0,0
1692,-9.38335,-17.4134,1,0,0,0
1693,-9.30399,-17.01,1,0,0,0
1694,-9.20728,-16.6104,1,0,0,0
1695,-9.09343,-16.2153,1,0,0,0
1696,-8.96262,-15.8256,1,0,0,0
1697,-8.81512,-15.4418,1,0,0,0
1698,-8.6512,-15.0647,1,0,0,0
1699,-8.47116,-14.6951,1,0,0,0
1700,-8.27533,-14.3336,1,0,0,0
1701,-8.06408,-13.9809,1,0,0,0
1702,-7.83781,-13.6376,1,0,0,0
1703,-7.59694,-13.3044,1,0,0,0
1704,-7.34191,-12.9819,1,0,0,0
1705,-7.0732,-12.6707,1,0,0,0
1706,-6.79131,-12.3714,1,0,0,0
1707,-6.49677,-12.0845,1,0,0,0
1708,-9.12813,-19.05,1,0,0,0
1709,-8.73125,-19.05,1,0,0,0
1710,-8.33438,-19.05,1,0,0,0
1711,-7.9375,-19.05,1,0,0,0
1712,-7.54063,-19.05,1,0,0,0
1713,-7.14375,-19.05,1,0,0,0
1714,-6.74687,-19.05,1,0,0,0
1715,-6.34435,-18.7821,1,0,0,0
1716,-6.3274,-18.5147,1,0,0,0
1717,-6.29919,-18.2483,1,0,0,0
1718,-6.25977,-17.9833,1,0,0,0
1719,-6.2092,-17.7202,1,0,0,0
1720,-6.14757,-17.4595,1,0,0,0
1721,-6.07501,-17.2015,1,0,0,0
1722,-5.99163,-16.9469,1,0,0,0
1723,-5.89758,-16.6961,1,0,0,0
1724,-5.79303,-16.4494,1,0,0,0
1725,-5.67817,-16.2073,1,0,0,0
1726,-5.55321,-15.9703,1,0,0,0
1727,-5.41835,-15.7388,1,0,0,0
1728,-5.27385,-15.5132,1,0,0,0
1729,-5.11996,-15.2939,1,0,0,0
1730,-4.95696,-15.0812,1,0,0,0
1731,-4.78513,-14.8757,1,0,0,0
1732,-4.60479,-14.6775,1,0,0,0
1733,-4.41624,-14.4872,1,0,0,0
1734,-5.55625,-19.05,1,0,0,0
1735,-4.7625,-19.05,1,0,0,0
1736,-3.96875,-19.05,1,0,0,0
1737,-3.17255,-18.9254,1,0,0,0
1738,-3.16521,-18.8009,1,0,0,0
1739,-3.15299,-18.6768,1,0,0,0
1740,-3.13591,-18.5533,1,0,0,0
1741,-3.11399,-18.4306,1,0,0,0
1742,-3.08727,-18.3088,1,0,0,0
1743,-3.0558,-18.1882,1,0,0,0
1744,-3.0196,-18.0689,1,0,0,0
1745,-2.97876,-17.9511,1,0,0,0
1746,-2.93332,-17.835,1,0,0,0
1747,-2.88335,-17.7208,1,0,0,0
1748,-2.82895,-17.6086,1,0,0,0
1749,-2.77017,-17.4986,1,0,0,0
1750,-2.70713,-17.3911,1,0,0,0
1751,-2.63992,-17.2861,1,0,0,0
1752,-2.56863,-17.1838,1,0,0,0
1753,-2.49338,-17.0844,1,0,0,0
1754,-2.41429,-16.988,1,0,0,0
1755,-2.33147,-16.8948,1,0,0,0
1756,-15.875,-18.075,0,0,0,0
1757,-15.875,-17.1,0,0,0,0
1758,-15.875,-16.125,0,0,0,0
1759,-15.875,-15.15,0,0,0,0
1760,-15.875,-14.175,0,0,0,0
1761,-15.875,-13.2,0,0,0,0
1762,-15.875,-12.225,0,0,0,0
1763,-15.875,-11.25,0,0,0,0
1764,-15.875,-10.275,0,0,0,0
1765,-15.875,-9.3,0,0,0,0
1766,-15.875,-8.325,0,0,0,0
1767,-15.875,-7.35,0,0,0,0
1768,-15.875,-6.375,0,0,0,0
1769,-15.875,-5.4,0,0,0,0
1770,-15.875,-4.425,0,0,0,0
1771,-15.875,-3.45,0,0,0,0
1772,-15.875,-2.475,0,0,0,0
1773,-15.875,-1.5,0,0,0,0
1774,-15.875,-0.525,0,0,0,0
1775,-12.9646,-19.05,0,0,0,0
1776,-13.2292,-19.05,0,0,0,0
1777,-13.4937,-19.05,0,0,0,0
1778,-13.7583,-19.05,0,0,0,0
1779,-14.0229,-19.05,0,0,0,0
1780,-14.2875,-19.05,0,0,0,0
1781,-14.5521,-19.05,0,0,0,0
1782,-14.8167,-19.05,0,0,0,0
1783,-15.0813,-19.05,0,0,0,0
1784,-15.3458,-19.05,0,0,0,0
1785,-15.6104,-19.05,0,0,0,0
1786,-8.57623,-9.68313,0,0,0,0
1787,-8.97683,-10.0663,0,0,0,0
1788,-9.36033,-10.4666,0,0,0,0
1789,-9.726,-10.8833,0,0,0,0
1790,-10.0731,-11.3155,0,0,0,0
1791,-10.4011,-11.7625,0,0,0,0
1792,-10.7092,-12.2233,0,0,0,0
1793,-10.9969,-12.6972,0,0,0,0
1794,-11.2637,-13.1832,0,0,0,0
1795,-11.509,-13.6803,0,0,0,0
1796,-11.7323,-14.1877,0,0,0,0
1797,-11.9334,-14.7043,0,0,0,0
1798,-12.1116,-15.2292,0,0,0,0
1799,-12.2668,-15.7614,0,0,0,0
1800,-12.3987,-16.2999,0,0,0,0
1801,-12.5069,-16.8436,0,0,0,0
1802,-12.5912,-17.3915,0,0,0,0
1803,-12.6516,-17.9426,0,0,0,0
1804,-12.6879,-18.4958,0,0,0,0
1805,-6.49677,-12.0845,0,0,0,0
1806,-6.79131,-12.3714,0,0,0,0
1807,-7.0732,-12.6707,0,0,0,0
1808,-7.34191,-12.9819,0,0,0,0
1809,-7.59694,-13.3044,0,0,0,0
1810,-7.83781,-13.6376,0,0,0,0
1811,-8.06408,-13.9809,0,0,0,0
1812,-8.27533,-14.3336,0,0,0,0
1813,-8.47116,-14.6951,0,0,0,0
1814,-8.6512,-15.0647,0,0,0,0
1815,-8.81512,-15.4418,0,0,0,0
1816,-8.96262,-15.8256,0,0,0,0
1817,-9.09343,-16.2153,0,0,0,0
1818,-9.20728,-16.6104,0,0,0,0
1819,-9.30399,-17.01,0,0,0,0
1820,-9.38335,-17.4134,0,0,0,0
1821,-9.44524,-17.8199,0,0,0,0
1822,-9.48952,-18.2287,0,0,0,0
1823,-9.51613,-18.6389,0,0,0,0
1824,-9.92188,-19.05,0,0,0,0
1825,-10.3188,-19.05,0,0,0,0
1826,-10.7156,-19.05,0,0,0,0
1827,-11.1125,-19.05,0,0,0,0
1828,-11.5094,-19.05,0,0,0,0
1829,-11.9062,-19.05,0,0,0,0
1830,-12.3031,-19.05,0,0,0,0
1831,-4.41624,-14.4872,0,0,0,0
1832,-4.60479,-14.6775,0,0,0,0
1833,-4.78513,-14.8757,0,0,0,0
1834,-4.95696,-15.0812,0,0,0,0
1835,-5.11996,-15.2939,0,0,0,0
1836,-5.27385,-15.5132,0,0,0,0
1837,-5.41835,-15.7388,0,0,0,0
1838,-5.55321,-15.9703,0,0,0,0
1839,-5.67817,-16.2073,0,0,0,0
1840,-5.79303,-16.4494,0,0,0,0
1841,-5.89758,-16.6961,0,0,0,0
1842,-5.99163,-16.9469,0,0,0,0
1843,-6.07501,-17.2015,0,0,0,0
1844,-6.14757,-17.4595,0,0,0,0
1845,-6.2092,-17.7202,0,0,0,0
1846,-6.25977,-17.9833,0,0,0,0
1847,-6.29919,-18.2483,0,0,0,0
1848,-6.3274,-18.5147,0,0,0,0
1849,-6.34435,-18.7821,0,0,0,0
1850,-6.74687,-19.05,0,0,0,0
1851,-7.14375,-19.05,0,0,0,0
1852,-7.54063,-19.05,0,0,0,0
1853,-7.9375,-19.05,0,0,0,0
1854,-8.33438,-19.05,0,0,0,0
1855,-8.73125,-19.05,0,0,0,0
1856,-9.12813,-19.05,0,0,0,0
1857,-2.33147,-16.8948,0,0,0,0
1858,-2.41429,-16.988,0,0,0,0
1859,-2.49338,-17.0844,0,0,0,0
1860,-2.56863,-17.1838,0,0,0,0
1861,-2.63992,-17.2861,0,0,0,0
1862,-2.70713,-17.3911,0,0,0,0
1863,-2.77017,-17.4986,0,0,0,0
1864,-2.82895,-17.6086,0,0,0,0
1865,-2.88335,-17.7208,0,0,0,0
1866,-2.93332,-17.835,0,0,0,0
1867,-2.97876,-17.9511,0,0,0,0
1868,-3.0196,-18.0689,0,0,0,0
1869,-3.0558,-18.1882,0,0,0,0
1870,-3.08727,-18.3088,0,0,0,0
1871,-3.11399,-18.4306,0,0,0,0
1872,-3.13591,-18.5533,0,0,0,0
1873,-3.15299,-18.6768,0,0,0,0
1874,-3.16521,-18.8009,0,0,0,0
1875,-3.17255,-18.9254,0,0,0,0
1876,-3.96875,-19.05,0,0,0,0
1877,-4.7625,-19.05,0,0,0,0
1878,-5.55625,-19.05,0,0,0,0
1879,-6.35,-19.05,0.333333,0,0,0
1880,-6.35,-19.05,0.666667,0,0,0
1881,-15.875,-19.05,0.666667,0,0,0
1882,-15.875,-19.05,0.333333,0,0,0
1883,-3.175,-19.05,0.333333,0,0,0
1884,-3.175,-19.05,0.666667,0,0,0
1885,-67.9976,-19.05,0,0,0,0
1886,-66.9953,-19.05,0,0,0,0
1887,-65.9929,-19.05,0,0,0,0
1888,-64.9906,-19.05,0,0,0,0
1889,-63.9882,-19.05,0,0,0,0
1890,-62.9858,-19.05,0,0,0,0
1891,-61.9835,-19.05,0,0,0,0
1892,-60.9811,-19.05,0,0,0,0
1893,-59.9788,-19.05,0,0,0,0
1894,-58.9764,-19.05,0,0,0,0
1895,-57.9741,-19.05,0,0,0,0
1896,-56.9717,-19.05,0,0,0,0
1897,-55.9693,-19.05,0,0,0,0
1898,-54.967,-19.05,0,0,0,0
1899,-53.9646,-19.05,0,0,0,0
1900,-52.9623,-19.05,0,0,0,0
1901,-51.9599,-19.05,0,0,0,0
1902,-50.9575,-19.05,0,0,0,0
1903,-49.9552,-19.05,0,0,0,0
1904,-48.9528,-19.05,0,0,0,0
1905,-47.9505,-19.05,0,0,0,0
1906,-46.9481,-19.05,0,0,0,0
1907,-45.9458,-19.05,0,0,0,0
1908,-44.9434,-19.05,0,0,0,0
1909,-43.941,-19.05,0,0,0,0
1910,-42.9387,-19.05,0,0,0,0
1911,-41.9363,-19.05,0,0,0,0
1912,-40.934,-19.05,0,0,0,0
1913,-39.9316,-19.05,0,0,0,0
1914,-38.9292,-19.05,0,0,0,0
1915,-37.9269,-19.05,0,0,0,0
1916,-36.9245,-19.05,0,0,0,0
1917,-35.9222,-19.05,0,0,0,0
1918,-34.9198,-19.05,0,0,0,0
1919,-33.9175,-19.05,0,0,0,0
1920,-32.9151,-19.05,0,0,0,0
1921,-31.9127,-19.05,0,0,0,0
1922,-30.9104,-19.05,0,0,0,0
1923,-29.908,-19.05,0,0,0,0
1924,-28.9057,-19.05,0,0,0,0
1925,-27.9033,-19.05,0,0,0,0
1926,-26.9009,-19.05,0,0,0,0
1927,-25.8986,-19.05,0,0,0,0
1928,-24.8962,-19.05,0,0,0,0
1929,-23.8939,-19.05,0,0,0,0
1930,-22.8915,-19.05,0,0,0,0
1931,-21.8892,-19.05,0,0,0,0
1932,-20.8868,-19.05,0,0,0,0
1933,-19.8844,-19.05,0,0,0,0
1934,-18.8821,-19.05,0,0,0,0
1935,-17.8797,-19.05,0,0,0,0
1936,-16.8774,-19.05,0,0,0,0
1937,-69,-19.05,0.666667,0,0,0
1938,-69,-19.05,0.333333,0,0,0
1939,-16.8774,-19.05,1,0,0,0
1940,-17.8797,-19.05,1,0,0,0
1941,-18.8821,-19.05,1,0,0,0
1942,-19.8844,-19.05,1,0,0,0
1943,-20.8868,-19.05,1,0,0,0
1944,-21.8892,-19.05,1,0,0,0
1945,-22.8915,-19.05,1,0,0,0
1946,-23.8939,-19.05,1,0,0,0
1947,-24.8962,-19.05,1,0,0,0
1948,-25.8986,-19.05,1,0,0,0
1949,-26.9009,-19.05,1,0,0,0
1950,-27.9033,-19.05,1,0,0,0
1951,-28.9057,-19.05,1,0,0,0
1952,-29.908,-19.05,1,0,0,0
1953,-30.9104,-19.05,1,0,0,0
1954,-31.9127,-19.05,1,0,0,0
1955,-32.9151,-19.05,1,0,0,0
1956,-33.9175,-19.05,1,0,0,0
1957,-34.9198,-19.05,1,0,0,0
1958,-35.9222,-19.05,1,0,0,0
1959,-36.9245,-19.05,1,0,0,0
1960,-37.9269,-19.05,1,0,0,0
1961,-38.9292,-19.05,1,0,0,0
1962,-39.9316,-19.05,1,0,0,0
1963,-40.934,-19.05,1,0,0,0
1964,-41.9363,-19.05,1,0,0,0
1965,-42.9387,-19.05,1,0,0,0
1966,-43.941,-19.05,1,0,0,0
1967,-44.9434,-19.05,1,0,0,0
1968,-45.9458,-19.05,1,0,0,0
1969,-46.9481,-19.05,1,0,0,0
1970,-47.9505,-19.05,1,0,0,0
1971,-48.9528,-19.05,1,0,0,0
1972,-49.9552,-19.05,1,0,0,0
1973,-50.9575,-19.05,1,0,0,0
1974,-51.9599,-19.05,1,0,0,0
1975,-52.9623,-19.05,1,0,0,0
1976,-53.9646,-19.05,1,0,0,0
1977,-54.967,-19.05,1,0,0,0
1978,-55.9693,-19.05,1,0,0,0
1979,-56.9717,-19.05,1,0,0,0
1980,-57.9741,-19.05,1,0,0,0
1981,-58.9764,-19.05,1,0,0,0
1982,-59.9788,-19.05,1,0,0,0
1983,-60.9811,-19.05,1,0,0,0
1984,-61.9835,-19.05,1,0,0,0
1985,-62.9858,-19.05,1,0,0,0
1986,-63.9882,-19.05,1,0,0,0
1987,-64.9906,-19.05,1,0,0,0
1988,-65.9929,-19.05,1,0,0,0
1989,-66.9953,-19.05,1,0,0,0
1990,-67.9976,-19.05,1,0,0,0
1991,-69,-0.525,1,0,0,0
1992,-69,-1.5,1,0,0,0
1993,-69,-2.475,1,0,0,0
1994,-69,-3.45,1,0,0,0
1995,-69,-4.425,1,0,0,0
1996,-69,-5.4,1,0,0,0
1997,-69,-6.375,1,0,0,0
1998,-69,-7.35,1,0,0,0
1999,-69,-8.325,1,0,0,0
2000,-69,-9.3,1,0,0,0
2001,-69,-10.275,1,0,0,0
2002,-69,-11.25,1,0,0,0
2003,-69,-12.225,1,0,0,0
2004,-69,-13.2,1,0,0,0
2005,-69,-14.175,1,0,0,0
2006,-69,-15.15,1,0,0,0
2007,-69,-16.125,1,0,0,0
2008,-69,-17.1,1,0,0,0
2009,-69,-18.075,1,0,0,0
2010,-69,-18.075,0,0,0,0
2011,-69,-17.1,0,0,0,0
2012,-69,-16.125,0,0,0,0
2013,-69,-15.15,0,0,0,0
2014,-69,-14.175,0,0,0,0
2015,-69,-13.2,0,0,0,0
2016,-69,-12.225,0,0,0,0
2017,-69,-11.25,0,0,0,0
2018,-69,-10.275,0,0,0,0
2019,-69,-9.3,0,0,0,0
2020,-69,-8.325,0,0,0,0
2021,-69,-7.35,0,0,0,0
2022,-69,-6.375,0,0,0,0
2023,-69,-5.4,0,0,0,0
2024,-69,-4.425,0,0,0,0
2025,-69,-3.45,0,0,0,0
2026,-69,-2.475,0,0,0,0
2027,-69,-1.5,0,0,0,0
2028,-69,-0.525,0,0,0,0
2029,-16.8774,1.42895,0,0,0,0
2030,-17.8797,1.42895,0,0,0,0
2031,-18.8821,1.42895,0,0,0,0
2032,-19.8844,1.42895,0,0,0,0
2033,-20.8868,1.42895,0,0,0,0
2034,-21.8892,1.42895,0,0,0,0
2035,-22.8915,1.42895,0,0,0,0
2036,-23.8939,1.42895,0,0,0,0
2037,-24.8962,1.42895,0,0,0,0
2038,-25.8986,1.42895,0,0,0,0
2039,-26.9009,1.42895,0,0,0,0
2040,-27.9033,1.42895,0,0,0,0
2041,-28.9057,1.42895,0,0,0,0
2042,-29.908,1.42895,0,0,0,0
2043,-30.9104,1.42895,0,0,0,0
2044,-31.9127,1.42895,0,0,0,0
2045,-32.9151,1.42895,0,0,0,0
2046,-33.9175,1.42895,0,0,0,0
2047,-34.9198,1.42895,0,0,0,0
2048,-35.9222,1.42895,0,0,0,0
2049,-36.9245,1.42895,0,0,0,0
2050,-37.9269,1.42895,0,0,0,0
2051,-38.9292,1.42895,0,0,0,0
2052,-39.9316,1.42895,0,0,0,0
2053,-40.934,1.42895,0,0,0,0
2054,-41.9363,1.42895,0,0,0,0
2055,-42.9387,1.42895,0,0,0,0
2056,-43.941,1.42895,0,0,0,0
2057,-44.9434,1.42895,0,0,0,0
2058,-45.9458,1.42895,0,0,0,0
2059,-46.9481,1.42895,0,0,0,0
2060,-47.9505,1.42895,0,0,0,0
2061,-48.9528,1.42895,0,0,0,0
2062,-49.9552,1.42895,0,0,0,0
2063,-50.9575,1.42895,0,0,0,0
2064,-51.9599,1.42895,0,0,0,0
2065,-52.9623,1.42895,0,0,0,0
2066,-53.9646,1.42895,0,0,0,0
2067,-54.967,1.42895,0,0,0,0
2068,-55.9693,1.42895,0,0,0,0
2069,-56.9717,1.42895,0,0,0,0
2070,-57.9741,1.42895,0,0,0,0
2071,-58.9764,1.42895,0,0,0,0
2072,-59.9788,1.42895,0,0,0,0
2073,-60.9811,1.42895,0,0,0,0
2074,-61.9835,1.42895,0,0,0,0
2075,-62.9858,1.42895,0,0,0,0
2076,-63.9882,1.42895,0,0,0,0
2077,-64.9906,1.42895,0,0,0,0
2078,-65.9929,1.42895,0,0,0,0
2079,-66.9953,1.42895,0,0,0,0
2080,-67.9976,1.42895,0,0,0,0
2081,-16.8774,2.40789,0,0,0,0
2082,-17.8797,2.40789,0,0,0,0
2083,-18.8821,2.40789,0,0,0,0
2084,-19.8844,2.40789,0,0,0,0
2085,-20.8868,2.40789,0,0,0,0
2086,-21.8892,2.40789,0,0,0,0
2087,-22.8915,2.40789,0,0,0,0
2088,-23.8939,2.40789,0,0,0,0
2089,-24.8962,2.40789,0,0,0,0
2090,-25.8986,2.40789,0,0,0,0
2091,-26.9009,2.40789,0,0,0,0
2092,-27.9033,2.40789,0,0,0,0
2093,-28.9057,2.40789,0,0,0,0
2094,-29.908,2.40789,0,0,0,0
2095,-30.9104,2.40789,0,0,0,0
2096,-31.9127,2.40789,0,0,0,0
2097,-32.9151,2.40789,0,0,0,0
2098,-33.9175,2.40789,0,0,0,0
2099,-34.9198,2.40789,0,0,0,0
2100,-35.9222,2.40789,0,0,0,0
2101,-36.9245,2.40789,0,0,0,0
2102,-37.9269,2.40789,0,0,0,0
2103,-38.9292,2.40789,0,0,0,0
2104,-39.9316,2.40789,0,0,0,0
2105,-40.934,2.40789,0,0,0,0
2106,-41.9363,2.40789,0,0,0,0
2107,-42.9387,2.40789,0,0,0,0
2108,-43.941,2.40789,0,0,0,0
2109,-44.9434,2.40789,0,0,0,0
2110,-45.9458,2.40789,0,0,0,0
2111,-46.9481,2.40789,0,0,0,0
2112,-47.9505,2.40789,0,0,0,0
2113,-48.9528,2.40789,0,0,0,0
2114,-49.9552,2.40789,0,0,0,0
2115,-50.9575,2.40789,0,0,0,0
2116,-51.9599,2.40789,0,0,0,0
2117,-52.9623,2.40789,0,0,0,0
2118,-53.9646,2.40789,0,0,0,0
2119,-54.967,2.40789,0,0,0,0
2120,-55.9693,2.40789,0,0,0,0
2121,-56.9717,2.40789,0,0,0,0
2122,-57.9741,2.40789,0,0,0,0
2123,-58.9764,2.40789,0,0,0,0
2124,-59.9788,2.40789,0,0,0,0
2125,-60.9811,2.40789,0,0,0,0
2126,-61.9835,2.40789,0,0,0,0
2127,-62.9858,2.40789,0,0,0,0
2128,-63.9882,2.40789,0,0,0,0
2129,-64.9906,2.40789,0,0,0,0
2130,-65.9929,2.40789,0,0,0,0
2131,-66.9953,2.40789,0,0,0,0
2132,-67.9976,2.40789,0,0,0,0
2133,-16.8774,3.38684,0,0,0,0
2134,-17.8797,3.38684,0,0,0,0
2135,-18.8821,3.38684,0,0,0,0
2136,-19.8844,3.38684,0,0,0,0
2137,-20.8868,3.38684,0,0,0,0
2138,-21.8892,3.38684,0,0,0,0
2139,-22.8915,3.38684,0,0,0,0
2140,-23.8939,3.38684,0,0,0,0
2141,-24.8962,3.38684,0,0,0,0
2142,-25.8986,3.38684,0,0,0,0
2143,-26.9009,3.38684,0,0,0,0
2144,-27.9033,3.38684,0,0,0,0
2145,-28.9057,3.38684,0,0,0,0
2146,-29.908,3.38684,0,0,0,0
2147,-30.9104,3.38684,0,0,0,0
2148,-31.9127,3.38684,0,0,0,0
2149,-32.9151,3.38684,0,0,0,0
2150,-33.9175,3.38684,0,0,0,0
2151,-34.9198,3.38684,0,0,0,0
2152,-35.9222,3.38684,0,0,0,0
2153,-36.9245,3.38684,0,0,0,0
2154,-37.9269,3.38684,0,0,0,0
2155,-38.9292,3.38684,0,0,0,0
2156,-39.9316,3.38684,0,0,0,0
2157,-40.934,3.38684,0,0,0,0
2158,-41.9363,3.38684,0,0,0,0
2159,-42.9387,3.38684,0,0,0,0
2160,-43.941,3.38684,0,0,0,0
2161,-44.9434,3.38684,0,0,0,0
2162,-45.9458,3.38684,0,0,0,0
2163,-46.9481,3.38684,0,0,0,0
2164,-47.9505,3.38684,0,0,0,0
2165,-48.9528,3.38684,0,0,0,0
2166,-49.9552,3.38684,0,0,0,0
2167,-50.9575,3.38684,0,0,0,0
2168,-51.9599,3.38684,0,0,0,0
2169,-52.9623,3.38684,0,0,0,0
2170,-53.9646,3.38684,0,0,0,0
2171,-54.967,3.38684,0,0,0,0
2172,-55.9693,3.38684,0,0,0,0
2173,-56.9717,3.38684,0,0,0,0
2174,-57.9741,3.38684,0,0,0,0
2175,-58.9764,3.38684,0,0,0,0
2176,-59.9788,3.38684,0,0,0,0
2177,-60.9811,3.38684,0,0,0,0
2178,-61.9835,3.38684,0,0,0,0
2179,-62.9858,3.38684,0,0,0,0
2180,-63.9882,3.38684,0,0,0,0
2181,-64.9906,3.38684,0,0,0,0
2182,-65.9929,3.38684,0,0,0,0
2183,-66.9953,3.38684,0,0,0,0
2184,-67.9976,3.38684,0,0,0,0
2185,-16.8774,4.36579,0,0,0,0
2186,-17.8797,4.36579,0,0,0,0
2187,-18.8821,4.36579,0,0,0,0
2188,-19.8844,4.36579,0,0,0,0
2189,-20.8868,4.36579,0,0,0,0
2190,-21.8892,4.36579,0,0,0,0
2191,-22.8915,4.36579,0,0,0,0
2192,-23.8939,4.36579,0,0,0,0
2193,-24.8962,4.36579,0,0,0,0
2194,-25.8986,4.36579,0,0,0,0
2195,-26.9009,4.36579,0,0,0,0
2196,-27.9033,4.36579,0,0,0,0
2197,-28.9057,4.36579,0,0,0,0
2198,-29.908,4.36579,0,0,0,0
2199,-30.9104,4.36579,0,0,0,0
2200,-31.9127,4.36579,0,0,0,0
2201,-32.9151,4.36579,0,0,0,0
2202,-33.9175,4.36579,0,0,0,0
2203,-34.9198,4.36579,0,0,0,0
2204,-35.9222,4.36579,0,0,0,0
2205,-36.9245,4.36579,0,0,0,0
2206,-37.9269,4.36579,0,0,0,0
2207,-38.9292,4.36579,0,0,0,0
2208,-39.9316,4.36579,0,0,0,0
2209,-40.934,4.36579,0,0,0,0
2210,-41.9363,4.36579,0,0,0,0
2211,-42.9387,4.36579,0,0,0,0
2212,-43.941,4.36579,0,0,0,0
2213,-44.9434,4.36579,0,0,0,0
2214,-45.9458,4.36579,0,0,0,0
2215,-46.9481,4.36579,0,0,0,0
2216,-47.9505,4.36579,0,0,0,0
2217,-48.9528,4.36579,0,0,0,0
2218,-49.9552,4.36579,0,0,0,0
2219,-50.9575,4.36579,0,0,0,0
2220,-51.9599,4.36579,0,0,0,0
2221,-52.9623,4.36579,0,0,0,0
2222,-53.9646,4.36579,0,0,0,0
2223,-54.967,4.36579,0,0,0,0
2224,-55.9693,4.36579,0,0,0,0
2225,-56.9717,4.36579,0,0,0,0
2226,-57.9741,4.36579,0,0,0,0
2227,-58.9764,4.36579,0,0,0,0
2228,-59.9788,4.36579,0,0,0,0
2229,-60.9811,4.36579,0,0,0,0
2230,-61.9835,4.36579,0,0,0,0
2231,-62.9858,4.36579,0,0,0,0
2232,-63.9882,4.36579,0,0,0,0
2233,-64.9906,4.36579,0,0,0,0
2234,-65.9929,4.36579,0,0,0,0
2235,-66.9953,4.36579,0,0,0,0
2236,-67.9976,4.36579,0,0,0,0
2237,-16.8774,5.34474,0,0,0,0
2238,-17.8797,5.34474,0,0,0,0
2239,-18.8821,5.34474,0,0,0,0
2240,-19.8844,5.34474,0,0,0,0
2241,-20.8868,5.34474,0,0,0,0
2242,-21.8892,5.34474,0,0,0,0
2243,-22.8915,5.34474,0,0,0,0
2244,-23.8939,5.34474,0,0,0,0
2245,-24.8962,5.34474,0,0,0,0
2246,-25.8986,5.34474,0,0,0,0
2247,-26.9009,5.34474,0,0,0,0
2248,-27.9033,5.34474,0,0,0,0
2249,-28.9057,5.34474,0,0,0,0
2250,-29.908,5.34474,0,0,0,0
2251,-30.9104,5.34474,0,0,0,0
2252,-31.9127,5.34474,0,0,0,0
2253,-32.9151,5.34474,0,0,0,0
2254,-33.9175,5.34474,0,0,0,0
2255,-34.9198,5.34474,0,0,0,0
2256,-35.9222,5.34474,0,0,0,0
2257,-36.9245,5.34474,0,0,0,0
2258,-37.9269,5.34474,0,0,0,0
2259,-38.9292,5.34474,0,0,0,0
2260,-39.9316,5.34474,0,0,0,0
2261,-40.934,5.34474,0,0,0,0
2262,-41.9363,5.34474,0,0,0,0
2263,-42.9387,5.34474,0,0,0,0
2264,-43.941,5.34474,0,0,0,0
2265,-44.9434,5.34474,0,0,0,0
2266,-45.9458,5.34474,0,0,0,0
2267,-46.9481,5.34474,0,0,0,0
2268,-47.9505,5.34474,0,0,0,0
2269,-48.9528,5.34474,0,0,0,0
2270,-49.9552,5.34474,0,0,0,0
2271,-50.9575,5.34474,0,0,0,0
2272,-51.9599,5.34474,0,0,0,0
2273,-52.9623,5.34474,0,0,0,0
2274,-53.9646,5.34474,0,0,0,0
2275,-54.967,5.34474,0,0,0,0
2276,-55.9693,5.34474,0,0,0,0
2277,-56.9717,5.34474,0,0,0,0
2278,-57.9741,5.34474,0,0,0,0
2279,-58.9764,5.34474,0,0,0,0
2280,-59.9788,5.34474,0,0,0,0
2281,-60.9811,5.34474,0,0,0,0
2282,-61.9835,5.34474,0,0,0,0
2283,-62.9858,5.34474,0,0,0,0
2284,-63.9882,5.34474,0,0,0,0
2285,-64.9906,5.34474,0,0,0,0
2286,-65.9929,5.34474,0,0,0,0
2287,-66.9953,5.34474,0,0,0,0
2288,-67.9976,5.34474,0,0,0,0
2289,-16.8774,6.32368,0,0,0,0
2290,-17.8797,6.32368,0,0,0,0
2291,-18.8821,6.32368,0,0,0,0
2292,-19.8844,6.32368,0,0,0,0
2293,-20.8868,6.32368,0,0,0,0
2294,-21.8892,6.32368,0,0,0,0
2295,-22.8915,6.32368,0,0,0,0
2296,-23.8939,6.32368,0,0,0,0
2297,-24.8962,6.32368,0,0,0,0
2298,-25.8986,6.32368,0,0,0,0
2299,-26.9009,6.32368,0,0,0,0
2300,-27.9033,6.32368,0,0,0,0
2301,-28.9057,6.32368,0,0,0,0
2302,-29.908,6.32368,0,0,0,0
2303,-30.9104,6.32368,0,0,0,0
2304,-31.9127,6.32368,0,0,0,0
2305,-32.9151,6.32368,0,0,0,0
2306,-33.9175,6.32368,0,0,0,0
2307,-34.9198,6.32368,0,0,0,0
2308,-35.9222,6.32368,0,0,0,0
2309,-36.9245,6.32368,0,0,0,0
2310,-37.9269,6.32368,0,0,0,0
2311,-38.9292,6.32368,0,0,0,0
2312,-39.9316,6.32368,0,0,0,0
2313,-40.934,6.32368,0,0,0,0
2314,-41.9363,6.32368,0,0,0,0
2315,-42.9387,6.32368,0,0,0,0
2316,-43.941,6.32368,0,0,0,0
2317,-44.9434,6.32368,0,0,0,0
2318,-45.9458,6.32368,0,0,0,0
2319,-46.9481,6.32368,0,0,0,0
2320,-47.9505,6.32368,0,0,0,0
2321,-48.9528,6.32368,0,0,0,0
2322,-49.9552,6.32368,0,0,0,0
2323,-50.9575,6.32368,0,0,0,0
2324,-51.9599,6.32368,0,0,0,0
2325,-52.9623,6.32368,0,0,0,0
2326,-53.9646,6.32368,0,0,0,0
2327,-54.967,6.32368,0,0,0,0
2328,-55.9693,6.32368,0,0,0,0
2329,-56.9717,6.32368,0,0,0,0
2330,-57.9741,6.32368,0,0,0,0
2331,-58.9764,6.32368,0,0,0,0
2332,-59.9788,6.32368,0,0,0,0
2333,-60.9811,6.32368,0,0,0,0
2334,-61.9835,6.32368,0,0,0,0
2335,-62.9858,6.32368,0,0,0,0
2336,-63.9882,6.32368,0,0,0,0
2337,-64.9906,6.32368,0,0,0,0
2338,-65.9929,6.32368,0,0,0,0
2339,-66.9953,6.32368,0,0,0,0
2340,-67.9976,6.32368,0,0,0,0
2341,-16.8774,7.30263,0,0,0,0
2342,-17.8797,7.30263,0,0,0,0
2343,-18.8821,7.30263,0,0,0,0
2344,-19.8844,7.30263,0,0,0,0
2345,-20.8868,7.30263,0,0,0,0
2346,-21.8892,7.30263,0,0,0,0
2347,-22.8915,7.30263,0,0,0,0
2348,-23.8939,7.30263,0,0,0,0
2349,-24.8962,7.30263,0,0,0,0
2350,-25.8986,7.30263,0,0,0,0
2351,-26.9009,7.30263,0,0,0,0
2352,-27.9033,7.30263,0,0,0,0
2353,-28.9057,7.30263,0,0,0,0
2354,-29.908,7.30263,0,0,0,0
2355,-30.9104,7.30263,0,0,0,0
2356,-31.9127,7.30263,0,0,0,0
2357,-32.9151,7.30263,0,0,0,0
2358,-33.9175,7.30263,0,0,0,0
2359,-34.9198,7.30263,0,0,0,0
2360,-35.9222,7.30263,0,0,0,0
2361,-36.9245,7.30263,0,0,0,0
2362,-37.9269,7.30263,0,0,0,0
2363,-38.9292,7.30263,0,0,0,0
2364,-39.9316,7.30263,0,0,0,0
2365,-40.934,7.30263,0,0,0,0
2366,-41.9363,7.30263,0,0,0,0
2367,-42.9387,7.30263,0,0,0,0
2368,-43.941,7.30263,0,0,0,0
2369,-44.9434,7.30263,0,0,0,0
2370,-45.9458,7.30263,0,0,0,0
2371,-46.9481,7.30263,0,0,0,0
2372,-47.9505,7.30263,0,0,0,0
2373,-48.9528,7.30263,0,0,0,0
2374,-49.9552,7.30263,0,0,0,0
2375,-50.9575,7.30263,0,0,0,0
2376,-51.9599,7.30263,0,0,0,0
2377,-52.9623,7.30263,0,0,0,0
2378,-53.9646,7.30263,0,0,0,0
2379,-54.967,7.30263,0,0,0,0
2380,-55.9693,7.30263,0,0,0,0
2381,-56.9717,7.30263,0,0,0,0
2382,-57.9741,7.30263,0,0,0,0
2383,-58.9764,7.30263,0,0,0,0
2384,-59.9788,7.30263,0,0,0,0
2385,-60.9811,7.30263,0,0,0,0
2386,-61.9835,7.30263,0,0,0,0
2387,-62.9858,7.30263,0,0,0,0
2388,-63.9882,7.30263,0,0,0,0
2389,-64.9906,7.30263,0,0,0,0
2390,-65.9929,7.30263,0,0,0,0
2391,-66.9953,7.30263,0,0,0,0
2392,-67.9976,7.30263,0,0,0,0
2393,-16.8774,8.28158,0,0,0,0
2394,-17.8797,8.28158,0,0,0,0
2395,-18.8821,8.28158,0,0,0,0
2396,-19.8844,8.28158,0,0,0,0
2397,-20.8868,8.28158,0,0,0,0
2398,-21.8892,8.28158,0,0,0,0
2399,-22.8915,8.28158,0,0,0,0
2400,-23.8939,8.28158,0,0,0,0
2401,-24.8962,8.28158,0,0,0,0
2402,-25.8986,8.28158,0,0,0,0
2403,-26.9009,8.28158,0,0,0,0
2404,-27.9033,8.28158,0,0,0,0
2405,-28.9057,8.28158,0,0,0,0
2406,-29.908,8.28158,0,0,0,0
2407,-30.9104,8.28158,0,0,0,0
2408,-31.9127,8.28158,0,0,0,0
2409,-32.9151,8.28158,0,0,0,0
2410,-33.9175,8.28158,0,0,0,0
2411,-34.9198,8.28158,0,0,0,0
2412,-35.9222,8.28158,0,0,0,0
2413,-36.9245,8.28158,0,0,0,0
2414,-37.9269,8.28158,0,0,0,0
2415,-38.9292,8.28158,0,0,0,0
2416,-39.9316,8.28158,0,0,0,0
2417,-40.934,8.28158,0,0,0,0
2418,-41.9363,8.28158,0,0,0,0
2419,-42.9387,8.28158,0,0,0,0
2420,-43.941,8.28158,0,0,0,0
2421,-44.9434,8.28158,0,0,0,0
2422,-45.9458,8.28158,0,0,0,0
2423,-46.9481,8.28158,0,0,0,0
2424,-47.9505,8.28158,0,0,0,0
2425,-48.9528,8.28158,0,0,0,0
2426,-49.9552,8.28158,0,0,0,0
2427,-50.9575,8.28158,0,0,0,0
2428,-51.9599,8.28158,0,0,0,0
2429,-52.9623,8.28158,0,0,0,0
2430,-53.9646,8.28158,0,0,0,0
2431,-54.967,8.28158,0,0,0,0
2432,-55.9693,8.28158,0,0,0,0
2433,-56.9717,8.28158,0,0,0,0
2434,-57.9741,8.28158,0,0,0,0
2435,-58.9764,8.28158,0,0,0,0
2436,-59.9788,8.28158,0,0,0,0
2437,-60.9811,8.28158,0,0,0,0
2438,-61.9835,8.28158,0,0,0,0
2439,-62.9858,8.28158,0,0,0,0
2440,-63.9882,8.28158,0,0,0,0
2441,-64.9906,8.28158,0,0,0,0
2442,-65.9929,8.28158,0,0,0,0
2443,-66.9953,8.28158,0,0,0,0
2444,-67.9976,8.28158,0,0,0,0
2445,-16.8774,9.26053,0,0,0,0
2446,-17.8797,9.26053,0,0,0,0
2447,-18.8821,9.26053,0,0,0,0
2448,-19.8844,9.26053,0,0,0,0
2449,-20.8868,9.26053,0,0,0,0
2450,-21.8892,9.26053,0,0,0,0
2451,-22.8915,9.26053,0,0,0,0
2452,-23.8939,9.26053,0,0,0,0
2453,-24.8962,9.26053,0,0,0,0
2454,-25.8986,9.26053,0,0,0,0
2455,-26.9009,9.26053,0,0,0,0
2456,-27.9033,9.26053,0,0,0,0
2457,-28.9057,9.26053,0,0,0,0
2458,-29.908,9.26053,0,0,0,0
2459,-30.9104,9.26053,0,0,0,0
2460,-31.9127,9.26053,0,0,0,0
2461,-32.9151,9.26053,0,0,0,0
2462,-33.9175,9.26053,0,0,0,0
2463,-34.9198,9.26053,0,0,0,0
2464,-35.9222,9.26053,0,0,0,0
2465,-36.9245,9.26053,0,0,0,0
2466,-37.9269,9.26053,0,0,0,0
2467,-38.9292,9.26053,0,0,0,0
2468,-39.9316,9.26053,0,0,0,0
2469,-40.934,9.26053,0,0,0,0
2470,-41.9363,9.26053,0,0,0,0
2471,-42.9387,9.26053,0,0,0,0
2472,-43.941,9.26053,0,0,0,0
2473,-44.9434,9.26053,0,0,0,0
2474,-45.9458,9.26053,0,0,0,0
2475,-46.9481,9.26053,0,0,0,0
2476,-47.9505,9.26053,0,0,0,0
2477,-48.9528,9.26053,0,0,0,0
2478,-49.9552,9.26053,0,0,0,0
2479,-50.9575,9.26053,0,0,0,0
2480,-51.9599,9.26053,0,0,0,0
2481,-52.9623,9.26053,0,0,0,0
2482,-53.9646,9.26053,0,0,0,0
2483,-54.967,9.26053,0,0,0,0
2484,-55.9693,9.26053,0,0,0,0
2485,-56.9717,9.26053,0,0,0,0
2486,-57.9741,9.26053,0,0,0,0
2487,-58.9764,9.26053,0,0,0,0
2488,-59.9788,9.26053,0,0,0,0
2489,-60.9811,9.26053,0,0,0,0
2490,-61.9835,9.26053,0,0,0,0
2491,-62.9858,9.26053,0,0,0,0
2492,-63.9882,9.26053,0,0,0,0
2493,-64.9906,9.26053,0,0,0,0
2494,-65.9929,9.26053,0,0,0,0
2495,-66.9953,9.26053,0,0,0,0
2496,-67.9976,9.26053,0,0,0,0
2497,-16.8774,10.2395,0,0,0,0
2498,-17.8797,10.2395,0,0,0,0
2499,-18.8821,10.2395,0,0,0,0
2500,-19.8844,10.2395,0,0,0,0
2501,-20.8868,10.2395,0,0,0,0
2502,-21.8892,10.2395,0,0,0,0
2503,-22.8915,10.2395,0,0,0,0
2504,-23.8939,10.2395,0,0,0,0
2505,-24.8962,10.2395,0,0,0,0
2506,-25.8986,10.2395,0,0,0,0
2507,-26.9009,10.2395,0,0,0,0
2508,-27.9033,10.2395,0,0,0,0
2509,-28.9057,10.2395,0,0,0,0
2510,-29.908,10.2395,0,0,0,0
2511,-30.9104,10.2395,0,0,0,0
2512,-31.9127,10.2395,0,0,0,0
2513,-32.9151,10.2395,0,0,0,0
2514,-33.9175,10.2395,0,0,0,0
2515,-34.9198,10.2395,0,0,0,0
2516,-35.9222,10.2395,0,0,0,0
2517,-36.9245,10.2395,0,0,0,0
2518,-37.9269,10.2395,0,0,0,0
2519,-38.9292,10.2395,0,0,0,0
2520,-39.9316,10.2395,0,0,0,0
2521,-40.934,10.2395,0,0,0,0
2522,-41.9363,10.2395,0,0,0,0
2523,-42.9387,10.2395,0,0,0,0
2524,-43.941,10.2395,0,0,0,0
2525,-44.9434,10.2395,0,0,0,0
2526,-45.9458,10.2395,0,0,0,0
2527,-46.9481,10.2395,0,0,0,0
2528,-47.9505,10.2395,0,0,0,0
2529,-48.9528,10.2395,0,0,0,0
2530,-49.9552,10.2395,0,0,0,0
2531,-50.9575,10.2395,0,0,0,0
2532,-51.9599,10.2395,0,0,0,0
2533,-52.9623,10.2395,0,0,0,0
2534,-53.9646,10.2395,0,0,0,0
2535,-54.967,10.2395,0,0,0,0
2536,-55.9693,10.2395,0,0,0,0
2537,-56.9717,10.2395,0,0,0,0
2538,-57.9741,10.2395,0,0,0,0
2539,-58.9764,10.2395,0,0,0,0
2540,-59.9788,10.2395,0,0,0,0
2541,-60.9811,10.2395,0,0,0,0
2542,-61.9835,10.2395,0,0,0,0
2543,-62.9858,10.2395,0,0,0,0
2544,-63.9882,10.2395,0,0,0,0
2545,-64.9906,10.2395,0,0,0,0
2546,-65.9929,10.2395,0,0,0,0
2547,-66.9953,10.2395,0,0,0,0
2548,-67.9976,10.2395,0,0,0,0
2549,-16.8774,11.2184,0,0,0,0
2550,-17.8797,11.2184,0,0,0,0
2551,-18.8821,11.2184,0,0,0,0
2552,-19.8844,11.2184,0,0,0,0
2553,-20.8868,11.2184,0,0,0,0
2554,-21.8892,11.2184,0,0,0,0
2555,-22.8915,11.2184,0,0,0,0
2556,-23.8939,11.2184,0,0,0,0
2557,-24.8962,11.2184,0,0,0,0
2558,-25.8986,11.2184,0,0,0,0
2559,-26.9009,11.2184,0,0,0,0
2560,-27.9033,11.2184,0,0,0,0
2561,-28.9057,11.2184,0,0,0,0
2562,-29.908,11.2184,0,0,0,0
2563,-30.9104,11.2184,0,0,0,0
2564,-31.9127,11.2184,0,0,0,0
2565,-32.9151,11.2184,0,0,0,0
2566,-33.9175,11.2184,0,0,0,0
2567,-34.9198,11.2184,0,0,0,0
2568,-35.9222,11.2184,0,0,0,0
2569,-36.9245,11.2184,0,0,0,0
2570,-37.9269,11.2184,0,0,0,0
2571,-38.9292,11.2184,0,0,0,0
2572,-39.9316,11.2184,0,0,0,0
2573,-40.934,11.2184,0,0,0,0
2574,-41.9363,11.2184,0,0,0,0
2575,-42.9387,11.2184,0,0,0,0
2576,-43.941,11.2184,0,0,0,0
2577,-44.9434,11.2184,0,0,0,0
2578,-45.9458,11.2184,0,0,0,0
2579,-46.9481,11.2184,0,0,0,0
2580,-47.9505,11.2184,0,0,0,0
2581,-48.9528,11.2184,0,0,0,0
2582,-49.9552,11.2184,0,0,0,0
2583,-50.9575,11.2184,0,0,0,0
2584,-51.9599,11.2184,0,0,0,0
2585,-52.9623,11.2184,0,0,0,0
2586,-53.9646,11.2184,0,0,0,0
2587,-54.967,11.2184,0,0,0,0
2588,-55.9693,11.2184,0,0,0,0
2589,-56.9717,11.2184,0,0,0,0
2590,-57.9741,11.2184,0,0,0,0
2591,-58.9764,11.2184,0,0,0,0
2592,-59.9788,11.2184,0,0,0,0
2593,-60.9811,11.2184,0,0,0,0
2594,-61.9835,11.2184,0,0,0,0
2595,-62.9858,11.2184,0,0,0,0
2596,-63.9882,11.2184,0,0,0,0
2597,-64.9906,11.2184,0,0,0,0
2598,-65.9929,11.2184,0,0,0,0
2599,-66.9953,11.2184,0,0,0,0
2600,-67.9976,11.2184,0,0,0,0
2601,-16.8774,12.1974,0,0,0,0
2602,-17.8797,12.1974,0,0,0,0
2603,-18.8821,12.1974,0,0,0,0
2604,-19.8844,12.1974,0,0,0,0
2605,-20.8868,12.1974,0,0,0,0
2606,-21.8892,12.1974,0,0,0,0
2607,-22.8915,12.1974,0,0,0,0
2608,-23.8939,12.1974,0,0,0,0
2609,-24.8962,12.1974,0,0,0,0
2610,-25.8986,12.1974,0,0,0,0
2611,-26.9009,12.1974,0,0,0,0
2612,-27.9033,12.1974,0,0,0,0
2613,-28.9057,12.1974,0,0,0,0
2614,-29.908,12.1974,0,0,0,0
2615,-30.9104,12.1974,0,0,0,0
2616,-31.9127,12.1974,0,0,0,0
2617,-32.9151,12.1974,0,0,0,0
2618,-33.9175,12.1974,0,0,0,0
2619,-34.9198,12.1974,0,0,0,0
2620,-35.9222,12.1974,0,0,0,0
2621,-36.9245,12.1974,0,0,0,0
2622,-37.9269,12.1974,0,0,0,0
2623,-38.9292,12.1974,0,0,0,0
2624,-39.9316,12.1974,0,0,0,0
2625,-40.934,12.1974,0,0,0,0
2626,-41.9363,12.1974,0,0,0,0
2627,-42.9387,12.1974,0,0,0,0
2628,-43.941,12.1974,0,0,0,0
2629,-44.9434,12.1974,0,0,0,0
2630,-45.9458,12.1974,0,0,0,0
2631,-46.9481,12.1974,0,0,0,0
2632,-47.9505,12.1974,0,0,0,0
2633,-48.9528,12.1974,0,0,0,0
2634,-49.9552,12.1974,0,0,0,0
2635,-50.9575,12.1974,0,0,0,0
2636,-51.9599,12.1974,0,0,0,0
2637,-52.9623,12.1974,0,0,0,0
2638,-53.9646,12.1974,0,0,0,0
2639,-54.967,12.1974,0,0,0,0
2640,-55.9693,12.1974,0,0,0,0
2641,-56.9717,12.1974,0,0,0,0
2642,-57.9741,12.1974,0,0,0,0
2643,-58.9764,12.1974,0,0,0,0
2644,-59.9788,12.1974,0,0,0,0
2645,-60.9811,12.1974,0,0,0,0
2646,-61.9835,12.1974,0,0,0,0
2647,-62.9858,12.1974,0,0,0,0
2648,-63.9882,12.1974,0,0,0,0
2649,-64.9906,12.1974,0,0,0,0
2650,-65.9929,12.1974,0,0,0,0
2651,-66.9953,12.1974,0,0,0,0
2652,-67.9976,12.1974,0,0,0,0
2653,-16.8774,13.1763,0,0,0,0
2654,-17.8797,13.1763,0,0,0,0
2655,-18.8821,13.1763,0,0,0,0
2656,-19.8844,13.1763,0,0,0,0
2657,-20.8868,13.1763,0,0,0,0
2658,-21.8892,13.1763,0,0,0,0
2659,-22.8915,13.1763,0,0,0,0
2660,-23.8939,13.1763,0,0,0,0
2661,-24.8962,13.1763,0,0,0,0
2662,-25.8986,13.1763,0,0,0,0
2663,-26.9009,13.1763,0,0,0,0
2664,-27.9033,13.1763,0,0,0,0
2665,-28.9057,13.1763,0,0,0,0
2666,-29.908,13.1763,0,0,0,0
2667,-30.9104,13.1763,0,0,0,0
2668,-31.9127,13.1763,0,0,0,0
2669,-32.9151,13.1763,0,0,0,0
2670,-33.9175,13.1763,0,0,0,0
2671,-34.9198,13.1763,0,0,0,0
2672,-35.9222,13.1763,0,0,0,0
2673,-36.9245,13.1763,0,0,0,0
2674,-37.9269,13.1763,0,0,0,0
2675,-38.9292,13.1763,0,0,0,0
2676,-39.9316,13.1763,0,0,0,0
2677,-40.934,13.1763,0,0,0,0
2678,-41.9363,13.1763,0,0,0,0
2679,-42.9387,13.1763,0,0,0,0
2680,-43.941,13.1763,0,0,0,0
2681,-44.9434,13.1763,0,0,0,0
2682,-45.9458,13.1763,0,0,0,0
2683,-46.9481,13.1763,0,0,0,0
2684,-47.9505,13.1763,0,0,0,0
2685,-48.9528,13.1763,0,0,0,0
2686,-49.9552,13.1763,0,0,0,0
2687,-50.9575,13.1763,0,0,0,0
2688,-51.9599,13.1763,0,0,0,0
2689,-52.9623,13.1763,0,0,0,0
2690,-53.9646,13.1763,0,0,0,0
2691,-54.967,13.1763,0,0,0,0
2692,-55.9693,13.1763,0,0,0,0
2693,-56.9717,13.1763,0,0,0,0
2694,-57.9741,13.1763,0,0,0,0
2695,-58.9764,13.1763,0,0,0,0
2696,-59.9788,13.1763,0,0,0,0
2697,-60.9811,13.1763,0,0,0,0
2698,-61.9835,13.1763,0,0,0,0
2699,-62.9858,13.1763,0,0,0,0
2700,-63.9882,13.1763,0,0,0,0
2701,-64.9906,13.1763,0,0,0,0
2702,-65.9929,13.1763,0,0,0,0
2703,-66.9953,13.1763,0,0,0,0
2704,-67.9976,13.1763,0,0,0,0
2705,-16.8774,14.1553,0,0,0,0
2706,-17.8797,14.1553,0,0,0,0
2707,-18.8821,14.1553,0,0,0,0
2708,-19.8844,14.1553,0,0,0,0
2709,-20.8868,14.1553,0,0,0,0
2710,-21.8892,14.1553,0,0,0,0
2711,-22.8915,14.1553,0,0,0,0
2712,-23.8939,14.1553,0,0,0,0
2713,-24.8962,14.1553,0,0,0,0
2714,-25.8986,14.1553,0,0,0,0
2715,-26.9009,14.1553,0,0,0,0
2716,-27.9033,14.1553,0,0,0,0
2717,-28.9057,14.1553,0,0,0,0
2718,-29.908,14.1553,0,0,0,0
2719,-30.9104,14.1553,0,0,0,0
2720,-31.9127,14.1553,0,0,0,0
2721,-32.9151,14.1553,0,0,0,0
2722,-33.9175,14.1553,0,0,0,0
2723,-34.9198,14.1553,0,0,0,0
2724,-35.9222,14.1553,0,0,0,0
2725,-36.9245,14.1553,0,0,0,0
2726,-37.9269,14.1553,0,0,0,0
2727,-38.9292,14.1553,0,0,0,0
2728,-39.9316,14.1553,0,0,0,0
2729,-40.934,14.1553,0,0,0,0
2730,-41.9363,14.1553,0,0,0,0
2731,-42.9387,14.1553,0,0,0,0
2732,-43.941,14.1553,0,0,0,0
2733,-44.9434,14.1553,0,0,0,0
2734,-45.9458,14.1553,0,0,0,0
2735,-46.9481,14.1553,0,0,0,0
2736,-47.9505,14.1553,0,0,0,0
2737,-48.9528,14.1553,0,0,0,0
2738,-49.9552,14.1553,0,0,0,0
2739,-50.9575,14.1553,0,0,0,0
2740,-51.9599,14.1553,0,0,0,0
2741,-52.9623,14.1553,0,0,0,0
2742,-53.9646,14.1553,0,0,0,0
2743,-54.967,14.1553,0,0,0,0
2744,-55.9693,14.1553,0,0,0,0
2745,-56.9717,14.1553,0,0,0,0
2746,-57.9741,14.1553,0,0,0,0
2747,-58.9764,14.1553,0,0,0,0
2748,-59.9788,14.1553,0,0,0,0
2749,-60.9811,14.1553,0,0,0,0
2750,-61.9835,14.1553,0,0,0,0
2751,-62.9858,14.1553,0,0,0,0
2752,-63.9882,14.1553,0,0,0,0
2753,-64.9906,14.1553,0,0,0,0
2754,-65.9929,14.1553,0,0,0,0
2755,-66.9953,14.1553,0,0,0,0
2756,-67.9976,14.1553,0,0,0,0
2757,-16.8774,15.1342,0,0,0,0
2758,-17.8797,15.1342,0,0,0,0
2759,-18.8821,15.1342,0,0,0,0
2760,-19.8844,15.1342,0,0,0,0
2761,-20.8868,15.1342,0,0,0,0
2762,-21.8892,15.1342,0,0,0,0
2763,-22.8915,15.1342,0,0,0,0
2764,-23.8939,15.1342,0,0,0,0
2765,-24.8962,15.1342,0,0,0,0
2766,-25.8986,15.1342,0,0,0,0
2767,-26.9009,15.1342,0,0,0,0
2768,-27.9033,15.1342,0,0,0,0
2769,-28.9057,15.1342,0,0,0,0
2770,-29.908,15.1342,0,0,0,0
2771,-30.9104,15.1342,0,0,0,0
2772,-31.9127,15.1342,0,0,0,0
2773,-32.9151,15.1342,0,0,0,0
2774,-33.9175,15.1342,0,0,0,0
2775,-34.9198,15.1342,0,0,0,0
2776,-35.9222,15.1342,0,0,0,0
2777,-36.9245,15.1342,0,0,0,0
2778,-37.9269,15.1342,0,0,0,0
2779,-38.9292,15.1342,0,0,0,0
2780,-39.9316,15.1342,0,0,0,0
2781,-40.934,15.1342,0,0,0,0
2782,-41.9363,15.1342,0,0,0,0
2783,-42.9387,15.1342,0,0,0,0
2784,-43.941,15.1342,0,0,0,0
2785,-44.9434,15.1342,0,0,0,0
2786,-45.9458,15.1342,0,0,0,0
2787,-46.9481,15.1342,0,0,0,0
2788,-47.9505,15.1342,0,0,0,0
2789,-48.9528,15.1342,0,0,0,0
2790,-49.9552,15.1342,0,0,0,0
2791,-50.9575,15.1342,0,0,0,0
2792,-51.9599,15.1342,0,0,0,0
2793,-52.9623,15.1342,0,0,0,0
2794,-53.9646,15.1342,0,0,0,0
2795,-54.967,15.1342,0,0,0,0
2796,-55.9693,15.1342,0,0,0,0
2797,-56.9717,15.1342,0,0,0,0
2798,-57.9741,15.1342,0,0,0,0
2799,-58.9764,15.1342,0,0,0,0
2800,-59.9788,15.1342,0,0,0,0
2801,-60.9811,15.1342,0,0,0,0
2802,-61.9835,15.1342,0,0,0,0
2803,-62.9858,15.1342,0,0,0,0
2804,-63.9882,15.1342,0,0,0,0
2805,-64.9906,15.1342,0,0,0,0
2806,-65.9929,15.1342,0,0,0,0
2807,-66.9953,15.1342,0,0,0,0
2808,-67.9976,15.1342,0,0,0,0
2809,-16.8774,16.1132,0,0,0,0
2810,-17.8797,16.1132,0,0,0,0
2811,-18.8821,16.1132,0,0,0,0
2812,-19.8844,16.1132,0,0,0,0
2813,-20.8868,16.1132,0,0,0,0
2814,-21.8892,16.1132,0,0,0,0
2815,-22.8915,16.1132,0,0,0,0
2816,-23.8939,16.1132,0,0,0,0
2817,-24.8962,16.1132,0,0,0,0
2818,-25.8986,16.1132,0,0,0,0
2819,-26.9009,16.1132,0,0,0,0
2820,-27.9033,16.1132,0,0,0,0
2821,-28.9057,16.1132,0,0,0,0
2822,-29.908,16.1132,0,0,0,0
2823,-30.9104,16.1132,0,0,0,0
2824,-31.9127,16.1132,0,0,0,0
2825,-32.9151,16.1132,0,0,0,0
2826,-33.9175,16.1132,0,0,0,0
2827,-34.9198,16.1132,0,0,0,0
2828,-35.9222,16.1132,0,0,0,0
2829,-36.9245,16.1132,0,0,0,0
2830,-37.9269,16.1132,0,0,0,0
2831,-38.9292,16.1132,0,0,0,0
2832,-39.9316,16.1132,0,0,0,0
2833,-40.934,16.1132,0,0,0,0
2834,-41.9363,16.1132,0,0,0,0
2835,-42.9387,16.1132,0,0,0,0
2836,-43.941,16.1132,0,0,0,0
2837,-44.9434,16.1132,0,0,0,0
2838,-45.9458,16.1132,0,0,0,0
2839,-46.9481,16.1132,0,0,0,0
2840,-47.9505,16.1132,0,0,0,0
2841,-48.9528,16.1132,0,0,0,0
2842,-49.9552,16.1132,0,0,0,0
2843,-50.9575,16.1132,0,0,0,0
2844,-51.9599,16.1132,0,0,0,0
2845,-52.9623,16.1132,0,0,0,0
2846,-53.9646,16.1132,0,0,0,0
2847,-54.967,16.1132,0,0,0,0
2848,-55.9693,16.1132,0,0,0,0
2849,-56.9717,16.1132,0,0,0,0
2850,-57.9741,16.1132,0,0,0,0
2851,-58.9764,16.1132,0,0,0,0
2852,-59.9788,16.1132,0,0,0,0
2853,-60.9811,16.1132,0,0,0,0
2854,-61.9835,16.1132,0,0,0,0
2855,-62.9858,16.1132,0,0,0,0
2856,-63.9882,16.1132,0,0,0,0
2857,-64.9906,16.1132,0,0,0,0
2858,-65.9929,16.1132,0,0,0,0
2859,-66.9953,16.1132,0,0,0,0
2860,-67.9976,16.1132,0,0,0,0
2861,-16.8774,17.0921,0,0,0,0
2862,-17.8797,17.0921,0,0,0,0
2863,-18.8821,17.0921,0,0,0,0
2864,-19.8844,17.0921,0,0,0,0
2865,-20.8868,17.0921,0,0,0,0
2866,-21.8892,17.0921,0,0,0,0
2867,-22.8915,17.0921,0,0,0,0
2868,-23.8939,17.0921,0,0,0,0
2869,-24.8962,17.0921,0,0,0,0
2870,-25.8986,17.0921,0,0,0,0
2871,-26.9009,17.0921,0,0,0,0
2872,-27.9033,17.0921,0,0,0,0
2873,-28.9057,17.0921,0,0,0,0
2874,-29.908,17.0921,0,0,0,0
2875,-30.9104,17.0921,0,0,0,0
2876,-31.9127,17.0921,0,0,0,0
2877,-32.9151,17.0921,0,0,0,0
2878,-33.9175,17.0921,0,0,0,0
2879,-34.9198,17.0921,0,0,0,0
2880,-35.9222,17.0921,0,0,0,0
2881,-36.9245,17.0921,0,0,0,0
2882,-37.9269,17.0921,0,0,0,0
2883,-38.9292,17.0921,0,0,0,0
2884,-39.9316,17.0921,0,0,0,0
2885,-40.934,17.0921,0,0,0,0
2886,-41.9363,17.0921,0,0,0,0
2887,-42.9387,17.0921,0,0,0,0
2888,-43.941,17.0921,0,0,0,0
2889,-44.9434,17.0921,0,0,0,0
2890,-45.9458,17.0921,0,0,0,0
2891,-46.9481,17.0921,0,0,0,0
2892,-47.9505,17.0921,0,0,0,0
2893,-48.9528,17.0921,0,0,0,0
2894,-49.9552,17.0921,0,0,0,0
2895,-50.9575,17.0921,0,0,0,0
2896,-51.9599,17.0921,0,0,0,0
2897,-52.9623,17.0921,0,0,0,0
2898,-53.9646,17.0921,0,0,0,0
2899,-54.967,17.0921,0,0,0,0
2900,-55.9693,17.0921,0,0,0,0
2901,-56.9717,17.0921,0,0,0,0
2902,-57.9741,17.0921,0,0,0,0
2903,-58.9764,17.0921,0,0,0,0
2904,-59.9788,17.0921,0,0,0,0
2905,-60.9811,17.0921,0,0,0,0
2906,-61.9835,17.0921,0,0,0,0
2907,-62.9858,17.0921,0,0,0,0
2908,-63.9882,17.0921,0,0,0,0
2909,-64.9906,17.0921,0,0,0,0
2910,-65.9929,17.0921,0,0,0,0
2911,-66.9953,17.0921,0,0,0,0
2912,-67.9976,17.0921,0,0,0,0
2913,-16.8774,18.0711,0,0,0,0
2914,-17.8797,18.0711,0,0,0,0
2915,-18.8821,18.0711,0,0,0,0
2916,-19.8844,18.0711,0,0,0,0
2917,-20.8868,18.0711,0,0,0,0
2918,-21.8892,18.0711,0,0,0,0
2919,-22.8915,18.0711,0,0,0,0
2920,-23.8939,18.0711,0,0,0,0
2921,-24.8962,18.0711,0,0,0,0
2922,-25.8986,18.0711,0,0,0,0
2923,-26.9009,18.0711,0,0,0,0
2924,-27.9033,18.0711,0,0,0,0
2925,-28.9057,18.0711,0,0,0,0
2926,-29.908,18.0711,0,0,0,0
2927,-30.9104,18.0711,0,0,0,0
2928,-31.9127,18.0711,0,0,0,0
2929,-32.9151,18.0711,0,0,0,0
2930,-33.9175,18.0711,0,0,0,0
2931,-34.9198,18.0711,0,0,0,0
2932,-35.9222,18.0711,0,0,0,0
2933,-36.9245,18.0711,0,0,0,0
2934,-37.9269,18.0711,0,0,0,0
2935,-38.9292,18.0711,0,0,0,0
2936,-39.9316,18.0711,0,0,0,0
2937,-40.934,18.0711,0,0,0,0
2938,-41.9363,18.0711,0,0,0,0
2939,-42.9387,18.0711,0,0,0,0
2940,-43.941,18.0711,0,0,0,0
2941,-44.9434,18.0711,0,0,0,0
2942,-45.9458,18.0711,0,0,0,0
2943,-46.9481,18.0711,0,0,0,0
2944,-47.9505,18.0711,0,0,0,0
2945,-48.9528,18.0711,0,0,0,0
2946,-49.9552,18.0711,0,0,0,0
2947,-50.9575,18.0711,0,0,0,0
2948,-51.9599,18.0711,0,0,0,0
2949,-52.9623,18.0711,0,0,0,0
2950,-53.9646,18.0711,0,0,0,0
2951,-54.967,18.0711,0,0,0,0
2952,-55.9693,18.0711,0,0,0,0
2953,-56.9717,18.0711,0,0,0,0
2954,-57.9741,18.0711,0,0,0,0
2955,-58.9764,18.0711,0,0,0,0
2956,-59.9788,18.0711,0,0,0,0
2957,-60.9811,18.0711,0,0,0,0
2958,-61.9835,18.0711,0,0,0,0
2959,-62.9858,18.0711,0,0,0,0
2960,-63.9882,18.0711,0,0,0,0
2961,-64.9906,18.0711,0,0,0,0
2962,-65.9929,18.0711,0,0,0,0
2963,-66.9953,18.0711,0,0,0,0
2964,-67.9976,18.0711,0,0,0,0
2965,-16.8774,1.42895,1,0,0,0
2966,-17.8797,1.42895,1,0,0,0
2967,-18.8821,1.42895,1,0,0,0
2968,-19.8844,1.42895,1,0,0,0
2969,-20.8868,1.42895,1,0,0,0
2970,-21.8892,1.42895,1,0,0,0
2971,-22.8915,1.42895,1,0,0,0
2972,-23.8939,1.42895,1,0,0,0
2973,-24.8962,1.42895,1,0,0,0
2974,-25.8986,1.42895,1,0,0,0
2975,-26.9009,1.42895,1,0,0,0
2976,-27.9033,1.42895,1,0,0,0
2977,-28.9057,1.42895,1,0,0,0
2978,-29.908,1.42895,1,0,0,0
2979,-30.9104,1.42895,1,0,0,0
2980,-31.9127,1.42895,1,0,0,0
2981,-32.9151,1.42895,1,0,0,0
2982,-33.9175,1.42895,1,0,0,0
2983,-34.9198,1.42895,1,0,0,0
2984,-35.9222,1.42895,1,0,0,0
2985,-36.9245,1.42895,1,0,0,0
2986,-37.9269,1.42895,1,0,0,0
2987,-38.9292,1.42895,1,0,0,0
2988,-39.9316,1.42895,1,0,0,0
2989,-40.934,1.42895,1,0,0,0
2990,-41.9363,1.42895,1,0,0,0
2991,-42.9387,1.42895,1,0,0,0
2992,-43.941,1.42895,1,0,0,0
2993,-44.9434,1.42895,1,0,0,0
2994,-45.9458,1.42895,1,0,0,0
2995,-46.9481,1.42895,1,0,0,0
2996,-47.9505,1.42895,1,0,0,0
2997,-48.9528,1.42895,1,0,0,0
2998,-49.9552,1.42895,1,0,0,0
2999,-50.9575,1.42895,1,0,0,0
3000,-51.9599,1.42895,1,0,0,0
3001,-52.9623,1.42895,1,0,0,0
3002,-53.9646,1.42895,1,0,0,0
3003,-54.967,1.42895,1,0,0,0
3004,-55.9693,1.42895,1,0,0,0
3005,-56.9717,1.42895,1,0,0,0
3006,-57.9741,1.42895,1,0,0,0
3007,-58.9764,1.42895,1,0,0,0
3008,-59.9788,1.42895,1,0,0,0
3009,-60.9811,1.42895,1,0,0,0
3010,-61.9835,1.42895,1,0,0,0
3011,-62.9858,1.42895,1,0,0,0
3012,-63.9882,1.42895,1,0,0,0
3013,-64.9906,1.42895,1,0,0,0
3014,-65.9929,1.42895,1,0,0,0
3015,-66.9953,1.42895,1,0,0,0
3016,-67.9976,1.42895,1,0,0,0
3017,-16.8774,2.40789,1,0,0,0
3018,-17.8797,2.40789,1,0,0,0
3019,-18.8821,2.40789,1,0,0,0
3020,-19.8844,2.40789,1,0,0,0
3021,-20.8868,2.40789,1,0,0,0
3022,-21.8892,2.40789,1,0,0,0
3023,-22.8915,2.40789,1,0,0,0
3024,-23.8939,2.40789,1,0,0,0
3025,-24.8962,2.40789,1,0,0,0
3026,-25.8986,2.40789,1,0,0,0
3027,-26.9009,2.40789,1,0,0,0
3028,-27.9033,2.40789,1,0,0,0
3029,-28.9057,2.40789,1,0,0,0
3030,-29.908,2.40789,1,0,0,0
3031,-30.9104,2.40789,1,0,0,0
3032,-31.9127,2.40789,1,0,0,0
3033,-32.9151,2.40789,1,0,0,0
3034,-33.9175,2.40789,1,0,0,0
3035,-34.9198,2.40789,1,0,0,0
3036,-35.9222,2.40789,1,0,0,0
3037,-36.9245,2.40789,1,0,0,0
3038,-37.9269,2.40789,1,0,0,0
3039,-38.9292,2.40789,1,0,0,0
3040,-39.9316,2.40789,1,0,0,0
3041,-40.934,2.40789,1,0,0,0
3042,-41.9363,2.40789,1,0,0,0
3043,-42.9387,2.40789,1,0,0,0
3044,-43.941,2.40789,1,0,0,0
3045,-44.9434,2.40789,1,0,0,0
3046,-45.9458,2.40789,1,0,0,0
3047,-46.9481,2.40789,1,0,0,0
3048,-47.9505,2.40789,1,0,0,0
3049,-48.9528,2.40789,1,0,0,0
3050,-49.9552,2.40789,1,0,0,0
3051,-50.9575,2.40789,1,0,0,0
3052,-51.9599,2.40789,1,0,0,0
3053,-52.9623,2.40789,1,0,0,0
3054,-53.9646,2.40789,1,0,0,0
3055,-54.967,2.40789,1,0,0,0
3056,-55.9693,2.40789,1,0,0,0
3057,-56.9717,2.40789,1,0,0,0
3058,-57.9741,2.40789,1,0,0,0
3059,-58.9764,2.40789,1,0,0,0
3060,-59.9788,2.40789,1,0,0,0
3061,-60.9811,2.40789,1,0,0,0
3062,-61.9835,2.40789,1,0,0,0
3063,-62.9858,2.40789,1,0,0,0
3064,-63.9882,2.40789,1,0,0,0
3065,-64.9906,2.40789,1,0,0,0
3066,-65.9929,2.40789,1,0,0,0
3067,-66.9953,2.40789,1,0,0,0
3068,-67.9976,2.40789,1,0,0,0
3069,-16.8774,3.38684,1,0,0,0
3070,-17.8797,3.38684,1,0,0,0
3071,-18.8821,3.38684,1,0,0,0
3072,-19.8844,3.38684,1,0,0,0
3073,-20.8868,3.38684,1,0,0,0
3074,-21.8892,3.38684,1,0,0,0
3075,-22.8915,3.38684,1,0,0,0
3076,-23.8939,3.38684,1,0,0,0
3077,-24.8962,3.38684,1,0,0,0
3078,-25.8986,3.38684,1,0,0,0
3079,-26.9009,3.38684,1,0,0,0
3080,-27.9033,3.38684,1,0,0,0
3081,-28.9057,3.38684,1,0,0,0
3082,-29.908,3.38684,1,0,0,0
3083,-30.9104,3.38684,1,0,0,0
3084,-31.9127,3.38684,1,0,0,0
3085,-32.9151,3.38684,1,0,0,0
3086,-33.9175,3.38684,1,0,0,0
3087,-34.9198,3.38684,1,0,0,0
3088,-35.9222,3.38684,1,0,0,0
3089,-36.9245,3.38684,1,0,0,0
3090,-37.9269,3.38684,1,0,0,0
3091,-38.9292,3.38684,1,0,0,0
3092,-39.9316,3.38684,1,0,0,0
3093,-40.934,3.38684,1,0,0,0
3094,-41.9363,3.38684,1,0,0,0
3095,-42.9387,3.38684,1,0,0,0
3096,-43.941,3.38684,1,0,0,0
3097,-44.9434,3.38684,1,0,0,0
3098,-45.9458,3.38684,1,0,0,0
3099,-46.9481,3.38684,1,0,0,0
3100,-47.9505,3.38684,1,0,0,0
3101,-48.9528,3.38684,1,0,0,0
3102,-49.9552,3.38684,1,0,0,0
3103,-50.9575,3.38684,1,0,0,0
3104,-51.9599,3.38684,1,0,0,0
3105,-52.9623,3.38684,1,0,0,0
3106,-53.9646,3.38684,1,0,0,0
3107,-54.967,3.38684,1,0,0,0
3108,-55.9693,3.38684,1,0,0,0
3109,-56.9717,3.38684,1,0,0,0
3110,-57.9741,3.38684,1,0,0,0
3111,-58.9764,3.38684,1,0,0,0
3112,-59.9788,3.38684,1,0,0,0
3113,-60.9811,3.38684,1,0,0,0
3114,-61.9835,3.38684,1,0,0,0
3115,-62.9858,3.38684,1,0,0,0
3116,-63.9882,3.38684,1,0,0,0
3117,-64.9906,3.38684,1,0,0,0
3118,-65.9929,3.38684,1,0,0,0
3119,-66.9953,3.38684,1,0,0,0
3120,-67.9976,3.38684,1,0,0,0
3121,-16.8774,4.36579,1,0,0,0
3122,-17.8797,4.36579,1,0,0,0
3123,-18.8821,4.36579,1,0,0,0
3124,-19.8844,4.36579,1,0,0,0
3125,-20.8868,4.36579,1,0,0,0
3126,-21.8892,4.36579,1,0,0,0
3127,-22.8915,4.36579,1,0,0,0
3128,-23.8939,4.36579,1,0,0,0
3129,-24.8962,4.36579,1,0,0,0
3130,-25.8986,4.36579,1,0,0,0
3131,-26.9009,4.36579,1,0,0,0
3132,-27.9033,4.36579,1,0,0,0
3133,-28.9057,4.36579,1,0,0,0
3134,-29.908,4.36579,1,0,0,0
3135,-30.9104,4.36579,1,0,0,0
3136,-31.9127,4.36579,1,0,0,0
3137,-32.9151,4.36579,1,0,0,0
3138,-33.9175,4.36579,1,0,0,0
3139,-34.9198,4.36579,1,0,0,0
3140,-35.9222,4.36579,1,0,0,0
3141,-36.9245,4.36579,1,0,0,0
3142,-37.9269,4.36579,1,0,0,0
3143,-38.9292,4.36579,1,0,0,0
3144,-39.9316,4.36579,1,0,0,0
3145,-40.934,4.36579,1,0,0,0
3146,-41.9363,4.36579,1,0,0,0
3147,-42.9387,4.36579,1,0,0,0
3148,-43.941,4.36579,1,0,0,0
3149,-44.9434,4.36579,1,0,0,0
3150,-45.9458,4.36579,1,0,0,0
3151,-46.9481,4.36579,1,0,0,0
3152,-47.9505,4.36579,1,0,0,0
3153,-48.9528,4.36579,1,0,0,0
3154,-49.9552,4.36579,1,0,0,0
3155,-50.9575,4.36579,1,0,0,0
3156,-51.9599,4.36579,1,0,0,0
3157,-52.9623,4.36579,1,0,0,0
3158,-53.9646,4.36579,1,0,0,0
3159,-54.967,4.36579,1,0,0,0
3160,-55.9693,4.36579,1,0,0,0
3161,-56.9717,4.36579,1,0,0,0
3162,-57.9741,4.36579,1,0,0,0
3163,-58.9764,4.36579,1,0,0,0
3164,-59.9788,4.36579,1,0,0,0
3165,-60.9811,4.36579,1,0,0,0
3166,-61.9835,4.36579,1,0,0,0
3167,-62.9858,4.36579,1,0,0,0
3168,-63.9882,4.36579,1,0,0,0
3169,-64.9906,4.36579,1,0,0,0
3170,-65.9929,4.36579,1,0,0,0
3171,-66.9953,4.36579,1,0,0,0
3172,-67.9976,4.36579,1,0,0,0
3173,-16.8774,5.34474,1,0,0,0
3174,-17.8797,5.34474,1,0,0,0
3175,-18.8821,5.34474,1,0,0,0
3176,-19.8844,5.34474,1,0,0,0
3177,-20.8868,5.34474,1,0,0,0
3178,-21.8892,5.34474,1,0,0,0
3179,-22.8915,5.34474,1,0,0,0
3180,-23.8939,5.34474,1,0,0,0
3181,-24.8962,5.34474,1,0,0,0
3182,-25.8986,5.34474,1,0,0,0
3183,-26.9009,5.34474,1,0,0,0
3184,-27.9033,5.34474,1,0,0,0
3185,-28.9057,5.34474,1,0,0,0
3186,-29.908,5.34474,1,0,0,0
3187,-30.9104,5.34474,1,0,0,0
3188,-31.9127,5.34474,1,0,0,0
3189,-32.9151,5.34474,1,0,0,0
3190,-33.9175,5.34474,1,0,0,0
3191,-34.9198,5.34474,1,0,0,0
3192,-35.9222,5.34474,1,0,0,0
3193,-36.9245,5.34474,1,0,0,0
3194,-37.9269,5.34474,1,0,0,0
3195,-38.9292,5.34474,1,0,0,0
3196,-39.9316,5.34474,1,0,0,0
3197,-40.934,5.34474,1,0,0,0
3198,-41.9363,5.34474,1,0,0,0
3199,-42.9387,5.34474,1,0,0,0
3200,-43.941,5.34474,1,0,0,0
3201,-44.9434,5.34474,1,0,0,0
3202,-45.9458,5.34474,1,0,0,0
3203,-46.9481,5.34474,1,0,0,0
3204,-47.9505,5.34474,1,0,0,0
3205,-48.9528,5.34474,1,0,0,0
3206,-49.9552,5.34474,1,0,0,0
3207,-50.9575,5.34474,1,0,0,0
3208,-51.9599,5.34474,1,0,0,0
3209,-52.9623,5.34474,1,0,0,0
3210,-53.9646,5.34474,1,0,0,0
3211,-54.967,5.34474,1,0,0,0
3212,-55.9693,5.34474,1,0,0,0
3213,-56.9717,5.34474,1,0,0,0
3214,-57.9741,5.34474,1,0,0,0
3215,-58.9764,5.34474,1,0,0,0
3216,-59.9788,5.34474,1,0,0,0
3217,-60.9811,5.34474,1,0,0,0
3218,-61.9835,5.34474,1,0,0,0
3219,-62.9858,5.34474,1,0,0,0
3220,-63.9882,5.34474,1,0,0,0
3221,-64.9906,5.34474,1,0,0,0
3222,-65.9929,5.34474,1,0,0,0
3223,-66.9953,5.34474,1,0,0,0
3224,-67.9976,5.34474,1,0,0,0
3225,-16.8774,6.32368,1,0,0,0
3226,-17.8797,6.32368,1,0,0,0
3227,-18.8821,6.32368,1,0,0,0
3228,-19.8844,6.32368,1,0,0,0
3229,-20.8868,6.32368,1,0,0,0
3230,-21.8892,6.32368,1,0,0,0
3231,-22.8915,6.32368,1,0,0,0
3232,-23.8939,6.32368,1,0,0,0
3233,-24.8962,6.32368,1,0,0,0
3234,-25.8986,6.32368,1,0,0,0
3235,-26.9009,6.32368,1,0,0,0
3236,-27.9033,6.32368,1,0,0,0
3237,-28.9057,6.32368,1,0,0,0
3238,-29.908,6.32368,1,0,0,0
3239,-30.9104,6.32368,1,0,0,0
3240,-31.9127,6.32368,1,0,0,0
3241,-32.9151,6.32368,1,0,0,0
3242,-33.9175,6.32368,1,0,0,0
3243,-34.9198,6.32368,1,0,0,0
3244,-35.9222,6.32368,1,0,0,0
3245,-36.9245,6.32368,1,0,0,0
3246,-37.9269,6.32368,1,0,0,0
3247,-38.9292,6.32368,1,0,0,0
3248,-39.9316,6.32368,1,0,0,0
3249,-40.934,6.32368,1,0,0,0
3250,-41.9363,6.32368,1,0,0,0
3251,-42.9387,6.32368,1,0,0,0
3252,-43.941,6.32368,1,0,0,0
3253,-44.9434,6.32368,1,0,0,0
3254,-45.9458,6.32368,1,0,0,0
3255,-46.9481,6.32368,1,0,0,0
3256,-47.9505,6.32368,1,0,0,0
3257,-48.9528,6.32368,1,0,0,0
3258,-49.9552,6.32368,1,0,0,0
3259,-50.9575,6.32368,1,0,0,0
3260,-51.9599,6.32368,1,0,0,0
3261,-52.9623,6.32368,1,0,0,0
3262,-53.9646,6.32368,1,0,0,0
3263,-54.967,6.32368,1,0,0,0
3264,-55.9693,6.32368,1,0,0,0
3265,-56.9717,6.32368,1,0,0,0
3266,-57.9741,6.32368,1,0,0,0
3267,-58.9764,6.32368,1,0,0,0
3268,-59.9788,6.32368,1,0,0,0
3269,-60.9811,6.32368,1,0,0,0
3270,-61.9835,6.32368,1,0,0,0
3271,-62.9858,6.32368,1,0,0,0
3272,-63.9882,6.32368,1,0,0,0
3273,-64.9906,6.32368,1,0,0,0
3274,-65.9929,6.32368,1,0,0,0
3275,-66.9953,6.32368,1,0,0,0
3276,-67.9976,6.32368,1,0,0,0
3277,-16.8774,7.30263,1,0,0,0
3278,-17.8797,7.30263,1,0,0,0
3279,-18.8821,7.30263,1,0,0,0
3280,-19.8844,7.30263,1,0,0,0
3281,-20.8868,7.30263,1,0,0,0
3282,-21.8892,7.30263,1,0,0,0
3283,-22.8915,7.30263,1,0,0,0
3284,-23.8939,7.30263,1,0,0,0
3285,-24.8962,7.30263,1,0,0,0
3286,-25.8986,7.30263,1,0,0,0
3287,-26.9009,7.30263,1,0,0,0
3288,-27.9033,7.30263,1,0,0,0
3289,-28.9057,7.30263,1,0,0,0
3290,-29.908,7.30263,1,0,0,0
3291,-30.9104,7.30263,1,0,0,0
3292,-31.9127,7.30263,1,0,0,0
3293,-32.9151,7.30263,1,0,0,0
3294,-33.9175,7.30263,1,0,0,0
3295,-34.9198,7.30263,1,0,0,0
3296,-35.9222,7.30263,1,0,0,0
3297,-36.9245,7.30263,1,0,0,0
3298,-37.9269,7.30263,1,0,0,0
3299,-38.9292,7.30263,1,0,0,0
3300,-39.9316,7.30263,1,0,0,0
3301,-40.934,7.30263,1,0,0,0
3302,-41.9363,7.30263,1,0,0,0
3303,-42.9387,7.30263,1,0,0,0
3304,-43.941,7.30263,1,0,0,0
3305,-44.9434,7.30263,1,0,0,0
3306,-45.9458,7.30263,1,0,0,0
3307,-46.9481,7.30263,1,0,0,0
3308,-47.9505,7.30263,1,0,0,0
3309,-48.9528,7.30263,1,0,0,0
3310,-49.9552,7.30263,1,0,0,0
3311,-50.9575,7.30263,1,0,0,0
3312,-51.9599,7.30263,1,0,0,0
3313,-52.9623,7.30263,1,0,0,0
3314,-53.9646,7.30263,1,0,0,0
3315,-54.967,7.30263,1,0,0,0
3316,-55.9693,7.30263,1,0,0,0
3317,-56.9717,7.30263,1,0,0,0
3318,-57.9741,7.30263,1,0,0,0
3319,-58.9764,7.30263,1,0,0,0
3320,-59.9788,7.30263,1,0,0,0
3321,-60.9811,7.30263,1,0,0,0
3322,-61.9835,7.30263,1,0,0,0
3323,-62.9858,7.30263,1,0,0,0
3324,-63.9882,7.30263,1,0,0,0
3325,-64.9906,7.30263,1,0,0,0
3326,-65.9929,7.30263,1,0,0,0
3327,-66.9953,7.30263,1,0,0,0
3328,-67.9976,7.30263,1,0,0,0
3329,-16.8774,8.28158,1,0,0,0
3330,-17.8797,8.28158,1,0,0,0
3331,-18.8821,8.28158,1,0,0,0
3332,-19.8844,8.28158,1,0,0,0
3333,-20.8868,8.28158,1,0,0,0
3334,-21.8892,8.28158,1,0,0,0
3335,-22.8915,8.28158,1,0,0,0
3336,-23.8939,8.28158,1,0,0,0
3337,-24.8962,8.28158,1,0,0,0
3338,-25.8986,8.28158,1,0,0,0
3339,-26.9009,8.28158,1,0,0,0
3340,-27.9033,8.28158,1,0,0,0
3341,-28.9057,8.28158,1,0,0,0
3342,-29.908,8.28158,1,0,0,0
3343,-30.9104,8.28158,1,0,0,0
3344,-31.9127,8.28158,1,0,0,0
3345,-32.9151,8.28158,1,0,0,0
3346,-33.9175,8.28158,1,0,0,0
3347,-34.9198,8.28158,1,0,0,0
3348,-35.9222,8.28158,1,0,0,0
3349,-36.9245,8.28158,1,0,0,0
3350,-37.9269,8.28158,1,0,0,0
3351,-38.9292,8.28158,1,0,0,0
3352,-39.9316,8.28158,1,0,0,0
3353,-40.934,8.28158,1,0,0,0
3354,-41.9363,8.28158,1,0,0,0
3355,-42.9387,8.28158,1,0,0,0
3356,-43.941,8.28158,1,0,0,0
3357,-44.9434,8.28158,1,0,0,0
3358,-45.9458,8.28158,1,0,0,0
3359,-46.9481,8.28158,1,0,0,0
3360,-47.9505,8.28158,1,0,0,0
3361,-48.9528,8.28158,1,0,0,0
3362,-49.9552,8.28158,1,0,0,0
3363,-50.9575,8.28158,1,0,0,0
3364,-51.9599,8.28158,1,0,0,0
3365,-52.9623,8.28158,1,0,0,0
3366,-53.9646,8.28158,1,0,0,0
3367,-54.967,8.28158,1,0,0,0
3368,-55.9693,8.28158,1,0,0,0
3369,-56.9717,8.28158,1,0,0,0
3370,-57.9741,8.28158,1,0,0,0
3371,-58.9764,8.28158,1,0,0,0
3372,-59.9788,8.28158,1,0,0,0
3373,-60.9811,8.28158,1,0,0,0
3374,-61.9835,8.28158,1,0,0,0
3375,-62.9858,8.28158,1,0,0,0
3376,-63.9882,8.28158,1,0,0,0
3377,-64.9906,8.28158,1,0,0,0
3378,-65.9929,8.28158,1,0,0,0
3379,-66.9953,8.28158,1,0,0,0
3380,-67.9976,8.28158,1,0,0,0
3381,-16.8774,9.26053,1,0,0,0
3382,-17.8797,9.26053,1,0,0,0
3383,-18.8821,9.26053,1,0,0,0
3384,-19.8844,9.26053,1,0,0,0
3385,-20.8868,9.26053,1,0,0,0
3386,-21.8892,9.26053,1,0,0,0
3387,-22.8915,9.26053,1,0,0,0
3388,-23.8939,9.26053,1,0,0,0
3389,-24.8962,9.26053,1,0,0,0
3390,-25.8986,9.26053,1,0,0,0
3391,-26.9009,9.26053,1,0,0,0
3392,-27.9033,9.26053,1,0,0,0
3393,-28.9057,9.26053,1,0,0,0
3394,-29.908,9.26053,1,0,0,0
3395,-30.9104,9.26053,1,0,0,0
3396,-31.9127,9.26053,1,0,0,0
3397,-32.9151,9.26053,1,0,0,0
3398,-33.9175,9.26053,1,0,0,0
3399,-34.9198,9.26053,1,0,0,0
3400,-35.9222,9.26053,1,0,0,0
3401,-36.9245,9.26053,1,0,0,0
3402,-37.9269,9.26053,1,0,0,0
3403,-38.9292,9.26053,1,0,0,0
3404,-39.9316,9.26053,1,0,0,0
3405,-40.934,9.26053,1,0,0,0
3406,-41.9363,9.26053,1,0,0,0
3407,-42.9387,9.26053,1,0,0,0
3408,-43.941,9.26053,1,0,0,0
3409,-44.9434,9.26053,1,0,0,0
3410,-45.9458,9.26053,1,0,0,0
3411,-46.9481,9.26053,1,0,0,0
3412,-47.9505,9.26053,1,0,0,0
3413,-48.9528,9.26053,1,0,0,0
3414,-49.9552,9.26053,1,0,0,0
3415,-50.9575,9.26053,1,0,0,0
3416,-51.9599,9.26053,1,0,0,0
3417,-52.9623,9.26053,1,0,0,0
3418,-53.9646,9.26053,1,0,0,0
3419,-54.967,9.26053,1,0,0,0
3420,-55.9693,9.26053,1,0,0,0
3421,-56.9717,9.26053,1,0,0,0
3422,-57.9741,9.26053,1,0,0,0
3423,-58.9764,9.26053,1,0,0,0
3424,-59.9788,9.26053,1,0,0,0
3425,-60.9811,9.26053,1,0,0,0
3426,-61.9835,9.26053,1,0,0,0
3427,-62.9858,9.26053,1,0,0,0
3428,-63.9882,9.26053,1,0,0,0
3429,-64.9906,9.26053,1,0,0,0
3430,-65.9929,9.26053,1,0,0,0
3431,-66.9953,9.26053,1,0,0,0
3432,-67.9976,9.26053,1,0,0,0
3433,-16.8774,10.2395,1,0,0,0
3434,-17.8797,10.2395,1,0,0,0
3435,-18.8821,10.2395,1,0,0,0
3436,-19.8844,10.2395,1,0,0,0
3437,-20.8868,10.2395,1,0,0,0
3438,-21.8892,10.2395,1,0,0,0
3439,-22.8915,10.2395,1,0,0,0
3440,-23.8939,10.2395,1,0,0,0
3441,-24.8962,10.2395,1,0,0,0
3442,-25.8986,10.2395,1,0,0,0
3443,-26.9009,10.2395,1,0,0,0
3444,-27.9033,10.2395,1,0,0,0
3445,-28.9057,10.2395,1,0,0,0
3446,-29.908,10.2395,1,0,0,0
3447,-30.9104,10.2395,1,0,0,0
3448,-31.9127,10.2395,1,0,0,0
3449,-32.9151,10.2395,1,0,0,0
3450,-33.9175,10.2395,1,0,0,0
3451,-34.9198,10.2395,1,0,0,0
3452,-35.9222,10.2395,1,0,0,0
3453,-36.9245,10.2395,1,0,0,0
3454,-37.9269,10.2395,1,0,0,0
3455,-38.9292,10.2395,1,0,0,0
3456,-39.9316,10.2395,1,0,0,0
3457,-40.934,10.2395,1,0,0,0
3458,-41.9363,10.2395,1,0,0,0
3459,-42.9387,10.2395,1,0,0,0
3460,-43.941,10.2395,1,0,0,0
3461,-44.9434,10.2395,1,0,0,0
3462,-45.9458,10.2395,1,0,0,0
3463,-46.9481,10.2395,1,0,0,0
3464,-47.9505,10.2395,1,0,0,0
3465,-48.9528,10.2395,1,0,0,0
3466,-49.9552,10.2395,1,0,0,0
3467,-50.9575,10.2395,1,0,0,0
3468,-51.9599,10.2395,1,0,0,0
3469,-52.9623,10.2395,1,0,0,0
3470,-53.9646,10.2395,1,0,0,0
3471,-54.967,10.2395,1,0,0,0
3472,-55.9693,10.2395,1,0,0,0
3473,-56.9717,10.2395,1,0,0,0
3474,-57.9741,10.2395,1,0,0,0
3475,-58.9764,10.2395,1,0,0,0
3476,-59.9788,10.2395,1,0,0,0
3477,-60.9811,10.2395,1,0,0,0
3478,-61.9835,10.2395,1,0,0,0
3479,-62.9858,10.2395,1,0,0,0
3480,-63.9882,10.2395,1,0,0,0
3481,-64.9906,10.2395,1,0,0,0
3482,-65.9929,10.2395,1,0,0,0
3483,-66.9953,10.2395,1,0,0,0
3484,-67.9976,10.2395,1,0,0,0
3485,-16.8774,11.2184,1,0,0,0
3486,-17.8797,11.2184,1,0,0,0
3487,-18.8821,11.2184,1,0,0,0
3488,-19.8844,11.2184,1,0,0,0
3489,-20.8868,11.2184,1,0,0,0
3490,-21.8892,11.2184,1,0,0,0
3491,-22.8915,11.2184,1,0,0,0
3492,-23.8939,11.2184,1,0,0,0
3493,-24.8962,11.2184,1,0,0,0
3494,-25.8986,11.2184,1,0,0,0
3495,-26.9009,11.2184,1,0,0,0
3496,-27.9033,11.2184,1,0,0,0
3497,-28.9057,11.2184,1,0,0,0
3498,-29.908,11.2184,1,0,0,0
3499,-30.9104,11.2184,1,0,0,0
3500,-31.9127,11.2184,1,0,0,0
3501,-32.9151,11.2184,1,0,0,0
3502,-33.9175,11.2184,1,0,0,0
3503,-34.9198,11.2184,1,0,0,0
3504,-35.9222,11.2184,1,0,0,0
3505,-36.9245,11.2184,1,0,0,0
3506,-37.9269,11.2184,1,0,0,0
3507,-38.9292,11.2184,1,0,0,0
3508,-39.9316,11.2184,1,0,0,0
3509,-40.934,11.2184,1,0,0,0
3510,-41.9363,11.2184,1,0,0,0
3511,-42.9387,11.2184,1,0,0,0
3512,-43.941,11.2184,1,0,0,0
3513,-44.9434,11.2184,1,0,0,0
3514,-45.9458,11.2184,1,0,0,0
3515,-46.9481,11.2184,1,0,0,0
3516,-47.9505,11.2184,1,0,0,0
3517,-48.9528,11.2184,1,0,0,0
3518,-49.9552,11.2184,1,0,0,0
3519,-50.9575,11.2184,1,0,0,0
3520,-51.9599,11.2184,1,0,0,0
3521,-52.9623,11.2184,1,0,0,0
3522,-53.9646,11.2184,1,0,0,0
3523,-54.967,11.2184,1,0,0,0
3524,-55.9693,11.2184,1,0,0,0
3525,-56.9717,11.2184,1,0,0,0
3526,-57.9741,11.2184,1,0,0,0
3527,-58.9764,11.2184,1,0,0,0
3528,-59.9788,11.2184,1,0,0,0
3529,-60.9811,11.2184,1,0,0,0
3530,-61.9835,11.2184,1,0,0,0
3531,-62.9858,11.2184,1,0,0,0
3532,-63.9882,11.2184,1,0,0,0
3533,-64.9906,11.2184,1,0,0,0
3534,-65.9929,11.2184,1,0,0,0
3535,-66.9953,11.2184,1,0,0,0
3536,-67.9976,11.2184,1,0,0,0
3537,-16.8774,12.1974,1,0,0,0
3538,-17.8797,12.1974,1,0,0,0
3539,-18.8821,12.1974,1,0,0,0
3540,-19.8844,12.1974,1,0,0,0
3541,-20.8868,12.1974,1,0,0,0
3542,-21.8892,12.1974,1,0,0,0
3543,-22.8915,12.1974,1,0,0,0
3544,-23.8939,12.1974,1,0,0,0
3545,-24.8962,12.1974,1,0,0,0
3546,-25.8986,12.1974,1,0,0,0
3547,-26.9009,12.1974,1,0,0,0
3548,-27.9033,12.1974,1,0,0,0
3549,-28.9057,12.1974,1,0,0,0
3550,-29.908,12.1974,1,0,0,0
3551,-30.9104,12.1974,1,0,0,0
3552,-31.9127,12.1974,1,0,0,0
3553,-32.9151,12.1974,1,0,0,0
3554,-33.9175,12.1974,1,0,0,0
3555,-34.9198,12.1974,1,0,0,0
3556,-35.9222,12.1974,1,0,0,0
3557,-36.9245,12.1974,1,0,0,0
3558,-37.9269,12.1974,1,0,0,0
3559,-38.9292,12.1974,1,0,0,0
3560,-39.9316,12.1974,1,0,0,0
3561,-40.934,12.1974,1,0,0,0
3562,-41.9363,12.1974,1,0,0,0
3563,-42.9387,12.1974,1,0,0,0
3564,-43.941,12.1974,1,0,0,0
3565,-44.9434,12.1974,1,0,0,0
3566,-45.9458,12.1974,1,0,0,0
3567,-46.9481,12.1974,1,0,0,0
3568,-47.9505,12.1974,1,0,0,0
3569,-48.9528,12.1974,1,0,0,0
3570,-49.9552,12.1974,1,0,0,0
3571,-50.9575,12.1974,1,0,0,0
3572,-51.9599,12.1974,1,0,0,0
3573,-52.9623,12.1974,1,0,0,0
3574,-53.9646,12.1974,1,0,0,0
3575,-54.967,12.1974,1,0,0,0
3576,-55.9693,12.1974,1,0,0,0
3577,-56.9717,12.1974,1,0,0,0
3578,-57.9741,12.1974,1,0,0,0
3579,-58.9764,12.1974,1,0,0,0
3580,-59.9788,12.1974,1,0,0,0
3581,-60.9811,12.1974,1,0,0,0
3582,-61.9835,12.1974,1,0,0,0
3583,-62.9858,12.1974,1,0,0,0
3584,-63.9882,12.1974,1,0,0,0
3585,-64.9906,12.1974,1,0,0,0
3586,-65.9929,12.1974,1,0,0,0
3587,-66.9953,12.1974,1,0,0,0
3588,-67.9976,12.1974,1,0,0,0
3589,-16.8774,13.1763,1,0,0,0
3590,-17.8797,13.1763,1,0,0,0
3591,-18.8821,13.1763,1,0,0,0
3592,-19.8844,13.1763,1,0,0,0
3593,-20.8868,13.1763,1,0,0,0
3594,-21.8892,13.1763,1,0,0,0
3595,-22.8915,13.1763,1,0,0,0
3596,-23.8939,13.1763,1,0,0,0
3597,-24.8962,13.1763,1,0,0,0
3598,-25.8986,13.1763,1,0,0,0
3599,-26.9009,13.1763,1,0,0,0
3600,-27.9033,13.1763,1,0,0,0
3601,-28.9057,13.1763,1,0,0,0
3602,-29.908,13.1763,1,0,0,0
3603,-30.9104,13.1763,1,0,0,0
3604,-31.9127,13.1763,1,0,0,0
3605,-32.9151,13.1763,1,0,0,0
3606,-33.9175,13.1763,1,0,0,0
3607,-34.9198,13.1763,1,0,0,0
3608,-35.9222,13.1763,1,0,0,0
3609,-36.9245,13.1763,1,0,0,0
3610,-37.9269,13.1763,1,0,0,0
3611,-38.9292,13.1763,1,0,0,0
3612,-39.9316,13.1763,1,0,0,0
3613,-40.934,13.1763,1,0,0,0
3614,-41.9363,13.1763,1,0,0,0
3615,-42.9387,13.1763,1,0,0,0
3616,-43.941,13.1763,1,0,0,0
3617,-44.9434,13.1763,1,0,0,0
3618,-45.9458,13.1763,1,0,0,0
3619,-46.9481,13.1763,1,0,0,0
3620,-47.9505,13.1763,1,0,0,0
3621,-48.9528,13.1763,1,0,0,0
3622,-49.9552,13.1763,1,0,0,0
3623,-50.9575,13.1763,1,0,0,0
3624,-51.9599,13.1763,1,0,0,0
3625,-52.9623,13.1763,1,0,0,0
3626,-53.9646,13.1763,1,0,0,0
3627,-54.967,13.1763,1,0,0,0
3628,-55.9693,13.1763,1,0,0,0
3629,-56.9717,13.1763,1,0,0,0
3630,-57.9741,13.1763,1,0,0,0
3631,-58.9764,13.1763,1,0,0,0
3632,-59.9788,13.1763,1,0,0,0
3633,-60.9811,13.1763,1,0,0,0
3634,-61.9835,13.1763,1,0,0,0
3635,-62.9858,13.1763,1,0,0,0
3636,-63.9882,13.1763,1,0,0,0
3637,-64.9906,13.1763,1,0,0,0
3638,-65.9929,13.1763,1,0,0,0
3639,-66.9953,13.1763,1,0,0,0
3640,-67.9976,13.1763,1,0,0,0
3641,-16.8774,14.1553,1,0,0,0
3642,-17.8797,14.1553,1,0,0,0
3643,-18.8821,14.1553,1,0,0,0
3644,-19.8844,14.1553,1,0,0,0
3645,-20.8868,14.1553,1,0,0,0
3646,-21.8892,14.1553,1,0,0,0
3647,-22.8915,14.1553,1,0,0,0
3648,-23.8939,14.1553,1,0,0,0
3649,-24.8962,14.1553,1,0,0,0
3650,-25.8986,14.1553,1,0,0,0
3651,-26.9009,14.1553,1,0,0,0
3652,-27.9033,14.1553,1,0,0,0
3653,-28.9057,14.1553,1,0,0,0
3654,-29.908,14.1553,1,0,0,0
3655,-30.9104,14.1553,1,0,0,0
3656,-31.9127,14.1553,1,0,0,0
3657,-32.9151,14.1553,1,0,0,0
3658,-33.9175,14.1553,1,0,0,0
3659,-34.9198,14.1553,1,0,0,0
3660,-35.9222,14.1553,1,0,0,0
3661,-36.9245,14.1553,1,0,0,0
3662,-37.9269,14.1553,1,0,0,0
3663,-38.9292,14.1553,1,0,0,0
3664,-39.9316,14.1553,1,0,0,0
3665,-40.934,14.1553,1,0,0,0
3666,-41.9363,14.1553,1,0,0,0
3667,-42.9387,14.1553,1,0,0,0
3668,-43.941,14.1553,1,0,0,0
3669,-44.9434,14.1553,1,0,0,0
3670,-45.9458,14.1553,1,0,0,0
3671,-46.9481,14.1553,1,0,0,0
3672,-47.9505,14.1553,1,0,0,0
3673,-48.9528,14.1553,1,0,0,0
3674,-49.9552,14.1553,1,0,0,0
3675,-50.9575,14.1553,1,0,0,0
3676,-51.9599,14.1553,1,0,0,0
3677,-52.9623,14.1553,1,0,0,0
3678,-53.9646,14.1553,1,0,0,0
3679,-54.967,14.1553,1,0,0,0
3680,-55.9693,14.1553,1,0,0,0
3681,-56.9717,14.1553,1,0,0,0
3682,-57.9741,14.1553,1,0,0,0
3683,-58.9764,14.1553,1,0,0,0
3684,-59.9788,14.1553,1,0,0,0
3685,-60.9811,14.1553,1,0,0,0
3686,-61.9835,14.1553,1,0,0,0
3687,-62.9858,14.1553,1,0,0,0
3688,-63.9882,14.1553,1,0,0,0
3689,-64.9906,14.1553,1,0,0,0
3690,-65.9929,14.1553,1,0,0,0
3691,-66.9953,14.1553,1,0,0,0
3692,-67.9976,14.1553,1,0,0,0
3693,-16.8774,15.1342,1,0,0,0
3694,-17.8797,15.1342,1,0,0,0
3695,-18.8821,15.1342,1,0,0,0
3696,-19.8844,15.1342,1,0,0,0
3697,-20.8868,15.1342,1,0,0,0
3698,-21.8892,15.1342,1,0,0,0
3699,-22.8915,15.1342,1,0,0,0
3700,-23.8939,15.1342,1,0,0,0
3701,-24.8962,15.1342,1,0,0,0
3702,-25.8986,15.1342,1,0,0,0
3703,-26.9009,15.1342,1,0,0,0
3704,-27.9033,15.1342,1,0,0,0
3705,-28.9057,15.1342,1,0,0,0
3706,-29.908,15.1342,1,0,0,0
3707,-30.9104,15.1342,1,0,0,0
3708,-31.9127,15.1342,1,0,0,0
3709,-32.9151,15.1342,1,0,0,0
3710,-33.9175,15.1342,1,0,0,0
3711,-34.9198,15.1342,1,0,0,0
3712,-35.9222,15.1342,1,0,0,0
3713,-36.9245,15.1342,1,0,0,0
3714,-37.9269,15.1342,1,0,0,0
3715,-38.9292,15.1342,1,0,0,0
3716,-39.9316,15.1342,1,0,0,0
3717,-40.934,15.1342,1,0,0,0
3718,-41.9363,15.1342,1,0,0,0
3719,-42.9387,15.1342,1,0,0,0
3720,-43.941,15.1342,1,0,0,0
3721,-44.9434,15.1342,1,0,0,0
3722,-45.9458,15.1342,1,0,0,0
3723,-46.9481,15.1342,1,0,0,0
3724,-47.9505,15.1342,1,0,0,0
3725,-48.9528,15.1342,1,0,0,0
3726,-49.9552,15.1342,1,0,0,0
3727,-50.9575,15.1342,1,0,0,0
3728,-51.9599,15.1342,1,0,0,0
3729,-52.9623,15.1342,1,0,0,0
3730,-53.9646,15.1342,1,0,0,0
3731,-54.967,15.1342,1,0,0,0
3732,-55.9693,15.1342,1,0,0,0
3733,-56.9717,15.1342,1,0,0,0
3734,-57.9741,15.1342,1,0,0,0
3735,-58.9764,15.1342,1,0,0,0
3736,-59.9788,15.1342,1,0,0,0
3737,-60.9811,15.1342,1,0,0,0
3738,-61.9835,15.1342,1,0,0,0
3739,-62.9858,15.1342,1,0,0,0
3740,-63.9882,15.1342,1,0,0,0
3741,-64.9906,15.1342,1,0,0,0
3742,-65.9929,15.1342,1,0,0,0
3743,-66.9953,15.1342,1,0,0,0
3744,-67.9976,15.1342,1,0,0,0
3745,-16.8774,16.1132,1,0,0,0
3746,-17.8797,16.1132,1,0,0,0
3747,-18.8821,16.1132,1,0,0,0
3748,-19.8844,16.1132,1,0,0,0
3749,-20.8868,16.1132,1,0,0,0
3750,-21.8892,16.1132,1,0,0,0
3751,-22.8915,16.1132,1,0,0,0
3752,-23.8939,16.1132,1,0,0,0
3753,-24.8962,16.1132,1,0,0,0
3754,-25.8986,16.1132,1,0,0,0
3755,-26.9009,16.1132,1,0,0,0
3756,-27.9033,16.1132,1,0,0,0
3757,-28.9057,16.1132,1,0,0,0
3758,-29.908,16.1132,1,0,0,0
3759,-30.9104,16.1132,1,0,0,0
3760,-31.9127,16.1132,1,0,0,0
3761,-32.9151,16.1132,1,0,0,0
3762,-33.9175,16.1132,1,0,0,0
3763,-34.9198,16.1132,1,0,0,0
3764,-35.9222,16.1132,1,0,0,0
3765,-36.9245,16.1132,1,0,0,0
3766,-37.9269,16.1132,1,0,0,0
3767,-38.9292,16.1132,1,0,0,0
3768,-39.9316,16.1132,1,0,0,0
3769,-40.934,16.1132,1,0,0,0
3770,-41.9363,16.1132,1,0,0,0
3771,-42.9387,16.1132,1,0,0,0
3772,-43.941,16.1132,1,0,0,0
3773,-44.9434,16.1132,1,0,0,0
3774,-45.9458,16.1132,1,0,0,0
3775,-46.9481,16.1132,1,0,0,0
3776,-47.9505,16.1132,1,0,0,0
3777,-48.9528,16.1132,1,0,0,0
3778,-49.9552,16.1132,1,0,0,0
3779,-50.9575,16.1132,1,0,0,0
3780,-51.9599,16.1132,1,0,0,0
3781,-52.9623,16.1132,1,0,0,0
3782,-53.9646,16.1132,1,0,0,0
3783,-54.967,16.1132,1,0,0,0
3784,-55.9693,16.1132,1,0,0,0
3785,-56.9717,16.1132,1,0,0,0
3786,-57.9741,16.1132,1,0,0,0
3787,-58.9764,16.1132,1,0,0,0
3788,-59.9788,16.1132,1,0,0,0
3789,-60.9811,16.1132,1,0,0,0
3790,-61.9835,16.1132,1,0,0,0
3791,-62.9858,16.1132,1,0,0,0
3792,-63.9882,16.1132,1,0,0,0
3793,-64.9906,16.1132,1,0,0,0
3794,-65.9929,16.1132,1,0,0,0
3795,-66.9953,16.1132,1,0,0,0
3796,-67.9976,16.1132,1,0,0,0
3797,-16.8774,17.0921,1,0,0,0
3798,-17.8797,17.0921,1,0,0,0
3799,-18.8821,17.0921,1,0,0,0
3800,-19.8844,17.0921,1,0,0,0
3801,-20.8868,17.0921,1,0,0,0
3802,-21.8892,17.0921,1,0,0,0
3803,-22.8915,17.0921,1,0,0,0
3804,-23.8939,17.0921,1,0,0,0
3805,-24.8962,17.0921,1,0,0,0
3806,-25.8986,17.0921,1,0,0,0
3807,-26.9009,17.0921,1,0,0,0
3808,-27.9033,17.0921,1,0,0,0
3809,-28.9057,17.0921,1,0,0,0
3810,-29.908,17.0921,1,0,0,0
3811,-30.9104,17.0921,1,0,0,0
3812,-31.9127,17.0921,1,0,0,0
3813,-32.9151,17.0921,1,0,0,0
3814,-33.9175,17.0921,1,0,0,0
3815,-34.9198,17.0921,1,0,0,0
3816,-35.9222,17.0921,1,0,0,0
3817,-36.9245,17.0921,1,0,0,0
3818,-37.9269,17.0921,1,0,0,0
3819,-38.9292,17.0921,1,0,0,0
3820,-39.9316,17.0921,1,0,0,0
3821,-40.934,17.0921,1,0,0,0
3822,-41.9363,17.0921,1,0,0,0
3823,-42.9387,17.0921,1,0,0,0
3824,-43.941,17.0921,1,0,0,0
3825,-44.9434,17.0921,1,0,0,0
3826,-45.9458,17.0921,1,0,0,0
3827,-46.9481,17.0921,1,0,0,0
3828,-47.9505,17.0921,1,0,0,0
3829,-48.9528,17.0921,1,0,0,0
3830,-49.9552,17.0921,1,0,0,0
3831,-50.9575,17.0921,1,0,0,0
3832,-51.9599,17.0921,1,0,0,0
3833,-52.9623,17.0921,1,0,0,0
3834,-53.9646,17.0921,1,0,0,0
3835,-54.967,17.0921,1,0,0,0
3836,-55.9693,17.0921,1,0,0,0
3837,-56.9717,17.0921,1,0,0,0
3838,-57.9741,17.0921,1,0,0,0
3839,-58.9764,17.0921,1,0,0,0
3840,-59.9788,17.0921,1,0,0,0
3841,-60.9811,17.0921,1,0,0,0
3842,-61.9835,17.0921,1,0,0,0
3843,-62.9858,17.0921,1,0,0,0
3844,-63.9882,17.0921,1,0,0,0
3845,-64.9906,17.0921,1,0,0,0
3846,-65.9929,17.0921,1,0,0,0
3847,-66.9953,17.0921,1,0,0,0
3848,-67.9976,17.0921,1,0,0,0
3849,-16.8774,18.0711,1,0,0,0
3850,-17.8797,18.0711,1,0,0,0
3851,-18.8821,18.0711,1,0,0,0
3852,-19.8844,18.0711,1,0,0,0
3853,-20.8868,18.0711,1,0,0,0
3854,-21.8892,18.0711,1,0,0,0
3855,-22.8915,18.0711,1,0,0,0
3856,-23.8939,18.0711,1,0,0,0
3857,-24.8962,18.0711,1,0,0,0
3858,-25.8986,18.0711,1,0,0,0
3859,-26.9009,18.0711,1,0,0,0
3860,-27.9033,18.0711,1,0,0,0
3861,-28.9057,18.0711,1,0,0,0
3862,-29.908,18.0711,1,0,0,0
3863,-30.9104,18.0711,1,0,0,0
3864,-31.9127,18.0711,1,0,0,0
3865,-32.9151,18.0711,1,0,0,0
3866,-33.9175,18.0711,1,0,0,0
3867,-34.9198,18.0711,1,0,0,0
3868,-35.9222,18.0711,1,0,0,0
3869,-36.9245,18.0711,1,0,0,0
3870,-37.9269,18.0711,1,0,0,0
3871,-38.9292,18.0711,1,0,0,0
3872,-39.9316,18.0711,1,0,0,0
3873,-40.934,18.0711,1,0,0,0
3874,-41.9363,18.0711,1,0,0,0
3875,-42.9387,18.0711,1,0,0,0
3876,-43.941,18.0711,1,0,0,0
3877,-44.9434,18.0711,1,0,0,0
3878,-45.9458,18.0711,1,0,0,0
3879,-46.9481,18.0711,1,0,0,0
3880,-47.9505,18.0711,1,0,0,0
3881,-48.9528,18.0711,1,0,0,0
3882,-49.9552,18.0711,1,0,0,0
3883,-50.9575,18.0711,1,0,0,0
3884,-51.9599,18.0711,1,0,0,0
3885,-52.9623,18.0711,1,0,0,0
3886,-53.9646,18.0711,1,0,0,0
3887,-54.967,18.0711,1,0,0,0
3888,-55.9693,18.0711,1,0,0,0
3889,-56.9717,18.0711,1,0,0,0
3890,-57.9741,18.0711,1,0,0,0
3891,-58.9764,18.0711,1,0,0,0
3892,-59.9788,18.0711,1,0,0,0
3893,-60.9811,18.0711,1,0,0,0
3894,-61.9835,18.0711,1,0,0,0
3895,-62.9858,18.0711,1,0,0,0
3896,-63.9882,18.0711,1,0,0,0
3897,-64.9906,18.0711,1,0,0,0
3898,-65.9929,18.0711,1,0,0,0
3899,-66.9953,18.0711,1,0,0,0
3900,-67.9976,18.0711,1,0,0,0
3901,-15.875,1.42895,0.333333,0,0,0
3902,-15.875,2.40789,0.333333,0,0,0
3903,-15.875,3.38684,0.333333,0,0,0
3904,-15.875,4.36579,0.333333,0,0,0
3905,-15.875,5.34474,0.333333,0,0,0
3906,-15.875,6.32368,0.333333,0,0,0
3907,-15.875,7.30263,0.333333,0,0,0
3908,-15.875,8.28158,0.333333,0,0,0
3909,-15.875,9.26053,0.333333,0,0,0
3910,-15.875,10.2395,0.333333,0,0,0
3911,-15.875,11.2184,0.333333,0,0,0
3912,-15.875,12.1974,0.333333,0,0,0
3913,-15.875,13.1763,0.333333,0,0,0
3914,-15.875,14.1553,0.333333,0,0,0
3915,-15.875,15.1342,0.333333,0,0,0
3916,-15.875,16.1132,0.333333,0,0,0
3917,-15.875,17.0921,0.333333,0,0,0
3918,-15.875,18.0711,0.333333,0,0,0
3919,-15.875,1.42895,0.666667,0,0,0
3920,-15.875,2.40789,0.666667,0,0,0
3921,-15.875,3.38684,0.666667,0,0,0
3922,-15.875,4.36579,0.666667,0,0,0
3923,-15.875,5.34474,0.666667,0,0,0
3924,-15.875,6.32368,0.666667,0,0,0
3925,-15.875,7.30263,0.666667,0,0,0
3926,-15.875,8.28158,0.666667,0,0,0
3927,-15.875,9.26053,0.666667,0,0,0
3928,-15.875,10.2395,0.666667,0,0,0
3929,-15.875,11.2184,0.666667,0,0,0
3930,-15.875,12.1974,0.666667,0,0,0
3931,-15.875,13.1763,0.666667,0,0,0
3932,-15.875,14.1553,0.666667,0,0,0
3933,-15.875,15.1342,0.666667,0,0,0
3934,-15.875,16.1132,0.666667,0,0,0
3935,-15.875,17.0921,0.666667,0,0,0
3936,-15.875,18.0711,0.666667,0,0,0
3937,-69,1.42895,0.333333,0,0,0
3938,-69,2.40789,0.333333,0,0,0
3939,-69,3.38684,0.333333,0,0,0
3940,-69,4.36579,0.333333,0,0,0
3941,-69,5.34474,0.333333,0,0,0
3942,-69,6.32368,0.333333,0,0,0
3943,-69,7.30263,0.333333,0,0,0
3944,-69,8.28158,0.333333,0,0,0
3945,-69,9.26053,0.333333,0,0,0
3946,-69,10.2395,0.333333,0,0,0
3947,-69,11.2184,0.333333,0,0,0
3948,-69,12.1974,0.333333,0,0,0
3949,-69,13.1763,0.333333,0,0,0
3950,-69,14.1553,0.333333,0,0,0
3951,-69,15.1342,0.333333,0,0,0
3952,-69,16.1132,0.333333,0,0,0
3953,-69,17.0921,0.333333,0,0,0
3954,-69,18.0711,0.333333,0,0,0
3955,-69,1.42895,0.666667,0,0,0
3956,-69,2.40789,0.666667,0,0,0
3957,-69,3.38684,0.666667,0,0,0
3958,-69,4.36579,0.666667,0,0,0
3959,-69,5.34474,0.666667,0,0,0
3960,-69,6.32368,0.666667,0,0,0
3961,-69,7.30263,0.666667,0,0,0
3962,-69,8.28158,0.666667,0,0,0
3963,-69,9.26053,0.666667,0,0,0
3964,-69,10.2395,0.666667,0,0,0
3965,-69,11.2184,0.666667,0,0,0
3966,-69,12.1974,0.666667,0,0,0
3967,-69,13.1763,0.666667,0,0,0
3968,-69,14.1553,0.666667,0,0,0
3969,-69,15.1342,0.666667,0,0,0
3970,-69,16.1132,0.666667,0,0,0
3971,-69,17.0921,0.666667,0,0,0
3972,-69,18.0711,0.666667,0,0,0
3973,-16.8774,0.45,0.333333,0,0,0
3974,-17.8797,0.45,0.333333,0,0,0
3975,-18.8821,0.45,0.333333,0,0,0
3976,-19.8844,0.45,0.333333,0,0,0
3977,-20.8868,0.45,0.333333,0,0,0
3978,-21.8892,0.45,0.333333,0,0,0
3979,-22.8915,0.45,0.333333,0,0,0
3980,-23.8939,0.45,0.333333,0,0,0
3981,-24.8962,0.45,0.333333,0,0,0
3982,-25.8986,0.45,0.333333,0,0,0
3983,-26.9009,0.45,0.333333,0,0,0
3984,-27.9033,0.45,0.333333,0,0,0
3985,-28.9057,0.45,0.333333,0,0,0
3986,-29.908,0.45,0.333333,0,0,0
3987,-30.9104,0.45,0.333333,0,0,0
3988,-31.9127,0.45,0.333333,0,0,0
3989,-32.9151,0.45,0.333333,0,0,0
3990,-33.9175,0.45,0.333333,0,0,0
3991,-34.9198,0.45,0.333333,0,0,0
3992,-35.9222,0.45,0.333333,0,0,0
3993,-36.9245,0.45,0.333333,0,0,0
3994,-37.9269,0.45,0.333333,0,0,0
3995,-38.9292,0.45,0.333333,0,0,0
3996,-39.9316,0.45,0.333333,0,0,0
3997,-40.934,0.45,0.333333,0,0,0
3998,-41.9363,0.45,0.333333,0,0,0
3999,-42.9387,0.45,0.333333,0,0,0
4000,-43.941,0.45,0.333333,0,0,0
4001,-44.9434,0.45,0.333333,0,0,0
4002,-45.9458,0.45,0.333333,0,0,0
4003,-46.9481,0.45,0.333333,0,0,0
4004,-47.9505,0.45,0.333333,0,0,0
4005,-48.9528,0.45,0.333333,0,0,0
4006,-49.9552,0.45,0.333333,0,0,0
4007,-50.9575,0.45,0.333333,0,0,0
4008,-51.9599,0.45,0.333333,0,0,0
4009,-52.9623,0.45,0.333333,0,0,0
4010,-53.9646,0.45,0.333333,0,0,0
4011,-54.967,0.45,0.333333,0,0,0
4012,-55.9693,0.45,0.333333,0,0,0
4013,-56.9717,0.45,0.333333,0,0,0
4014,-57.9741,0.45,0.333333,0,0,0
4015,-58.9764,0.45,0.333333,0,0,0
4016,-59.9788,0.45,0.333333,0,0,0
4017,-60.9811,0.45,0.333333,0,0,0
4018,-61.9835,0.45,0.333333,0,0,0
4019,-62.9858,0.45,0.333333,0,0,0
4020,-63.9882,0.45,0.333333,0,0,0
4021,-64.9906,0.45,0.333333,0,0,0
4022,-65.9929,0.45,0.333333,0,0,0
4023,-66.9953,0.45,0.333333,0,0,0
4024,-67.9976,0.45,0.333333,0,0,0
4025,-16.8774,0.45,0.666667,0,0,0
4026,-17.8797,0.45,0.666667,0,0,0
4027,-18.8821,0.45,0.666667,0,0,0
4028,-19.8844,0.45,0.666667,0,0,0
4029,-20.8868,0.45,0.666667,0,0,0
4030,-21.8892,0.45,0.666667,0,0,0
4031,-22.8915,0.45,0.666667,0,0,0
4032,-23.8939,0.45,0.666667,0,0,0
4033,-24.8962,0.45,0.666667,0,0,0
4034,-25.8986,0.45,0.666667,0,0,0
4035,-26.9009,0.45,0.666667,0,0,0
4036,-27.9033,0.45,0.666667,0,0,0
4037,-28.9057,0.45,0.666667,0,0,0
4038,-29.908,0.45,0.666667,0,0,0
4039,-30.9104,0.45,0.666667,0,0,0
4040,-31.9127,0.45,0.666667,0,0,0
4041,-32.9151,0.45,0.666667,0,0,0
4042,-33.9175,0.45,0.666667,0,0,0
4043,-34.9198,0.45,0.666667,0,0,0
4044,-35.9222,0.45,0.666667,0,0,0
4045,-36.9245,0.45,0.666667,0,0,0
4046,-37.9269,0.45,0.666667,0,0,0
4047,-38.9292,0.45,0.666667,0,0,0
4048,-39.9316,0.45,0.666667,0,0,0
4049,-40.934,0.45,0.666667,0,0,0
4050,-41.9363,0.45,0.666667,0,0,0
4051,-42.9387,0.45,0.666667,0,0,0
4052,-43.941,0.45,0.666667,0,0,0
4053,-44.9434,0.45,0.666667,0,0,0
4054,-45.9458,0.45,0.666667,0,0,0
4055,-46.9481,0.45,0.666667,0,0,0
4056,-47.9505,0.45,0.666667,0,0,0
4057,-48.9528,0.45,0.666667,0,0,0
4058,-49.9552,0.45,0.666667,0,0,0
4059,-50.9575,0.45,0.666667,0,0,0
4060,-51.9599,0.45,0.666667,0,0,0
4061,-52.9623,0.45,0.666667,0,0,0
4062,-53.9646,0.45,0.666667,0,0,0
4063,-54.967,0.45,0.666667,0,0,0
4064,-55.9693,0.45,0.666667,0,0,0
4065,-56.9717,0.45,0.666667,0,0,0
4066,-57.9741,0.45,0.666667,0,0,0
4067,-58.9764,0.45,0.666667,0,0,0
4068,-59.9788,0.45,0.666667,0,0,0
4069,-60.9811,0.45,0.666667,0,0,0
4070,-61.9835,0.45,0.666667,0,0,0
4071,-62.9858,0.45,0.666667,0,0,0
4072,-63.9882,0.45,0.666667,0,0,0
4073,-64.9906,0.45,0.666667,0,0,0
4074,-65.9929,0.45,0.666667,0,0,0
4075,-66.9953,0.45,0.666667,0,0,0
4076,-67.9976,0.45,0.666667,0,0,0
4077,-16.8774,19.05,0.333333,0,0,0
4078,-17.8797,19.05,0.333333,0,0,0
4079,-18.8821,19.05,0.333333,0,0,0
4080,-19.8844,19.05,0.333333,0,0,0
4081,-20.8868,19.05,0.333333,0,0,0
4082,-21.8892,19.05,0.333333,0,0,0
4083,-22.8915,19.05,0.333333,0,0,0
4084,-23.8939,19.05,0.333333,0,0,0
4085,-24.8962,19.05,0.333333,0,0,0
4086,-25.8986,19.05,0.333333,0,0,0
4087,-26.9009,19.05,0.333333,0,0,0
4088,-27.9033,19.05,0.333333,0,0,0
4089,-28.9057,19.05,0.333333,0,0,0
4090,-29.908,19.05,0.333333,0,0,0
4091,-30.9104,19.05,0.333333,0,0,0
4092,-31.9127,19.05,0.333333,0,0,0
4093,-32.9151,19.05,0.333333,0,0,0
4094,-33.9175,19.05,0.333333,0,0,0
4095,-34.9198,19.05,0.333333,0,0,0
4096,-35.9222,19.05,0.333333,0,0,0
4097,-36.9245,19.05,0.333333,0,0,0
4098,-37.9269,19.05,0.333333,0,0,0
4099,-38.9292,19.05,0.333333,0,0,0
4100,-39.9316,19.05,0.333333,0,0,0
4101,-40.934,19.05,0.333333,0,0,0
4102,-41.9363,19.05,0.333333,0,0,0
4103,-42.9387,19.05,0.333333,0,0,0
4104,-43.941,19.05,0.333333,0,0,0
4105,-44.9434,19.05,0.333333,0,0,0
4106,-45.9458,19.05,0.333333,0,0,0
4107,-46.9481,19.05,0.333333,0,0,0
4108,-47.9505,19.05,0.333333,0,0,0
4109,-48.9528,19.05,0.333333,0,0,0
4110,-49.9552,19.05,0.333333,0,0,0
4111,-50.9575,19.05,0.333333,0,0,0
4112,-51.9599,19.05,0.333333,0,0,0
4113,-52.9623,19.05,0.333333,0,0,0
4114,-53.9646,19.05,0.333333,0,0,0
4115,-54.967,19.05,0.333333,0,0,0
4116,-55.9693,19.05,0.333333,0,0,0
4117,-56.9717,19.05,0.333333,0,0,0
4118,-57.9741,19.05,0.333333,0,0,0
4119,-58.9764,19.05,0.333333,0,0,0
4120,-59.9788,19.05,0.333333,0,0,0
4121,-60.9811,19.05,0.333333,0,0,0
4122,-61.9835,19.05,0.333333,0,0,0
4123,-62.9858,19.05,0.333333,0,0,0
4124,-63.9882,19.05,0.333333,0,0,0
4125,-64.9906,19.05,0.333333,0,0,0
4126,-65.9929,19.05,0.333333,0,0,0
4127,-66.9953,19.05,0.333333,0,0,0
4128,-67.9976,19.05,0.333333,0,0,0
4129,-16.8774,19.05,0.666667,0,0,0
4130,-17.8797,19.05,0.666667,0,0,0
4131,-18.8821,19.05,0.666667,0,0,0
4132,-19.8844,19.05,0.666667,0,0,0
4133,-20.8868,19.05,0.666667,0,0,0
4134,-21.8892,19.05,0.666667,0,0,0
4135,-22.8915,19.05,0.666667,0,0,0
4136,-23.8939,19.05,0.666667,0,0,0
4137,-24.8962,19.05,0.666667,0,0,0
4138,-25.8986,19.05,0.666667,0,0,0
4139,-26.9009,19.05,0.666667,0,0,0
4140,-27.9033,19.05,0.666667,0,0,0
4141,-28.9057,19.05,0.666667,0,0,0
4142,-29.908,19.05,0.666667,0,0,0
4143,-30.9104,19.05,0.666667,0,0,0
4144,-31.9127,19.05,0.666667,0,0,0
4145,-32.9151,19.05,0.666667,0,0,0
4146,-33.9175,19.05,0.666667,0,0,0
4147,-34.9198,19.05,0.666667,0,0,0
4148,-35.9222,19.05,0.666667,0,0,0
4149,-36.9245,19.05,0.666667,0,0,0
4150,-37.9269,19.05,0.666667,0,0,0
4151,-38.9292,19.05,0.666667,0,0,0
4152,-39.9316,19.05,0.666667,0,0,0
4153,-40.934,19.05,0.666667,0,0,0
4154,-41.9363,19.05,0.666667,0,0,0
4155,-42.9387,19.05,0.666667,0,0,0
4156,-43.941,19.05,0.666667,0,0,0
4157,-44.9434,19.05,0.666667,0,0,0
4158,-45.9458,19.05,0.666667,0,0,0
4159,-46.9481,19.05,0.666667,0,0,0
4160,-47.9505,19.05,0.666667,0,0,0
4161,-48.9528,19.05,0.666667,0,0,0
4162,-49.9552,19.05,0.666667,0,0,0
4163,-50.9575,19.05,0.666667,0,0,0
4164,-51.9599,19.05,0.666667,0,0,0
4165,-52.9623,19.05,0.666667,0,0,0
4166,-53.9646,19.05,0.666667,0,0,0
4167,-54.967,19.05,0.666667,0,0,0
4168,-55.9693,19.05,0.666667,0,0,0
4169,-56.9717,19.05,0.666667,0,0,0
4170,-57.9741,19.05,0.666667,0,0,0
4171,-58.9764,19.05,0.666667,0,0,0
4172,-59.9788,19.05,0.666667,0,0,0
4173,-60.9811,19.05,0.666667,0,0,0
4174,-61.9835,19.05,0.666667,0,0,0
4175,-62.9858,19.05,0.666667,0,0,0
4176,-63.9882,19.05,0.666667,0,0,0
4177,-64.9906,19.05,0.666667,0,0,0
4178,-65.9929,19.05,0.666667,0,0,0
4179,-66.9953,19.05,0.666667,0,0,0
4180,-67.9976,19.05,0.666667,0,0,0
4181,16.8774,1.42895,1,0,0,0
4182,17.8797,1.42895,1,0,0,0
4183,18.8821,1.42895,1,0,0,0
4184,19.8844,1.42895,1,0,0,0
4185,20.8868,1.42895,1,0,0,0
4186,21.8892,1.42895,1,0,0,0
4187,22.8915,1.42895,1,0,0,0
4188,23.8939,1.42895,1,0,0,0
4189,24.8962,1.42895,1,0,0,0
4190,25.8986,1.42895,1,0,0,0
4191,26.9009,1.42895,1,0,0,0
4192,27.9033,1.42895,1,0,0,0
4193,28.9057,1.42895,1,0,0,0
4194,29.908,1.42895,1,0,0,0
4195,30.9104,1.42895,1,0,0,0
4196,31.9127,1.42895,1,0,0,0
4197,32.9151,1.42895,1,0,0,0
4198,33.9175,1.42895,1,0,0,0
4199,34.9198,1.42895,1,0,0,0
4200,35.9222,1.42895,1,0,0,0
4201,36.9245,1.42895,1,0,0,0
4202,37.9269,1.42895,1,0,0,0
4203,38.9292,1.42895,1,0,0,0
4204,39.9316,1.42895,1,0,0,0
4205,40.934,1.42895,1,0,0,0
4206,41.9363,1.42895,1,0,0,0
4207,42.9387,1.42895,1,0,0,0
4208,43.941,1.42895,1,0,0,0
4209,44.9434,1.42895,1,0,0,0
4210,45.9458,1.42895,1,0,0,0
4211,46.9481,1.42895,1,0,0,0
4212,47.9505,1.42895,1,0,0,0
4213,48.9528,1.42895,1,0,0,0
4214,49.9552,1.42895,1,0,0,0
4215,50.9575,1.42895,1,0,0,0
4216,51.9599,1.42895,1,0,0,0
4217,52.9623,1.42895,1,0,0,0
4218,53.9646,1.42895,1,0,0,0
4219,54.967,1.42895,1,0,0,0
4220,55.9693,1.42895,1,0,0,0
4221,56.9717,1.42895,1,0,0,0
4222,57.9741,1.42895,1,0,0,0
4223,58.9764,1.42895,1,0,0,0
4224,59.9788,1.42895,1,0,0,0
4225,60.9811,1.42895,1,0,0,0
4226,61.9835,1.42895,1,0,0,0
4227,62.9858,1.42895,1,0,0,0
4228,63.9882,1.42895,1,0,0,0
4229,64.9906,1.42895,1,0,0,0
4230,65.9929,1.42895,1,0,0,0
4231,66.9953,1.42895,1,0,0,0
4232,67.9976,1.42895,1,0,0,0
4233,16.8774,2.40789,1,0,0,0
4234,17.8797,2.40789,1,0,0,0
4235,18.8821,2.40789,1,0,0,0
4236,19.8844,2.40789,1,0,0,0
4237,20.8868,2.40789,1,0,0,0
4238,21.8892,2.40789,1,0,0,0
4239,22.8915,2.40789,1,0,0,0
4240,23.8939,2.40789,1,0,0,0
4241,24.8962,2.40789,1,0,0,0
4242,25.8986,2.40789,1,0,0,0
4243,26.9009,2.40789,1,0,0,0
4244,27.9033,2.40789,1,0,0,0
4245,28.9057,2.40789,1,0,0,0
4246,29.908,2.40789,1,0,0,0
4247,30.9104,2.40789,1,0,0,0
4248,31.9127,2.40789,1,0,0,0
4249,32.9151,2.40789,1,0,0,0
4250,33.9175,2.40789,1,0,0,0
4251,34.9198,2.40789,1,0,0,0
4252,35.9222,2.40789,1,0,0,0
4253,36.9245,2.40789,1,0,0,0
4254,37.9269,2.40789,1,0,0,0
4255,38.9292,2.40789,1,0,0,0
4256,39.9316,2.40789,1,0,0,0
4257,40.934,2.40789,1,0,0,0
4258,41.9363,2.40789,1,0,0,0
4259,42.9387,2.40789,1,0,0,0
4260,43.941,2.40789,1,0,0,0
4261,44.9434,2.40789,1,0,0,0
4262,45.9458,2.40789,1,0,0,0
4263,46.9481,2.40789,1,0,0,0
4264,47.9505,2.40789,1,0,0,0
4265,48.9528,2.40789,1,0,0,0
4266,49.9552,2.40789,1,0,0,0
4267,50.9575,2.40789,1,0,0,0
4268,51.9599,2.40789,1,0,0,0
4269,52.9623,2.40789,1,0,0,0
4270,53.9646,2.40789,1,0,0,0
4271,54.967,2.40789,1,0,0,0
4272,55.9693,2.40789,1,0,0,0
4273,56.9717,2.40789,1,0,0,0
4274,57.9741,2.40789,1,0,0,0
4275,58.9764,2.40789,1,0,0,0
4276,59.9788,2.40789,1,0,0,0
4277,60.9811,2.40789,1,0,0,0
4278,61.9835,2.40789,1,0,0,0
4279,62.9858,2.40789,1,0,0,0
4280,63.9882,2.40789,1,0,0,0
4281,64.9906,2.40789,1,0,0,0
4282,65.9929,2.40789,1,0,0,0
4283,66.9953,2.40789,1,0,0,0
4284,67.9976,2.40789,1,0,0,0
4285,16.8774,3.38684,1,0,0,0
4286,17.8797,3.38684,1,0,0,0
4287,18.8821,3.38684,1,0,0,0
4288,19.8844,3.38684,1,0,0,0
4289,20.8868,3.38684,1,0,0,0
4290,21.8892,3.38684,1,0,0,0
4291,22.8915,3.38684,1,0,0,0
4292,23.8939,3.38684,1,0,0,0
4293,24.8962,3.38684,1,0,0,0
4294,25.8986,3.38684,1,0,0,0
4295,26.9009,3.38684,1,0,0,0
4296,27.9033,3.38684,1,0,0,0
4297,28.9057,3.38684,1,0,0,0
4298,29.908,3.38684,1,0,0,0
4299,30.9104,3.38684,1,0,0,0
4300,31.9127,3.38684,1,0,0,0
4301,32.9151,3.38684,1,0,0,0
4302,33.9175,3.38684,1,0,0,0
4303,34.9198,3.38684,1,0,0,0
4304,35.9222,3.38684,1,0,0,0
4305,36.9245,3.38684,1,0,0,0
4306,37.9269,3.38684,1,0,0,0
4307,38.9292,3.38684,1,0,0,0
4308,39.9316,3.38684,1,0,0,0
4309,40.934,3.38684,1,0,0,0
4310,41.9363,3.38684,1,0,0,0
4311,42.9387,3.38684,1,0,0,0
4312,43.941,3.38684,1,0,0,0
4313,44.9434,3.38684,1,0,0,0
4314,45.9458,3.38684,1,0,0,0
4315,46.9481,3.38684,1,0,0,0
4316,47.9505,3.38684,1,0,0,0
4317,48.9528,3.38684,1,0,0,0
4318,49.9552,3.38684,1,0,0,0
4319,50.9575,3.38684,1,0,0,0
4320,51.9599,3.38684,1,0,0,0
4321,52.9623,3.38684,1,0,0,0
4322,53.9646,3.38684,1,0,0,0
4323,54.967,3.38684,1,0,0,0
4324,55.9693,3.38684,1,0,0,0
4325,56.9717,3.38684,1,0,0,0
4326,57.9741,3.38684,1,0,0,0
4327,58.9764,3.38684,1,0,0,0
4328,59.9788,3.38684,1,0,0,0
4329,60.9811,3.38684,1,0,0,0
4330,61.9835,3.38684,1,0,0,0
4331,62.9858,3.38684,1,0,0,0
4332,63.9882,3.38684,1,0,0,0
4333,64.9906,3.38684,1,0,0,0
4334,65.9929,3.38684,1,0,0,0
4335,66.9953,3.38684,1,0,0,0
4336,67.9976,3.38684,1,0,0,0
4337,16.8774,4.36579,1,0,0,0
4338,17.8797,4.36579,1,0,0,0
4339,18.8821,4.36579,1,0,0,0
4340,19.8844,4.36579,1,0,0,0
4341,20.8868,4.36579,1,0,0,0
4342,21.8892,4.36579,1,0,0,0
4343,22.8915,4.36579,1,0,0,0
4344,23.8939,4.36579,1,0,0,0
4345,24.8962,4.36579,1,0,0,0
4346,25.8986,4.36579,1,0,0,0
4347,26.9009,4.36579,1,0,0,0
4348,27.9033,4.36579,1,0,0,0
4349,28.9057,4.36579,1,0,0,0
4350,29.908,4.36579,1,0,0,0
4351,30.9104,4.36579,1,0,0,0
4352,31.9127,4.36579,1,0,0,0
4353,32.9151,4.36579,1,0,0,0
4354,33.9175,4.36579,1,0,0,0
4355,34.9198,4.36579,1,0,0,0
4356,35.9222,4.36579,1,0,0,0
4357,36.9245,4.36579,1,0,0,0
4358,37.9269,4.36579,1,0,0,0
4359,38.9292,4.36579,1,0,0,0
4360,39.9316,4.36579,1,0,0,0
4361,40.934,4.36579,1,0,0,0
4362,41.9363,4.36579,1,0,0,0
4363,42.9387,4.36579,1,0,0,0
4364,43.941,4.36579,1,0,0,0
4365,44.9434,4.36579,1,0,0,0
4366,45.9458,4.36579,1,0,0,0
4367,46.9481,4.36579,1,0,0,0
4368,47.9505,4.36579,1,0,0,0
4369,48.9528,4.36579,1,0,0,0
4370,49.9552,4.36579,1,0,0,0
4371,50.9575,4.36579,1,0,0,0
4372,51.9599,4.36579,1,0,0,0
4373,52.9623,4.36579,1,0,0,0
4374,53.9646,4.36579,1,0,0,0
4375,54.967,4.36579,1,0,0,0
4376,55.9693,4.36579,1,0,0,0
4377,56.9717,4.36579,1,0,0,0
4378,57.9741,4.36579,1,0,0,0
4379,58.9764,4.36579,1,0,0,0
4380,59.9788,4.36579,1,0,0,0
4381,60.9811,4.36579,1,0,0,0
4382,61.9835,4.36579,1,0,0,0
4383,62.9858,4.36579,1,0,0,0
4384,63.9882,4.36579,1,0,0,0
4385,64.9906,4.36579,1,0,0,0
4386,65.9929,4.36579,1,0,0,0
4387,66.9953,4.36579,1,0,0,0
4388,67.9976,4.36579,1,0,0,0
4389,16.8774,5.34474,1,0,0,0
4390,17.8797,5.34474,1,0,0,0
4391,18.8821,5.34474,1,0,0,0
4392,19.8844,5.34474,1,0,0,0
4393,20.8868,5.34474,1,0,0,0
4394,21.8892,5.34474,1,0,0,0
4395,22.8915,5.34474,1,0,0,0
4396,23.8939,5.34474,1,0,0,0
4397,24.8962,5.34474,1,0,0,0
4398,25.8986,5.34474,1,0,0,0
4399,26.9009,5.34474,1,0,0,0
4400,27.9033,5.34474,1,0,0,0
4401,28.9057,5.34474,1,0,0,0
4402,29.908,5.34474,1,0,0,0
4403,30.9104,5.34474,1,0,0,0
4404,31.9127,5.34474,1,0,0,0
4405,32.9151,5.34474,1,0,0,0
4406,33.9175,5.34474,1,0,0,0
4407,34.9198,5.34474,1,0,0,0
4408,35.9222,5.34474,1,0,0,0
4409,36.9245,5.34474,1,0,0,0
4410,37.9269,5.34474,1,0,0,0
4411,38.9292,5.34474,1,0,0,0
4412,39.9316,5.34474,1,0,0,0
4413,40.934,5.34474,1,0,0,0
4414,41.9363,5.34474,1,0,0,0
4415,42.9387,5.34474,1,0,0,0
4416,43.941,5.34474,1,0,0,0
4417,44.9434,5.34474,1,0,0,0
4418,45.9458,5.34474,1,0,0,0
4419,46.9481,5.34474,1,0,0,0
4420,47.9505,5.34474,1,0,0,0
4421,48.9528,5.34474,1,0,0,0
4422,49.9552,5.34474,1,0,0,0
4423,50.9575,5.34474,1,0,0,0
4424,51.9599,5.34474,1,0,0,0
4425,52.9623,5.34474,1,0,0,0
4426,53.9646,5.34474,1,0,0,0
4427,54.967,5.34474,1,0,0,0
4428,55.9693,5.34474,1,0,0,0
4429,56.9717,5.34474,1,0,0,0
4430,57.9741,5.34474,1,0,0,0
4431,58.9764,5.34474,1,0,0,0
4432,59.9788,5.34474,1,0,0,0
4433,60.9811,5.34474,1,0,0,0
4434,61.9835,5.34474,1,0,0,0
4435,62.9858,5.34474,1,0,0,0
4436,63.9882,5.34474,1,0,0,0
4437,64.9906,5.34474,1,0,0,0
4438,65.9929,5.34474,1,0,0,0
4439,66.9953,5.34474,1,0,0,0
4440,67.9976,5.34474,1,0,0,0
4441,16.8774,6.32368,1,0,0,0
4442,17.8797,6.32368,1,0,0,0
4443,18.8821,6.32368,1,0,0,0
4444,19.8844,6.32368,1,0,0,0
4445,20.8868,6.32368,1,0,0,0
4446,21.8892,6.32368,1,0,0,0
4447,22.8915,6.32368,1,0,0,0
4448,23.8939,6.32368,1,0,0,0
4449,24.8962,6.32368,1,0,0,0
4450,25.8986,6.32368,1,0,0,0
4451,26.9009,6.32368,1,0,0,0
4452,27.9033,6.32368,1,0,0,0
4453,28.9057,6.32368,1,0,0,0
4454,29.908,6.32368,1,0,0,0
4455,30.9104,6.32368,1,0,0,0
4456,31.9127,6.32368,1,0,0,0
4457,32.9151,6.32368,1,0,0,0
4458,33.9175,6.32368,1,0,0,0
4459,34.9198,6.32368,1,0,0,0
4460,35.9222,6.32368,1,0,0,0
4461,36.9245,6.32368,1,0,0,0
4462,37.9269,6.32368,1,0,0,0
4463,38.9292,6.32368,1,0,0,0
4464,39.9316,6.32368,1,0,0,0
4465,40.934,6.32368,1,0,0,0
4466,41.9363,6.32368,1,0,0,0
4467,42.9387,6.32368,1,0,0,0
4468,43.941,6.32368,1,0,0,0
4469,44.9434,6.32368,1,0,0,0
4470,45.9458,6.32368,1,0,0,0
4471,46.9481,6.32368,1,0,0,0
4472,47.9505,6.32368,1,0,0,0
4473,48.9528,6.32368,1,0,0,0
4474,49.9552,6.32368,1,0,0,0
4475,50.9575,6.32368,1,0,0,0
4476,51.9599,6.32368,1,0,0,0
4477,52.9623,6.32368,1,0,0,0
4478,53.9646,6.32368,1,0,0,0
4479,54.967,6.32368,1,0,0,0
4480,55.9693,6.32368,1,0,0,0
4481,56.9717,6.32368,1,0,0,0
4482,57.9741,6.32368,1,0,0,0
4483,58.9764,6.32368,1,0,0,0
4484,59.9788,6.32368,1,0,0,0
4485,60.9811,6.32368,1,0,0,0
4486,61.9835,6.32368,1,0,0,0
4487,62.9858,6.32368,1,0,0,0
4488,63.9882,6.32368,1,0,0,0
4489,64.9906,6.32368,1,0,0,0
4490,65.9929,6.32368,1,0,0,0
4491,66.9953,6.32368,1,0,0,0
4492,67.9976,6.32368,1,0,0,0
4493,16.8774,7.30263,1,0,0,0
4494,17.8797,7.30263,1,0,0,0
4495,18.8821,7.30263,1,0,0,0
4496,19.8844,7.30263,1,0,0,0
4497,20.8868,7.30263,1,0,0,0
4498,21.8892,7.30263,1,0,0,0
4499,22.8915,7.30263,1,0,0,0
4500,23.8939,7.30263,1,0,0,0
4501,24.8962,7.30263,1,0,0,0
4502,25.8986,7.30263,1,0,0,0
4503,26.9009,7.30263,1,0,0,0
4504,27.9033,7.30263,1,0,0,0
4505,28.9057,7.30263,1,0,0,0
4506,29.908,7.30263,1,0,0,0
4507,30.9104,7.30263,1,0,0,0
4508,31.9127,7.30263,1,0,0,0
4509,32.9151,7.30263,1,0,0,0
4510,33.9175,7.30263,1,0,0,0
4511,34.9198,7.30263,1,0,0,0
4512,35.9222,7.30263,1,0,0,0
4513,36.9245,7.30263,1,0,0,0
4514,37.9269,7.30263,1,0,0,0
4515,38.9292,7.30263,1,0,0,0
4516,39.9316,7.30263,1,0,0,0
4517,40.934,7.30263,1,0,0,0
4518,41.9363,7.30263,1,0,0,0
4519,42.9387,7.30263,1,0,0,0
4520,43.941,7.30263,1,0,0,0
4521,44.9434,7.30263,1,0,0,0
4522,45.9458,7.30263,1,0,0,0
4523,46.9481,7.30263,1,0,0,0
4524,47.9505,7.30263,1,0,0,0
4525,48.9528,7.30263,1,0,0,0
4526,49.9552,7.30263,1,0,0,0
4527,50.9575,7.30263,1,0,0,0
4528,51.9599,7.30263,1,0,0,0
4529,52.9623,7.30263,1,0,0,0
4530,53.9646,7.30263,1,0,0,0
4531,54.967,7.30263,1,0,0,0
4532,55.9693,7.30263,1,0,0,0
4533,56.9717,7.30263,1,0,0,0
4534,57.9741,7.30263,1,0,0,0
4535,58.9764,7.30263,1,0,0,0
4536,59.9788,7.30263,1,0,0,0
4537,60.9811,7.30263,1,0,0,0
4538,61.9835,7.30263,1,0,0,0
4539,62.9858,7.30263,1,0,0,0
4540,63.9882,7.30263,1,0,0,0
4541,64.9906,7.30263,1,0,0,0
4542,65.9929,7.30263,1,0,0,0
4543,66.9953,7.30263,1,0,0,0
4544,67.9976,7.30263,1,0,0,0
4545,16.8774,8.28158,1,0,0,0
4546,17.8797,8.28158,1,0,0,0
4547,18.8821,8.28158,1,0,0,0
4548,19.8844,8.28158,1,0,0,0
4549,20.8868,8.28158,1,0,0,0
4550,21.8892,8.28158,1,0,0,0
4551,22.8915,8.28158,1,0,0,0
4552,23.8939,8.28158,1,0,0,0
4553,24.8962,8.28158,1,0,0,0
4554,25.8986,8.28158,1,0,0,0
4555,26.9009,8.28158,1,0,0,0
4556,27.9033,8.28158,1,0,0,0
4557,28.9057,8.28158,1,0,0,0
4558,29.908,8.28158,1,0,0,0
4559,30.9104,8.28158,1,0,0,0
4560,31.9127,8.28158,1,0,0,0
4561,32.9151,8.28158,1,0,0,0
4562,33.9175,8.28158,1,0,0,0
4563,34.9198,8.28158,1,0,0,0
4564,35.9222,8.28158,1,0,0,0
4565,36.9245,8.28158,1,0,0,0
4566,37.9269,8.28158,1,0,0,0
4567,38.9292,8.28158,1,0,0,0
4568,39.9316,8.28158,1,0,0,0
4569,40.934,8.28158,1,0,0,0
4570,41.9363,8.28158,1,0,0,0
4571,42.9387,8.28158,1,0,0,0
4572,43.941,8.28158,1,0,0,0
4573,44.9434,8.28158,1,0,0,0
4574,45.9458,8.28158,1,0,0,0
4575,46.9481,8.28158,1,0,0,0
4576,47.9505,8.28158,1,0,0,0
4577,48.9528,8.28158,1,0,0,0
4578,49.9552,8.28158,1,0,0,0
4579,50.9575,8.28158,1,0,0,0
4580,51.9599,8.28158,1,0,0,0
4581,52.9623,8.28158,1,0,0,0
4582,53.9646,8.28158,1,0,0,0
4583,54.967,8.28158,1,0,0,0
4584,55.9693,8.28158,1,0,0,0
4585,56.9717,8.28158,1,0,0,0
4586,57.9741,8.28158,1,0,0,0
4587,58.9764,8.28158,1,0,0,0
4588,59.9788,8.28158,1,0,0,0
4589,60.9811,8.28158,1,0,0,0
4590,61.9835,8.28158,1,0,0,0
4591,62.9858,8.28158,1,0,0,0
4592,63.9882,8.28158,1,0,0,0
4593,64.9906,8.28158,1,0,0,0
4594,65.9929,8.28158,1,0,0,0
4595,66.9953,8.28158,1,0,0,0
4596,67.9976,8.28158,1,0,0,0
4597,16.8774,9.26053,1,0,0,0
4598,17.8797,9.26053,1,0,0,0
4599,18.8821,9.26053,1,0,0,0
4600,19.8844,9.26053,1,0,0,0
4601,20.8868,9.26053,1,0,0,0
4602,21.8892,9.26053,1,0,0,0
4603,22.8915,9.26053,1,0,0,0
4604,23.8939,9.26053,1,0,0,0
4605,24.8962,9.26053,1,0,0,0
4606,25.8986,9.26053,1,0,0,0
4607,26.9009,9.26053,1,0,0,0
4608,27.9033,9.26053,1,0,0,0
4609,28.9057,9.26053,1,0,0,0
4610,29.908,9.26053,1,0,0,0
4611,30.9104,9.26053,1,0,0,0
4612,31.9127,9.26053,1,0,0,0
4613,32.9151,9.26053,1,0,0,0
4614,33.9175,9.26053,1,0,0,0
4615,34.9198,9.26053,1,0,0,0
4616,35.9222,9.26053,1,0,0,0
4617,36.9245,9.26053,1,0,0,0
4618,37.9269,9.26053,1,0,0,0
4619,38.9292,9.26053,1,0,0,0
4620,39.9316,9.26053,1,0,0,0
4621,40.934,9.26053,1,0,0,0
4622,41.9363,9.26053,1,0,0,0
4623,42.9387,9.26053,1,0,0,0
4624,43.941,9.26053,1,0,0,0
4625,44.9434,9.26053,1,0,0,0
4626,45.9458,9.26053,1,0,0,0
4627,46.9481,9.26053,1,0,0,0
4628,47.9505,9.26053,1,0,0,0
4629,48.9528,9.26053,1,0,0,0
4630,49.9552,9.26053,1,0,0,0
4631,50.9575,9.26053,1,0,0,0
4632,51.9599,9.26053,1,0,0,0
4633,52.9623,9.26053,1,0,0,0
4634,53.9646,9.26053,1,0,0,0
4635,54.967,9.26053,1,0,0,0
4636,55.9693,9.26053,1,0,0,0
4637,56.9717,9.26053,1,0,0,0
4638,57.9741,9.26053,1,0,0,0
4639,58.9764,9.26053,1,0,0,0
4640,59.9788,9.26053,1,0,0,0
4641,60.9811,9.26053,1,0,0,0
4642,61.9835,9.26053,1,0,0,0
4643,62.9858,9.26053,1,0,0,0
4644,63.9882,9.26053,1,0,0,0
4645,64.9906,9.26053,1,0,0,0
4646,65.9929,9.26053,1,0,0,0
4647,66.9953,9.26053,1,0,0,0
4648,67.9976,9.26053,1,0,0,0
4649,16.8774,10.2395,1,0,0,0
4650,17.8797,10.2395,1,0,0,0
4651,18.8821,10.2395,1,0,0,0
4652,19.8844,10.2395,1,0,0,0
4653,20.8868,10.2395,1,0,0,0
4654,21.8892,10.2395,1,0,0,0
4655,22.8915,10.2395,1,0,0,0
4656,23.8939,10.2395,1,0,0,0
4657,24.8962,10.2395,1,0,0,0
4658,25.8986,10.2395,1,0,0,0
4659,26.9009,10.2395,1,0,0,0
4660,27.9033,10.2395,1,0,0,0
4661,28.9057,10.2395,1,0,0,0
4662,29.908,10.2395,1,0,0,0
4663,30.9104,10.2395,1,0,0,0
4664,31.9127,10.2395,1,0,0,0
4665,32.9151,10.2395,1,0,0,0
4666,33.9175,10.2395,1,0,0,0
4667,34.9198,10.2395,1,0,0,0
4668,35.9222,10.2395,1,0,0,0
4669,36.9245,10.2395,1,0,0,0
4670,37.9269,10.2395,1,0,0,0
4671,38.9292,10.2395,1,0,0,0
4672,39.9316,10.2395,1,0,0,0
4673,40.934,10.2395,1,0,0,0
4674,41.9363,10.2395,1,0,0,0
4675,42.9387,10.2395,1,0,0,0
4676,43.941,10.2395,1,0,0,0
4677,44.9434,10.2395,1,0,0,0
4678,45.9458,10.2395,1,0,0,0
4679,46.9481,10.2395,1,0,0,0
4680,47.9505,10.2395,1,0,0,0
4681,48.9528,10.2395,1,0,0,0
4682,49.9552,10.2395,1,0,0,0
4683,50.9575,10.2395,1,0,0,0
4684,51.9599,10.2395,1,0,0,0
4685,52.9623,10.2395,1,0,0,0
4686,53.9646,10.2395,1,0,0,0
4687,54.967,10.2395,1,0,0,0
4688,55.9693,10.2395,1,0,0,0
4689,56.9717,10.2395,1,0,0,0
4690,57.9741,10.2395,1,0,0,0
4691,58.9764,10.2395,1,0,0,0
4692,59.9788,10.2395,1,0,0,0
4693,60.9811,10.2395,1,0,0,0
4694,61.9835,10.2395,1,0,0,0
4695,62.9858,10.2395,1,0,0,0
4696,63.9882,10.2395,1,0,0,0
4697,64.9906,10.2395,1,0,0,0
4698,65.9929,10.2395,1,0,0,0
4699,66.9953,10.2395,1,0,0,0
4700,67.9976,10.2395,1,0,0,0
4701,16.8774,11.2184,1,0,0,0
4702,17.8797,11.2184,1,0,0,0
4703,18.8821,11.2184,1,0,0,0
4704,19.8844,11.2184,1,0,0,0
4705,20.8868,11.2184,1,0,0,0
4706,21.8892,11.2184,1,0,0,0
4707,22.8915,11.2184,1,0,0,0
4708,23.8939,11.2184,1,0,0,0
4709,24.8962,11.2184,1,0,0,0
4710,25.8986,11.2184,1,0,0,0
4711,26.9009,11.2184,1,0,0,0
4712,27.9033,11.2184,1,0,0,0
4713,28.9057,11.2184,1,0,0,0
4714,29.908,11.2184,1,0,0,0
4715,30.9104,11.2184,1,0,0,0
4716,31.9127,11.2184,1,0,0,0
4717,32.9151,11.2184,1,0,0,0
4718,33.9175,11.2184,1,0,0,0
4719,34.9198,11.2184,1,0,0,0
4720,35.9222,11.2184,1,0,0,0
4721,36.9245,11.2184,1,0,0,0
4722,37.9269,11.2184,1,0,0,0
4723,38.9292,11.2184,1,0,0,0
4724,39.9316,11.2184,1,0,0,0
4725,40.934,11.2184,1,0,0,0
4726,41.9363,11.2184,1,0,0,0
4727,42.9387,11.2184,1,0,0,0
4728,43.941,11.2184,1,0,0,0
4729,44.9434,11.2184,1,0,0,0
4730,45.9458,11.2184,1,0,0,0
4731,46.9481,11.2184,1,0,0,0
4732,47.9505,11.2184,1,0,0,0
4733,48.9528,11.2184,1,0,0,0
4734,49.9552,11.2184,1,0,0,0
4735,50.9575,11.2184,1,0,0,0
4736,51.9599,11.2184,1,0,0,0
4737,52.9623,11.2184,1,0,0,0
4738,53.9646,11.2184,1,0,0,0
4739,54.967,11.2184,1,0,0,0
4740,55.9693,11.2184,1,0,0,0
4741,56.9717,11.2184,1,0,0,0
4742,57.9741,11.2184,1,0,0,0
4743,58.9764,11.2184,1,0,0,0
4744,59.9788,11.2184,1,0,0,0
4745,60.9811,11.2184,1,0,0,0
4746,61.9835,11.2184,1,0,0,0
4747,62.9858,11.2184,1,0,0,0
4748,63.9882,11.2184,1,0,0,0
4749,64.9906,11.2184,1,0,0,0
4750,65.9929,11.2184,1,0,0,0
4751,66.9953,11.2184,1,0,0,0
4752,67.9976,11.2184,1,0,0,0
4753,16.8774,12.1974,1,0,0,0
4754,17.8797,12.1974,1,0,0,0
4755,18.8821,12.1974,1,0,0,0
4756,19.8844,12.1974,1,0,0,0
4757,20.8868,12.1974,1,0,0,0
4758,21.8892,12.1974,1,0,0,0
4759,22.8915,12.1974,1,0,0,0
4760,23.8939,12.1974,1,0,0,0
4761,24.8962,12.1974,1,0,0,0
4762,25.8986,12.1974,1,0,0,0
4763,26.9009,12.1974,1,0,0,0
4764,27.9033,12.1974,1,0,0,0
4765,28.9057,12.1974,1,0,0,0
4766,29.908,12.1974,1,0,0,0
4767,30.9104,12.1974,1,0,0,0
4768,31.9127,12.1974,1,0,0,0
4769,32.9151,12.1974,1,0,0,0
4770,33.9175,12.1974,1,0,0,0
4771,34.9198,12.1974,1,0,0,0
4772,35.9222,12.1974,1,0,0,0
4773,36.9245,12.1974,1,0,0,0
4774,37.9269,12.1974,1,0,0,0
4775,38.9292,12.1974,1,0,0,0
4776,39.9316,12.1974,1,0,0,0
4777,40.934,12.1974,1,0,0,0
4778,41.9363,12.1974,1,0,0,0
4779,42.9387,12.1974,1,0,0,0
4780,43.941,12.1974,1,0,0,0
4781,44.9434,12.1974,1,0,0,0
4782,45.9458,12.1974,1,0,0,0
4783,46.9481,12.1974,1,0,0,0
4784,47.9505,12.1974,1,0,0,0
4785,48.9528,12.1974,1,0,0,0
4786,49.9552,12.1974,1,0,0,0
4787,50.9575,12.1974,1,0,0,0
4788,51.9599,12.1974,1,0,0,0
4789,52.9623,12.1974,1,0,0,0
4790,53.9646,12.1974,1,0,0,0
4791,54.967,12.1974,1,0,0,0
4792,55.9693,12.1974,1,0,0,0
4793,56.9717,12.1974,1,0,0,0
4794,57.9741,12.1974,1,0,0,0
4795,58.9764,12.1974,1,0,0,0
4796,59.9788,12.1974,1,0,0,0
4797,60.9811,12.1974,1,0,0,0
4798,61.9835,12.1974,1,0,0,0
4799,62.9858,12.1974,1,0,0,0
4800,63.9882,12.1974,1,0,0,0
4801,64.9906,12.1974,1,0,0,0
4802,65.9929,12.1974,1,0,0,0
4803,66.9953,12.1974,1,0,0,0
4804,67.9976,12.1974,1,0,0,0
4805,16.8774,13.1763,1,0,0,0
4806,17.8797,13.1763,1,0,0,0
4807,18.8821,13.1763,1,0,0,0
4808,19.8844,13.1763,1,0,0,0
4809,20.8868,13.1763,1,0,0,0
4810,21.8892,13.1763,1,0,0,0
4811,22.8915,13.1763,1,0,0,0
4812,23.8939,13.1763,1,0,0,0
4813,24.8962,13.1763,1,0,0,0
4814,25.8986,13.1763,1,0,0,0
4815,26.9009,13.1763,1,0,0,0
4816,27.9033,13.1763,1,0,0,0
4817,28.9057,13.1763,1,0,0,0
4818,29.908,13.1763,1,0,0,0
4819,30.9104,13.1763,1,0,0,0
4820,31.9127,13.1763,1,0,0,0
4821,32.9151,13.1763,1,0,0,0
4822,33.9175,13.1763,1,0,0,0
4823,34.9198,13.1763,1,0,0,0
4824,35.9222,13.1763,1,0,0,0
4825,36.9245,13.1763,1,0,0,0
4826,37.9269,13.1763,1,0,0,0
4827,38.9292,13.1763,1,0,0,0
4828,39.9316,13.1763,1,0,0,0
4829,40.934,13.1763,1,0,0,0
4830,41.9363,13.1763,1,0,0,0
4831,42.9387,13.1763,1,0,0,0
4832,43.941,13.1763,1,0,0,0
4833,44.9434,13.1763,1,0,0,0
4834,45.9458,13.1763,1,0,0,0
4835,46.9481,13.1763,1,0,0,0
4836,47.9505,13.1763,1,0,0,0
4837,48.9528,13.1763,1,0,0,0
4838,49.9552,13.1763,1,0,0,0
4839,50.9575,13.1763,1,0,0,0
4840,51.9599,13.1763,1,0,0,0
4841,52.9623,13.1763,1,0,0,0
4842,53.9646,13.1763,1,0,0,0
4843,54.967,13.1763,1,0,0,0
4844,55.9693,13.1763,1,0,0,0
4845,56.9717,13.1763,1,0,0,0
4846,57.9741,13.1763,1,0,0,0
4847,58.9764,13.1763,1,0,0,0
4848,59.9788,13.1763,1,0,0,0
4849,60.9811,13.1763,1,0,0,0
4850,61.9835,13.1763,1,0,0,0
4851,62.9858,13.1763,1,0,0,0
4852,63.9882,13.1763,1,0,0,0
4853,64.9906,13.1763,1,0,0,0
4854,65.9929,13.1763,1,0,0,0
4855,66.9953,13.1763,1,0,0,0
4856,67.9976,13.1763,1,0,0,0
4857,16.8774,14.1553,1,0,0,0
4858,17.8797,14.1553,1,0,0,0
4859,18.8821,14.1553,1,0,0,0
4860,19.8844,14.1553,1,0,0,0
4861,20.8868,14.1553,1,0,0,0
4862,21.8892,14.1553,1,0,0,0
4863,22.8915,14.1553,1,0,0,0
4864,23.8939,14.1553,1,0,0,0
4865,24.8962,14.1553,1,0,0,0
4866,25.8986,14.1553,1,0,0,0
4867,26.9009,14.1553,1,0,0,0
4868,27.9033,14.1553,1,0,0,0
4869,28.9057,14.1553,1,0,0,0
4870,29.908,14.1553,1,0,0,0
4871,30.9104,14.1553,1,0,0,0
4872,31.9127,14.1553,1,0,0,0
4873,32.9151,14.1553,1,0,0,0
4874,33.9175,14.1553,1,0,0,0
4875,34.9198,14.1553,1,0,0,0
4876,35.9222,14.1553,1,0,0,0
4877,36.9245,14.1553,1,0,0,0
4878,37.9269,14.1553,1,0,0,0
4879,38.9292,14.1553,1,0,0,0
4880,39.9316,14.1553,1,0,0,0
4881,40.934,14.1553,1,0,0,0
4882,41.9363,14.1553,1,0,0,0
4883,42.9387,14.1553,1,0,0,0
4884,43.941,14.1553,1,0,0,0
4885,44.9434,14.1553,1,0,0,0
4886,45.9458,14.1553,1,0,0,0
4887,46.9481,14.1553,1,0,0,0
4888,47.9505,14.1553,1,0,0,0
4889,48.9528,14.1553,1,0,0,0
4890,49.9552,14.1553,1,0,0,0
4891,50.9575,14.1553,1,0,0,0
4892,51.9599,14.1553,1,0,0,0
4893,52.9623,14.1553,1,0,0,0
4894,53.9646,14.1553,1,0,0,0
4895,54.967,14.1553,1,0,0,0
4896,55.9693,14.1553,1,0,0,0
4897,56.9717,14.1553,1,0,0,0
4898,57.9741,14.1553,1,0,0,0
4899,58.9764,14.1553,1,0,0,0
4900,59.9788,14.1553,1,0,0,0
4901,60.9811,14.1553,1,0,0,0
4902,61.9835,14.1553,1,0,0,0
4903,62.9858,14.1553,1,0,0,0
4904,63.9882,14.1553,1,0,0,0
4905,64.9906,14.1553,1,0,0,0
4906,65.9929,14.1553,1,0,0,0
4907,66.9953,14.1553,1,0,0,0
4908,67.9976,14.1553,1,0,0,0
4909,16.8774,15.1342,1,0,0,0
4910,17.8797,15.1342,1,0,0,0
4911,18.8821,15.1342,1,0,0,0
4912,19.8844,15.1342,1,0,0,0
4913,20.8868,15.1342,1,0,0,0
4914,21.8892,15.1342,1,0,0,0
4915,22.8915,15.1342,1,0,0,0
4916,23.8939,15.1342,1,0,0,0
4917,24.8962,15.1342,1,0,0,0
4918,25.8986,15.1342,1,0,0,0
4919,26.9009,15.1342,1,0,0,0
4920,27.9033,15.1342,1,0,0,0
4921,28.9057,15.1342,1,0,0,0
4922,29.908,15.1342,1,0,0,0
4923,30.9104,15.1342,1,0,0,0
4924,31.9127,15.1342,1,0,0,0
4925,32.9151,15.1342,1,0,0,0
4926,33.9175,15.1342,1,0,0,0
4927,34.9198,15.1342,1,0,0,0
4928,35.9222,15.1342,1,0,0,0
4929,36.9245,15.1342,1,0,0,0
4930,37.9269,15.1342,1,0,0,0
4931,38.9292,15.1342,1,0,0,0
4932,39.9316,15.1342,1,0,0,0
4933,40.934,15.1342,1,0,0,0
4934,41.9363,15.1342,1,0,0,0
4935,42.9387,15.1342,1,0,0,0
4936,43.941,15.1342,1,0,0,0
4937,44.9434,15.1342,1,0,0,0
4938,45.9458,15.1342,1,0,0,0
4939,46.9481,15.1342,1,0,0,0
4940,47.9505,15.1342,1,0,0,0
4941,48.9528,15.1342,1,0,0,0
4942,49.9552,15.1342,1,0,0,0
4943,50.9575,15.1342,1,0,0,0
4944,51.9599,15.1342,1,0,0,0
4945,52.9623,15.1342,1,0,0,0
4946,53.9646,15.1342,1,0,0,0
4947,54.967,15.1342,1,0,0,0
4948,55.9693,15.1342,1,0,0,0
4949,56.9717,15.1342,1,0,0,0
4950,57.9741,15.1342,1,0,0,0
4951,58.9764,15.1342,1,0,0,0
4952,59.9788,15.1342,1,0,0,0
4953,60.9811,15.1342,1,0,0,0
4954,61.9835,15.1342,1,0,0,0
4955,62.9858,15.1342,1,0,0,0
4956,63.9882,15.1342,1,0,0,0
4957,64.9906,15.1342,1,0,0,0
4958,65.9929,15.1342,1,0,0,0
4959,66.9953,15.1342,1,0,0,0
4960,67.9976,15.1342,1,0,0,0
4961,16.8774,16.1132,1,0,0,0
4962,17.8797,16.1132,1,0,0,0
4963,18.8821,16.1132,1,0,0,0
4964,19.8844,16.1132,1,0,0,0
4965,20.8868,16.1132,1,0,0,0
4966,21.8892,16.1132,1,0,0,0
4967,22.8915,16.1132,1,0,0,0
4968,23.8939,16.1132,1,0,0,0
4969,24.8962,16.1132,1,0,0,0
4970,25.8986,16.1132,1,0,0,0
4971,26.9009,16.1132,1,0,0,0
4972,27.9033,16.1132,1,0,0,0
4973,28.9057,16.1132,1,0,0,0
4974,29.908,16.1132,1,0,0,0
4975,30.9104,16.1132,1,0,0,0
4976,31.9127,16.1132,1,0,0,0
4977,32.9151,16.1132,1,0,0,0
4978,33.9175,16.1132,1,0,0,0
4979,34.9198,16.1132,1,0,0,0
4980,35.9222,16.1132,1,0,0,0
4981,36.9245,16.1132,1,0,0,0
4982,37.9269,16.1132,1,0,0,0
4983,38.9292,16.1132,1,0,0,0
4984,39.9316,16.1132,1,0,0,0
4985,40.934,16.1132,1,0,0,0
4986,41.9363,16.1132,1,0,0,0
4987,42.9387,16.1132,1,0,0,0
4988,43.941,16.1132,1,0,0,0
4989,44.9434,16.1132,1,0,0,0
4990,45.9458,16.1132,1,0,0,0
4991,46.9481,16.1132,1,0,0,0
4992,47.9505,16.1132,1,0,0,0
4993,48.9528,16.1132,1,0,0,0
4994,49.9552,16.1132,1,0,0,0
4995,50.9575,16.1132,1,0,0,0
4996,51.9599,16.1132,1,0,0,0
4997,52.9623,16.1132,1,0,0,0
4998,53.9646,16.1132,1,0,0,0
4999,54.967,16.1132,1,0,0,0
5000,55.9693,16.1132,1,0,0,0
5001,56.9717,16.1132,1,0,0,0
5002,57.9741,16.1132,1,0,0,0
5003,58.9764,16.1132,1,0,0,0
5004,59.9788,16.1132,1,0,0,0
5005,60.9811,16.1132,1,0,0,0
5006,61.9835,16.1132,1,0,0,0
5007,62.9858,16.1132,1,0,0,0
5008,63.9882,16.1132,1,0,0,0
5009,64.9906,16.1132,1,0,0,0
5010,65.9929,16.1132,1,0,0,0
5011,66.9953,16.1132,1,0,0,0
5012,67.9976,16.1132,1,0,0,0
5013,16.8774,17.0921,1,0,0,0
5014,17.8797,17.0921,1,0,0,0
5015,18.8821,17.0921,1,0,0,0
5016,19.8844,17.0921,1,0,0,0
5017,20.8868,17.0921,1,0,0,0
5018,21.8892,17.0921,1,0,0,0
5019,22.8915,17.0921,1,0,0,0
5020,23.8939,17.0921,1,0,0,0
5021,24.8962,17.0921,1,0,0,0
5022,25.8986,17.0921,1,0,0,0
5023,26.9009,17.0921,1,0,0,0
5024,27.9033,17.0921,1,0,0,0
5025,28.9057,17.0921,1,0,0,0
5026,29.908,17.0921,1,0,0,0
5027,30.9104,17.0921,1,0,0,0
5028,31.9127,17.0921,1,0,0,0
5029,32.9151,17.0921,1,0,0,0
5030,33.9175,17.0921,1,0,0,0
5031,34.9198,17.0921,1,0,0,0
5032,35.9222,17.0921,1,0,0,0
5033,36.9245,17.0921,1,0,0,0
5034,37.9269,17.0921,1,0,0,0
5035,38.9292,17.0921,1,0,0,0
5036,39.9316,17.0921,1,0,0,0
5037,40.934,17.0921,1,0,0,0
5038,41.9363,17.0921,1,0,0,0
5039,42.9387,17.0921,1,0,0,0
5040,43.941,17.0921,1,0,0,0
5041,44.9434,17.0921,1,0,0,0
5042,45.9458,17.0921,1,0,0,0
5043,46.9481,17.0921,1,0,0,0
5044,47.9505,17.0921,1,0,0,0
5045,48.9528,17.0921,1,0,0,0
5046,49.9552,17.0921,1,0,0,0
5047,50.9575,17.0921,1,0,0,0
5048,51.9599,17.0921,1,0,0,0
5049,52.9623,17.0921,1,0,0,0
5050,53.9646,17.0921,1,0,0,0
5051,54.967,17.0921,1,0,0,0
5052,55.9693,17.0921,1,0,0,0
5053,56.9717,17.0921,1,0,0,0
5054,57.9741,17.0921,1,0,0,0
5055,58.9764,17.0921,1,0,0,0
5056,59.9788,17.0921,1,0,0,0
5057,60.9811,17.0921,1,0,0,0
5058,61.9835,17.0921,1,0,0,0
5059,62.9858,17.0921,1,0,0,0
5060,63.9882,17.0921,1,0,0,0
5061,64.9906,17.0921,1,0,0,0
5062,65.9929,17.0921,1,0,0,0
5063,66.9953,17.0921,1,0,0,0
5064,67.9976,17.0921,1,0,0,0
5065,16.8774,18.0711,1,0,0,0
5066,17.8797,18.0711,1,0,0,0
5067,18.8821,18.0711,1,0,0,0
5068,19.8844,18.0711,1,0,0,0
5069,20.8868,18.0711,1,0,0,0
5070,21.8892,18.0711,1,0,0,0
5071,22.8915,18.0711,1,0,0,0
5072,23.8939,18.0711,1,0,0,0
5073,24.8962,18.0711,1,0,0,0
5074,25.8986,18.0711,1,0,0,0
5075,26.9009,18.0711,1,0,0,0
5076,27.9033,18.0711,1,0,0,0
5077,28.9057,18.0711,1,0,0,0
5078,29.908,18.0711,1,0,0,0
5079,30.9104,18.0711,1,0,0,0
5080,31.9127,18.0711,1,0,0,0
5081,32.9151,18.0711,1,0,0,0
5082,33.9175,18.0711,1,0,0,0
5083,34.9198,18.0711,1,0,0,0
5084,35.9222,18.0711,1,0,0,0
5085,36.9245,18.0711,1,0,0,0
5086,37.9269,18.0711,1,0,0,0
5087,38.9292,18.0711,1,0,0,0
5088,39.9316,18.0711,1,0,0,0
5089,40.934,18.0711,1,0,0,0
5090,41.9363,18.0711,1,0,0,0
5091,42.9387,18.0711,1,0,0,0
5092,43.941,18.0711,1,0,0,0
5093,44.9434,18.0711,1,0,0,0
5094,45.9458,18.0711,1,0,0,0
5095,46.9481,18.0711,1,0,0,0
5096,47.9505,18.0711,1,0,0,0
5097,48.9528,18.0711,1,0,0,0
5098,49.9552,18.0711,1,0,0,0
5099,50.9575,18.0711,1,0,0,0
5100,51.9599,18.0711,1,0,0,0
5101,52.9623,18.0711,1,0,0,0
5102,53.9646,18.0711,1,0,0,0
5103,54.967,18.0711,1,0,0,0
5104,55.9693,18.0711,1,0,0,0
5105,56.9717,18.0711,1,0,0,0
5106,57.9741,18.0711,1,0,0,0
5107,58.9764,18.0711,1,0,0,0
5108,59.9788,18.0711,1,0,0,0
5109,60.9811,18.0711,1,0,0,0
5110,61.9835,18.0711,1,0,0,0
5111,62.9858,18.0711,1,0,0,0
5112,63.9882,18.0711,1,0,0,0
5113,64.9906,18.0711,1,0,0,0
5114,65.9929,18.0711,1,0,0,0
5115,66.9953,18.0711,1,0,0,0
5116,67.9976,18.0711,1,0,0,0
5117,16.8774,1.42895,0,0,0,0
5118,17.8797,1.42895,0,0,0,0
5119,18.8821,1.42895,0,0,0,0
5120,19.8844,1.42895,0,0,0,0
5121,20.8868,1.42895,0,0,0,0
5122,21.8892,1.42895,0,0,0,0
5123,22.8915,1.42895,0,0,0,0
5124,23.8939,1.42895,0,0,0,0
5125,24.8962,1.42895,0,0,0,0
5126,25.8986,1.42895,0,0,0,0
5127,26.9009,1.42895,0,0,0,0
5128,27.9033,1.42895,0,0,0,0
5129,28.9057,1.42895,0,0,0,0
5130,29.908,1.42895,0,0,0,0
5131,30.9104,1.42895,0,0,0,0
5132,31.9127,1.42895,0,0,0,0
5133,32.9151,1.42895,0,0,0,0
5134,33.9175,1.42895,0,0,0,0
5135,34.9198,1.42895,0,0,0,0
5136,35.9222,1.42895,0,0,0,0
5137,36.9245,1.42895,0,0,0,0
5138,37.9269,1.42895,0,0,0,0
5139,38.9292,1.42895,0,0,0,0
5140,39.9316,1.42895,0,0,0,0
5141,40.934,1.42895,0,0,0,0
5142,41.9363,1.42895,0,0,0,0
5143,42.9387,1.42895,0,0,0,0
5144,43.941,1.42895,0,0,0,0
5145,44.9434,1.42895,0,0,0,0
5146,45.9458,1.42895,0,0,0,0
5147,46.9481,1.42895,0,0,0,0
5148,47.9505,1.42895,0,0,0,0
5149,48.9528,1.42895,0,0,0,0
5150,49.9552,1.42895,0,0,0,0
5151,50.9575,1.42895,0,0,0,0
5152,51.9599,1.42895,0,0,0,0
5153,52.9623,1.42895,0,0,0,0
5154,53.9646,1.42895,0,0,0,0
5155,54.967,1.42895,0,0,0,0
5156,55.9693,1.42895,0,0,0,0
5157,56.9717,1.42895,0,0,0,0
5158,57.9741,1.42895,0,0,0,0
5159,58.9764,1.42895,0,0,0,0
5160,59.9788,1.42895,0,0,0,0
5161,60.9811,1.42895,0,0,0,0
5162,61.9835,1.42895,0,0,0,0
5163,62.9858,1.42895,0,0,0,0
5164,63.9882,1.42895,0,0,0,0
5165,64.9906,1.42895,0,0,0,0
5166,65.9929,1.42895,0,0,0,0
5167,66.9953,1.42895,0,0,0,0
5168,67.9976,1.42895,0,0,0,0
5169,16.8774,2.40789,0,0,0,0
5170,17.8797,2.40789,0,0,0,0
5171,18.8821,2.40789,0,0,0,0
5172,19.8844,2.40789,0,0,0,0
5173,20.8868,2.40789,0,0,0,0
5174,21.8892,2.40789,0,0,0,0
5175,22.8915,2.40789,0,0,0,0
5176,23.8939,2.40789,0,0,0,0
5177,24.8962,2.40789,0,0,0,0
5178,25.8986,2.40789,0,0,0,0
5179,26.9009,2.40789,0,0,0,0
5180,27.9033,2.40789,0,0,0,0
5181,28.9057,2.40789,0,0,0,0
5182,29.908,2.40789,0,0,0,0
5183,30.9104,2.40789,0,0,0,0
5184,31.9127,2.40789,0,0,0,0
5185,32.9151,2.40789,0,0,0,0
5186,33.9175,2.40789,0,0,0,0
5187,34.9198,2.40789,0,0,0,0
5188,35.9222,2.40789,0,0,0,0
5189,36.9245,2.40789,0,0,0,0
5190,37.9269,2.40789,0,0,0,0
5191,38.9292,2.40789,0,0,0,0
5192,39.9316,2.40789,0,0,0,0
5193,40.934,2.40789,0,0,0,0
5194,41.9363,2.40789,0,0,0,0
5195,42.9387,2.40789,0,0,0,0
5196,43.941,2.40789,0,0,0,0
5197,44.9434,2.40789,0,0,0,0
5198,45.9458,2.40789,0,0,0,0
5199,46.9481,2.40789,0,0,0,0
5200,47.9505,2.40789,0,0,0,0
5201,48.9528,2.40789,0,0,0,0
5202,49.9552,2.40789,0,0,0,0
5203,50.9575,2.40789,0,0,0,0
5204,51.9599,2.40789,0,0,0,0
5205,52.9623,2.40789,0,0,0,0
5206,53.9646,2.40789,0,0,0,0
5207,54.967,2.40789,0,0,0,0
5208,55.9693,2.40789,0,0,0,0
5209,56.9717,2.40789,0,0,0,0
5210,57.9741,2.40789,0,0,0,0
5211,58.9764,2.40789,0,0,0,0
5212,59.9788,2.40789,0,0,0,0
5213,60.9811,2.40789,0,0,0,0
5214,61.9835,2.40789,0,0,0,0
5215,62.9858,2.40789,0,0,0,0
5216,63.9882,2.40789,0,0,0,0
5217,64.9906,2.40789,0,0,0,0
5218,65.9929,2.40789,0,0,0,0
5219,66.9953,2.40789,0,0,0,0
5220,67.9976,2.40789,0,0,0,0
5221,16.8774,3.38684,0,0,0,0
5222,17.8797,3.38684,0,0,0,0
5223,18.8821,3.38684,0,0,0,0
5224,19.8844,3.38684,0,0,0,0
5225,20.8868,3.38684,0,0,0,0
5226,21.8892,3.38684,0,0,0,0
5227,22.8915,3.38684,0,0,0,0
5228,23.8939,3.38684,0,0,0,0
5229,24.8962,3.38684,0,0,0,0
5230,25.8986,3.38684,0,0,0,0
5231,26.9009,3.38684,0,0,0,0
5232,27.9033,3.38684,0,0,0,0
5233,28.9057,3.38684,0,0,0,0
5234,29.908,3.38684,0,0,0,0
5235,30.9104,3.38684,0,0,0,0
5236,31.9127,3.38684,0,0,0,0
5237,32.9151,3.38684,0,0,0,0
5238,33.9175,3.38684,0,0,0,0
5239,34.9198,3.38684,0,0,0,0
5240,35.9222,3.38684,0,0,0,0
5241,36.9245,3.38684,0,0,0,0
5242,37.9269,3.38684,0,0,0,0
5243,38.9292,3.38684,0,0,0,0
5244,39.9316,3.38684,0,0,0,0
5245,40.934,3.38684,0,0,0,0
5246,41.9363,3.38684,0,0,0,0
5247,42.9387,3.38684,0,0,0,0
5248,43.941,3.38684,0,0,0,0
5249,44.9434,3.38684,0,0,0,0
5250,45.9458,3.38684,0,0,0,0
5251,46.9481,3.38684,0,0,0,0
5252,47.9505,3.38684,0,0,0,0
5253,48.9528,3.38684,0,0,0,0
5254,49.9552,3.38684,0,0,0,0
5255,50.9575,3.38684,0,0,0,0
5256,51.9599,3.38684,0,0,0,0
5257,52.9623,3.38684,0,0,0,0
5258,53.9646,3.38684,0,0,0,0
5259,54.967,3.38684,0,0,0,0
5260,55.9693,3.38684,0,0,0,0
5261,56.9717,3.38684,0,0,0,0
5262,57.9741,3.38684,0,0,0,0
5263,58.9764,3.38684,0,0,0,0
5264,59.9788,3.38684,0,0,0,0
5265,60.9811,3.38684,0,0,0,0
5266,61.9835,3.38684,0,0,0,0
5267,62.9858,3.38684,0,0,0,0
5268,63.9882,3.38684,0,0,0,0
5269,64.9906,3.38684,0,0,0,0
5270,65.9929,3.38684,0,0,0,0
5271,66.9953,3.38684,0,0,0,0
5272,67.9976,3.38684,0,0,0,0
5273,16.8774,4.36579,0,0,0,0
5274,17.8797,4.36579,0,0,0,0
5275,18.8821,4.36579,0,0,0,0
5276,19.8844,4.36579,0,0,0,0
5277,20.8868,4.36579,0,0,0,0
5278,21.8892,4.36579,0,0,0,0
5279,22.8915,4.36579,0,0,0,0
5280,23.8939,4.36579,0,0,0,0
5281,24.8962,4.36579,0,0,0,0
5282,25.8986,4.36579,0,0,0,0
5283,26.9009,4.36579,0,0,0,0
5284,27.9033,4.36579,0,0,0,0
5285,28.9057,4.36579,0,0,0,0
5286,29.908,4.36579,0,0,0,0
5287,30.9104,4.36579,0,0,0,0
5288,31.9127,4.36579,0,0,0,0
5289,32.9151,4.36579,0,0,0,0
5290,33.9175,4.36579,0,0,0,0
5291,34.9198,4.36579,0,0,0,0
5292,35.9222,4.36579,0,0,0,0
5293,36.9245,4.36579,0,0,0,0
5294,37.9269,4.36579,0,0,0,0
5295,38.9292,4.36579,0,0,0,0
5296,39.9316,4.36579,0,0,0,0
5297,40.934,4.36579,0,0,0,0
5298,41.9363,4.36579,0,0,0,0
5299,42.9387,4.36579,0,0,0,0
5300,43.941,4.36579,0,0,0,0
5301,44.9434,4.36579,0,0,0,0
5302,45.9458,4.36579,0,0,0,0
5303,46.9481,4.36579,0,0,0,0
5304,47.9505,4.36579,0,0,0,0
5305,48.9528,4.36579,0,0,0,0
5306,49.9552,4.36579,0,0,0,0
5307,50.9575,4.36579,0,0,0,0
5308,51.9599,4.36579,0,0,0,0
5309,52.9623,4.36579,0,0,0,0
5310,53.9646,4.36579,0,0,0,0
5311,54.967,4.36579,0,0,0,0
5312,55.9693,4.36579,0,0,0,0
5313,56.9717,4.36579,0,0,0,0
5314,57.9741,4.36579,0,0,0,0
5315,58.9764,4.36579,0,0,0,0
5316,59.9788,4.36579,0,0,0,0
5317,60.9811,4.36579,0,0,0,0
5318,61.9835,4.36579,0,0,0,0
5319,62.9858,4.36579,0,0,0,0
5320,63.9882,4.36579,0,0,0,0
5321,64.9906,4.36579,0,0,0,0
5322,65.9929,4.36579,0,0,0,0
5323,66.9953,4.36579,0,0,0,0
5324,67.9976,4.36579,0,0,0,0
5325,16.8774,5.34474,0,0,0,0
5326,17.8797,5.34474,0,0,0,0
5327,18.8821,5.34474,0,0,0,0
5328,19.8844,5.34474,0,0,0,0
5329,20.8868,5.34474,0,0,0,0
5330,21.8892,5.34474,0,0,0,0
5331,22.8915,5.34474,0,0,0,0
5332,23.8939,5.34474,0,0,0,0
5333,24.8962,5.34474,0,0,0,0
5334,25.8986,5.34474,0,0,0,0
5335,26.9009,5.34474,0,0,0,0
5336,27.9033,5.34474,0,0,0,0
5337,28.9057,5.34474,0,0,0,0
5338,29.908,5.34474,0,0,0,0
5339,30.9104,5.34474,0,0,0,0
5340,31.9127,5.34474,0,0,0,0
5341,32.9151,5.34474,0,0,0,0
5342,33.9175,5.34474,0,0,0,0
5343,34.9198,5.34474,0,0,0,0
5344,35.9222,5.34474,0,0,0,0
5345,36.9245,5.34474,0,0,0,0
5346,37.9269,5.34474,0,0,0,0
5347,38.9292,5.34474,0,0,0,0
5348,39.9316,5.34474,0,0,0,0
5349,40.934,5.34474,0,0,0,0
5350,41.9363,5.34474,0,0,0,0
5351,42.9387,5.34474,0,0,0,0
5352,43.941,5.34474,0,0,0,0
5353,44.9434,5.34474,0,0,0,0
5354,45.9458,5.34474,0,0,0,0
5355,46.9481,5.34474,0,0,0,0
5356,47.9505,5.34474,0,0,0,0
5357,48.9528,5.34474,0,0,0,0
5358,49.9552,5.34474,0,0,0,0
5359,50.9575,5.34474,0,0,0,0
5360,51.9599,5.34474,0,0,0,0
5361,52.9623,5.34474,0,0,0,0
5362,53.9646,5.34474,0,0,0,0
5363,54.967,5.34474,0,0,0,0
5364,55.9693,5.34474,0,0,0,0
5365,56.9717,5.34474,0,0,0,0
5366,57.9741,5.34474,0,0,0,0
5367,58.9764,5.34474,0,0,0,0
5368,59.9788,5.34474,0,0,0,0
5369,60.9811,5.34474,0,0,0,0
5370,61.9835,5.34474,0,0,0,0
5371,62.9858,5.34474,0,0,0,0
5372,63.9882,5.34474,0,0,0,0
5373,64.9906,5.34474,0,0,0,0
5374,65.9929,5.34474,0,0,0,0
5375,66.9953,5.34474,0,0,0,0
5376,67.9976,5.34474,0,0,0,0
5377,16.8774,6.32368,0,0,0,0
5378,17.8797,6.32368,0,0,0,0
5379,18.8821,6.32368,0,0,0,0
5380,19.8844,6.32368,0,0,0,0
5381,20.8868,6.32368,0,0,0,0
5382,21.8892,6.32368,0,0,0,0
5383,22.8915,6.32368,0,0,0,0
5384,23.8939,6.32368,0,0,0,0
5385,24.8962,6.32368,0,0,0,0
5386,25.8986,6.32368,0,0,0,0
5387,26.9009,6.32368,0,0,0,0
5388,27.9033,6.32368,0,0,0,0
5389,28.9057,6.32368,0,0,0,0
5390,29.908,6.32368,0,0,0,0
5391,30.9104,6.32368,0,0,0,0
5392,31.9127,6.32368,0,0,0,0
5393,32.9151,6.32368,0,0,0,0
5394,33.9175,6.32368,0,0,0,0
5395,34.9198,6.32368,0,0,0,0
5396,35.9222,6.32368,0,0,0,0
5397,36.9245,6.32368,0,0,0,0
5398,37.9269,6.32368,0,0,0,0
5399,38.9292,6.32368,0,0,0,0
5400,39.9316,6.32368,0,0,0,0
5401,40.934,6.32368,0,0,0,0
5402,41.9363,6.32368,0,0,0,0
5403,42.9387,6.32368,0,0,0,0
5404,43.941,6.32368,0,0,0,0
5405,44.9434,6.32368,0,0,0,0
5406,45.9458,6.32368,0,0,0,0
5407,46.9481,6.32368,0,0,0,0
5408,47.9505,6.32368,0,0,0,0
5409,48.9528,6.32368,0,0,0,0
5410,49.9552,6.32368,0,0,0,0
5411,50.9575,6.32368,0,0,0,0
5412,51.9599,6.32368,0,0,0,0
5413,52.9623,6.32368,0,0,0,0
5414,53.9646,6.32368,0,0,0,0
5415,54.967,6.32368,0,0,0,0
5416,55.9693,6.32368,0,0,0,0
5417,56.9717,6.32368,0,0,0,0
5418,57.9741,6.32368,0,0,0,0
5419,58.9764,6.32368,0,0,0,0
5420,59.9788,6.32368,0,0,0,0
5421,60.9811,6.32368,0,0,0,0
5422,61.9835,6.32368,0,0,0,0
5423,62.9858,6.32368,0,0,0,0
5424,63.9882,6.32368,0,0,0,0
5425,64.9906,6.32368,0,0,0,0
5426,65.9929,6.32368,0,0,0,0
5427,66.9953,6.32368,0,0,0,0
5428,67.9976,6.32368,0,0,0,0
5429,16.8774,7.30263,0,0,0,0
5430,17.8797,7.30263,0,0,0,0
5431,18.8821,7.30263,0,0,0,0
5432,19.8844,7.30263,0,0,0,0
5433,20.8868,7.30263,0,0,0,0
5434,21.8892,7.30263,0,0,0,0
5435,22.8915,7.30263,0,0,0,0
5436,23.8939,7.30263,0,0,0,0
5437,24.8962,7.30263,0,0,0,0
5438,25.8986,7.30263,0,0,0,0
5439,26.9009,7.30263,0,0,0,0
5440,27.9033,7.30263,0,0,0,0
5441,28.9057,7.30263,0,0,0,0
5442,29.908,7.30263,0,0,0,0
5443,30.9104,7.30263,0,0,0,0
5444,31.9127,7.30263,0,0,0,0
5445,32.9151,7.30263,0,0,0,0
5446,33.9175,7.30263,0,0,0,0
5447,34.9198,7.30263,0,0,0,0
5448,35.9222,7.30263,0,0,0,0
5449,36.9245,7.30263,0,0,0,0
5450,37.9269,7.30263,0,0,0,0
5451,38.9292,7.30263,0,0,0,0
5452,39.9316,7.30263,0,0,0,0
5453,40.934,7.30263,0,0,0,0
5454,41.9363,7.30263,0,0,0,0
5455,42.9387,7.30263,0,0,0,0
5456,43.941,7.30263,0,0,0,0
5457,44.9434,7.30263,0,0,0,0
5458,45.9458,7.30263,0,0,0,0
5459,46.9481,7.30263,0,0,0,0
5460,47.9505,7.30263,0,0,0,0
5461,48.9528,7.30263,0,0,0,0
5462,49.9552,7.30263,0,0,0,0
5463,50.9575,7.30263,0,0,0,0
5464,51.9599,7.30263,0,0,0,0
5465,52.9623,7.30263,0,0,0,0
5466,53.9646,7.30263,0,0,0,0
5467,54.967,7.30263,0,0,0,0
5468,55.9693,7.30263,0,0,0,0
5469,56.9717,7.30263,0,0,0,0
5470,57.9741,7.30263,0,0,0,0
5471,58.9764,7.30263,0,0,0,0
5472,59.9788,7.30263,0,0,0,0
5473,60.9811,7.30263,0,0,0,0
5474,61.9835,7.30263,0,0,0,0
5475,62.9858,7.30263,0,0,0,0
5476,63.9882,7.30263,0,0,0,0
5477,64.9906,7.30263,0,0,0,0
5478,65.9929,7.30263,0,0,0,0
5479,66.9953,7.30263,0,0,0,0
5480,67.9976,7.30263,0,0,0,0
5481,16.8774,8.28158,0,0,0,0
5482,17.8797,8.28158,0,0,0,0
5483,18.8821,8.28158,0,0,0,0
5484,19.8844,8.28158,0,0,0,0
5485,20.8868,8.28158,0,0,0,0
5486,21.8892,8.28158,0,0,0,0
5487,22.8915,8.28158,0,0,0,0
5488,23.8939,8.28158,0,0,0,0
5489,24.8962,8.28158,0,0,0,0
5490,25.8986,8.28158,0,0,0,0
5491,26.9009,8.28158,0,0,0,0
5492,27.9033,8.28158,0,0,0,0
5493,28.9057,8.28158,0,0,0,0
5494,29.908,8.28158,0,0,0,0
5495,30.9104,8.28158,0,0,0,0
5496,31.9127,8.28158,0,0,0,0
5497,32.9151,8.28158,0,0,0,0
5498,33.9175,8.28158,0,0,0,0
5499,34.9198,8.28158,0,0,0,0
5500,35.9222,8.28158,0,0,0,0
5501,36.9245,8.28158,0,0,0,0
5502,37.9269,8.28158,0,0,0,0
5503,38.9292,8.28158,0,0,0,0
5504,39.9316,8.28158,0,0,0,0
5505,40.934,8.28158,0,0,0,0
5506,41.9363,8.28158,0,0,0,0
5507,42.9387,8.28158,0,0,0,0
5508,43.941,8.28158,0,0,0,0
5509,44.9434,8.28158,0,0,0,0
5510,45.9458,8.28158,0,0,0,0
5511,46.9481,8.28158,0,0,0,0
5512,47.9505,8.28158,0,0,0,0
5513,48.9528,8.28158,0,0,0,0
5514,49.9552,8.28158,0,0,0,0
5515,50.9575,8.28158,0,0,0,0
5516,51.9599,8.28158,0,0,0,0
5517,52.9623,8.28158,0,0,0,0
5518,53.9646,8.28158,0,0,0,0
5519,54.967,8.28158,0,0,0,0
5520,55.9693,8.28158,0,0,0,0
5521,56.9717,8.28158,0,0,0,0
5522,57.9741,8.28158,0,0,0,0
5523,58.9764,8.28158,0,0,0,0
5524,59.9788,8.28158,0,0,0,0
5525,60.9811,8.28158,0,0,0,0
5526,61.9835,8.28158,0,0,0,0
5527,62.9858,8.28158,0,0,0,0
5528,63.9882,8.28158,0,0,0,0
5529,64.9906,8.28158,0,0,0,0
5530,65.9929,8.28158,0,0,0,0
5531,66.9953,8.28158,0,0,0,0
5532,67.9976,8.28158,0,0,0,0
5533,16.8774,9.26053,0,0,0,0
5534,17.8797,9.26053,0,0,0,0
5535,18.8821,9.26053,0,0,0,0
5536,19.8844,9.26053,0,0,0,0
5537,20.8868,9.26053,0,0,0,0
5538,21.8892,9.26053,0,0,0,0
5539,22.8915,9.26053,0,0,0,0
5540,23.8939,9.26053,0,0,0,0
5541,24.8962,9.26053,0,0,0,0
5542,25.8986,9.26053,0,0,0,0
5543,26.9009,9.26053,0,0,0,0
5544,27.9033,9.26053,0,0,0,0
5545,28.9057,9.26053,0,0,0,0
5546,29.908,9.26053,0,0,0,0
5547,30.9104,9.26053,0,0,0,0
5548,31.9127,9.26053,0,0,0,0
5549,32.9151,9.26053,0,0,0,0
5550,33.9175,9.26053,0,0,0,0
5551,34.9198,9.26053,0,0,0,0
5552,35.9222,9.26053,0,0,0,0
5553,36.9245,9.26053,0,0,0,0
5554,37.9269,9.26053,0,0,0,0
5555,38.9292,9.26053,0,0,0,0
5556,39.9316,9.26053,0,0,0,0
5557,40.934,9.26053,0,0,0,0
5558,41.9363,9.26053,0,0,0,0
5559,42.9387,9.26053,0,0,0,0
5560,43.941,9.26053,0,0,0,0
5561,44.9434,9.26053,0,0,0,0
5562,45.9458,9.26053,0,0,0,0
5563,46.9481,9.26053,0,0,0,0
5564,47.9505,9.26053,0,0,0,0
5565,48.9528,9.26053,0,0,0,0
5566,49.9552,9.26053,0,0,0,0
5567,50.9575,9.26053,0,0,0,0
5568,51.9599,9.26053,0,0,0,0
5569,52.9623,9.26053,0,0,0,0
5570,53.9646,9.26053,0,0,0,0
5571,54.967,9.26053,0,0,0,0
5572,55.9693,9.26053,0,0,0,0
5573,56.9717,9.26053,0,0,0,0
5574,57.9741,9.26053,0,0,0,0
5575,58.9764,9.26053,0,0,0,0
5576,59.9788,9.26053,0,0,0,0
5577,60.9811,9.26053,0,0,0,0
5578,61.9835,9.26053,0,0,0,0
5579,62.9858,9.26053,0,0,0,0
5580,63.9882,9.26053,0,0,0,0
5581,64.9906,9.26053,0,0,0,0
5582,65.9929,9.26053,0,0,0,0
5583,66.9953,9.26053,0,0,0,0
5584,67.9976,9.26053,0,0,0,0
5585,16.8774,10.2395,0,0,0,0
5586,17.8797,10.2395,0,0,0,0
5587,18.8821,10.2395,0,0,0,0
5588,19.8844,10.2395,0,0,0,0
5589,20.8868,10.2395,0,0,0,0
5590,21.8892,10.2395,0,0,0,0
5591,22.8915,10.2395,0,0,0,0
5592,23.8939,10.2395,0,0,0,0
5593,24.8962,10.2395,0,0,0,0
5594,25.8986,10.2395,0,0,0,0
5595,26.9009,10.2395,0,0,0,0
5596,27.9033,10.2395,0,0,0,0
5597,28.9057,10.2395,0,0,0,0
5598,29.908,10.2395,0,0,0,0
5599,30.9104,10.2395,0,0,0,0
5600,31.9127,10.2395,0,0,0,0
5601,32.9151,10.2395,0,0,0,0
5602,33.9175,10.2395,0,0,0,0
5603,34.9198,10.2395,0,0,0,0
5604,35.9222,10.2395,0,0,0,0
5605,36.9245,10.2395,0,0,0,0
5606,37.9269,10.2395,0,0,0,0
5607,38.9292,10.2395,0,0,0,0
5608,39.9316,10.2395,0,0,0,0
5609,40.934,10.2395,0,0,0,0
5610,41.9363,10.2395,0,0,0,0
5611,42.9387,10.2395,0,0,0,0
5612,43.941,10.2395,0,0,0,0
5613,44.9434,10.2395,0,0,0,0
5614,45.9458,10.2395,0,0,0,0
5615,46.9481,10.2395,0,0,0,0
5616,47.9505,10.2395,0,0,0,0
5617,48.9528,10.2395,0,0,0,0
5618,49.9552,10.2395,0,0,0,0
5619,50.9575,10.2395,0,0,0,0
5620,51.9599,10.2395,0,0,0,0
5621,52.9623,10.2395,0,0,0,0
5622,53.9646,10.2395,0,0,0,0
5623,54.967,10.2395,0,0,0,0
5624,55.9693,10.2395,0,0,0,0
5625,56.9717,10.2395,0,0,0,0
5626,57.9741,10.2395,0,0,0,0
5627,58.9764,10.2395,0,0,0,0
5628,59.9788,10.2395,0,0,0,0
5629,60.9811,10.2395,0,0,0,0
5630,61.9835,10.2395,0,0,0,0
5631,62.9858,10.2395,0,0,0,0
5632,63.9882,10.2395,0,0,0,0
5633,64.9906,10.2395,0,0,0,0
5634,65.9929,10.2395,0,0,0,0
5635,66.9953,10.2395,0,0,0,0
5636,67.9976,10.2395,0,0,0,0
5637,16.8774,11.2184,0,0,0,0
5638,17.8797,11.2184,0,0,0,0
5639,18.8821,11.2184,0,0,0,0
5640,19.8844,11.2184,0,0,0,0
5641,20.8868,11.2184,0,0,0,0
5642,21.8892,11.2184,0,0,0,0
5643,22.8915,11.2184,0,0,0,0
5644,23.8939,11.2184,0,0,0,0
5645,24.8962,11.2184,0,0,0,0
5646,25.8986,11.2184,0,0,0,0
5647,26.9009,11.2184,0,0,0,0
5648,27.9033,11.2184,0,0,0,0
5649,28.9057,11.2184,0,0,0,0
5650,29.908,11.2184,0,0,0,0
5651,30.9104,11.2184,0,0,0,0
5652,31.9127,11.2184,0,0,0,0
5653,32.9151,11.2184,0,0,0,0
5654,33.9175,11.2184,0,0,0,0
5655,34.9198,11.2184,0,0,0,0
5656,35.9222,11.2184,0,0,0,0
5657,36.9245,11.2184,0,0,0,0
5658,37.9269,11.2184,0,0,0,0
5659,38.9292,11.2184,0,0,0,0
5660,39.9316,11.2184,0,0,0,0
5661,40.934,11.2184,0,0,0,0
5662,41.9363,11.2184,0,0,0,0
5663,42.9387,11.2184,0,0,0,0
5664,43.941,11.2184,0,0,0,0
5665,44.9434,11.2184,0,0,0,0
5666,45.9458,11.2184,0,0,0,0
5667,46.9481,11.2184,0,0,0,0
5668,47.9505,11.2184,0,0,0,0
5669,48.9528,11.2184,0,0,0,0
5670,49.9552,11.2184,0,0,0,0
5671,50.9575,11.2184,0,0,0,0
5672,51.9599,11.2184,0,0,0,0
5673,52.9623,11.2184,0,0,0,0
5674,53.9646,11.2184,0,0,0,0
5675,54.967,11.2184,0,0,0,0
5676,55.9693,11.2184,0,0,0,0
5677,56.9717,11.2184,0,0,0,0
5678,57.9741,11.2184,0,0,0,0
5679,58.9764,11.2184,0,0,0,0
5680,59.9788,11.2184,0,0,0,0
5681,60.9811,11.2184,0,0,0,0
5682,61.9835,11.2184,0,0,0,0
5683,62.9858,11.2184,0,0,0,0
5684,63.9882,11.2184,0,0,0,0
5685,64.9906,11.2184,0,0,0,0
5686,65.9929,11.2184,0,0,0,0
5687,66.9953,11.2184,0,0,0,0
5688,67.9976,11.2184,0,0,0,0
5689,16.8774,12.1974,0,0,0,0
5690,17.8797,12.1974,0,0,0,0
5691,18.8821,12.1974,0,0,0,0
5692,19.8844,12.1974,0,0,0,0
5693,20.8868,12.1974,0,0,0,0
5694,21.8892,12.1974,0,0,0,0
5695,22.8915,12.1974,0,0,0,0
5696,23.8939,12.1974,0,0,0,0
5697,24.8962,12.1974,0,0,0,0
5698,25.8986,12.1974,0,0,0,0
5699,26.9009,12.1974,0,0,0,0
5700,27.9033,12.1974,0,0,0,0
5701,28.9057,12.1974,0,0,0,0
5702,29.908,12.1974,0,0,0,0
5703,30.9104,12.1974,0,0,0,0
5704,31.9127,12.1974,0,0,0,0
5705,32.9151,12.1974,0,0,0,0
5706,33.9175,12.1974,0,0,0,0
5707,34.9198,12.1974,0,0,0,0
5708,35.9222,12.1974,0,0,0,0
5709,36.9245,12.1974,0,0,0,0
5710,37.9269,12.1974,0,0,0,0
5711,38.9292,12.1974,0,0,0,0
5712,39.9316,12.1974,0,0,0,0
5713,40.934,12.1974,0,0,0,0
5714,41.9363,12.1974,0,0,0,0
5715,42.9387,12.1974,0,0,0,0
5716,43.941,12.1974,0,0,0,0
5717,44.9434,12.1974,0,0,0,0
5718,45.9458,12.1974,0,0,0,0
5719,46.9481,12.1974,0,0,0,0
5720,47.9505,12.1974,0,0,0,0
5721,48.9528,12.1974,0,0,0,0
5722,49.9552,12.1974,0,0,0,0
5723,50.9575,12.1974,0,0,0,0
5724,51.9599,12.1974,0,0,0,0
5725,52.9623,12.1974,0,0,0,0
5726,53.9646,12.1974,0,0,0,0
5727,54.967,12.1974,0,0,0,0
5728,55.9693,12.1974,0,0,0,0
5729,56.9717,12.1974,0,0,0,0
5730,57.9741,12.1974,0,0,0,0
5731,58.9764,12.1974,0,0,0,0
5732,59.9788,12.1974,0,0,0,0
5733,60.9811,12.1974,0,0,0,0
5734,61.9835,12.1974,0,0,0,0
5735,62.9858,12.1974,0,0,0,0
5736,63.9882,12.1974,0,0,0,0
5737,64.9906,12.1974,0,0,0,0
5738,65.9929,12.1974,0,0,0,0
5739,66.9953,12.1974,0,0,0,0
5740,67.9976,12.1974,0,0,0,0
5741,16.8774,13.1763,0,0,0,0
5742,17.8797,13.1763,0,0,0,0
5743,18.8821,13.1763,0,0,0,0
5744,19.8844,13.1763,0,0,0,0
5745,20.8868,13.1763,0,0,0,0
5746,21.8892,13.1763,0,0,0,0
5747,22.8915,13.1763,0,0,0,0
5748,23.8939,13.1763,0,0,0,0
5749,24.8962,13.1763,0,0,0,0
5750,25.8986,13.1763,0,0,0,0
5751,26.9009,13.1763,0,0,0,0
5752,27.9033,13.1763,0,0,0,0
5753,28.9057,13.1763,0,0,0,0
5754,29.908,13.1763,0,0,0,0
5755,30.9104,13.1763,0,0,0,0
5756,31.9127,13.1763,0,0,0,0
5757,32.9151,13.1763,0,0,0,0
5758,33.9175,13.1763,0,0,0,0
5759,34.9198,13.1763,0,0,0,0
5760,35.9222,13.1763,0,0,0,0
5761,36.9245,13.1763,0,0,0,0
5762,37.9269,13.1763,0,0,0,0
5763,38.9292,13.1763,0,0,0,0
5764,39.9316,13.1763,0,0,0,0
5765,40.934,13.1763,0,0,0,0
5766,41.9363,13.1763,0,0,0,0
5767,42.9387,13.1763,0,0,0,0
5768,43.941,13.1763,0,0,0,0
5769,44.9434,13.1763,0,0,0,0
5770,45.9458,13.1763,0,0,0,0
5771,46.9481,13.1763,0,0,0,0
5772,47.9505,13.1763,0,0,0,0
5773,48.9528,13.1763,0,0,0,0
5774,49.9552,13.1763,0,0,0,0
5775,50.9575,13.1763,0,0,0,0
5776,51.9599,13.1763,0,0,0,0
5777,52.9623,13.1763,0,0,0,0
5778,53.9646,13.1763,0,0,0,0
5779,54.967,13.1763,0,0,0,0
5780,55.9693,13.1763,0,0,0,0
5781,56.9717,13.1763,0,0,0,0
5782,57.9741,13.1763,0,0,0,0
5783,58.9764,13.1763,0,0,0,0
5784,59.9788,13.1763,0,0,0,0
5785,60.9811,13.1763,0,0,0,0
5786,61.9835,13.1763,0,0,0,0
5787,62.9858,13.1763,0,0,0,0
5788,63.9882,13.1763,0,0,0,0
5789,64.9906,13.1763,0,0,0,0
5790,65.9929,13.1763,0,0,0,0
5791,66.9953,13.1763,0,0,0,0
5792,67.9976,13.1763,0,0,0,0
5793,16.8774,14.1553,0,0,0,0
5794,17.8797,14.1553,0,0,0,0
5795,18.8821,14.1553,0,0,0,0
5796,19.8844,14.1553,0,0,0,0
5797,20.8868,14.1553,0,0,0,0
5798,21.8892,14.1553,0,0,0,0
5799,22.8915,14.1553,0,0,0,0
5800,23.8939,14.1553,0,0,0,0
5801,24.8962,14.1553,0,0,0,0
5802,25.8986,14.1553,0,0,0,0
5803,26.9009,14.1553,0,0,0,0
5804,27.9033,14.1553,0,0,0,0
5805,28.9057,14.1553,0,0,0,0
5806,29.908,14.1553,0,0,0,0
5807,30.9104,14.1553,0,0,0,0
5808,31.9127,14.1553,0,0,0,0
5809,32.9151,14.1553,0,0,0,0
5810,33.9175,14.1553,0,0,0,0
5811,34.9198,14.1553,0,0,0,0
5812,35.9222,14.1553,0,0,0,0
5813,36.9245,14.1553,0,0,0,0
5814,37.9269,14.1553,0,0,0,0
5815,38.9292,14.1553,0,0,0,0
5816,39.9316,14.1553,0,0,0,0
5817,40.934,14.1553,0,0,0,0
5818,41.9363,14.1553,0,0,0,0
5819,42.9387,14.1553,0,0,0,0
5820,43.941,14.1553,0,0,0,0
5821,44.9434,14.1553,0,0,0,0
5822,45.9458,14.1553,0,0,0,0
5823,46.9481,14.1553,0,0,0,0
5824,47.9505,14.1553,0,0,0,0
5825,48.9528,14.1553,0,0,0,0
5826,49.9552,14.1553,0,0,0,0
5827,50.9575,14.1553,0,0,0,0
5828,51.9599,14.1553,0,0,0,0
5829,52.9623,14.1553,0,0,0,0
5830,53.9646,14.1553,0,0,0,0
5831,54.967,14.1553,0,0,0,0
5832,55.9693,14.1553,0,0,0,0
5833,56.9717,14.1553,0,0,0,0
5834,57.9741,14.1553,0,0,0,0
5835,58.9764,14.1553,0,0,0,0
5836,59.9788,14.1553,0,0,0,0
5837,60.9811,14.1553,0,0,0,0
5838,61.9835,14.1553,0,0,0,0
5839,62.9858,14.1553,0,0,0,0
5840,63.9882,14.1553,0,0,0,0
5841,64.9906,14.1553,0,0,0,0
5842,65.9929,14.1553,0,0,0,0
5843,66.9953,14.1553,0,0,0,0
5844,67.9976,14.1553,0,0,0,0
5845,16.8774,15.1342,0,0,0,0
5846,17.8797,15.1342,0,0,0,0
5847,18.8821,15.1342,0,0,0,0
5848,19.8844,15.1342,0,0,0,0
5849,20.8868,15.1342,0,0,0,0
5850,21.8892,15.1342,0,0,0,0
5851,22.8915,15.1342,0,0,0,0
5852,23.8939,15.1342,0,0,0,0
5853,24.8962,15.1342,0,0,0,0
5854,25.8986,15.1342,0,0,0,0
5855,26.9009,15.1342,0,0,0,0
5856,27.9033,15.1342,0,0,0,0
5857,28.9057,15.1342,0,0,0,0
5858,29.908,15.1342,0,0,0,0
5859,30.9104,15.1342,0,0,0,0
5860,31.9127,15.1342,0,0,0,0
5861,32.9151,15.1342,0,0,0,0
5862,33.9175,15.1342,0,0,0,0
5863,34.9198,15.1342,0,0,0,0
5864,35.9222,15.1342,0,0,0,0
5865,36.9245,15.1342,0,0,0,0
5866,37.9269,15.1342,0,0,0,0
5867,38.9292,15.1342,0,0,0,0
5868,39.9316,15.1342,0,0,0,0
5869,40.934,15.1342,0,0,0,0
5870,41.9363,15.1342,0,0,0,0
5871,42.9387,15.1342,0,0,0,0
5872,43.941,15.1342,0,0,0,0
5873,44.9434,15.1342,0,0,0,0
5874,45.9458,15.1342,0,0,0,0
5875,46.9481,15.1342,0,0,0,0
5876,47.9505,15.1342,0,0,0,0
5877,48.9528,15.1342,0,0,0,0
5878,49.9552,15.1342,0,0,0,0
5879,50.9575,15.1342,0,0,0,0
5880,51.9599,15.1342,0,0,0,0
5881,52.9623,15.1342,0,0,0,0
5882,53.9646,15.1342,0,0,0,0
5883,54.967,15.1342,0,0,0,0
5884,55.9693,15.1342,0,0,0,0
5885,56.9717,15.1342,0,0,0,0
5886,57.9741,15.1342,0,0,0,0
5887,58.9764,15.1342,0,0,0,0
5888,59.9788,15.1342,0,0,0,0
5889,60.9811,15.1342,0,0,0,0
5890,61.9835,15.1342,0,0,0,0
5891,62.9858,15.1342,0,0,0,0
5892,63.9882,15.1342,0,0,0,0
5893,64.9906,15.1342,0,0,0,0
5894,65.9929,15.1342,0,0,0,0
5895,66.9953,15.1342,0,0,0,0
5896,67.9976,15.1342,0,0,0,0
5897,16.8774,16.1132,0,0,0,0
5898,17.8797,16.1132,0,0,0,0
5899,18.8821,16.1132,0,0,0,0
5900,19.8844,16.1132,0,0,0,0
5901,20.8868,16.1132,0,0,0,0
5902,21.8892,16.1132,0,0,0,0
5903,22.8915,16.1132,0,0,0,0
5904,23.8939,16.1132,0,0,0,0
5905,24.8962,16.1132,0,0,0,0
5906,25.8986,16.1132,0,0,0,0
5907,26.9009,16.1132,0,0,0,0
5908,27.9033,16.1132,0,0,0,0
5909,28.9057,16.1132,0,0,0,0
5910,29.908,16.1132,0,0,0,0
5911,30.9104,16.1132,0,0,0,0
5912,31.9127,16.1132,0,0,0,0
5913,32.9151,16.1132,0,0,0,0
5914,33.9175,16.1132,0,0,0,0
5915,34.9198,16.1132,0,0,0,0
5916,35.9222,16.1132,0,0,0,0
5917,36.9245,16.1132,0,0,0,0
5918,37.9269,16.1132,0,0,0,0
5919,38.9292,16.1132,0,0,0,0
5920,39.9316,16.1132,0,0,0,0
5921,40.934,16.1132,0,0,0,0
5922,41.9363,16.1132,0,0,0,0
5923,42.9387,16.1132,0,0,0,0
5924,43.941,16.1132,0,0,0,0
5925,44.9434,16.1132,0,0,0,0
5926,45.9458,16.1132,0,0,0,0
5927,46.9481,16.1132,0,0,0,0
5928,47.9505,16.1132,0,0,0,0
5929,48.9528,16.1132,0,0,0,0
5930,49.9552,16.1132,0,0,0,0
5931,50.9575,16.1132,0,0,0,0
5932,51.9599,16.1132,0,0,0,0
5933,52.9623,16.1132,0,0,0,0
5934,53.9646,16.1132,0,0,0,0
5935,54.967,16.1132,0,0,0,0
5936,55.9693,16.1132,0,0,0,0
5937,56.9717,16.1132,0,0,0,0
5938,57.9741,16.1132,0,0,0,0
5939,58.9764,16.1132,0,0,0,0
5940,59.9788,16.1132,0,0,0,0
5941,60.9811,16.1132,0,0,0,0
5942,61.9835,16.1132,0,0,0,0
5943,62.9858,16.1132,0,0,0,0
5944,63.9882,16.1132,0,0,0,0
5945,64.9906,16.1132,0,0,0,0
5946,65.9929,16.1132,0,0,0,0
5947,66.9953,16.1132,0,0,0,0
5948,67.9976,16.1132,0,0,0,0
5949,16.8774,17.0921,0,0,0,0
5950,17.8797,17.0921,0,0,0,0
5951,18.8821,17.0921,0,0,0,0
5952,19.8844,17.0921,0,0,0,0
5953,20.8868,17.0921,0,0,0,0
5954,21.8892,17.0921,0,0,0,0
5955,22.8915,17.0921,0,0,0,0
5956,23.8939,17.0921,0,0,0,0
5957,24.8962,17.0921,0,0,0,0
5958,25.8986,17.0921,0,0,0,0
5959,26.9009,17.0921,0,0,0,0
5960,27.9033,17.0921,0,0,0,0
5961,28.9057,17.0921,0,0,0,0
5962,29.908,17.0921,0,0,0,0
5963,30.9104,17.0921,0,0,0,0
5964,31.9127,17.0921,0,0,0,0
5965,32.9151,17.0921,0,0,0,0
5966,33.9175,17.0921,0,0,0,0
5967,34.9198,17.0921,0,0,0,0
5968,35.9222,17.0921,0,0,0,0
5969,36.9245,17.0921,0,0,0,0
5970,37.9269,17.0921,0,0,0,0
5971,38.9292,17.0921,0,0,0,0
5972,39.9316,17.0921,0,0,0,0
5973,40.934,17.0921,0,0,0,0
5974,41.9363,17.0921,0,0,0,0
5975,42.9387,17.0921,0,0,0,0
5976,43.941,17.0921,0,0,0,0
5977,44.9434,17.0921,0,0,0,0
5978,45.9458,17.0921,0,0,0,0
5979,46.9481,17.0921,0,0,0,0
5980,47.9505,17.0921,0,0,0,0
5981,48.9528,17.0921,0,0,0,0
5982,49.9552,17.0921,0,0,0,0
5983,50.9575,17.0921,0,0,0,0
5984,51.9599,17.0921,0,0,0,0
5985,52.9623,17.0921,0,0,0,0
5986,53.9646,17.0921,0,0,0,0
5987,54.967,17.0921,0,0,0,0
5988,55.9693,17.0921,0,0,0,0
5989,56.9717,17.0921,0,0,0,0
5990,57.9741,17.0921,0,0,0,0
5991,58.9764,17.0921,0,0,0,0
5992,59.9788,17.0921,0,0,0,0
5993,60.9811,17.0921,0,0,0,0
5994,61.9835,17.0921,0,0,0,0
5995,62.9858,17.0921,0,0,0,0
5996,63.9882,17.0921,0,0,0,0
5997,64.9906,17.0921,0,0,0,0
5998,65.9929,17.0921,0,0,0,0
5999,66.9953,17.0921,0,0,0,0
6000,67.9976,17.0921,0,0,0,0
6001,16.8774,18.0711,0,0,0,0
6002,17.8797,18.0711,0,0,0,0
6003,18.8821,18.0711,0,0,0,0
6004,19.8844,18.0711,0,0,0,0
6005,20.8868,18.0711,0,0,0,0
6006,21.8892,18.0711,0,0,0,0
6007,22.8915,18.0711,0,0,0,0
6008,23.8939,18.0711,0,0,0,0
6009,24.8962,18.0711,0,0,0,0
6010,25.8986,18.0711,0,0,0,0
6011,26.9009,18.0711,0,0,0,0
6012,27.9033,18.0711,0,0,0,0
6013,28.9057,18.0711,0,0,0,0
6014,29.908,18.0711,0,0,0,0
6015,30.9104,18.0711,0,0,0,0
6016,31.9127,18.0711,0,0,0,0
6017,32.9151,18.0711,0,0,0,0
6018,33.9175,18.0711,0,0,0,0
6019,34.9198,18.0711,0,0,0,0
6020,35.9222,18.0711,0,0,0,0
6021,36.9245,18.0711,0,0,0,0
6022,37.9269,18.0711,0,0,0,0
6023,38.9292,18.0711,0,0,0,0
6024,39.9316,18.0711,0,0,0,0
6025,40.934,18.0711,0,0,0,0
6026,41.9363,18.0711,0,0,0,0
6027,42.9387,18.0711,0,0,0,0
6028,43.941,18.0711,0,0,0,0
6029,44.9434,18.0711,0,0,0,0
6030,45.9458,18.0711,0,0,0,0
6031,46.9481,18.0711,0,0,0,0
6032,47.9505,18.0711,0,0,0,0
6033,48.9528,18.0711,0,0,0,0
6034,49.9552,18.0711,0,0,0,0
6035,50.9575,18.0711,0,0,0,0
6036,51.9599,18.0711,0,0,0,0
6037,52.9623,18.0711,0,0,0,0
6038,53.9646,18.0711,0,0,0,0
6039,54.967,18.0711,0,0,0,0
6040,55.9693,18.0711,0,0,0,0
6041,56.9717,18.0711,0,0,0,0
6042,57.9741,18.0711,0,0,0,0
6043,58.9764,18.0711,0,0,0,0
6044,59.9788,18.0711,0,0,0,0
6045,60.9811,18.0711,0,0,0,0
6046,61.9835,18.0711,0,0,0,0
6047,62.9858,18.0711,0,0,0,0
6048,63.9882,18.0711,0,0,0,0
6049,64.9906,18.0711,0,0,0,0
6050,65.9929,18.0711,0,0,0,0
6051,66.9953,18.0711,0,0,0,0
6052,67.9976,18.0711,0,0,0,0
6053,15.875,1.42895,0.666667,0,0,0
6054,15.875,2.40789,0.666667,0,0,0
6055,15.875,3.38684,0.666667,0,0,0
6056,15.875,4.36579,0.666667,0,0,0
6057,15.875,5.34474,0.666667,0,0,0
6058,15.875,6.32368,0.666667,0,0,0
6059,15.875,7.30263,0.666667,0,0,0
6060,15.875,8.28158,0.666667,0,0,0
6061,15.875,9.26053,0.666667,0,0,0
6062,15.875,10.2395,0.666667,0,0,0
6063,15.875,11.2184,0.666667,0,0,0
6064,15.875,12.1974,0.666667,0,0,0
6065,15.875,13.1763,0.666667,0,0,0
6066,15.875,14.1553,0.666667,0,0,0
6067,15.875,15.1342,0.666667,0,0,0
6068,15.875,16.1132,0.666667,0,0,0
6069,15.875,17.0921,0.666667,0,0,0
6070,15.875,18.0711,0.666667,0,0,0
6071,15.875,1.42895,0.333333,0,0,0
6072,15.875,2.40789,0.333333,0,0,0
6073,15.875,3.38684,0.333333,0,0,0
6074,15.875,4.36579,0.333333,0,0,0
6075,15.875,5.34474,0.333333,0,0,0
6076,15.875,6.32368,0.333333,0,0,0
6077,15.875,7.30263,0.333333,0,0,0
6078,15.875,8.28158,0.333333,0,0,0
6079,15.875,9.26053,0.333333,0,0,0
6080,15.875,10.2395,0.333333,0,0,0
6081,15.875,11.2184,0.333333,0,0,0
6082,15.875,12.1974,0.333333,0,0,0
6083,15.875,13.1763,0.333333,0,0,0
6084,15.875,14.1553,0.333333,0,0,0
6085,15.875,15.1342,0.333333,0,0,0
6086,15.875,16.1132,0.333333,0,0,0
6087,15.875,17.0921,0.333333,0,0,0
6088,15.875,18.0711,0.333333,0,0,0
6089,69,1.42895,0.666667,0,0,0
6090,69,2.40789,0.666667,0,0,0
6091,69,3.38684,0.666667,0,0,0
6092,69,4.36579,0.666667,0,0,0
6093,69,5.34474,0.666667,0,0,0
6094,69,6.32368,0.666667,0,0,0
6095,69,7.30263,0.666667,0,0,0
6096,69,8.28158,0.666667,0,0,0
6097,69,9.26053,0.666667,0,0,0
6098,69,10.2395,0.666667,0,0,0
6099,69,11.2184,0.666667,0,0,0
6100,69,12.1974,0.666667,0,0,0
6101,69,13.1763,0.666667,0,0,0
6102,69,14.1553,0.666667,0,0,0
6103,69,15.1342,0.666667,0,0,0
6104,69,16.1132,0.666667,0,0,0
6105,69,17.0921,0.666667,0,0,0
6106,69,18.0711,0.666667,0,0,0
6107,69,1.42895,0.333333,0,0,0
6108,69,2.40789,0.333333,0,0,0
6109,69,3.38684,0.333333,0,0,0
6110,69,4.36579,0.333333,0,0,0
6111,69,5.34474,0.333333,0,0,0
6112,69,6.32368,0.333333,0,0,0
6113,69,7.30263,0.333333,0,0,0
6114,69,8.28158,0.333333,0,0,0
6115,69,9.26053,0.333333,0,0,0
6116,69,10.2395,0.333333,0,0,0
6117,69,11.2184,0.333333,0,0,0
6118,69,12.1974,0.333333,0,0,0
6119,69,13.1763,0.333333,0,0,0
6120,69,14.1553,0.333333,0,0,0
6121,69,15.1342,0.333333,0,0,0
6122,69,16.1132,0.333333,0,0,0
6123,69,17.0921,0.333333,0,0,0
6124,69,18.0711,0.333333,0,0,0
6125,16.8774,0.45,0.666667,0,0,0
6126,17.8797,0.45,0.666667,0,0,0
6127,18.8821,0.45,0.666667,0,0,0
6128,19.8844,0.45,0.666667,0,0,0
6129,20.8868,0.45,0.666667,0,0,0
6130,21.8892,0.45,0.666667,0,0,0
6131,22.8915,0.45,0.666667,0,0,0
6132,23.8939,0.45,0.666667,0,0,0
6133,24.8962,0.45,0.666667,0,0,0
6134,25.8986,0.45,0.666667,0,0,0
6135,26.9009,0.45,0.666667,0,0,0
6136,27.9033,0.45,0.666667,0,0,0
6137,28.9057,0.45,0.666667,0,0,0
6138,29.908,0.45,0.666667,0,0,0
6139,30.9104,0.45,0.666667,0,0,0
6140,31.9127,0.45,0.666667,0,0,0
6141,32.9151,0.45,0.666667,0,0,0
6142,33.9175,0.45,0.666667,0,0,0
6143,34.9198,0.45,0.666667,0,0,0
6144,35.9222,0.45,0.666667,0,0,0
6145,36.9245,0.45,0.666667,0,0,0
6146,37.9269,0.45,0.666667,0,0,0
6147,38.9292,0.45,0.666667,0,0,0
6148,39.9316,0.45,0.666667,0,0,0
6149,40.934,0.45,0.666667,0,0,0
6150,41.9363,0.45,0.666667,0,0,0
6151,42.9387,0.45,0.666667,0,0,0
6152,43.941,0.45,0.666667,0,0,0
6153,44.9434,0.45,0.666667,0,0,0
6154,45.9458,0.45,0.666667,0,0,0
6155,46.9481,0.45,0.666667,0,0,0
6156,47.9505,0.45,0.666667,0,0,0
6157,48.9528,0.45,0.666667,0,0,0
6158,49.9552,0.45,0.666667,0,0,0
6159,50.9575,0.45,0.666667,0,0,0
6160,51.9599,0.45,0.666667,0,0,0
6161,52.9623,0.45,0.666667,0,0,0
6162,53.9646,0.45,0.666667,0,0,0
6163,54.967,0.45,0.666667,0,0,0
6164,55.9693,0.45,0.666667,0,0,0
6165,56.9717,0.45,0.666667,0,0,0
6166,57.9741,0.45,0.666667,0,0,0
6167,58.9764,0.45,0.666667,0,0,0
6168,59.9788,0.45,0.666667,0,0,0
6169,60.9811,0.45,0.666667,0,0,0
6170,61.9835,0.45,0.666667,0,0,0
6171,62.9858,0.45,0.666667,0,0,0
6172,63.9882,0.45,0.666667,0,0,0
6173,64.9906,0.45,0.666667,0,0,0
6174,65.9929,0.45,0.666667,0,0,0
6175,66.9953,0.45,0.666667,0,0,0
6176,67.9976,0.45,0.666667,0,0,0
6177,16.8774,0.45,0.333333,0,0,0
6178,17.8797,0.45,0.333333,0,0,0
6179,18.8821,0.45,0.333333,0,0,0
6180,19.8844,0.45,0.333333,0,0,0
6181,20.8868,0.45,0.333333,0,0,0
6182,21.8892,0.45,0.333333,0,0,0
6183,22.8915,0.45,0.333333,0,0,0
6184,23.8939,0.45,0.333333,0,0,0
6185,24.8962,0.45,0.333333,0,0,0
6186,25.8986,0.45,0.333333,0,0,0
6187,26.9009,0.45,0.333333,0,0,0
6188,27.9033,0.45,0.333333,0,0,0
6189,28.9057,0.45,0.333333,0,0,0
6190,29.908,0.45,0.333333,0,0,0
6191,30.9104,0.45,0.333333,0,0,0
6192,31.9127,0.45,0.333333,0,0,0
6193,32.9151,0.45,0.333333,0,0,0
6194,33.9175,0.45,0.333333,0,0,0
6195,34.9198,0.45,0.333333,0,0,0
6196,35.9222,0.45,0.333333,0,0,0
6197,36.9245,0.45,0.333333,0,0,0
6198,37.9269,0.45,0.333333,0,0,0
6199,38.9292,0.45,0.333333,0,0,0
6200,39.9316,0.45,0.333333,0,0,0
6201,40.934,0.45,0.333333,0,0,0
6202,41.9363,0.45,0.333333,0,0,0
6203,42.9387,0.45,0.333333,0,0,0
6204,43.941,0.45,0.333333,0,0,0
6205,44.9434,0.45,0.333333,0,0,0
6206,45.9458,0.45,0.333333,0,0,0
6207,46.9481,0.45,0.333333,0,0,0
6208,47.9505,0.45,0.333333,0,0,0
6209,48.9528,0.45,0.333333,0,0,0
6210,49.9552,0.45,0.333333,0,0,0
6211,50.9575,0.45,0.333333,0,0,0
6212,51.9599,0.45,0.333333,0,0,0
6213,52.9623,0.45,0.333333,0,0,0
6214,53.9646,0.45,0.333333,0,0,0
6215,54.967,0.45,0.333333,0,0,0
6216,55.9693,0.45,0.333333,0,0,0
6217,56.9717,0.45,0.333333,0,0,0
6218,57.9741,0.45,0.333333,0,0,0
6219,58.9764,0.45,0.333333,0,0,0
6220,59.9788,0.45,0.333333,0,0,0
6221,60.9811,0.45,0.333333,0,0,0
6222,61.9835,0.45,0.333333,0,0,0
6223,62.9858,0.45,0.333333,0,0,0
6224,63.9882,0.45,0.333333,0,0,0
6225,64.9906,0.45,0.333333,0,0,0
6226,65.9929,0.45,0.333333,0,0,0
6227,66.9953,0.45,0.333333,0,0,0
6228,67.9976,0.45,0.333333,0,0,0
6229,16.8774,19.05,0.666667,0,0,0
6230,17.8797,19.05,0.666667,0,0,0
6231,18.8821,19.05,0.666667,0,0,0
6232,19.8844,19.05,0.666667,0,0,0
6233,20.8868,19.05,0.666667,0,0,0
6234,21.8892,19.05,0.666667,0,0,0
6235,22.8915,19.05,0.666667,0,0,0
6236,23.8939,19.05,0.666667,0,0,0
6237,24.8962,19.05,0.666667,0,0,0
6238,25.8986,19.05,0.666667,0,0,0
6239,26.9009,19.05,0.666667,0,0,0
6240,27.9033,19.05,0.666667,0,0,0
6241,28.9057,19.05,0.666667,0,0,0
6242,29.908,19.05,0.666667,0,0,0
6243,30.9104,19.05,0.666667,0,0,0
6244,31.9127,19.05,0.666667,0,0,0
6245,32.9151,19.05,0.666667,0,0,0
6246,33.9175,19.05,0.666667,0,0,0
6247,34.9198,19.05,0.666667,0,0,0
6248,35.9222,19.05,0.666667,0,0,0
6249,36.9245,19.05,0.666667,0,0,0
6250,37.9269,19.05,0.666667,0,0,0
6251,38.9292,19.05,0.666667,0,0,0
6252,39.9316,19.05,0.666667,0,0,0
6253,40.934,19.05,0.666667,0,0,0
6254,41.9363,19.05,0.666667,0,0,0
6255,42.9387,19.05,0.666667,0,0,0
6256,43.941,19.05,0.666667,0,0,0
6257,44.9434,19.05,0.666667,0,0,0
6258,45.9458,19.05,0.666667,0,0,0
6259,46.9481,19.05,0.666667,0,0,0
6260,47.9505,19.05,0.666667,0,0,0
6261,48.9528,19.05,0.666667,0,0,0
6262,49.9552,19.05,0.666667,0,0,0
6263,50.9575,19.05,0.666667,0,0,0
6264,51.9599,19.05,0.666667,0,0,0
6265,52.9623,19.05,0.666667,0,0,0
6266,53.9646,19.05,0.666667,0,0,0
6267,54.967,19.05,0.666667,0,0,0
6268,55.9693,19.05,0.666667,0,0,0
6269,56.9717,19.05,0.666667,0,0,0
6270,57.9741,19.05,0.666667,0,0,0
6271,58.9764,19.05,0.666667,0,0,0
6272,59.9788,19.05,0.666667,0,0,0
6273,60.9811,19.05,0.666667,0,0,0
6274,61.9835,19.05,0.666667,0,0,0
6275,62.9858,19.05,0.666667,0,0,0
6276,63.9882,19.05,0.666667,0,0,0
6277,64.9906,19.05,0.666667,0,0,0
6278,65.9929,19.05,0.666667,0,0,0
6279,66.9953,19.05,0.666667,0,0,0
6280,67.9976,19.05,0.666667,0,0,0
6281,16.8774,19.05,0.333333,0,0,0
6282,17.8797,19.05,0.333333,0,0,0
6283,18.8821,19.05,0.333333,0,0,0
6284,19.8844,19.05,0.333333,0,0,0
6285,20.8868,19.05,0.333333,0,0,0
6286,21.8892,19.05,0.333333,0,0,0
6287,22.8915,19.05,0.333333,0,0,0
6288,23.8939,19.05,0.333333,0,0,0
6289,24.8962,19.05,0.333333,0,0,0
6290,25.8986,19.05,0.333333,0,0,0
6291,26.9009,19.05,0.333333,0,0,0
6292,27.9033,19.05,0.333333,0,0,0
6293,28.9057,19.05,0.333333,0,0,0
6294,29.908,19.05,0.333333,0,0,0
6295,30.9104,19.05,0.333333,0,0,0
6296,31.9127,19.05,0.333333,0,0,0
6297,32.9151,19.05,0.333333,0,0,0
6298,33.9175,19.05,0.333333,0,0,0
6299,34.9198,19.05,0.333333,0,0,0
6300,35.9222,19.05,0.333333,0,0,0
6301,36.9245,19.05,0.333333,0,0,0
6302,37.9269,19.05,0.333333,0,0,0
6303,38.9292,19.05,0.333333,0,0,0
6304,39.9316,19.05,0.333333,0,0,0
6305,40.934,19.05,0.333333,0,0,0
6306,41.9363,19.05,0.333333,0,0,0
6307,42.9387,19.05,0.333333,0,0,0
6308,43.941,19.05,0.333333,0,0,0
6309,44.9434,19.05,0.333333,0,0,0
6310,45.9458,19.05,0.333333,0,0,0
6311,46.9481,19.05,0.333333,0,0,0
6312,47.9505,19.05,0.333333,0,0,0
6313,48.9528,19.05,0.333333,0,0,0
6314,49.9552,19.05,0.333333,0,0,0
6315,50.9575,19.05,0.333333,0,0,0
6316,51.9599,19.05,0.333333,0,0,0
6317,52.9623,19.05,0.333333,0,0,0
6318,53.9646,19.05,0.333333,0,0,0
6319,54.967,19.05,0.333333,0,0,0
6320,55.9693,19.05,0.333333,0,0,0
6321,56.9717,19.05,0.333333,0,0,0
6322,57.9741,19.05,0.333333,0,0,0
6323,58.9764,19.05,0.333333,0,0,0
6324,59.9788,19.05,0.333333,0,0,0
6325,60.9811,19.05,0.333333,0,0,0
6326,61.9835,19.05,0.333333,0,0,0
6327,62.9858,19.05,0.333333,0,0,0
6328,63.9882,19.05,0.333333,0,0,0
6329,64.9906,19.05,0.333333,0,0,0
6330,65.9929,19.05,0.333333,0,0,0
6331,66.9953,19.05,0.333333,0,0,0
6332,67.9976,19.05,0.333333,0,0,0
6333,2.1322,-16.6975,0.333333,0,0,0
6334,2.1322,-16.6975,0.666667,0,0,0
6335,2.0142,-16.5957,0.333333,0,0,0
6336,2.0142,-16.5957,0.666667,0,0,0
6337,1.89135,-16.4998,0.333333,0,0,0
6338,1.89135,-16.4998,0.666667,0,0,0
6339,1.76394,-16.4101,0.333333,0,0,0
6340,1.76394,-16.4101,0.666667,0,0,0
6341,1.63228,-16.3267,0.333333,0,0,0
6342,1.63228,-16.3267,0.666667,0,0,0
6343,1.49668,-16.2499,0.333333,0,0,0
6344,1.49668,-16.2499,0.666667,0,0,0
6345,1.35749,-16.1798,0.333333,0,0,0
6346,1.35749,-16.1798,0.666667,0,0,0
6347,1.21502,-16.1167,0.333333,0,0,0
6348,1.21502,-16.1167,0.666667,0,0,0
6349,1.06963,-16.0606,0.333333,0,0,0
6350,1.06963,-16.0606,0.666667,0,0,0
6351,0.921654,-16.0117,0.333333,0,0,0
6352,0.921654,-16.0117,0.666667,0,0,0
6353,0.771462,-15.9702,0.333333,0,0,0
6354,0.771462,-15.9702,0.666667,0,0,0
6355,0.619412,-15.936,0.333333,0,0,0
6356,0.619412,-15.936,0.666667,0,0,0
6357,0.465869,-15.9094,0.333333,0,0,0
6358,0.465869,-15.9094,0.666667,0,0,0
6359,0.311204,-15.8903,0.333333,0,0,0
6360,0.311204,-15.8903,0.666667,0,0,0
6361,0.15579,-15.8788,0.333333,0,0,0
6362,0.15579,-15.8788,0.666667,0,0,0
6363,14.8828,0.45,0.333333,0,0,0
6364,14.8828,0.45,0.666667,0,0,0
6365,13.8906,0.45,0.333333,0,0,0
6366,13.8906,0.45,0.666667,0,0,0
6367,12.8984,0.45,0.333333,0,0,0
6368,12.8984,0.45,0.666667,0,0,0
6369,11.9062,0.45,0.333333,0,0,0
6370,11.9062,0.45,0.666667,0,0,0
6371,10.9141,0.45,0.333333,0,0,0
6372,10.9141,0.45,0.666667,0,0,0
6373,9.92188,0.45,0.333333,0,0,0
6374,9.92188,0.45,0.666667,0,0,0
6375,8.92969,0.45,0.333333,0,0,0
6376,8.92969,0.45,0.666667,0,0,0
6377,7.9375,0.45,0.333333,0,0,0
6378,7.9375,0.45,0.666667,0,0,0
6379,6.94531,0.45,0.333333,0,0,0
6380,6.94531,0.45,0.666667,0,0,0
6381,5.95312,0.45,0.333333,0,0,0
6382,5.95312,0.45,0.666667,0,0,0
6383,4.96094,0.45,0.333333,0,0,0
6384,4.96094,0.45,0.666667,0,0,0
6385,3.96875,0.45,0.333333,0,0,0
6386,3.96875,0.45,0.666667,0,0,0
6387,2.97656,0.45,0.333333,0,0,0
6388,2.97656,0.45,0.666667,0,0,0
6389,1.98438,0.45,0.333333,0,0,0
6390,1.98438,0.45,0.666667,0,0,0
6391,0.992188,0.45,0.333333,0,0,0
6392,0.992188,0.45,0.666667,0,0,0
6393,2.59915,-16.0527,0,0,0,0
6394,2.45362,-15.9322,0,0,0,0
6395,2.30251,-15.8188,0,0,0,0
6396,2.14616,-15.7127,0,0,0,0
6397,1.98492,-15.6142,0,0,0,0
6398,1.81916,-15.5234,0,0,0,0
6399,1.64926,-15.4407,0,0,0,0
6400,1.47561,-15.3662,0,0,0,0
6401,1.29859,-15.3,0,0,0,0
6402,1.11862,-15.2424,0,0,0,0
6403,0.936104,-15.1934,0,0,0,0
6404,0.751454,-15.1531,0,0,0,0
6405,0.565093,-15.1217,0,0,0,0
6406,0.377445,-15.0993,0,0,0,0
6407,0.188938,-15.0858,0,0,0,0
6408,3.0661,-15.4078,0,0,0,0
6409,2.89304,-15.2687,0,0,0,0
6410,2.71368,-15.1377,0,0,0,0
6411,2.52838,-15.0153,0,0,0,0
6412,2.33756,-14.9016,0,0,0,0
6413,2.14164,-14.797,0,0,0,0
6414,1.94104,-14.7016,0,0,0,0
6415,1.7362,-14.6157,0,0,0,0
6416,1.52756,-14.5395,0,0,0,0
6417,1.31559,-14.4731,0,0,0,0
6418,1.10075,-14.4166,0,0,0,0
6419,0.883497,-14.3703,0,0,0,0
6420,0.664317,-14.3341,0,0,0,0
6421,0.443686,-14.3082,0,0,0,0
6422,0.222086,-14.2927,0,0,0,0
6423,3.53304,-14.763,0,0,0,0
6424,3.33247,-14.6052,0,0,0,0
6425,3.12484,-14.4567,0,0,0,0
6426,2.9106,-14.3179,0,0,0,0
6427,2.6902,-14.1891,0,0,0,0
6428,2.46412,-14.0705,0,0,0,0
6429,2.23281,-13.9625,0,0,0,0
6430,1.99678,-13.8653,0,0,0,0
6431,1.75653,-13.7789,0,0,0,0
6432,1.51256,-13.7038,0,0,0,0
6433,1.26539,-13.6399,0,0,0,0
6434,1.01554,-13.5874,0,0,0,0
6435,0.763541,-13.5465,0,0,0,0
6436,0.509927,-13.5172,0,0,0,0
6437,0.255233,-13.4996,0,0,0,0
6438,0.404426,-9.93084,0,0,0,0
6439,0.808057,-9.95771,0,0,0,0
6440,1.2101,-10.0024,0,0,0,0
6441,1.60977,-10.0649,0,0,0,0
6442,2.00627,-10.1451,0,0,0,0
6443,2.39884,-10.2427,0,0,0,0
6444,2.78669,-10.3577,0,0,0,0
6445,3.16907,-10.4897,0,0,0,0
6446,3.54522,-10.6385,0,0,0,0
6447,3.91441,-10.8038,0,0,0,0
6448,4.27591,-10.9854,0,0,0,0
6449,4.62901,-11.1828,0,0,0,0
6450,4.97302,-11.3956,0,0,0,0
6451,5.30726,-11.6234,0,0,0,0
6452,5.63108,-11.8659,0,0,0,0
6453,0.387848,-10.3274,0,0,0,0
6454,0.77493,-10.3532,0,0,0,0
6455,1.16048,-10.3962,0,0,0,0
6456,1.54374,-10.4563,0,0,0,0
6457,1.92395,-10.5334,0,0,0,0
6458,2.30037,-10.6273,0,0,0,0
6459,2.67223,-10.7378,0,0,0,0
6460,3.03883,-10.8647,0,0,0,0
6461,3.39942,-11.0078,0,0,0,0
6462,3.75329,-11.1667,0,0,0,0
6463,4.09976,-11.3413,0,0,0,0
6464,4.43813,-11.531,0,0,0,0
6465,4.76773,-11.7356,0,0,0,0
6466,5.08792,-11.9546,0,0,0,0
6467,5.39807,-12.1877,0,0,0,0
6468,0.37127,-10.7239,0,0,0,0
6469,0.741803,-10.7487,0,0,0,0
6470,1.11086,-10.79,0,0,0,0
6471,1.47772,-10.8477,0,0,0,0
6472,1.84163,-10.9217,0,0,0,0
6473,2.20189,-11.0118,0,0,0,0
6474,2.55778,-11.1179,0,0,0,0
6475,2.90858,-11.2397,0,0,0,0
6476,3.25361,-11.3771,0,0,0,0
6477,3.59218,-11.5296,0,0,0,0
6478,3.92361,-11.6971,0,0,0,0
6479,4.24725,-11.8792,0,0,0,0
6480,4.56245,-12.0756,0,0,0,0
6481,4.86859,-12.2858,0,0,0,0
6482,5.16505,-12.5094,0,0,0,0
6483,0.354692,-11.1204,0,0,0,0
6484,0.708676,-11.1442,0,0,0,0
6485,1.06124,-11.1838,0,0,0,0
6486,1.41169,-11.2391,0,0,0,0
6487,1.75931,-11.31,0,0,0,0
6488,2.10342,-11.3963,0,0,0,0
6489,2.44332,-11.498,0,0,0,0
6490,2.77834,-11.6147,0,0,0,0
6491,3.10781,-11.7463,0,0,0,0
6492,3.43106,-11.8925,0,0,0,0
6493,3.74746,-12.053,0,0,0,0
6494,4.05636,-12.2275,0,0,0,0
6495,4.35716,-12.4156,0,0,0,0
6496,4.64925,-12.617,0,0,0,0
6497,4.93204,-12.8312,0,0,0,0
6498,0.338115,-11.517,0,0,0,0
6499,0.675549,-11.5397,0,0,0,0
6500,1.01162,-11.5776,0,0,0,0
6501,1.34566,-11.6304,0,0,0,0
6502,1.67699,-11.6983,0,0,0,0
6503,2.00495,-11.7809,0,0,0,0
6504,2.32887,-11.8781,0,0,0,0
6505,2.6481,-11.9897,0,0,0,0
6506,2.962,-12.1156,0,0,0,0
6507,3.26994,-12.2554,0,0,0,0
6508,3.5713,-12.4089,0,0,0,0
6509,3.86548,-12.5757,0,0,0,0
6510,4.15187,-12.7556,0,0,0,0
6511,4.42991,-12.9481,0,0,0,0
6512,4.69903,-13.1529,0,0,0,0
6513,0.321537,-11.9135,0,0,0,0
6514,0.642422,-11.9352,0,0,0,0
6515,0.962004,-11.9713,0,0,0,0
6516,1.27964,-12.0218,0,0,0,0
6517,1.59467,-12.0865,0,0,0,0
6518,1.90647,-12.1654,0,0,0,0
6519,2.21441,-12.2582,0,0,0,0
6520,2.51786,-12.3648,0,0,0,0
6521,2.8162,-12.4849,0,0,0,0
6522,3.10883,-12.6183,0,0,0,0
6523,3.39515,-12.7648,0,0,0,0
6524,3.67459,-12.924,0,0,0,0
6525,3.94658,-13.0956,0,0,0,0
6526,4.21057,-13.2793,0,0,0,0
6527,4.46602,-13.4747,0,0,0,0
6528,0.304959,-12.31,0,0,0,0
6529,0.609295,-12.3307,0,0,0,0
6530,0.912384,-12.3651,0,0,0,0
6531,1.21361,-12.4132,0,0,0,0
6532,1.51235,-12.4748,0,0,0,0
6533,1.808,-12.5499,0,0,0,0
6534,2.09995,-12.6383,0,0,0,0
6535,2.38761,-12.7398,0,0,0,0
6536,2.67039,-12.8542,0,0,0,0
6537,2.94771,-12.9812,0,0,0,0
6538,3.219,-13.1207,0,0,0,0
6539,3.48371,-13.2722,0,0,0,0
6540,3.74129,-13.4356,0,0,0,0
6541,3.99123,-13.6105,0,0,0,0
6542,4.233,-13.7964,0,0,0,0
6543,0.537052,-6.7586,0,0,0,0
6544,1.07308,-6.79376,0,0,0,0
6545,1.60706,-6.85229,0,0,0,0
6546,2.13798,-6.93407,0,0,0,0
6547,2.66482,-7.03894,0,0,0,0
6548,3.18659,-7.16672,0,0,0,0
6549,3.70227,-7.31715,0,0,0,0
6550,4.2109,-7.48994,0,0,0,0
6551,4.7115,-7.68478,0,0,0,0
6552,5.20312,-7.90128,0,0,0,0
6553,5.68482,-8.13904,0,0,0,0
6554,6.15568,-8.39759,0,0,0,0
6555,6.61481,-8.67646,0,0,0,0
6556,7.06132,-8.9751,0,0,0,0
6557,7.49437,-9.29294,0,0,0,0
6558,0.520474,-7.15513,0,0,0,0
6559,1.03995,-7.18926,0,0,0,0
6560,1.55744,-7.24606,0,0,0,0
6561,2.07195,-7.32543,0,0,0,0
6562,2.58251,-7.42721,0,0,0,0
6563,3.08812,-7.55122,0,0,0,0
6564,3.58783,-7.69721,0,0,0,0
6565,4.08067,-7.8649,0,0,0,0
6566,4.56572,-8.05399,0,0,0,0
6567,5.04204,-8.26409,0,0,0,0
6568,5.50871,-8.49482,0,0,0,0
6569,5.96485,-8.74572,0,0,0,0
6570,6.40959,-9.01633,0,0,0,0
6571,6.84207,-9.30612,0,0,0,0
6572,7.26148,-9.61454,0,0,0,0
6573,0.503895,-7.55166,0,0,0,0
6574,1.00682,-7.58475,0,0,0,0
6575,1.50782,-7.63983,0,0,0,0
6576,2.00593,-7.71678,0,0,0,0
6577,2.50019,-7.81548,0,0,0,0
6578,2.98965,-7.93572,0,0,0,0
6579,3.47338,-8.07727,0,0,0,0
6580,3.95045,-8.23987,0,0,0,0
6581,4.41994,-8.42319,0,0,0,0
6582,4.88095,-8.6269,0,0,0,0
6583,5.3326,-8.8506,0,0,0,0
6584,5.77403,-9.09386,0,0,0,0
6585,6.20438,-9.35621,0,0,0,0
6586,6.62283,-9.63715,0,0,0,0
6587,7.02858,-9.93614,0,0,0,0
6588,0.487317,-7.94819,0,0,0,0
6589,0.973696,-7.98024,0,0,0,0
6590,1.4582,-8.03359,0,0,0,0
6591,1.9399,-8.10814,0,0,0,0
6592,2.41787,-8.20374,0,0,0,0
6593,2.89118,-8.32021,0,0,0,0
6594,3.35893,-8.45733,0,0,0,0
6595,3.82022,-8.61483,0,0,0,0
6596,4.27416,-8.7924,0,0,0,0
6597,4.71987,-8.98971,0,0,0,0
6598,5.1565,-9.20638,0,0,0,0
6599,5.5832,-9.44199,0,0,0,0
6600,5.99917,-9.69608,0,0,0,0
6601,6.40358,-9.96817,0,0,0,0
6602,6.79568,-10.2577,0,0,0,0
6603,0.470739,-8.34472,0,0,0,0
6604,0.940568,-8.37574,0,0,0,0
6605,1.40858,-8.42736,0,0,0,0
6606,1.87388,-8.4995,0,0,0,0
6607,2.33555,-8.59201,0,0,0,0
6608,2.79271,-8.70471,0,0,0,0
6609,3.24449,-8.83739,0,0,0,0
6610,3.68999,-8.98979,0,0,0,0
6611,4.12837,-9.16161,0,0,0,0
6612,4.55878,-9.35252,0,0,0,0
6613,4.98039,-9.56216,0,0,0,0
6614,5.39238,-9.79012,0,0,0,0
6615,5.79395,-10.036,0,0,0,0
6616,6.18434,-10.2992,0,0,0,0
6617,6.56278,-10.5793,0,0,0,0
6618,0.45416,-8.74125,0,0,0,0
6619,0.90744,-8.77123,0,0,0,0
6620,1.35896,-8.82113,0,0,0,0
6621,1.80785,-8.89086,0,0,0,0
6622,2.25323,-8.98028,0,0,0,0
6623,2.69425,-9.08921,0,0,0,0
6624,3.13004,-9.21745,0,0,0,0
6625,3.55977,-9.36475,0,0,0,0
6626,3.98259,-9.53082,0,0,0,0
6627,4.3977,-9.71533,0,0,0,0
6628,4.80428,-9.91794,0,0,0,0
6629,5.20155,-10.1383,0,0,0,0
6630,5.58874,-10.3758,0,0,0,0
6631,5.96509,-10.6302,0,0,0,0
6632,6.32989,-10.9009,0,0,0,0
6633,0.437582,-9.13778,0,0,0,0
6634,0.874312,-9.16672,0,0,0,0
6635,1.30934,-9.2149,0,0,0,0
6636,1.74182,-9.28222,0,0,0,0
6637,2.17091,-9.36854,0,0,0,0
6638,2.59578,-9.47371,0,0,0,0
6639,3.01559,-9.59751,0,0,0,0
6640,3.42954,-9.73971,0,0,0,0
6641,3.83681,-9.90002,0,0,0,0
6642,4.23661,-10.0781,0,0,0,0
6643,4.62817,-10.2737,0,0,0,0
6644,5.01072,-10.4864,0,0,0,0
6645,5.38352,-10.7157,0,0,0,0
6646,5.74585,-10.9612,0,0,0,0
6647,6.09699,-11.2225,0,0,0,0
6648,8.32357,-8.18623,0,0,0,0
6649,7.8314,-7.88623,0,0,0,0
6650,7.32655,-7.60437,0,0,0,0
6651,6.80982,-7.34117,0,0,0,0
6652,6.28202,-7.09715,0,0,0,0
6653,5.74401,-6.87277,0,0,0,0
6654,5.19665,-6.66844,0,0,0,0
6655,4.64083,-6.48457,0,0,0,0
6656,4.07744,-6.3215,0,0,0,0
6657,3.50739,-6.17954,0,0,0,0
6658,2.93163,-6.05895,0,0,0,0
6659,2.35107,-5.95998,0,0,0,0
6660,1.76667,-5.88281,0,0,0,0
6661,1.17939,-5.82758,0,0,0,0
6662,0.590177,-5.7944,0,0,0,0
6663,8.91986,-7.40112,0,0,0,0
6664,8.38224,-7.12839,0,0,0,0
6665,7.83309,-6.87215,0,0,0,0
6666,7.27313,-6.63288,0,0,0,0
6667,6.70312,-6.41105,0,0,0,0
6668,6.12382,-6.20706,0,0,0,0
6669,5.53602,-6.02131,0,0,0,0
6670,4.94052,-5.85415,0,0,0,0
6671,4.33815,-5.70591,0,0,0,0
6672,3.72973,-5.57685,0,0,0,0
6673,3.11611,-5.46723,0,0,0,0
6674,2.49813,-5.37726,0,0,0,0
6675,1.87666,-5.3071,0,0,0,0
6676,1.25257,-5.25689,0,0,0,0
6677,0.626723,-5.22673,0,0,0,0
6678,9.51616,-6.61601,0,0,0,0
6679,8.93308,-6.37055,0,0,0,0
6680,8.33962,-6.13994,0,0,0,0
6681,7.73644,-5.9246,0,0,0,0
6682,7.12421,-5.72494,0,0,0,0
6683,6.50362,-5.54135,0,0,0,0
6684,5.87539,-5.37418,0,0,0,0
6685,5.24022,-5.22374,0,0,0,0
6686,4.59887,-5.09032,0,0,0,0
6687,3.95207,-4.97416,0,0,0,0
6688,3.30059,-4.87551,0,0,0,0
6689,2.64519,-4.79453,0,0,0,0
6690,1.98665,-4.73139,0,0,0,0
6691,1.32575,-4.6862,0,0,0,0
6692,0.66327,-4.65905,0,0,0,0
6693,10.1125,-5.8309,0,0,0,0
6694,9.48392,-5.61271,0,0,0,0
6695,8.84616,-5.40772,0,0,0,0
6696,8.19975,-5.21631,0,0,0,0
6697,7.54531,-5.03884,0,0,0,0
6698,6.88343,-4.87565,0,0,0,0
6699,6.21475,-4.72705,0,0,0,0
6700,5.53992,-4.59332,0,0,0,0
6701,4.85958,-4.47472,0,0,0,0
6702,4.17441,-4.37148,0,0,0,0
6703,3.48507,-4.28378,0,0,0,0
6704,2.79226,-4.21181,0,0,0,0
6705,2.09664,-4.15568,0,0,0,0
6706,1.39893,-4.11551,0,0,0,0
6707,0.699816,-4.09138,0,0,0,0
6708,10.7087,-5.04578,0,0,0,0
6709,10.0348,-4.85487,0,0,0,0
6710,9.35269,-4.67551,0,0,0,0
6711,8.66307,-4.50802,0,0,0,0
6712,7.9664,-4.35273,0,0,0,0
6713,7.26323,-4.20994,0,0,0,0
6714,6.55412,-4.07992,0,0,0,0
6715,5.83962,-3.96291,0,0,0,0
6716,5.1203,-3.85913,0,0,0,0
6717,4.39675,-3.7688,0,0,0,0
6718,3.66956,-3.69206,0,0,0,0
6719,2.93932,-3.62908,0,0,0,0
6720,2.20663,-3.57997,0,0,0,0
6721,1.47211,-3.54482,0,0,0,0
6722,0.736363,-3.52371,0,0,0,0
6723,11.305,-4.26067,0,0,0,0
6724,10.5856,-4.09704,0,0,0,0
6725,9.85923,-3.94329,0,0,0,0
6726,9.12638,-3.79973,0,0,0,0
6727,8.3875,-3.66663,0,0,0,0
6728,7.64304,-3.54424,0,0,0,0
6729,6.89349,-3.43279,0,0,0,0
6730,6.13931,-3.33249,0,0,0,0
6731,5.38102,-3.24354,0,0,0,0
6732,4.61909,-3.16611,0,0,0,0
6733,3.85404,-3.10034,0,0,0,0
6734,3.08638,-3.04635,0,0,0,0
6735,2.31662,-3.00426,0,0,0,0
6736,1.54529,-2.97413,0,0,0,0
6737,0.772909,-2.95604,0,0,0,0
6738,11.9013,-3.47556,0,0,0,0
6739,11.1364,-3.3392,0,0,0,0
6740,10.3658,-3.21108,0,0,0,0
6741,9.58969,-3.09144,0,0,0,0
6742,8.80859,-2.98052,0,0,0,0
6743,8.02285,-2.87853,0,0,0,0
6744,7.23285,-2.78566,0,0,0,0
6745,6.43901,-2.70208,0,0,0,0
6746,5.64173,-2.62795,0,0,0,0
6747,4.84143,-2.56343,0,0,0,0
6748,4.03852,-2.50862,0,0,0,0
6749,3.23344,-2.46363,0,0,0,0
6750,2.42661,-2.42855,0,0,0,0
6751,1.61847,-2.40345,0,0,0,0
6752,0.809455,-2.38836,0,0,0,0
6753,12.4976,-2.69045,0,0,0,0
6754,11.6873,-2.58136,0,0,0,0
6755,10.8723,-2.47886,0,0,0,0
6756,10.053,-2.38315,0,0,0,0
6757,9.22968,-2.29442,0,0,0,0
6758,8.40265,-2.21282,0,0,0,0
6759,7.57222,-2.13852,0,0,0,0
6760,6.73871,-2.07166,0,0,0,0
6761,5.90245,-2.01236,0,0,0,0
6762,5.06377,-1.96074,0,0,0,0
6763,4.22301,-1.91689,0,0,0,0
6764,3.3805,-1.8809,0,0,0,0
6765,2.5366,-1.85284,0,0,0,0
6766,1.69165,-1.83276,0,0,0,0
6767,0.846002,-1.82069,0,0,0,0
6768,13.0939,-1.90534,0,0,0,0
6769,12.2381,-1.82352,0,0,0,0
6770,11.3788,-1.74665,0,0,0,0
6771,10.5163,-1.67487,0,0,0,0
6772,9.65078,-1.60831,0,0,0,0
6773,8.78246,-1.54712,0,0,0,0
6774,7.91159,-1.49139,0,0,0,0
6775,7.03841,-1.44125,0,0,0,0
6776,6.16316,-1.39677,0,0,0,0
6777,5.28611,-1.35806,0,0,0,0
6778,4.40749,-1.32517,0,0,0,0
6779,3.52756,-1.29818,0,0,0,0
6780,2.64659,-1.27713,0,0,0,0
6781,1.76483,-1.26207,0,0,0,0
6782,0.882548,-1.25302,0,0,0,0
6783,13.6902,-1.12022,0,0,0,0
6784,12.7889,-1.06568,0,0,0,0
6785,11.8854,-1.01443,0,0,0,0
6786,10.9796,-0.966577,0,0,0,0
6787,10.0719,-0.922209,0,0,0,0
6788,9.16226,-0.881412,0,0,0,0
6789,8.25095,-0.844262,0,0,0,0
6790,7.3381,-0.810831,0,0,0,0
6791,6.42388,-0.781181,0,0,0,0
6792,5.50845,-0.75537,0,0,0,0
6793,4.59197,-0.733446,0,0,0,0
6794,3.67463,-0.715451,0,0,0,0
6795,2.75658,-0.70142,0,0,0,0
6796,1.83801,-0.691378,0,0,0,0
6797,0.919095,-0.685345,0,0,0,0
6798,14.2865,-0.335112,0,0,0,0
6799,13.3398,-0.307839,0,0,0,0
6800,12.3919,-0.282215,0,0,0,0
6801,11.4429,-0.258288,0,0,0,0
6802,10.493,-0.236105,0,0,0,0
6803,9.54207,-0.215706,0,0,0,0
6804,8.59032,-0.197131,0,0,0,0
6805,7.6378,-0.180415,0,0,0,0
6806,6.6846,-0.165591,0,0,0,0
6807,5.73079,-0.152685,0,0,0,0
6808,4.77645,-0.141723,0,0,0,0
6809,3.82169,-0.132726,0,0,0,0
6810,2.86657,-0.12571,0,0,0,0
6811,1.91119,-0.120689,0,0,0,0
6812,0.955641,-0.117673,0,0,0,0
6813,2.59915,-16.0527,1,0,0,0
6814,2.45362,-15.9322,1,0,0,0
6815,2.30251,-15.8188,1,0,0,0
6816,2.14616,-15.7127,1,0,0,0
6817,1.98492,-15.6142,1,0,0,0
6818,1.81916,-15.5234,1,0,0,0
6819,1.64926,-15.4407,1,0,0,0
6820,1.47561,-15.3662,1,0,0,0
6821,1.29859,-15.3,1,0,0,0
6822,1.11862,-15.2424,1,0,0,0
6823,0.936104,-15.1934,1,0,0,0
6824,0.751454,-15.1531,1,0,0,0
6825,0.565093,-15.1217,1,0,0,0
6826,0.377445,-15.0993,1,0,0,0
6827,0.188938,-15.0858,1,0,0,0
6828,3.0661,-15.4078,1,0,0,0
6829,2.89304,-15.2687,1,0,0,0
6830,2.71368,-15.1377,1,0,0,0
6831,2.52838,-15.0153,1,0,0,0
6832,2.33756,-14.9016,1,0,0,0
6833,2.14164,-14.797,1,0,0,0
6834,1.94104,-14.7016,1,0,0,0
6835,1.7362,-14.6157,1,0,0,0
6836,1.52756,-14.5395,1,0,0,0
6837,1.31559,-14.4731,1,0,0,0
6838,1.10075,-14.4166,1,0,0,0
6839,0.883497,-14.3703,1,0,0,0
6840,0.664317,-14.3341,1,0,0,0
6841,0.443686,-14.3082,1,0,0,0
6842,0.222086,-14.2927,1,0,0,0
6843,3.53304,-14.763,1,0,0,0
6844,3.33247,-14.6052,1,0,0,0
6845,3.12484,-14.4567,1,0,0,0
6846,2.9106,-14.3179,1,0,0,0
6847,2.6902,-14.1891,1,0,0,0
6848,2.46412,-14.0705,1,0,0,0
6849,2.23281,-13.9625,1,0,0,0
6850,1.99678,-13.8653,1,0,0,0
6851,1.75653,-13.7789,1,0,0,0
6852,1.51256,-13.7038,1,0,0,0
6853,1.26539,-13.6399,1,0,0,0
6854,1.01554,-13.5874,1,0,0,0
6855,0.763541,-13.5465,1,0,0,0
6856,0.509927,-13.5172,1,0,0,0
6857,0.255233,-13.4996,1,0,0,0
6858,5.63108,-11.8659,1,0,0,0
6859,5.30726,-11.6234,1,0,0,0
6860,4.97302,-11.3956,1,0,0,0
6861,4.62901,-11.1828,1,0,0,0
6862,4.27591,-10.9854,1,0,0,0
6863,3.91441,-10.8038,1,0,0,0
6864,3.54522,-10.6385,1,0,0,0
6865,3.16907,-10.4897,1,0,0,0
6866,2.78669,-10.3577,1,0,0,0
6867,2.39884,-10.2427,1,0,0,0
6868,2.00627,-10.1451,1,0,0,0
6869,1.60977,-10.0649,1,0,0,0
6870,1.2101,-10.0024,1,0,0,0
6871,0.808057,-9.95771,1,0,0,0
6872,0.404426,-9.93084,1,0,0,0
6873,5.39807,-12.1877,1,0,0,0
6874,5.08792,-11.9546,1,0,0,0
6875,4.76773,-11.7356,1,0,0,0
6876,4.43813,-11.531,1,0,0,0
6877,4.09976,-11.3413,1,0,0,0
6878,3.75329,-11.1667,1,0,0,0
6879,3.39942,-11.0078,1,0,0,0
6880,3.03883,-10.8647,1,0,0,0
6881,2.67223,-10.7378,1,0,0,0
6882,2.30037,-10.6273,1,0,0,0
6883,1.92395,-10.5334,1,0,0,0
6884,1.54374,-10.4563,1,0,0,0
6885,1.16048,-10.3962,1,0,0,0
6886,0.77493,-10.3532,1,0,0,0
6887,0.387848,-10.3274,1,0,0,0
6888,5.16505,-12.5094,1,0,0,0
6889,4.86859,-12.2858,1,0,0,0
6890,4.56245,-12.0756,1,0,0,0
6891,4.24725,-11.8792,1,0,0,0
6892,3.92361,-11.6971,1,0,0,0
6893,3.59218,-11.5296,1,0,0,0
6894,3.25361,-11.3771,1,0,0,0
6895,2.90858,-11.2397,1,0,0,0
6896,2.55778,-11.1179,1,0,0,0
6897,2.20189,-11.0118,1,0,0,0
6898,1.84163,-10.9217,1,0,0,0
6899,1.47772,-10.8477,1,0,0,0
6900,1.11086,-10.79,1,0,0,0
6901,0.741803,-10.7487,1,0,0,0
6902,0.37127,-10.7239,1,0,0,0
6903,4.93204,-12.8312,1,0,0,0
6904,4.64925,-12.617,1,0,0,0
6905,4.35716,-12.4156,1,0,0,0
6906,4.05636,-12.2275,1,0,0,0
6907,3.74746,-12.053,1,0,0,0
6908,3.43106,-11.8925,1,0,0,0
6909,3.10781,-11.7463,1,0,0,0
6910,2.77834,-11.6147,1,0,0,0
6911,2.44332,-11.498,1,0,0,0
6912,2.10342,-11.3963,1,0,0,0
6913,1.75931,-11.31,1,0,0,0
6914,1.41169,-11.2391,1,0,0,0
6915,1.06124,-11.1838,1,0,0,0
6916,0.708676,-11.1442,1,0,0,0
6917,0.354692,-11.1204,1,0,0,0
6918,4.69903,-13.1529,1,0,0,0
6919,4.42991,-12.9481,1,0,0,0
6920,4.15187,-12.7556,1,0,0,0
6921,3.86548,-12.5757,1,0,0,0
6922,3.5713,-12.4089,1,0,0,0
6923,3.26994,-12.2554,1,0,0,0
6924,2.962,-12.1156,1,0,0,0
6925,2.6481,-11.9897,1,0,0,0
6926,2.32887,-11.8781,1,0,0,0
6927,2.00495,-11.7809,1,0,0,0
6928,1.67699,-11.6983,1,0,0,0
6929,1.34566,-11.6304,1,0,0,0
6930,1.01162,-11.5776,1,0,0,0
6931,0.675549,-11.5397,1,0,0,0
6932,0.338115,-11.517,1,0,0,0
6933,4.46602,-13.4747,1,0,0,0
6934,4.21057,-13.2793,1,0,0,0
6935,3.94658,-13.0956,1,0,0,0
6936,3.67459,-12.924,1,0,0,0
6937,3.39515,-12.7648,1,0,0,0
6938,3.10883,-12.6183,1,0,0,0
6939,2.8162,-12.4849,1,0,0,0
6940,2.51786,-12.3648,1,0,0,0
6941,2.21441,-12.2582,1,0,0,0
6942,1.90647,-12.1654,1,0,0,0
6943,1.59467,-12.0865,1,0,0,0
6944,1.27964,-12.0218,1,0,0,0
6945,0.962004,-11.9713,1,0,0,0
6946,0.642422,-11.9352,1,0,0,0
6947,0.321537,-11.9135,1,0,0,0
6948,4.233,-13.7964,1,0,0,0
6949,3.99123,-13.6105,1,0,0,0
6950,3.74129,-13.4356,1,0,0,0
6951,3.48371,-13.2722,1,0,0,0
6952,3.219,-13.1207,1,0,0,0
6953,2.94771,-12.9812,1,0,0,0
6954,2.67039,-12.8542,1,0,0,0
6955,2.38761,-12.7398,1,0,0,0
6956,2.09995,-12.6383,1,0,0,0
6957,1.808,-12.5499,1,0,0,0
6958,1.51235,-12.4748,1,0,0,0
6959,1.21361,-12.4132,1,0,0,0
6960,0.912384,-12.3651,1,0,0,0
6961,0.609295,-12.3307,1,0,0,0
6962,0.304959,-12.31,1,0,0,0
6963,7.49437,-9.29294,1,0,0,0
6964,7.06132,-8.9751,1,0,0,0
6965,6.61481,-8.67646,1,0,0,0
6966,6.15568,-8.39759,1,0,0,0
6967,5.68482,-8.13904,1,0,0,0
6968,5.20312,-7.90128,1,0,0,0
6969,4.7115,-7.68478,1,0,0,0
6970,4.2109,-7.48994,1,0,0,0
6971,3.70227,-7.31715,1,0,0,0
6972,3.18659,-7.16672,1,0,0,0
6973,2.66482,-7.03894,1,0,0,0
6974,2.13798,-6.93407,1,0,0,0
6975,1.60706,-6.85229,1,0,0,0
6976,1.07308,-6.79376,1,0,0,0
6977,0.537052,-6.7586,1,0,0,0
6978,7.26148,-9.61454,1,0,0,0
6979,6.84207,-9.30612,1,0,0,0
6980,6.40959,-9.01633,1,0,0,0
6981,5.96485,-8.74572,1,0,0,0
6982,5.50871,-8.49482,1,0,0,0
6983,5.04204,-8.26409,1,0,0,0
6984,4.56572,-8.05399,1,0,0,0
6985,4.08067,-7.8649,1,0,0,0
6986,3.58783,-7.69721,1,0,0,0
6987,3.08812,-7.55122,1,0,0,0
6988,2.58251,-7.42721,1,0,0,0
6989,2.07195,-7.32543,1,0,0,0
6990,1.55744,-7.24606,1,0,0,0
6991,1.03995,-7.18926,1,0,0,0
6992,0.520474,-7.15513,1,0,0,0
6993,7.02858,-9.93614,1,0,0,0
6994,6.62283,-9.63715,1,0,0,0
6995,6.20438,-9.35621,1,0,0,0
6996,5.77403,-9.09386,1,0,0,0
6997,5.3326,-8.8506,1,0,0,0
6998,4.88095,-8.6269,1,0,0,0
6999,4.41994,-8.42319,1,0,0,0
7000,3.95045,-8.23987,1,0,0,0
7001,3.47338,-8.07727,1,0,0,0
7002,2.98965,-7.93572,1,0,0,0
7003,2.50019,-7.81548,1,0,0,0
7004,2.00593,-7.71678,1,0,0,0
7005,1.50782,-7.63983,1,0,0,0
7006,1.00682,-7.58475,1,0,0,0
7007,0.503895,-7.55166,1,0,0,0
7008,6.79568,-10.2577,1,0,0,0
7009,6.40358,-9.96817,1,0,0,0
7010,5.99917,-9.69608,1,0,0,0
7011,5.5832,-9.44199,1,0,0,0
7012,5.1565,-9.20638,1,0,0,0
7013,4.71987,-8.98971,1,0,0,0
7014,4.27416,-8.7924,1,0,0,0
7015,3.82022,-8.61483,1,0,0,0
7016,3.35893,-8.45733,1,0,0,0
7017,2.89118,-8.32021,1,0,0,0
7018,2.41787,-8.20374,1,0,0,0
7019,1.9399,-8.10814,1,0,0,0
7020,1.4582,-8.03359,1,0,0,0
7021,0.973696,-7.98024,1,0,0,0
7022,0.487317,-7.94819,1,0,0,0
7023,6.56278,-10.5793,1,0,0,0
7024,6.18434,-10.2992,1,0,0,0
7025,5.79395,-10.036,1,0,0,0
7026,5.39238,-9.79012,1,0,0,0
7027,4.98039,-9.56216,1,0,0,0
7028,4.55878,-9.35252,1,0,0,0
7029,4.12837,-9.16161,1,0,0,0
7030,3.68999,-8.98979,1,0,0,0
7031,3.24449,-8.83739,1,0,0,0
7032,2.79271,-8.70471,1,0,0,0
7033,2.33555,-8.59201,1,0,0,0
7034,1.87388,-8.4995,1,0,0,0
7035,1.40858,-8.42736,1,0,0,0
7036,0.940568,-8.37574,1,0,0,0
7037,0.470739,-8.34472,1,0,0,0
7038,6.32989,-10.9009,1,0,0,0
7039,5.96509,-10.6302,1,0,0,0
7040,5.58874,-10.3758,1,0,0,0
7041,5.20155,-10.1383,1,0,0,0
7042,4.80428,-9.91794,1,0,0,0
7043,4.3977,-9.71533,1,0,0,0
7044,3.98259,-9.53082,1,0,0,0
7045,3.55977,-9.36475,1,0,0,0
7046,3.13004,-9.21745,1,0,0,0
7047,2.69425,-9.08921,1,0,0,0
7048,2.25323,-8.98028,1,0,0,0
7049,1.80785,-8.89086,1,0,0,0
7050,1.35896,-8.82113,1,0,0,0
7051,0.90744,-8.77123,1,0,0,0
7052,0.45416,-8.74125,1,0,0,0
7053,6.09699,-11.2225,1,0,0,0
7054,5.74585,-10.9612,1,0,0,0
7055,5.38352,-10.7157,1,0,0,0
7056,5.01072,-10.4864,1,0,0,0
7057,4.62817,-10.2737,1,0,0,0
7058,4.23661,-10.0781,1,0,0,0
7059,3.83681,-9.90002,1,0,0,0
7060,3.42954,-9.73971,1,0,0,0
7061,3.01559,-9.59751,1,0,0,0
7062,2.59578,-9.47371,1,0,0,0
7063,2.17091,-9.36854,1,0,0,0
7064,1.74182,-9.28222,1,0,0,0
7065,1.30934,-9.2149,1,0,0,0
7066,0.874312,-9.16672,1,0,0,0
7067,0.437582,-9.13778,1,0,0,0
7068,0.590177,-5.7944,1,0,0,0
7069,1.17939,-5.82758,1,0,0,0
7070,1.76667,-5.88281,1,0,0,0
7071,2.35107,-5.95998,1,0,0,0
7072,2.93163,-6.05895,1,0,0,0
7073,3.50739,-6.17954,1,0,0,0
7074,4.07744,-6.3215,1,0,0,0
7075,4.64083,-6.48457,1,0,0,0
7076,5.19665,-6.66844,1,0,0,0
7077,5.74401,-6.87277,1,0,0,0
7078,6.28202,-7.09715,1,0,0,0
7079,6.80982,-7.34117,1,0,0,0
7080,7.32655,-7.60437,1,0,0,0
7081,7.8314,-7.88623,1,0,0,0
7082,8.32357,-8.18623,1,0,0,0
7083,0.626723,-5.22673,1,0,0,0
7084,1.25257,-5.25689,1,0,0,0
7085,1.87666,-5.3071,1,0,0,0
7086,2.49813,-5.37726,1,0,0,0
7087,3.11611,-5.46723,1,0,0,0
7088,3.72973,-5.57685,1,0,0,0
7089,4.33815,-5.70591,1,0,0,0
7090,4.94052,-5.85415,1,0,0,0
7091,5.53602,-6.02131,1,0,0,0
7092,6.12382,-6.20706,1,0,0,0
7093,6.70312,-6.41105,1,0,0,0
7094,7.27313,-6.63288,1,0,0,0
7095,7.83309,-6.87215,1,0,0,0
7096,8.38224,-7.12839,1,0,0,0
7097,8.91986,-7.40112,1,0,0,0
7098,0.66327,-4.65905,1,0,0,0
7099,1.32575,-4.6862,1,0,0,0
7100,1.98665,-4.73139,1,0,0,0
7101,2.64519,-4.79453,1,0,0,0
7102,3.30059,-4.87551,1,0,0,0
7103,3.95207,-4.97416,1,0,0,0
7104,4.59887,-5.09032,1,0,0,0
7105,5.24022,-5.22374,1,0,0,0
7106,5.87539,-5.37418,1,0,0,0
7107,6.50362,-5.54135,1,0,0,0
7108,7.12421,-5.72494,1,0,0,0
7109,7.73644,-5.9246,1,0,0,0
7110,8.33962,-6.13994,1,0,0,0
7111,8.93308,-6.37055,1,0,0,0
7112,9.51616,-6.61601,1,0,0,0
7113,0.699816,-4.09138,1,0,0,0
7114,1.39893,-4.11551,1,0,0,0
7115,2.09664,-4.15568,1,0,0,0
7116,2.79226,-4.21181,1,0,0,0
7117,3.48507,-4.28378,1,0,0,0
7118,4.17441,-4.37148,1,0,0,0
7119,4.85958,-4.47472,1,0,0,0
7120,5.53992,-4.59332,1,0,0,0
7121,6.21475,-4.72705,1,0,0,0
7122,6.88343,-4.87565,1,0,0,0
7123,7.54531,-5.03884,1,0,0,0
7124,8.19975,-5.21631,1,0,0,0
7125,8.84616,-5.40772,1,0,0,0
7126,9.48392,-5.61271,1,0,0,0
7127,10.1125,-5.8309,1,0,0,0
7128,0.736363,-3.52371,1,0,0,0
7129,1.47211,-3.54482,1,0,0,0
7130,2.20663,-3.57997,1,0,0,0
7131,2.93932,-3.62908,1,0,0,0
7132,3.66956,-3.69206,1,0,0,0
7133,4.39675,-3.7688,1,0,0,0
7134,5.1203,-3.85913,1,0,0,0
7135,5.83962,-3.96291,1,0,0,0
7136,6.55412,-4.07992,1,0,0,0
7137,7.26323,-4.20994,1,0,0,0
7138,7.9664,-4.35273,1,0,0,0
7139,8.66307,-4.50802,1,0,0,0
7140,9.35269,-4.67551,1,0,0,0
7141,10.0348,-4.85487,1,0,0,0
7142,10.7087,-5.04578,1,0,0,0
7143,0.772909,-2.95604,1,0,0,0
7144,1.54529,-2.97413,1,0,0,0
7145,2.31662,-3.00426,1,0,0,0
7146,3.08638,-3.04635,1,0,0,0
7147,3.85404,-3.10034,1,0,0,0
7148,4.61909,-3.16611,1,0,0,0
7149,5.38102,-3.24354,1,0,0,0
7150,6.13931,-3.33249,1,0,0,0
7151,6.89349,-3.43279,1,0,0,0
7152,7.64304,-3.54424,1,0,0,0
7153,8.3875,-3.66663,1,0,0,0
7154,9.12638,-3.79973,1,0,0,0
7155,9.85923,-3.94329,1,0,0,0
7156,10.5856,-4.09704,1,0,0,0
7157,11.305,-4.26067,1,0,0,0
7158,0.809455,-2.38836,1,0,0,0
7159,1.61847,-2.40345,1,0,0,0
7160,2.42661,-2.42855,1,0,0,0
7161,3.23344,-2.46363,1,0,0,0
7162,4.03852,-2.50862,1,0,0,0
7163,4.84143,-2.56343,1,0,0,0
7164,5.64173,-2.62795,1,0,0,0
7165,6.43901,-2.70208,1,0,0,0
7166,7.23285,-2.78566,1,0,0,0
7167,8.02285,-2.87853,1,0,0,0
7168,8.80859,-2.98052,1,0,0,0
7169,9.58969,-3.09144,1,0,0,0
7170,10.3658,-3.21108,1,0,0,0
7171,11.1364,-3.3392,1,0,0,0
7172,11.9013,-3.47556,1,0,0,0
7173,0.846002,-1.82069,1,0,0,0
7174,1.69165,-1.83276,1,0,0,0
7175,2.5366,-1.85284,1,0,0,0
7176,3.3805,-1.8809,1,0,0,0
7177,4.22301,-1.91689,1,0,0,0
7178,5.06377,-1.96074,1,0,0,0
7179,5.90245,-2.01236,1,0,0,0
7180,6.73871,-2.07166,1,0,0,0
7181,7.57222,-2.13852,1,0,0,0
7182,8.40265,-2.21282,1,0,0,0
7183,9.22968,-2.29442,1,0,0,0
7184,10.053,-2.38315,1,0,0,0
7185,10.8723,-2.47886,1,0,0,0
7186,11.6873,-2.58136,1,0,0,0
7187,12.4976,-2.69045,1,0,0,0
7188,0.882548,-1.25302,1,0,0,0
7189,1.76483,-1.26207,1,0,0,0
7190,2.64659,-1.27713,1,0,0,0
7191,3.52756,-1.29818,1,0,0,0
7192,4.40749,-1.32517,1,0,0,0
7193,5.28611,-1.35806,1,0,0,0
7194,6.16316,-1.39677,1,0,0,0
7195,7.03841,-1.44125,1,0,0,0
7196,7.91159,-1.49139,1,0,0,0
7197,8.78246,-1.54712,1,0,0,0
7198,9.65078,-1.60831,1,0,0,0
7199,10.5163,-1.67487,1,0,0,0
7200,11.3788,-1.74665,1,0,0,0
7201,12.2381,-1.82352,1,0,0,0
7202,13.0939,-1.90534,1,0,0,0
7203,0.919095,-0.685345,1,0,0,0
7204,1.83801,-0.691378,1,0,0,0
7205,2.75658,-0.70142,1,0,0,0
7206,3.67463,-0.715451,1,0,0,0
7207,4.59197,-0.733446,1,0,0,0
7208,5.50845,-0.75537,1,0,0,0
7209,6.42388,-0.781181,1,0,0,0
7210,7.3381,-0.810831,1,0,0,0
7211,8.25095,-0.844262,1,0,0,0
7212,9.16226,-0.881412,1,0,0,0
7213,10.0719,-0.922209,1,0,0,0
7214,10.9796,-0.966577,1,0,0,0
7215,11.8854,-1.01443,1,0,0,0
7216,12.7889,-1.06568,1,0,0,0
7217,13.6902,-1.12022,1,0,0,0
7218,0.955641,-0.117673,1,0,0,0
7219,1.91119,-0.120689,1,0,0,0
7220,2.86657,-0.12571,1,0,0,0
7221,3.82169,-0.132726,1,0,0,0
7222,4.77645,-0.141723,1,0,0,0
7223,5.73079,-0.152685,1,0,0,0
7224,6.6846,-0.165591,1,0,0,0
7225,7.6378,-0.180415,1,0,0,0
7226,8.59032,-0.197131,1,0,0,0
7227,9.54207,-0.215706,1,0,0,0
7228,10.493,-0.236105,1,0,0,0
7229,11.4429,-0.258288,1,0,0,0
7230,12.3919,-0.282215,1,0,0,0
7231,13.3398,-0.307839,1,0,0,0
7232,14.2865,-0.335112,1,0,0,0
7233,2.73876,-16.1799,0.333333,0,0,0
7234,2.73876,-16.1799,0.666667,0,0,0
7235,3.23245,-15.5549,0.333333,0,0,0
7236,3.23245,-15.5549,0.666667,0,0,0
7237,3.72614,-14.9299,0.333333,0,0,0
7238,3.72614,-14.9299,0.666667,0,0,0
7239,5.94383,-12.1224,0.333333,0,0,0
7240,5.94383,-12.1224,0.666667,0,0,0
7241,5.69755,-12.4342,0.333333,0,0,0
7242,5.69755,-12.4342,0.666667,0,0,0
7243,5.45126,-12.746,0.333333,0,0,0
7244,5.45126,-12.746,0.666667,0,0,0
7245,5.20498,-13.0578,0.333333,0,0,0
7246,5.20498,-13.0578,0.666667,0,0,0
7247,4.95869,-13.3696,0.333333,0,0,0
7248,4.95869,-13.3696,0.666667,0,0,0
7249,4.71241,-13.6814,0.333333,0,0,0
7250,4.71241,-13.6814,0.666667,0,0,0
7251,4.46612,-13.9932,0.333333,0,0,0
7252,4.46612,-13.9932,0.666667,0,0,0
7253,7.91314,-9.62939,0.333333,0,0,0
7254,7.91314,-9.62939,0.666667,0,0,0
7255,7.66699,-9.941,0.333333,0,0,0
7256,7.66699,-9.941,0.666667,0,0,0
7257,7.42085,-10.2526,0.333333,0,0,0
7258,7.42085,-10.2526,0.666667,0,0,0
7259,7.1747,-10.5642,0.333333,0,0,0
7260,7.1747,-10.5642,0.666667,0,0,0
7261,6.92856,-10.8758,0.333333,0,0,0
7262,6.92856,-10.8758,0.666667,0,0,0
7263,6.68241,-11.1874,0.333333,0,0,0
7264,6.68241,-11.1874,0.666667,0,0,0
7265,6.43626,-11.499,0.333333,0,0,0
7266,6.43626,-11.499,0.666667,0,0,0
7267,8.80226,-8.5038,0.666667,0,0,0
7268,8.80226,-8.5038,0.333333,0,0,0
7269,9.44524,-7.68982,0.666667,0,0,0
7270,9.44524,-7.68982,0.333333,0,0,0
7271,10.0882,-6.87583,0.666667,0,0,0
7272,10.0882,-6.87583,0.333333,0,0,0
7273,10.7312,-6.06185,0.666667,0,0,0
7274,10.7312,-6.06185,0.333333,0,0,0
7275,11.3742,-5.24787,0.666667,0,0,0
7276,11.3742,-5.24787,0.333333,0,0,0
7277,12.0171,-4.43389,0.666667,0,0,0
7278,12.0171,-4.43389,0.333333,0,0,0
7279,12.6601,-3.61991,0.666667,0,0,0
7280,12.6601,-3.61991,0.333333,0,0,0
7281,13.3031,-2.80593,0.666667,0,0,0
7282,13.3031,-2.80593,0.333333,0,0,0
7283,13.9461,-1.99194,0.666667,0,0,0
7284,13.9461,-1.99194,0.333333,0,0,0
7285,14.589,-1.17796,0.666667,0,0,0
7286,14.589,-1.17796,0.333333,0,0,0
7287,15.232,-0.363982,0.666667,0,0,0
7288,15.232,-0.363982,0.333333,0,0,0
7289,0,-15.0813,0.333333,0,0,0
7290,0,-15.0813,0.666667,0,0,0
7291,0,-14.2875,0.333333,0,0,0
7292,0,-14.2875,0.666667,0,0,0
7293,0,-13.4937,0.333333,0,0,0
7294,0,-13.4937,0.666667,0,0,0
7295,0,-9.92188,0.333333,0,0,0
7296,0,-9.92188,0.666667,0,0,0
7297,0,-10.3188,0.333333,0,0,0
7298,0,-10.3188,0.666667,0,0,0
7299,0,-10.7156,0.333333,0,0,0
7300,0,-10.7156,0.666667,0,0,0
7301,0,-11.1125,0.333333,0,0,0
7302,0,-11.1125,0.666667,0,0,0
7303,0,-11.5094,0.333333,0,0,0
7304,0,-11.5094,0.666667,0,0,0
7305,0,-11.9062,0.333333,0,0,0
7306,0,-11.9062,0.666667,0,0,0
7307,0,-12.3031,0.333333,0,0,0
7308,0,-12.3031,0.666667,0,0,0
7309,0,-6.74687,0.333333,0,0,0
7310,0,-6.74687,0.666667,0,0,0
7311,0,-7.14375,0.333333,0,0,0
7312,0,-7.14375,0.666667,0,0,0
7313,0,-7.54063,0.333333,0,0,0
7314,0,-7.54063,0.666667,0,0,0
7315,0,-7.9375,0.333333,0,0,0
7316,0,-7.9375,0.666667,0,0,0
7317,0,-8.33438,0.333333,0,0,0
7318,0,-8.33438,0.666667,0,0,0
7319,0,-8.73125,0.333333,0,0,0
7320,0,-8.73125,0.666667,0,0,0
7321,0,-9.12813,0.333333,0,0,0
7322,0,-9.12813,0.666667,0,0,0
7323,0,-5.78333,0.666667,0,0,0
7324,0,-5.78333,0.333333,0,0,0
7325,0,-5.21667,0.666667,0,0,0
7326,0,-5.21667,0.333333,0,0,0
7327,0,-4.65,0.666667,0,0,0
7328,0,-4.65,0.333333,0,0,0
7329,0,-4.08333,0.666667,0,0,0
7330,0,-4.08333,0.333333,0,0,0
7331,0,-3.51667,0.666667,0,0,0
7332,0,-3.51667,0.333333,0,0,0
7333,0,-2.95,0.666667,0,0,0
7334,0,-2.95,0.333333,0,0,0
7335,0,-2.38333,0.666667,0,0,0
7336,0,-2.38333,0.333333,0,0,0
7337,0,-1.81667,0.666667,0,0,0
7338,0,-1.81667,0.333333,0,0,0
7339,0,-1.25,0.666667,0,0,0
7340,0,-1.25,0.333333,0,0,0
7341,0,-0.683333,0.666667,0,0,0
7342,0,-0.683333,0.333333,0,0,0
7343,0,-0.116667,0.666667,0,0,0
7344,0,-0.116667,0.333333,0,0,0
7345,-0.955641,-0.117673,1,0,0,0
7346,-1.91119,-0.120689,1,0,0,0
7347,-2.86657,-0.12571,1,0,0,0
7348,-3.82169,-0.132726,1,0,0,0
7349,-4.77645,-0.141723,1,0,0,0
7350,-5.73079,-0.152685,1,0,0,0
7351,-6.6846,-0.165591,1,0,0,0
7352,-7.6378,-0.180415,1,0,0,0
7353,-8.59032,-0.197131,1,0,0,0
7354,-9.54207,-0.215706,1,0,0,0
7355,-10.493,-0.236105,1,0,0,0
7356,-11.4429,-0.258288,1,0,0,0
7357,-12.3919,-0.282215,1,0,0,0
7358,-13.3398,-0.307839,1,0,0,0
7359,-14.2865,-0.335112,1,0,0,0
7360,-0.919095,-0.685345,1,0,0,0
7361,-1.83801,-0.691378,1,0,0,0
7362,-2.75658,-0.70142,1,0,0,0
7363,-3.67463,-0.715451,1,0,0,0
7364,-4.59197,-0.733446,1,0,0,0
7365,-5.50845,-0.75537,1,0,0,0
7366,-6.42388,-0.781181,1,0,0,0
7367,-7.3381,-0.810831,1,0,0,0
7368,-8.25095,-0.844262,1,0,0,0
7369,-9.16226,-0.881412,1,0,0,0
7370,-10.0719,-0.922209,1,0,0,0
7371,-10.9796,-0.966577,1,0,0,0
7372,-11.8854,-1.01443,1,0,0,0
7373,-12.7889,-1.06568,1,0,0,0
7374,-13.6902,-1.12022,1,0,0,0
7375,-0.882548,-1.25302,1,0,0,0
7376,-1.76483,-1.26207,1,0,0,0
7377,-2.64659,-1.27713,1,0,0,0
7378,-3.52756,-1.29818,1,0,0,0
7379,-4.40749,-1.32517,1,0,0,0
7380,-5.28611,-1.35806,1,0,0,0
7381,-6.16316,-1.39677,1,0,0,0
7382,-7.03841,-1.44125,1,0,0,0
7383,-7.91159,-1.49139,1,0,0,0
7384,-8.78246,-1.54712,1,0,0,0
7385,-9.65078,-1.60831,1,0,0,0
7386,-10.5163,-1.67487,1,0,0,0
7387,-11.3788,-1.74665,1,0,0,0
7388,-12.2381,-1.82352,1,0,0,0
7389,-13.0939,-1.90534,1,0,0,0
7390,-0.846002,-1.82069,1,0,0,0
7391,-1.69165,-1.83276,1,0,0,0
7392,-2.5366,-1.85284,1,0,0,0
7393,-3.3805,-1.8809,1,0,0,0
7394,-4.22301,-1.91689,1,0,0,0
7395,-5.06377,-1.96074,1,0,0,0
7396,-5.90245,-2.01236,1,0,0,0
7397,-6.73871,-2.07166,1,0,0,0
7398,-7.57222,-2.13852,1,0,0,0
7399,-8.40265,-2.21282,1,0,0,0
7400,-9.22968,-2.29442,1,0,0,0
7401,-10.053,-2.38315,1,0,0,0
7402,-10.8723,-2.47886,1,0,0,0
7403,-11.6873,-2.58136,1,0,0,0
7404,-12.4976,-2.69045,1,0,0,0
7405,-0.809455,-2.38836,1,0,0,0
7406,-1.61847,-2.40345,1,0,0,0
7407,-2.42661,-2.42855,1,0,0,0
7408,-3.23344,-2.46363,1,0,0,0
7409,-4.03852,-2.50862,1,0,0,0
7410,-4.84143,-2.56343,1,0,0,0
7411,-5.64173,-2.62795,1,0,0,0
7412,-6.43901,-2.70208,1,0,0,0
7413,-7.23285,-2.78566,1,0,0,0
7414,-8.02285,-2.87853,1,0,0,0
7415,-8.80859,-2.98052,1,0,0,0
7416,-9.58969,-3.09144,1,0,0,0
7417,-10.3658,-3.21108,1,0,0,0
7418,-11.1364,-3.3392,1,0,0,0
7419,-11.9013,-3.47556,1,0,0,0
7420,-0.772909,-2.95604,1,0,0,0
7421,-1.54529,-2.97413,1,0,0,0
7422,-2.31662,-3.00426,1,0,0,0
7423,-3.08638,-3.04635,1,0,0,0
7424,-3.85404,-3.10034,1,0,0,0
7425,-4.61909,-3.16611,1,0,0,0
7426,-5.38102,-3.24354,1,0,0,0
7427,-6.13931,-3.33249,1,0,0,0
7428,-6.89349,-3.43279,1,0,0,0
7429,-7.64304,-3.54424,1,0,0,0
7430,-8.3875,-3.66663,1,0,0,0
7431,-9.12638,-3.79973,1,0,0,0
7432,-9.85923,-3.94329,1,0,0,0
7433,-10.5856,-4.09704,1,0,0,0
7434,-11.305,-4.26067,1,0,0,0
7435,-0.736363,-3.52371,1,0,0,0
7436,-1.47211,-3.54482,1,0,0,0
7437,-2.20663,-3.57997,1,0,0,0
7438,-2.93932,-3.62908,1,0,0,0
7439,-3.66956,-3.69206,1,0,0,0
7440,-4.39675,-3.7688,1,0,0,0
7441,-5.1203,-3.85913,1,0,0,0
7442,-5.83962,-3.96291,1,0,0,0
7443,-6.55412,-4.07992,1,0,0,0
7444,-7.26323,-4.20994,1,0,0,0
7445,-7.9664,-4.35273,1,0,0,0
7446,-8.66307,-4.50802,1,0,0,0
7447,-9.35269,-4.67551,1,0,0,0
7448,-10.0348,-4.85487,1,0,0,0
7449,-10.7087,-5.04578,1,0,0,0
7450,-0.699816,-4.09138,1,0,0,0
7451,-1.39893,-4.11551,1,0,0,0
7452,-2.09664,-4.15568,1,0,0,0
7453,-2.79226,-4.21181,1,0,0,0
7454,-3.48507,-4.28378,1,0,0,0
7455,-4.17441,-4.37148,1,0,0,0
7456,-4.85958,-4.47472,1,0,0,0
7457,-5.53992,-4.59332,1,0,0,0
7458,-6.21475,-4.72705,1,0,0,0
7459,-6.88343,-4.87565,1,0,0,0
7460,-7.54531,-5.03884,1,0,0,0
7461,-8.19975,-5.21631,1,0,0,0
7462,-8.84616,-5.40772,1,0,0,0
7463,-9.48392,-5.61271,1,0,0,0
7464,-10.1125,-5.8309,1,0,0,0
7465,-0.66327,-4.65905,1,0,0,0
7466,-1.32575,-4.6862,1,0,0,0
7467,-1.98665,-4.73139,1,0,0,0
7468,-2.64519,-4.79453,1,0,0,0
7469,-3.30059,-4.87551,1,0,0,0
7470,-3.95207,-4.97416,1,0,0,0
7471,-4.59887,-5.09032,1,0,0,0
7472,-5.24022,-5.22374,1,0,0,0
7473,-5.87539,-5.37418,1,0,0,0
7474,-6.50362,-5.54135,1,0,0,0
7475,-7.12421,-5.72494,1,0,0,0
7476,-7.73644,-5.9246,1,0,0,0
7477,-8.33962,-6.13994,1,0,0,0
7478,-8.93308,-6.37055,1,0,0,0
7479,-9.51616,-6.61601,1,0,0,0
7480,-0.626723,-5.22673,1,0,0,0
7481,-1.25257,-5.25689,1,0,0,0
7482,-1.87666,-5.3071,1,0,0,0
7483,-2.49813,-5.37726,1,0,0,0
7484,-3.11611,-5.46723,1,0,0,0
7485,-3.72973,-5.57685,1,0,0,0
7486,-4.33815,-5.70591,1,0,0,0
7487,-4.94052,-5.85415,1,0,0,0
7488,-5.53602,-6.02131,1,0,0,0
7489,-6.12382,-6.20706,1,0,0,0
7490,-6.70312,-6.41105,1,0,0,0
7491,-7.27313,-6.63288,1,0,0,0
7492,-7.83309,-6.87215,1,0,0,0
7493,-8.38224,-7.12839,1,0,0,0
7494,-8.91986,-7.40112,1,0,0,0
7495,-0.590177,-5.7944,1,0,0,0
7496,-1.17939,-5.82758,1,0,0,0
7497,-1.76667,-5.88281,1,0,0,0
7498,-2.35107,-5.95998,1,0,0,0
7499,-2.93163,-6.05895,1,0,0,0
7500,-3.50739,-6.17954,1,0,0,0
7501,-4.07744,-6.3215,1,0,0,0
7502,-4.64083,-6.48457,1,0,0,0
7503,-5.19665,-6.66844,1,0,0,0
7504,-5.74401,-6.87277,1,0,0,0
7505,-6.28202,-7.09715,1,0,0,0
7506,-6.80982,-7.34117,1,0,0,0
7507,-7.32655,-7.60437,1,0,0,0
7508,-7.8314,-7.88623,1,0,0,0
7509,-8.32357,-8.18623,1,0,0,0
7510,-0.537052,-6.7586,1,0,0,0
7511,-1.07308,-6.79376,1,0,0,0
7512,-1.60706,-6.85229,1,0,0,0
7513,-2.13798,-6.93407,1,0,0,0
7514,-2.66482,-7.03894,1,0,0,0
7515,-3.18659,-7.16672,1,0,0,0
7516,-3.70227,-7.31715,1,0,0,0
7517,-4.2109,-7.48994,1,0,0,0
7518,-4.7115,-7.68478,1,0,0,0
7519,-5.20312,-7.90128,1,0,0,0
7520,-5.68482,-8.13904,1,0,0,0
7521,-6.15568,-8.39759,1,0,0,0
7522,-6.61481,-8.67646,1,0,0,0
7523,-7.06132,-8.9751,1,0,0,0
7524,-7.49437,-9.29294,1,0,0,0
7525,-0.520474,-7.15513,1,0,0,0
7526,-1.03995,-7.18926,1,0,0,0
7527,-1.55744,-7.24606,1,0,0,0
7528,-2.07195,-7.32543,1,0,0,0
7529,-2.58251,-7.42721,1,0,0,0
7530,-3.08812,-7.55122,1,0,0,0
7531,-3.58783,-7.69721,1,0,0,0
7532,-4.08067,-7.8649,1,0,0,0
7533,-4.56572,-8.05399,1,0,0,0
7534,-5.04204,-8.26409,1,0,0,0
7535,-5.50871,-8.49482,1,0,0,0
7536,-5.96485,-8.74572,1,0,0,0
7537,-6.40959,-9.01633,1,0,0,0
7538,-6.84207,-9.30612,1,0,0,0
7539,-7.26148,-9.61454,1,0,0,0
7540,-0.503895,-7.55166,1,0,0,0
7541,-1.00682,-7.58475,1,0,0,0
7542,-1.50782,-7.63983,1,0,0,0
7543,-2.00593,-7.71678,1,0,0,0
7544,-2.50019,-7.81548,1,0,0,0
7545,-2.98965,-7.93572,1,0,0,0
7546,-3.47338,-8.07727,1,0,0,0
7547,-3.95045,-8.23987,1,0,0,0
7548,-4.41994,-8.42319,1,0,0,0
7549,-4.88095,-8.6269,1,0,0,0
7550,-5.3326,-8.8506,1,0,0,0
7551,-5.77403,-9.09386,1,0,0,0
7552,-6.20438,-9.35621,1,0,0,0
7553,-6.62283,-9.63715,1,0,0,0
7554,-7.02858,-9.93614,1,0,0,0
7555,-0.487317,-7.94819,1,0,0,0
7556,-0.973696,-7.98024,1,0,0,0
7557,-1.4582,-8.03359,1,0,0,0
7558,-1.9399,-8.10814,1,0,0,0
7559,-2.41787,-8.20374,1,0,0,0
7560,-2.89118,-8.32021,1,0,0,0
7561,-3.35893,-8.45733,1,0,0,0
7562,-3.82022,-8.61483,1,0,0,0
7563,-4.27416,-8.7924,1,0,0,0
7564,-4.71987,-8.98971,1,0,0,0
7565,-5.1565,-9.20638,1,0,0,0
7566,-5.5832,-9.44199,1,0,0,0
7567,-5.99917,-9.69608,1,0,0,0
7568,-6.40358,-9.96817,1,0,0,0
7569,-6.79568,-10.2577,1,0,0,0
7570,-0.470739,-8.34472,1,0,0,0
7571,-0.940568,-8.37574,1,0,0,0
7572,-1.40858,-8.42736,1,0,0,0
7573,-1.87388,-8.4995,1,0,0,0
7574,-2.33555,-8.59201,1,0,0,0
7575,-2.79271,-8.70471,1,0,0,0
7576,-3.24449,-8.83739,1,0,0,0
7577,-3.68999,-8.98979,1,0,0,0
7578,-4.12837,-9.16161,1,0,0,0
7579,-4.55878,-9.35252,1,0,0,0
7580,-4.98039,-9.56216,1,0,0,0
7581,-5.39238,-9.79012,1,0,0,0
7582,-5.79395,-10.036,1,0,0,0
7583,-6.18434,-10.2992,1,0,0,0
7584,-6.56278,-10.5793,1,0,0,0
7585,-0.45416,-8.74125,1,0,0,0
7586,-0.90744,-8.77123,1,0,0,0
7587,-1.35896,-8.82113,1,0,0,0
7588,-1.80785,-8.89086,1,0,0,0
7589,-2.25323,-8.98028,1,0,0,0
7590,-2.69425,-9.08921,1,0,0,0
7591,-3.13004,-9.21745,1,0,0,0
7592,-3.55977,-9.36475,1,0,0,0
7593,-3.98259,-9.53082,1,0,0,0
7594,-4.3977,-9.71533,1,0,0,0
7595,-4.80428,-9.91794,1,0,0,0
7596,-5.20155,-10.1383,1,0,0,0
7597,-5.58874,-10.3758,1,0,0,0
7598,-5.96509,-10.6302,1,0,0,0
7599,-6.32989,-10.9009,1,0,0,0
7600,-0.437582,-9.13778,1,0,0,0
7601,-0.874312,-9.16672,1,0,0,0
7602,-1.30934,-9.2149,1,0,0,0
7603,-1.74182,-9.28222,1,0,0,0
7604,-2.17091,-9.36854,1,0,0,0
7605,-2.59578,-9.47371,1,0,0,0
7606,-3.01559,-9.59751,1,0,0,0
7607,-3.42954,-9.73971,1,0,0,0
7608,-3.83681,-9.90002,1,0,0,0
7609,-4.23661,-10.0781,1,0,0,0
7610,-4.62817,-10.2737,1,0,0,0
7611,-5.01072,-10.4864,1,0,0,0
7612,-5.38352,-10.7157,1,0,0,0
7613,-5.74585,-10.9612,1,0,0,0
7614,-6.09699,-11.2225,1,0,0,0
7615,-0.404426,-9.93084,1,0,0,0
7616,-0.808057,-9.95771,1,0,0,0
7617,-1.2101,-10.0024,1,0,0,0
7618,-1.60977,-10.0649,1,0,0,0
7619,-2.00627,-10.1451,1,0,0,0
7620,-2.39884,-10.2427,1,0,0,0
7621,-2.78669,-10.3577,1,0,0,0
7622,-3.16907,-10.4897,1,0,0,0
7623,-3.54522,-10.6385,1,0,0,0
7624,-3.91441,-10.8038,1,0,0,0
7625,-4.27591,-10.9854,1,0,0,0
7626,-4.62901,-11.1828,1,0,0,0
7627,-4.97302,-11.3956,1,0,0,0
7628,-5.30726,-11.6234,1,0,0,0
7629,-5.63108,-11.8659,1,0,0,0
7630,-0.387848,-10.3274,1,0,0,0
7631,-0.77493,-10.3532,1,0,0,0
7632,-1.16048,-10.3962,1,0,0,0
7633,-1.54374,-10.4563,1,0,0,0
7634,-1.92395,-10.5334,1,0,0,0
7635,-2.30037,-10.6273,1,0,0,0
7636,-2.67223,-10.7378,1,0,0,0
7637,-3.03883,-10.8647,1,0,0,0
7638,-3.39942,-11.0078,1,0,0,0
7639,-3.75329,-11.1667,1,0,0,0
7640,-4.09976,-11.3413,1,0,0,0
7641,-4.43813,-11.531,1,0,0,0
7642,-4.76773,-11.7356,1,0,0,0
7643,-5.08792,-11.9546,1,0,0,0
7644,-5.39807,-12.1877,1,0,0,0
7645,-0.37127,-10.7239,1,0,0,0
7646,-0.741803,-10.7487,1,0,0,0
7647,-1.11086,-10.79,1,0,0,0
7648,-1.47772,-10.8477,1,0,0,0
7649,-1.84163,-10.9217,1,0,0,0
7650,-2.20189,-11.0118,1,0,0,0
7651,-2.55778,-11.1179,1,0,0,0
7652,-2.90858,-11.2397,1,0,0,0
7653,-3.25361,-11.3771,1,0,0,0
7654,-3.59218,-11.5296,1,0,0,0
7655,-3.92361,-11.6971,1,0,0,0
7656,-4.24725,-11.8792,1,0,0,0
7657,-4.56245,-12.0756,1,0,0,0
7658,-4.86859,-12.2858,1,0,0,0
7659,-5.16505,-12.5094,1,0,0,0
7660,-0.354692,-11.1204,1,0,0,0
7661,-0.708676,-11.1442,1,0,0,0
7662,-1.06124,-11.1838,1,0,0,0
7663,-1.41169,-11.2391,1,0,0,0
7664,-1.75931,-11.31,1,0,0,0
7665,-2.10342,-11.3963,1,0,0,0
7666,-2.44332,-11.498,1,0,0,0
7667,-2.77834,-11.6147,1,0,0,0
7668,-3.10781,-11.7463,1,0,0,0
7669,-3.43106,-11.8925,1,0,0,0
7670,-3.74746,-12.053,1,0,0,0
7671,-4.05636,-12.2275,1,0,0,0
7672,-4.35716,-12.4156,1,0,0,0
7673,-4.64925,-12.617,1,0,0,0
7674,-4.93204,-12.8312,1,0,0,0
7675,-0.338115,-11.517,1,0,0,0
7676,-0.675549,-11.5397,1,0,0,0
7677,-1.01162,-11.5776,1,0,0,0
7678,-1.34566,-11.6304,1,0,0,0
7679,-1.67699,-11.6983,1,0,0,0
7680,-2.00495,-11.7809,1,0,0,0
7681,-2.32887,-11.8781,1,0,0,0
7682,-2.6481,-11.9897,1,0,0,0
7683,-2.962,-12.1156,1,0,0,0
7684,-3.26994,-12.2554,1,0,0,0
7685,-3.5713,-12.4089,1,0,0,0
7686,-3.86548,-12.5757,1,0,0,0
7687,-4.15187,-12.7556,1,0,0,0
7688,-4.42991,-12.9481,1,0,0,0
7689,-4.69903,-13.1529,1,0,0,0
7690,-0.321537,-11.9135,1,0,0,0
7691,-0.642422,-11.9352,1,0,0,0
7692,-0.962004,-11.9713,1,0,0,0
7693,-1.27964,-12.0218,1,0,0,0
7694,-1.59467,-12.0865,1,0,0,0
7695,-1.90647,-12.1654,1,0,0,0
7696,-2.21441,-12.2582,1,0,0,0
7697,-2.51786,-12.3648,1,0,0,0
7698,-2.8162,-12.4849,1,0,0,0
7699,-3.10883,-12.6183,1,0,0,0
7700,-3.39515,-12.7648,1,0,0,0
7701,-3.67459,-12.924,1,0,0,0
7702,-3.94658,-13.0956,1,0,0,0
7703,-4.21057,-13.2793,1,0,0,0
7704,-4.46602,-13.4747,1,0,0,0
7705,-0.304959,-12.31,1,0,0,0
7706,-0.609295,-12.3307,1,0,0,0
7707,-0.912384,-12.3651,1,0,0,0
7708,-1.21361,-12.4132,1,0,0,0
7709,-1.51235,-12.4748,1,0,0,0
7710,-1.808,-12.5499,1,0,0,0
7711,-2.09995,-12.6383,1,0,0,0
7712,-2.38761,-12.7398,1,0,0,0
7713,-2.67039,-12.8542,1,0,0,0
7714,-2.94771,-12.9812,1,0,0,0
7715,-3.219,-13.1207,1,0,0,0
7716,-3.48371,-13.2722,1,0,0,0
7717,-3.74129,-13.4356,1,0,0,0
7718,-3.99123,-13.6105,1,0,0,0
7719,-4.233,-13.7964,1,0,0,0
7720,-0.255233,-13.4996,1,0,0,0
7721,-0.509927,-13.5172,1,0,0,0
7722,-0.763541,-13.5465,1,0,0,0
7723,-1.01554,-13.5874,1,0,0,0
7724,-1.26539,-13.6399,1,0,0,0
7725,-1.51256,-13.7038,1,0,0,0
7726,-1.75653,-13.7789,1,0,0,0
7727,-1.99678,-13.8653,1,0,0,0
7728,-2.23281,-13.9625,1,0,0,0
7729,-2.46412,-14.0705,1,0,0,0
7730,-2.6902,-14.1891,1,0,0,0
7731,-2.9106,-14.3179,1,0,0,0
7732,-3.12484,-14.4567,1,0,0,0
7733,-3.33247,-14.6052,1,0,0,0
7734,-3.53304,-14.763,1,0,0,0
7735,-0.222086,-14.2927,1,0,0,0
7736,-0.443686,-14.3082,1,0,0,0
7737,-0.664317,-14.3341,1,0,0,0
7738,-0.883497,-14.3703,1,0,0,0
7739,-1.10075,-14.4166,1,0,0,0
7740,-1.31559,-14.4731,1,0,0,0
7741,-1.52756,-14.5395,1,0,0,0
7742,-1.7362,-14.6157,1,0,0,0
7743,-1.94104,-14.7016,1,0,0,0
7744,-2.14164,-14.797,1,0,0,0
7745,-2.33756,-14.9016,1,0,0,0
7746,-2.52838,-15.0153,1,0,0,0
7747,-2.71368,-15.1377,1,0,0,0
7748,-2.89304,-15.2687,1,0,0,0
7749,-3.0661,-15.4078,1,0,0,0
7750,-0.188938,-15.0858,1,0,0,0
7751,-0.377445,-15.0993,1,0,0,0
7752,-0.565093,-15.1217,1,0,0,0
7753,-0.751454,-15.1531,1,0,0,0
7754,-0.936104,-15.1934,1,0,0,0
7755,-1.11862,-15.2424,1,0,0,0
7756,-1.29859,-15.3,1,0,0,0
7757,-1.47561,-15.3662,1,0,0,0
7758,-1.64926,-15.4407,1,0,0,0
7759,-1.81916,-15.5234,1,0,0,0
7760,-1.98492,-15.6142,1,0,0,0
7761,-2.14616,-15.7127,1,0,0,0
7762,-2.30251,-15.8188,1,0,0,0
7763,-2.45362,-15.9322,1,0,0,0
7764,-2.59915,-16.0527,1,0,0,0
7765,-0.955641,-0.117673,0,0,0,0
7766,-1.91119,-0.120689,0,0,0,0
7767,-2.86657,-0.12571,0,0,0,0
7768,-3.82169,-0.132726,0,0,0,0
7769,-4.77645,-0.141723,0,0,0,0
7770,-5.73079,-0.152685,0,0,0,0
7771,-6.6846,-0.165591,0,0,0,0
7772,-7.6378,-0.180415,0,0,0,0
7773,-8.59032,-0.197131,0,0,0,0
7774,-9.54207,-0.215706,0,0,0,0
7775,-10.493,-0.236105,0,0,0,0
7776,-11.4429,-0.258288,0,0,0,0
7777,-12.3919,-0.282215,0,0,0,0
7778,-13.3398,-0.307839,0,0,0,0
7779,-14.2865,-0.335112,0,0,0,0
7780,-0.919095,-0.685345,0,0,0,0
7781,-1.83801,-0.691378,0,0,0,0
7782,-2.75658,-0.70142,0,0,0,0
7783,-3.67463,-0.715451,0,0,0,0
7784,-4.59197,-0.733446,0,0,0,0
7785,-5.50845,-0.75537,0,0,0,0
7786,-6.42388,-0.781181,0,0,0,0
7787,-7.3381,-0.810831,0,0,0,0
7788,-8.25095,-0.844262,0,0,0,0
7789,-9.16226,-0.881412,0,0,0,0
7790,-10.0719,-0.922209,0,0,0,0
7791,-10.9796,-0.966577,0,0,0,0
7792,-11.8854,-1.01443,0,0,0,0
7793,-12.7889,-1.06568,0,0,0,0
7794,-13.6902,-1.12022,0,0,0,0
7795,-0.882548,-1.25302,0,0,0,0
7796,-1.76483,-1.26207,0,0,0,0
7797,-2.64659,-1.27713,0,0,0,0
7798,-3.52756,-1.29818,0,0,0,0
7799,-4.40749,-1.32517,0,0,0,0
7800,-5.28611,-1.35806,0,0,0,0
7801,-6.16316,-1.39677,0,0,0,0
7802,-7.03841,-1.44125,0,0,0,0
7803,-7.91159,-1.49139,0,0,0,0
7804,-8.78246,-1.54712,0,0,0,0
7805,-9.65078,-1.60831,0,0,0,0
7806,-10.5163,-1.67487,0,0,0,0
7807,-11.3788,-1.74665,0,0,0,0
7808,-12.2381,-1.82352,0,0,0,0
7809,-13.0939,-1.90534,0,0,0,0
7810,-0.846002,-1.82069,0,0,0,0
7811,-1.69165,-1.83276,0,0,0,0
7812,-2.5366,-1.85284,0,0,0,0
7813,-3.3805,-1.8809,0,0,0,0
7814,-4.22301,-1.91689,0,0,0,0
7815,-5.06377,-1.96074,0,0,0,0
7816,-5.90245,-2.01236,0,0,0,0
7817,-6.73871,-2.07166,0,0,0,0
7818,-7.57222,-2.13852,0,0,0,0
7819,-8.40265,-2.21282,0,0,0,0
7820,-9.22968,-2.29442,0,0,0,0
7821,-10.053,-2.38315,0,0,0,0
7822,-10.8723,-2.47886,0,0,0,0
7823,-11.6873,-2.58136,0,0,0,0
7824,-12.4976,-2.69045,0,0,0,0
7825,-0.809455,-2.38836,0,0,0,0
7826,-1.61847,-2.40345,0,0,0,0
7827,-2.42661,-2.42855,0,0,0,0
7828,-3.23344,-2.46363,0,0,0,0
7829,-4.03852,-2.50862,0,0,0,0
7830,-4.84143,-2.56343,0,0,0,0
7831,-5.64173,-2.62795,0,0,0,0
7832,-6.43901,-2.70208,0,0,0,0
7833,-7.23285,-2.78566,0,0,0,0
7834,-8.02285,-2.87853,0,0,0,0
7835,-8.80859,-2.98052,0,0,0,0
7836,-9.58969,-3.09144,0,0,0,0
7837,-10.3658,-3.21108,0,0,0,0
7838,-11.1364,-3.3392,0,0,0,0
7839,-11.9013,-3.47556,0,0,0,0
7840,-0.772909,-2.95604,0,0,0,0
7841,-1.54529,-2.97413,0,0,0,0
7842,-2.31662,-3.00426,0,0,0,0
7843,-3.08638,-3.04635,0,0,0,0
7844,-3.85404,-3.10034,0,0,0,0
7845,-4.61909,-3.16611,0,0,0,0
7846,-5.38102,-3.24354,0,0,0,0
7847,-6.13931,-3.33249,0,0,0,0
7848,-6.89349,-3.43279,0,0,0,0
7849,-7.64304,-3.54424,0,0,0,0
7850,-8.3875,-3.66663,0,0,0,0
7851,-9.12638,-3.79973,0,0,0,0
7852,-9.85923,-3.94329,0,0,0,0
7853,-10.5856,-4.09704,0,0,0,0
7854,-11.305,-4.26067,0,0,0,0
7855,-0.736363,-3.52371,0,0,0,0
7856,-1.47211,-3.54482,0,0,0,0
7857,-2.20663,-3.57997,0,0,0,0
7858,-2.93932,-3.62908,0,0,0,0
7859,-3.66956,-3.69206,0,0,0,0
7860,-4.39675,-3.7688,0,0,0,0
7861,-5.1203,-3.85913,0,0,0,0
7862,-5.83962,-3.96291,0,0,0,0
7863,-6.55412,-4.07992,0,0,0,0
7864,-7.26323,-4.20994,0,0,0,0
7865,-7.9664,-4.35273,0,0,0,0
7866,-8.66307,-4.50802,0,0,0,0
7867,-9.35269,-4.67551,0,0,0,0
7868,-10.0348,-4.85487,0,0,0,0
7869,-10.7087,-5.04578,0,0,0,0
7870,-0.699816,-4.09138,0,0,0,0
7871,-1.39893,-4.11551,0,0,0,0
7872,-2.09664,-4.15568,0,0,0,0
7873,-2.79226,-4.21181,0,0,0,0
7874,-3.48507,-4.28378,0,0,0,0
7875,-4.17441,-4.37148,0,0,0,0
7876,-4.85958,-4.47472,0,0,0,0
7877,-5.53992,-4.59332,0,0,0,0
7878,-6.21475,-4.72705,0,0,0,0
7879,-6.88343,-4.87565,0,0,0,0
7880,-7.54531,-5.03884,0,0,0,0
7881,-8.19975,-5.21631,0,0,0,0
7882,-8.84616,-5.40772,0,0,0,0
7883,-9.48392,-5.61271,0,0,0,0
7884,-10.1125,-5.8309,0,0,0,0
7885,-0.66327,-4.65905,0,0,0,0
7886,-1.32575,-4.6862,0,0,0,0
7887,-1.98665,-4.73139,0,0,0,0
7888,-2.64519,-4.79453,0,0,0,0
7889,-3.30059,-4.87551,0,0,0,0
7890,-3.95207,-4.97416,0,0,0,0
7891,-4.59887,-5.09032,0,0,0,0
7892,-5.24022,-5.22374,0,0,0,0
7893,-5.87539,-5.37418,0,0,0,0
7894,-6.50362,-5.54135,0,0,0,0
7895,-7.12421,-5.72494,0,0,0,0
7896,-7.73644,-5.9246,0,0,0,0
7897,-8.33962,-6.13994,0,0,0,0
7898,-8.93308,-6.37055,0,0,0,0
7899,-9.51616,-6.61601,0,0,0,0
7900,-0.626723,-5.22673,0,0,0,0
7901,-1.25257,-5.25689,0,0,0,0
7902,-1.87666,-5.3071,0,0,0,0
7903,-2.49813,-5.37726,0,0,0,0
7904,-3.11611,-5.46723,0,0,0,0
7905,-3.72973,-5.57685,0,0,0,0
7906,-4.33815,-5.70591,0,0,0,0
7907,-4.94052,-5.85415,0,0,0,0
7908,-5.53602,-6.02131,0,0,0,0
7909,-6.12382,-6.20706,0,0,0,0
7910,-6.70312,-6.41105,0,0,0,0
7911,-7.27313,-6.63288,0,0,0,0
7912,-7.83309,-6.87215,0,0,0,0
7913,-8.38224,-7.12839,0,0,0,0
7914,-8.91986,-7.40112,0,0,0,0
7915,-0.590177,-5.7944,0,0,0,0
7916,-1.17939,-5.82758,0,0,0,0
7917,-1.76667,-5.88281,0,0,0,0
7918,-2.35107,-5.95998,0,0,0,0
7919,-2.93163,-6.05895,0,0,0,0
7920,-3.50739,-6.17954,0,0,0,0
7921,-4.07744,-6.3215,0,0,0,0
7922,-4.64083,-6.48457,0,0,0,0
7923,-5.19665,-6.66844,0,0,0,0
7924,-5.74401,-6.87277,0,0,0,0
7925,-6.28202,-7.09715,0,0,0,0
7926,-6.80982,-7.34117,0,0,0,0
7927,-7.32655,-7.60437,0,0,0,0
7928,-7.8314,-7.88623,0,0,0,0
7929,-8.32357,-8.18623,0,0,0,0
7930,-7.49437,-9.29294,0,0,0,0
7931,-7.06132,-8.9751,0,0,0,0
7932,-6.61481,-8.67646,0,0,0,0
7933,-6.15568,-8.39759,0,0,0,0
7934,-5.68482,-8.13904,0,0,0,0
7935,-5.20312,-7.90128,0,0,0,0
7936,-4.7115,-7.68478,0,0,0,0
7937,-4.2109,-7.48994,0,0,0,0
7938,-3.70227,-7.31715,0,0,0,0
7939,-3.18659,-7.16672,0,0,0,0
7940,-2.66482,-7.03894,0,0,0,0
7941,-2.13798,-6.93407,0,0,0,0
7942,-1.60706,-6.85229,0,0,0,0
7943,-1.07308,-6.79376,0,0,0,0
7944,-0.537052,-6.7586,0,0,0,0
7945,-7.26148,-9.61454,0,0,0,0
7946,-6.84207,-9.30612,0,0,0,0
7947,-6.40959,-9.01633,0,0,0,0
7948,-5.96485,-8.74572,0,0,0,0
7949,-5.50871,-8.49482,0,0,0,0
7950,-5.04204,-8.26409,0,0,0,0
7951,-4.56572,-8.05399,0,0,0,0
7952,-4.08067,-7.8649,0,0,0,0
7953,-3.58783,-7.69721,0,0,0,0
7954,-3.08812,-7.55122,0,0,0,0
7955,-2.58251,-7.42721,0,0,0,0
7956,-2.07195,-7.32543,0,0,0,0
7957,-1.55744,-7.24606,0,0,0,0
7958,-1.03995,-7.18926,0,0,0,0
7959,-0.520474,-7.15513,0,0,0,0
7960,-7.02858,-9.93614,0,0,0,0
7961,-6.62283,-9.63715,0,0,0,0
7962,-6.20438,-9.35621,0,0,0,0
7963,-5.77403,-9.09386,0,0,0,0
7964,-5.3326,-8.8506,0,0,0,0
7965,-4.88095,-8.6269,0,0,0,0
7966,-4.41994,-8.42319,0,0,0,0
7967,-3.95045,-8.23987,0,0,0,0
7968,-3.47338,-8.07727,0,0,0,0
7969,-2.98965,-7.93572,0,0,0,0
7970,-2.50019,-7.81548,0,0,0,0
7971,-2.00593,-7.71678,0,0,0,0
7972,-1.50782,-7.63983,0,0,0,0
7973,-1.00682,-7.58475,0,0,0,0
7974,-0.503895,-7.55166,0,0,0,0
7975,-6.79568,-10.2577,0,0,0,0
7976,-6.40358,-9.96817,0,0,0,0
7977,-5.99917,-9.69608,0,0,0,0
7978,-5.5832,-9.44199,0,0,0,0
7979,-5.1565,-9.20638,0,0,0,0
7980,-4.71987,-8.98971,0,0,0,0
7981,-4.27416,-8.7924,0,0,0,0
7982,-3.82022,-8.61483,0,0,0,0
7983,-3.35893,-8.45733,0,0,0,0
7984,-2.89118,-8.32021,0,0,0,0
7985,-2.41787,-8.20374,0,0,0,0
7986,-1.9399,-8.10814,0,0,0,0
7987,-1.4582,-8.03359,0,0,0,0
7988,-0.973696,-7.98024,0,0,0,0
7989,-0.487317,-7.94819,0,0,0,0
7990,-6.56278,-10.5793,0,0,0,0
7991,-6.18434,-10.2992,0,0,0,0
7992,-5.79395,-10.036,0,0,0,0
7993,-5.39238,-9.79012,0,0,0,0
7994,-4.98039,-9.56216,0,0,0,0
7995,-4.55878,-9.35252,0,0,0,0
7996,-4.12837,-9.16161,0,0,0,0
7997,-3.68999,-8.98979,0,0,0,0
7998,-3.24449,-8.83739,0,0,0,0
7999,-2.79271,-8.70471,0,0,0,0
8000,-2.33555,-8.59201,0,0,0,0
8001,-1.87388,-8.4995,0,0,0,0
8002,-1.40858,-8.42736,0,0,0,0
8003,-0.940568,-8.37574,0,0,0,0
8004,-0.470739,-8.34472,0,0,0,0
8005,-6.32989,-10.9009,0,0,0,0
8006,-5.96509,-10.6302,0,0,0,0
8007,-5.58874,-10.3758,0,0,0,0
8008,-5.20155,-10.1383,0,0,0,0
8009,-4.80428,-9.91794,0,0,0,0
8010,-4.3977,-9.71533,0,0,0,0
8011,-3.98259,-9.53082,0,0,0,0
8012,-3.55977,-9.36475,0,0,0,0
8013,-3.13004,-9.21745,0,0,0,0
8014,-2.69425,-9.08921,0,0,0,0
8015,-2.25323,-8.98028,0,0,0,0
8016,-1.80785,-8.89086,0,0,0,0
8017,-1.35896,-8.82113,0,0,0,0
8018,-0.90744,-8.77123,0,0,0,0
8019,-0.45416,-8.74125,0,0,0,0
8020,-6.09699,-11.2225,0,0,0,0
8021,-5.74585,-10.9612,0,0,0,0
8022,-5.38352,-10.7157,0,0,0,0
8023,-5.01072,-10.4864,0,0,0,0
8024,-4.62817,-10.2737,0,0,0,0
8025,-4.23661,-10.0781,0,0,0,0
8026,-3.83681,-9.90002,0,0,0,0
8027,-3.42954,-9.73971,0,0,0,0
8028,-3.01559,-9.59751,0,0,0,0
8029,-2.59578,-9.47371,0,0,0,0
8030,-2.17091,-9.36854,0,0,0,0
8031,-1.74182,-9.28222,0,0,0,0
8032,-1.30934,-9.2149,0,0,0,0
8033,-0.874312,-9.16672,0,0,0,0
8034,-0.437582,-9.13778,0,0,0,0
8035,-5.63108,-11.8659,0,0,0,0
8036,-5.30726,-11.6234,0,0,0,0
8037,-4.97302,-11.3956,0,0,0,0
8038,-4.62901,-11.1828,0,0,0,0
8039,-4.27591,-10.9854,0,0,0,0
8040,-3.91441,-10.8038,0,0,0,0
8041,-3.54522,-10.6385,0,0,0,0
8042,-3.16907,-10.4897,0,0,0,0
8043,-2.78669,-10.3577,0,0,0,0
8044,-2.39884,-10.2427,0,0,0,0
8045,-2.00627,-10.1451,0,0,0,0
8046,-1.60977,-10.0649,0,0,0,0
8047,-1.2101,-10.0024,0,0,0,0
8048,-0.808057,-9.95771,0,0,0,0
8049,-0.404426,-9.93084,0,0,0,0
8050,-5.39807,-12.1877,0,0,0,0
8051,-5.08792,-11.9546,0,0,0,0
8052,-4.76773,-11.7356,0,0,0,0
8053,-4.43813,-11.531,0,0,0,0
8054,-4.09976,-11.3413,0,0,0,0
8055,-3.75329,-11.1667,0,0,0,0
8056,-3.39942,-11.0078,0,0,0,0
8057,-3.03883,-10.8647,0,0,0,0
8058,-2.67223,-10.7378,0,0,0,0
8059,-2.30037,-10.6273,0,0,0,0
8060,-1.92395,-10.5334,0,0,0,0
8061,-1.54374,-10.4563,0,0,0,0
8062,-1.16048,-10.3962,0,0,0,0
8063,-0.77493,-10.3532,0,0,0,0
8064,-0.387848,-10.3274,0,0,0,0
8065,-5.16505,-12.5094,0,0,0,0
8066,-4.86859,-12.2858,0,0,0,0
8067,-4.56245,-12.0756,0,0,0,0
8068,-4.24725,-11.8792,0,0,0,0
8069,-3.92361,-11.6971,0,0,0,0
8070,-3.59218,-11.5296,0,0,0,0
8071,-3.25361,-11.3771,0,0,0,0
8072,-2.90858,-11.2397,0,0,0,0
8073,-2.55778,-11.1179,0,0,0,0
8074,-2.20189,-11.0118,0,0,0,0
8075,-1.84163,-10.9217,0,0,0,0
8076,-1.47772,-10.8477,0,0,0,0
8077,-1.11086,-10.79,0,0,0,0
8078,-0.741803,-10.7487,0,0,0,0
8079,-0.37127,-10.7239,0,0,0,0
8080,-4.93204,-12.8312,0,0,0,0
8081,-4.64925,-12.617,0,0,0,0
8082,-4.35716,-12.4156,0,0,0,0
8083,-4.05636,-12.2275,0,0,0,0
8084,-3.74746,-12.053,0,0,0,0
8085,-3.43106,-11.8925,0,0,0,0
8086,-3.10781,-11.7463,0,0,0,0
8087,-2.77834,-11.6147,0,0,0,0
8088,-2.44332,-11.498,0,0,0,0
8089,-2.10342,-11.3963,0,0,0,0
8090,-1.75931,-11.31,0,0,0,0
8091,-1.41169,-11.2391,0,0,0,0
8092,-1.06124,-11.1838,0,0,0,0
8093,-0.708676,-11.1442,0,0,0,0
8094,-0.354692,-11.1204,0,0,0,0
8095,-4.69903,-13.1529,0,0,0,0
8096,-4.42991,-12.9481,0,0,0,0
8097,-4.15187,-12.7556,0,0,0,0
8098,-3.86548,-12.5757,0,0,0,0
8099,-3.5713,-12.4089,0,0,0,0
8100,-3.26994,-12.2554,0,0,0,0
8101,-2.962,-12.1156,0,0,0,0
8102,-2.6481,-11.9897,0,0,0,0
8103,-2.32887,-11.8781,0,0,0,0
8104,-2.00495,-11.7809,0,0,0,0
8105,-1.67699,-11.6983,0,0,0,0
8106,-1.34566,-11.6304,0,0,0,0
8107,-1.01162,-11.5776,0,0,0,0
8108,-0.675549,-11.5397,0,0,0,0
8109,-0.338115,-11.517,0,0,0,0
8110,-4.46602,-13.4747,0,0,0,0
8111,-4.21057,-13.2793,0,0,0,0
8112,-3.94658,-13.0956,0,0,0,0
8113,-3.67459,-12.924,0,0,0,0
8114,-3.39515,-12.7648,0,0,0,0
8115,-3.10883,-12.6183,0,0,0,0
8116,-2.8162,-12.4849,0,0,0,0
8117,-2.51786,-12.3648,0,0,0,0
8118,-2.21441,-12.2582,0,0,0,0
8119,-1.90647,-12.1654,0,0,0,0
8120,-1.59467,-12.0865,0,0,0,0
8121,-1.27964,-12.0218,0,0,0,0
8122,-0.962004,-11.9713,0,0,0,0
8123,-0.642422,-11.9352,0,0,0,0
8124,-0.321537,-11.9135,0,0,0,0
8125,-4.233,-13.7964,0,0,0,0
8126,-3.99123,-13.6105,0,0,0,0
8127,-3.74129,-13.4356,0,0,0,0
8128,-3.48371,-13.2722,0,0,0,0
8129,-3.219,-13.1207,0,0,0,0
8130,-2.94771,-12.9812,0,0,0,0
8131,-2.67039,-12.8542,0,0,0,0
8132,-2.38761,-12.7398,0,0,0,0
8133,-2.09995,-12.6383,0,0,0,0
8134,-1.808,-12.5499,0,0,0,0
8135,-1.51235,-12.4748,0,0,0,0
8136,-1.21361,-12.4132,0,0,0,0
8137,-0.912384,-12.3651,0,0,0,0
8138,-0.609295,-12.3307,0,0,0,0
8139,-0.304959,-12.31,0,0,0,0
8140,-3.53304,-14.763,0,0,0,0
8141,-3.33247,-14.6052,0,0,0,0
8142,-3.12484,-14.4567,0,0,0,0
8143,-2.9106,-14.3179,0,0,0,0
8144,-2.6902,-14.1891,0,0,0,0
8145,-2.46412,-14.0705,0,0,0,0
8146,-2.23281,-13.9625,0,0,0,0
8147,-1.99678,-13.8653,0,0,0,0
8148,-1.75653,-13.7789,0,0,0,0
8149,-1.51256,-13.7038,0,0,0,0
8150,-1.26539,-13.6399,0,0,0,0
8151,-1.01554,-13.5874,0,0,0,0
8152,-0.763541,-13.5465,0,0,0,0
8153,-0.509927,-13.5172,0,0,0,0
8154,-0.255233,-13.4996,0,0,0,0
8155,-3.0661,-15.4078,0,0,0,0
8156,-2.89304,-15.2687,0,0,0,0
8157,-2.71368,-15.1377,0,0,0,0
8158,-2.52838,-15.0153,0,0,0,0
8159,-2.33756,-14.9016,0,0,0,0
8160,-2.14164,-14.797,0,0,0,0
8161,-1.94104,-14.7016,0,0,0,0
8162,-1.7362,-14.6157,0,0,0,0
8163,-1.52756,-14.5395,0,0,0,0
8164,-1.31559,-14.4731,0,0,0,0
8165,-1.10075,-14.4166,0,0,0,0
8166,-0.883497,-14.3703,0,0,0,0
8167,-0.664317,-14.3341,0,0,0,0
8168,-0.443686,-14.3082,0,0,0,0
8169,-0.222086,-14.2927,0,0,0,0
8170,-2.59915,-16.0527,0,0,0,0
8171,-2.45362,-15.9322,0,0,0,0
8172,-2.30251,-15.8188,0,0,0,0
8173,-2.14616,-15.7127,0,0,0,0
8174,-1.98492,-15.6142,0,0,0,0
8175,-1.81916,-15.5234,0,0,0,0
8176,-1.64926,-15.4407,0,0,0,0
8177,-1.47561,-15.3662,0,0,0,0
8178,-1.29859,-15.3,0,0,0,0
8179,-1.11862,-15.2424,0,0,0,0
8180,-0.936104,-15.1934,0,0,0,0
8181,-0.751454,-15.1531,0,0,0,0
8182,-0.565093,-15.1217,0,0,0,0
8183,-0.377445,-15.0993,0,0,0,0
8184,-0.188938,-15.0858,0,0,0,0
8185,-15.232,-0.363982,0.666667,0,0,0
8186,-14.589,-1.17796,0.666667,0,0,0
8187,-13.9461,-1.99194,0.666667,0,0,0
8188,-13.3031,-2.80593,0.666667,0,0,0
8189,-12.6601,-3.61991,0.666667,0,0,0
8190,-12.0171,-4.43389,0.666667,0,0,0
8191,-11.3742,-5.24787,0.666667,0,0,0
8192,-10.7312,-6.06185,0.666667,0,0,0
8193,-10.0882,-6.87583,0.666667,0,0,0
8194,-9.44524,-7.68982,0.666667,0,0,0
8195,-8.80226,-8.5038,0.666667,0,0,0
8196,-15.232,-0.363982,0.333333,0,0,0
8197,-14.589,-1.17796,0.333333,0,0,0
8198,-13.9461,-1.99194,0.333333,0,0,0
8199,-13.3031,-2.80593,0.333333,0,0,0
8200,-12.6601,-3.61991,0.333333,0,0,0
8201,-12.0171,-4.43389,0.333333,0,0,0
8202,-11.3742,-5.24787,0.333333,0,0,0
8203,-10.7312,-6.06185,0.333333,0,0,0
8204,-10.0882,-6.87583,0.333333,0,0,0
8205,-9.44524,-7.68982,0.333333,0,0,0
8206,-8.80226,-8.5038,0.333333,0,0,0
8207,-7.91314,-9.62939,0.333333,0,0,0
8208,-7.91314,-9.62939,0.666667,0,0,0
8209,-7.66699,-9.941,0.333333,0,0,0
8210,-7.66699,-9.941,0.666667,0,0,0
8211,-7.42085,-10.2526,0.333333,0,0,0
8212,-7.42085,-10.2526,0.666667,0,0,0
8213,-7.1747,-10.5642,0.333333,0,0,0
8214,-7.1747,-10.5642,0.666667,0,0,0
8215,-6.92856,-10.8758,0.333333,0,0,0
8216,-6.92856,-10.8758,0.666667,0,0,0
8217,-6.68241,-11.1874,0.333333,0,0,0
8218,-6.68241,-11.1874,0.666667,0,0,0
8219,-6.43626,-11.499,0.333333,0,0,0
8220,-6.43626,-11.499,0.666667,0,0,0
8221,-5.94383,-12.1224,0.333333,0,0,0
8222,-5.94383,-12.1224,0.666667,0,0,0
8223,-5.69755,-12.4342,0.333333,0,0,0
8224,-5.69755,-12.4342,0.666667,0,0,0
8225,-5.45126,-12.746,0.333333,0,0,0
8226,-5.45126,-12.746,0.666667,0,0,0
8227,-5.20498,-13.0578,0.333333,0,0,0
8228,-5.20498,-13.0578,0.666667,0,0,0
8229,-4.95869,-13.3696,0.333333,0,0,0
8230,-4.95869,-13.3696,0.666667,0,0,0
8231,-4.71241,-13.6814,0.333333,0,0,0
8232,-4.71241,-13.6814,0.666667,0,0,0
8233,-4.46612,-13.9932,0.333333,0,0,0
8234,-4.46612,-13.9932,0.666667,0,0,0
8235,-3.72614,-14.9299,0.333333,0,0,0
8236,-3.72614,-14.9299,0.666667,0,0,0
8237,-3.23245,-15.5549,0.333333,0,0,0
8238,-3.23245,-15.5549,0.666667,0,0,0
8239,-2.73876,-16.1799,0.333333,0,0,0
8240,-2.73876,-16.1799,0.666667,0,0,0
8241,-0.992188,0.45,0.666667,0,0,0
8242,-1.98438,0.45,0.666667,0,0,0
8243,-2.97656,0.45,0.666667,0,0,0
8244,-3.96875,0.45,0.666667,0,0,0
8245,-4.96094,0.45,0.666667,0,0,0
8246,-5.95312,0.45,0.666667,0,0,0
8247,-6.94531,0.45,0.666667,0,0,0
8248,-7.9375,0.45,0.666667,0,0,0
8249,-8.92969,0.45,0.666667,0,0,0
8250,-9.92188,0.45,0.666667,0,0,0
8251,-10.9141,0.45,0.666667,0,0,0
8252,-11.9062,0.45,0.666667,0,0,0
8253,-12.8984,0.45,0.666667,0,0,0
8254,-13.8906,0.45,0.666667,0,0,0
8255,-14.8828,0.45,0.666667,0,0,0
8256,-0.992188,0.45,0.333333,0,0,0
8257,-1.98438,0.45,0.333333,0,0,0
8258,-2.97656,0.45,0.333333,0,0,0
8259,-3.96875,0.45,0.333333,0,0,0
8260,-4.96094,0.45,0.333333,0,0,0
8261,-5.95312,0.45,0.333333,0,0,0
8262,-6.94531,0.45,0.333333,0,0,0
8263,-7.9375,0.45,0.333333,0,0,0
8264,-8.92969,0.45,0.333333,0,0,0
8265,-9.92188,0.45,0.333333,0,0,0
8266,-10.9141,0.45,0.333333,0,0,0
8267,-11.9062,0.45,0.333333,0,0,0
8268,-12.8984,0.45,0.333333,0,0,0
8269,-13.8906,0.45,0.333333,0,0,0
8270,-14.8828,0.45,0.333333,0,0,0
8271,-0.15579,-15.8788,0.666667,0,0,0
8272,-0.311204,-15.8903,0.666667,0,0,0
8273,-0.465869,-15.9094,0.666667,0,0,0
8274,-0.619412,-15.936,0.666667,0,0,0
8275,-0.771462,-15.9702,0.666667,0,0,0
8276,-0.921654,-16.0117,0.666667,0,0,0
8277,-1.06963,-16.0606,0.666667,0,0,0
8278,-1.21502,-16.1167,0.666667,0,0,0
8279,-1.35749,-16.1798,0.666667,0,0,0
8280,-1.49668,-16.2499,0.666667,0,0,0
8281,-1.63228,-16.3267,0.666667,0,0,0
8282,-1.76394,-16.4101,0.666667,0,0,0
8283,-1.89135,-16.4998,0.666667,0,0,0
8284,-2.0142,-16.5957,0.666667,0,0,0
8285,-2.1322,-16.6975,0.666667,0,0,0
8286,-0.15579,-15.8788,0.333333,0,0,0
8287,-0.311204,-15.8903,0.333333,0,0,0
8288,-0.465869,-15.9094,0.333333,0,0,0
8289,-0.619412,-15.936,0.333333,0,0,0
8290,-0.771462,-15.9702,0.333333,0,0,0
8291,-0.921654,-16.0117,0.333333,0,0,0
8292,-1.06963,-16.0606,0.333333,0,0,0
8293,-1.21502,-16.1167,0.333333,0,0,0
8294,-1.35749,-16.1798,0.333333,0,0,0
8295,-1.49668,-16.2499,0.333333,0,0,0
8296,-1.63228,-16.3267,0.333333,0,0,0
8297,-1.76394,-16.4101,0.333333,0,0,0
8298,-1.89135,-16.4998,0.333333,0,0,0
8299,-2.0142,-16.5957,0.333333,0,0,0
8300,-2.1322,-16.6975,0.333333,0,0,0
8301,3.96875,-19.05,0.666667,0,0,0
8302,3.96875,-19.05,0.333333,0,0,0
8303,4.7625,-19.05,0.666667,0,0,0
8304,4.7625,-19.05,0.333333,0,0,0
8305,5.55625,-19.05,0.666667,0,0,0
8306,5.55625,-19.05,0.333333,0,0,0
8307,6.74687,-19.05,0.666667,0,0,0
8308,6.74687,-19.05,0.333333,0,0,0
8309,7.14375,-19.05,0.666667,0,0,0
8310,7.14375,-19.05,0.333333,0,0,0
8311,7.54063,-19.05,0.666667,0,0,0
8312,7.54063,-19.05,0.333333,0,0,0
8313,7.9375,-19.05,0.666667,0,0,0
8314,7.9375,-19.05,0.333333,0,0,0
8315,8.33438,-19.05,0.666667,0,0,0
8316,8.33438,-19.05,0.333333,0,0,0
8317,8.73125,-19.05,0.666667,0,0,0
8318,8.73125,-19.05,0.333333,0,0,0
8319,9.12813,-19.05,0.666667,0,0,0
8320,9.12813,-19.05,0.333333,0,0,0
8321,9.525,-19.05,0.666667,0,0,0
8322,9.525,-19.05,0.333333,0,0,0
8323,9.92188,-19.05,0.666667,0,0,0
8324,9.92188,-19.05,0.333333,0,0,0
8325,10.3188,-19.05,0.666667,0,0,0
8326,10.3188,-19.05,0.333333,0,0,0
8327,10.7156,-19.05,0.666667,0,0,0
8328,10.7156,-19.05,0.333333,0,0,0
8329,11.1125,-19.05,0.666667,0,0,0
8330,11.1125,-19.05,0.333333,0,0,0
8331,11.5094,-19.05,0.666667,0,0,0
8332,11.5094,-19.05,0.333333,0,0,0
8333,11.9062,-19.05,0.666667,0,0,0
8334,11.9062,-19.05,0.333333,0,0,0
8335,12.3031,-19.05,0.666667,0,0,0
8336,12.3031,-19.05,0.333333,0,0,0
8337,12.7,-19.05,0.666667,0,0,0
8338,12.7,-19.05,0.333333,0,0,0
8339,12.9646,-19.05,0.666667,0,0,0
8340,12.9646,-19.05,0.333333,0,0,0
8341,13.2292,-19.05,0.666667,0,0,0
8342,13.2292,-19.05,0.333333,0,0,0
8343,13.4937,-19.05,0.666667,0,0,0
8344,13.4937,-19.05,0.333333,0,0,0
8345,13.7583,-19.05,0.666667,0,0,0
8346,13.7583,-19.05,0.333333,0,0,0
8347,14.0229,-19.05,0.666667,0,0,0
8348,14.0229,-19.05,0.333333,0,0,0
8349,14.2875,-19.05,0.666667,0,0,0
8350,14.2875,-19.05,0.333333,0,0,0
8351,14.5521,-19.05,0.666667,0,0,0
8352,14.5521,-19.05,0.333333,0,0,0
8353,14.8167,-19.05,0.666667,0,0,0
8354,14.8167,-19.05,0.333333,0,0,0
8355,15.0813,-19.05,0.666667,0,0,0
8356,15.0813,-19.05,0.333333,0,0,0
8357,15.3458,-19.05,0.666667,0,0,0
8358,15.3458,-19.05,0.333333,0,0,0
8359,15.6104,-19.05,0.666667,0,0,0
8360,15.6104,-19.05,0.333333,0,0,0
8361,2.85267,-16.2929,1,0,0,0
8362,3.37386,-15.691,1,0,0,0
8363,3.89505,-15.0891,1,0,0,0
8364,2.96191,-16.4104,1,0,0,0
8365,3.50954,-15.8328,1,0,0,0
8366,4.05716,-15.2552,1,0,0,0
8367,3.06632,-16.5322,1,0,0,0
8368,3.63926,-15.98,1,0,0,0
8369,4.2122,-15.4278,1,0,0,0
8370,3.16571,-16.6581,1,0,0,0
8371,3.76279,-16.1325,1,0,0,0
8372,4.35988,-15.6069,1,0,0,0
8373,3.25993,-16.788,1,0,0,0
8374,3.87994,-16.29,1,0,0,0
8375,4.49995,-15.7919,1,0,0,0
8376,3.34881,-16.9216,1,0,0,0
8377,3.99049,-16.4521,1,0,0,0
8378,4.63217,-15.9827,1,0,0,0
8379,3.43222,-17.0587,1,0,0,0
8380,4.09426,-16.6187,1,0,0,0
8381,4.75631,-16.1788,1,0,0,0
8382,3.51001,-17.199,1,0,0,0
8383,4.19108,-16.7895,1,0,0,0
8384,4.87214,-16.3799,1,0,0,0
8385,3.58206,-17.3424,1,0,0,0
8386,4.28076,-16.964,1,0,0,0
8387,4.97947,-16.5857,1,0,0,0
8388,3.64825,-17.4886,1,0,0,0
8389,4.36318,-17.1422,1,0,0,0
8390,5.0781,-16.7958,1,0,0,0
8391,3.70846,-17.6373,1,0,0,0
8392,4.43817,-17.3236,1,0,0,0
8393,5.16787,-17.0098,1,0,0,0
8394,3.76261,-17.7884,1,0,0,0
8395,4.50562,-17.5079,1,0,0,0
8396,5.24862,-17.2274,1,0,0,0
8397,3.8106,-17.9415,1,0,0,0
8398,4.5654,-17.6949,1,0,0,0
8399,5.32021,-17.4482,1,0,0,0
8400,3.85235,-18.0965,1,0,0,0
8401,4.61742,-17.8841,1,0,0,0
8402,5.3825,-17.6718,1,0,0,0
8403,3.88779,-18.253,1,0,0,0
8404,4.6616,-18.0754,1,0,0,0
8405,5.4354,-17.8978,1,0,0,0
8406,3.91687,-18.4108,1,0,0,0
8407,4.69784,-18.2683,1,0,0,0
8408,5.4788,-18.1258,1,0,0,0
8409,3.93954,-18.5697,1,0,0,0
8410,4.72609,-18.4626,1,0,0,0
8411,5.51264,-18.3554,1,0,0,0
8412,3.95576,-18.7294,1,0,0,0
8413,4.74631,-18.6578,1,0,0,0
8414,5.53685,-18.5863,1,0,0,0
8415,3.9655,-18.8895,1,0,0,0
8416,4.75845,-18.8537,1,0,0,0
8417,5.5514,-18.8179,1,0,0,0
8418,9.11965,-18.6568,1,0,0,0
8419,9.09426,-18.2644,1,0,0,0
8420,9.05198,-17.8735,1,0,0,0
8421,8.9929,-17.4847,1,0,0,0
8422,8.91714,-17.0988,1,0,0,0
8423,8.82482,-16.7165,1,0,0,0
8424,8.71612,-16.3386,1,0,0,0
8425,8.59125,-15.9657,1,0,0,0
8426,8.45043,-15.5986,1,0,0,0
8427,8.29393,-15.2378,1,0,0,0
8428,8.12203,-14.8841,1,0,0,0
8429,7.93506,-14.5382,1,0,0,0
8430,7.73337,-14.2006,1,0,0,0
8431,7.51732,-13.872,1,0,0,0
8432,7.28731,-13.5531,1,0,0,0
8433,7.04379,-13.2443,1,0,0,0
8434,6.78719,-12.9463,1,0,0,0
8435,6.51799,-12.6597,1,0,0,0
8436,6.2367,-12.3849,1,0,0,0
8437,8.72318,-18.6747,1,0,0,0
8438,8.69899,-18.3002,1,0,0,0
8439,8.65872,-17.927,1,0,0,0
8440,8.60246,-17.5559,1,0,0,0
8441,8.53029,-17.1876,1,0,0,0
8442,8.44236,-16.8227,1,0,0,0
8443,8.33882,-16.4619,1,0,0,0
8444,8.21988,-16.1059,1,0,0,0
8445,8.08574,-15.7554,1,0,0,0
8446,7.93666,-15.4109,1,0,0,0
8447,7.77291,-15.0732,1,0,0,0
8448,7.5948,-14.7428,1,0,0,0
8449,7.40265,-14.4203,1,0,0,0
8450,7.19682,-14.1065,1,0,0,0
8451,6.97769,-13.8018,1,0,0,0
8452,6.74567,-13.5067,1,0,0,0
8453,6.50118,-13.2219,1,0,0,0
8454,6.24468,-12.9479,1,0,0,0
8455,5.97664,-12.6852,1,0,0,0
8456,8.32671,-18.6926,1,0,0,0
8457,8.30373,-18.3359,1,0,0,0
8458,8.26547,-17.9806,1,0,0,0
8459,8.21201,-17.6271,1,0,0,0
8460,8.14344,-17.2763,1,0,0,0
8461,8.05989,-16.9288,1,0,0,0
8462,7.96152,-16.5852,1,0,0,0
8463,7.8485,-16.2461,1,0,0,0
8464,7.72105,-15.9121,1,0,0,0
8465,7.57939,-15.584,1,0,0,0
8466,7.42379,-15.2622,1,0,0,0
8467,7.25453,-14.9474,1,0,0,0
8468,7.07193,-14.6401,1,0,0,0
8469,6.87633,-14.3409,1,0,0,0
8470,6.66807,-14.0504,1,0,0,0
8471,6.44755,-13.7691,1,0,0,0
8472,6.21517,-13.4976,1,0,0,0
8473,5.97136,-13.2362,1,0,0,0
8474,5.71657,-12.9855,1,0,0,0
8475,7.93024,-18.7105,1,0,0,0
8476,7.90846,-18.3717,1,0,0,0
8477,7.87221,-18.0341,1,0,0,0
8478,7.82156,-17.6984,1,0,0,0
8479,7.75659,-17.3651,1,0,0,0
8480,7.67743,-17.0349,1,0,0,0
8481,7.58422,-16.7085,1,0,0,0
8482,7.47713,-16.3862,1,0,0,0
8483,7.35635,-16.0689,1,0,0,0
8484,7.22212,-15.7571,1,0,0,0
8485,7.07466,-15.4512,1,0,0,0
8486,6.91427,-15.152,1,0,0,0
8487,6.74122,-14.8598,1,0,0,0
8488,6.55583,-14.5754,1,0,0,0
8489,6.35845,-14.2991,1,0,0,0
8490,6.14943,-14.0316,1,0,0,0
8491,5.92916,-13.7732,1,0,0,0
8492,5.69805,-13.5245,1,0,0,0
8493,5.4565,-13.2859,1,0,0,0
8494,7.53376,-18.7284,1,0,0,0
8495,7.5132,-18.4075,1,0,0,0
8496,7.47896,-18.0877,1,0,0,0
8497,7.43111,-17.7696,1,0,0,0
8498,7.36974,-17.4539,1,0,0,0
8499,7.29497,-17.1411,1,0,0,0
8500,7.20691,-16.8317,1,0,0,0
8501,7.10575,-16.5264,1,0,0,0
8502,6.99166,-16.2257,1,0,0,0
8503,6.86485,-15.9301,1,0,0,0
8504,6.72554,-15.6402,1,0,0,0
8505,6.574,-15.3565,1,0,0,0
8506,6.4105,-15.0796,1,0,0,0
8507,6.23534,-14.8098,1,0,0,0
8508,6.04883,-14.5478,1,0,0,0
8509,5.85132,-14.294,1,0,0,0
8510,5.64316,-14.0488,1,0,0,0
8511,5.42473,-13.8127,1,0,0,0
8512,5.19644,-13.5862,1,0,0,0
8513,7.13729,-18.7463,1,0,0,0
8514,7.11793,-18.4432,1,0,0,0
8515,7.0857,-18.1412,1,0,0,0
8516,7.04066,-17.8408,1,0,0,0
8517,6.98289,-17.5427,1,0,0,0
8518,6.9125,-17.2472,1,0,0,0
8519,6.82961,-16.955,1,0,0,0
8520,6.73438,-16.6666,1,0,0,0
8521,6.62697,-16.3825,1,0,0,0
8522,6.50758,-16.1032,1,0,0,0
8523,6.37642,-15.8293,1,0,0,0
8524,6.23374,-15.5611,1,0,0,0
8525,6.07978,-15.2993,1,0,0,0
8526,5.91484,-15.0443,1,0,0,0
8527,5.73921,-14.7965,1,0,0,0
8528,5.5532,-14.5564,1,0,0,0
8529,5.35715,-14.3244,1,0,0,0
8530,5.15142,-14.101,1,0,0,0
8531,4.93637,-13.8865,1,0,0,0
8532,6.74082,-18.7642,1,0,0,0
8533,6.72267,-18.479,1,0,0,0
8534,6.69245,-18.1948,1,0,0,0
8535,6.65021,-17.9121,1,0,0,0
8536,6.59605,-17.6314,1,0,0,0
8537,6.53004,-17.3533,1,0,0,0
8538,6.45231,-17.0783,1,0,0,0
8539,6.363,-16.8068,1,0,0,0
8540,6.26227,-16.5393,1,0,0,0
8541,6.1503,-16.2763,1,0,0,0
8542,6.0273,-16.0183,1,0,0,0
8543,5.89347,-15.7657,1,0,0,0
8544,5.74907,-15.5191,1,0,0,0
8545,5.59435,-15.2787,1,0,0,0
8546,5.42959,-15.0452,1,0,0,0
8547,5.25508,-14.8188,1,0,0,0
8548,5.07114,-14.6001,1,0,0,0
8549,4.8781,-14.3893,1,0,0,0
8550,4.67631,-14.1869,1,0,0,0
8551,12.2914,-18.5137,1,0,0,0
8552,12.2564,-17.9783,1,0,0,0
8553,12.198,-17.4451,1,0,0,0
8554,12.1164,-16.9148,1,0,0,0
8555,12.0118,-16.3887,1,0,0,0
8556,11.8844,-15.8676,1,0,0,0
8557,11.7344,-15.3525,1,0,0,0
8558,11.562,-14.8445,1,0,0,0
8559,11.3677,-14.3444,1,0,0,0
8560,11.1518,-13.8534,1,0,0,0
8561,10.9146,-13.3722,1,0,0,0
8562,10.6567,-12.9018,1,0,0,0
8563,10.3786,-12.443,1,0,0,0
8564,10.0807,-11.9969,1,0,0,0
8565,9.76361,-11.5641,1,0,0,0
8566,9.42799,-11.1456,1,0,0,0
8567,9.07444,-10.7421,1,0,0,0
8568,8.70364,-10.3545,1,0,0,0
8569,8.3163,-9.9833,1,0,0,0
8570,11.895,-18.5316,1,0,0,0
8571,11.8611,-18.0141,1,0,0,0
8572,11.8047,-17.4986,1,0,0,0
8573,11.726,-16.9861,1,0,0,0
8574,11.625,-16.4774,1,0,0,0
8575,11.502,-15.9737,1,0,0,0
8576,11.3571,-15.4758,1,0,0,0
8577,11.1907,-14.9846,1,0,0,0
8578,11.003,-14.5012,1,0,0,0
8579,10.7945,-14.0264,1,0,0,0
8580,10.5655,-13.5612,1,0,0,0
8581,10.3165,-13.1063,1,0,0,0
8582,10.0479,-12.6627,1,0,0,0
8583,9.76026,-12.2313,1,0,0,0
8584,9.45408,-11.8127,1,0,0,0
8585,9.12998,-11.4079,1,0,0,0
8586,8.78855,-11.0177,1,0,0,0
8587,8.43045,-10.6426,1,0,0,0
8588,8.05636,-10.2835,1,0,0,0
8589,11.4985,-18.5495,1,0,0,0
8590,11.4658,-18.0499,1,0,0,0
8591,11.4115,-17.5522,1,0,0,0
8592,11.3356,-17.0573,1,0,0,0
8593,11.2382,-16.5662,1,0,0,0
8594,11.1195,-16.0798,1,0,0,0
8595,10.9798,-15.599,1,0,0,0
8596,10.8193,-15.1248,1,0,0,0
8597,10.6384,-14.658,1,0,0,0
8598,10.4373,-14.1995,1,0,0,0
8599,10.2165,-13.7501,1,0,0,0
8600,9.97632,-13.3108,1,0,0,0
8601,9.71728,-12.8824,1,0,0,0
8602,9.43985,-12.4657,1,0,0,0
8603,9.14456,-12.0613,1,0,0,0
8604,8.83196,-11.6703,1,0,0,0
8605,8.50266,-11.2932,1,0,0,0
8606,8.15726,-10.9307,1,0,0,0
8607,7.79643,-10.5837,1,0,0,0
8608,11.102,-18.5674,1,0,0,0
8609,11.0706,-18.0856,1,0,0,0
8610,11.0182,-17.6057,1,0,0,0
8611,10.9451,-17.1285,1,0,0,0
8612,10.8513,-16.655,1,0,0,0
8613,10.7371,-16.1859,1,0,0,0
8614,10.6025,-15.7223,1,0,0,0
8615,10.448,-15.2649,1,0,0,0
8616,10.2737,-14.8147,1,0,0,0
8617,10.0801,-14.3725,1,0,0,0
8618,9.86741,-13.9391,1,0,0,0
8619,9.63612,-13.5154,1,0,0,0
8620,9.38664,-13.1021,1,0,0,0
8621,9.11944,-12.7,1,0,0,0
8622,8.83503,-12.31,1,0,0,0
8623,8.53395,-11.9326,1,0,0,0
8624,8.21676,-11.5687,1,0,0,0
8625,7.88407,-11.2189,1,0,0,0
8626,7.5365,-10.8838,1,0,0,0
8627,10.7055,-18.5853,1,0,0,0
8628,10.6753,-18.1214,1,0,0,0
8629,10.625,-17.6593,1,0,0,0
8630,10.5547,-17.1998,1,0,0,0
8631,10.4645,-16.7437,1,0,0,0
8632,10.3546,-16.2921,1,0,0,0
8633,10.2253,-15.8456,1,0,0,0
8634,10.0767,-15.4051,1,0,0,0
8635,9.90908,-14.9715,1,0,0,0
8636,9.72286,-14.5456,1,0,0,0
8637,9.51835,-14.1281,1,0,0,0
8638,9.29592,-13.7199,1,0,0,0
8639,9.056,-13.3218,1,0,0,0
8640,8.79903,-12.9344,1,0,0,0
8641,8.52551,-12.5586,1,0,0,0
8642,8.23594,-12.1949,1,0,0,0
8643,7.93087,-11.8442,1,0,0,0
8644,7.61088,-11.507,1,0,0,0
8645,7.27656,-11.184,1,0,0,0
8646,10.3091,-18.6032,1,0,0,0
8647,10.28,-18.1571,1,0,0,0
8648,10.2317,-17.7128,1,0,0,0
8649,10.1642,-17.271,1,0,0,0
8650,10.0777,-16.8325,1,0,0,0
8651,9.97217,-16.3982,1,0,0,0
8652,9.84798,-15.9688,1,0,0,0
8653,9.70531,-15.5453,1,0,0,0
8654,9.54443,-15.1283,1,0,0,0
8655,9.36564,-14.7186,1,0,0,0
8656,9.16928,-14.3171,1,0,0,0
8657,8.95572,-13.9245,1,0,0,0
8658,8.72536,-13.5415,1,0,0,0
8659,8.47863,-13.1688,1,0,0,0
8660,8.21598,-12.8072,1,0,0,0
8661,7.93793,-12.4572,1,0,0,0
8662,7.64498,-12.1197,1,0,0,0
8663,7.33769,-11.7951,1,0,0,0
8664,7.01663,-11.4842,1,0,0,0
8665,9.9126,-18.621,1,0,0,0
8666,9.88478,-18.1929,1,0,0,0
8667,9.83849,-17.7664,1,0,0,0
8668,9.77379,-17.3422,1,0,0,0
8669,9.69082,-16.9213,1,0,0,0
8670,9.58973,-16.5043,1,0,0,0
8671,9.4707,-16.0921,1,0,0,0
8672,9.33397,-15.6854,1,0,0,0
8673,9.17978,-15.285,1,0,0,0
8674,9.00842,-14.8917,1,0,0,0
8675,8.82022,-14.5061,1,0,0,0
8676,8.61553,-14.129,1,0,0,0
8677,8.39472,-13.7612,1,0,0,0
8678,8.15822,-13.4032,1,0,0,0
8679,7.90646,-13.0558,1,0,0,0
8680,7.63992,-12.7196,1,0,0,0
8681,7.35909,-12.3952,1,0,0,0
8682,7.0645,-12.0833,1,0,0,0
8683,6.7567,-11.7844,1,0,0,0
8684,9.18446,-8.91995,1,0,0,0
8685,9.55168,-9.35246,1,0,0,0
8686,9.90322,-9.80066,1,0,0,0
8687,10.2384,-10.2639,1,0,0,0
8688,10.5566,-10.7413,1,0,0,0
8689,10.8572,-11.2323,1,0,0,0
8690,11.1397,-11.736,1,0,0,0
8691,11.4034,-12.2516,1,0,0,0
8692,11.6479,-12.7783,1,0,0,0
8693,11.8728,-13.3153,1,0,0,0
8694,12.0776,-13.8616,1,0,0,0
8695,12.2618,-14.4165,1,0,0,0
8696,12.4253,-14.9789,1,0,0,0
8697,12.5675,-15.548,1,0,0,0
8698,12.6884,-16.1228,1,0,0,0
8699,12.7875,-16.7025,1,0,0,0
8700,12.8649,-17.286,1,0,0,0
8701,12.9202,-17.8724,1,0,0,0
8702,12.9535,-18.4607,1,0,0,0
8703,9.79269,-8.15677,1,0,0,0
8704,10.1265,-8.6386,1,0,0,0
8705,10.4461,-9.1347,1,0,0,0
8706,10.7508,-9.64442,1,0,0,0
8707,11.0401,-10.1671,1,0,0,0
8708,11.3134,-10.7021,1,0,0,0
8709,11.5702,-11.2486,1,0,0,0
8710,11.8099,-11.806,1,0,0,0
8711,12.0322,-12.3735,1,0,0,0
8712,12.2366,-12.9503,1,0,0,0
8713,12.4228,-13.5356,1,0,0,0
8714,12.5903,-14.1286,1,0,0,0
8715,12.7389,-14.7285,1,0,0,0
8716,12.8682,-15.3345,1,0,0,0
8717,12.9781,-15.9458,1,0,0,0
8718,13.0682,-16.5613,1,0,0,0
8719,13.1385,-17.1804,1,0,0,0
8720,13.1889,-17.8022,1,0,0,0
8721,13.2191,-18.4256,1,0,0,0
8722,10.4009,-7.3936,1,0,0,0
8723,10.7014,-7.92474,1,0,0,0
8724,10.989,-8.46873,1,0,0,0
8725,11.2632,-9.02498,1,0,0,0
8726,11.5236,-9.5929,1,0,0,0
8727,11.7696,-10.1719,1,0,0,0
8728,12.0006,-10.7613,1,0,0,0
8729,12.2164,-11.3604,1,0,0,0
8730,12.4165,-11.9686,1,0,0,0
8731,12.6005,-12.5852,1,0,0,0
8732,12.768,-13.2095,1,0,0,0
8733,12.9188,-13.8407,1,0,0,0
8734,13.0525,-14.4782,1,0,0,0
8735,13.1689,-15.1211,1,0,0,0
8736,13.2678,-15.7687,1,0,0,0
8737,13.3489,-16.4202,1,0,0,0
8738,13.4122,-17.0749,1,0,0,0
8739,13.4575,-17.7319,1,0,0,0
8740,13.4847,-18.3906,1,0,0,0
8741,11.0092,-6.63042,1,0,0,0
8742,11.2762,-7.21088,1,0,0,0
8743,11.5319,-7.80276,1,0,0,0
8744,11.7757,-8.40553,1,0,0,0
8745,12.0071,-9.01869,1,0,0,0
8746,12.2257,-9.64166,1,0,0,0
8747,12.4311,-10.2739,1,0,0,0
8748,12.6229,-10.9148,1,0,0,0
8749,12.8008,-11.5638,1,0,0,0
8750,12.9643,-12.2202,1,0,0,0
8751,13.1132,-12.8835,1,0,0,0
8752,13.2472,-13.5529,1,0,0,0
8753,13.3661,-14.2278,1,0,0,0
8754,13.4696,-14.9076,1,0,0,0
8755,13.5574,-15.5916,1,0,0,0
8756,13.6296,-16.2791,1,0,0,0
8757,13.6858,-16.9693,1,0,0,0
8758,13.7261,-17.6617,1,0,0,0
8759,13.7503,-18.3555,1,0,0,0
8760,11.6174,-5.86724,1,0,0,0
8761,11.8511,-6.49702,1,0,0,0
8762,12.0748,-7.13679,1,0,0,0
8763,12.2881,-7.78609,1,0,0,0
8764,12.4906,-8.44448,1,0,0,0
8765,12.6819,-9.11146,1,0,0,0
8766,12.8616,-9.78654,1,0,0,0
8767,13.0294,-10.4692,1,0,0,0
8768,13.1851,-11.1589,1,0,0,0
8769,13.3282,-11.8552,1,0,0,0
8770,13.4585,-12.5574,1,0,0,0
8771,13.5757,-13.265,1,0,0,0
8772,13.6797,-13.9775,1,0,0,0
8773,13.7702,-14.6942,1,0,0,0
8774,13.8471,-15.4145,1,0,0,0
8775,13.9103,-16.1379,1,0,0,0
8776,13.9595,-16.8638,1,0,0,0
8777,13.9947,-17.5915,1,0,0,0
8778,14.0159,-18.3204,1,0,0,0
8779,12.2256,-5.10406,1,0,0,0
8780,12.4259,-5.78316,1,0,0,0
8781,12.6177,-6.47082,1,0,0,0
8782,12.8005,-7.16665,1,0,0,0
8783,12.9741,-7.87027,1,0,0,0
8784,13.138,-8.58125,1,0,0,0
8785,13.2921,-9.29917,1,0,0,0
8786,13.436,-10.0236,1,0,0,0
8787,13.5693,-10.7541,1,0,0,0
8788,13.692,-11.4902,1,0,0,0
8789,13.8037,-12.2313,1,0,0,0
8790,13.9042,-12.9772,1,0,0,0
8791,13.9933,-13.7271,1,0,0,0
8792,14.0709,-14.4807,1,0,0,0
8793,14.1368,-15.2375,1,0,0,0
8794,14.1909,-15.9968,1,0,0,0
8795,14.2331,-16.7583,1,0,0,0
8796,14.2633,-17.5213,1,0,0,0
8797,14.2815,-18.2854,1,0,0,0
8798,12.8338,-4.34089,1,0,0,0
8799,13.0008,-5.0693,1,0,0,0
8800,13.1606,-5.80485,1,0,0,0
8801,13.3129,-6.54721,1,0,0,0
8802,13.4576,-7.29605,1,0,0,0
8803,13.5942,-8.05104,1,0,0,0
8804,13.7226,-8.81181,1,0,0,0
8805,13.8425,-9.578,1,0,0,0
8806,13.9536,-10.3492,1,0,0,0
8807,14.0558,-11.1251,1,0,0,0
8808,14.1489,-11.9053,1,0,0,0
8809,14.2326,-12.6893,1,0,0,0
8810,14.3069,-13.4768,1,0,0,0
8811,14.3716,-14.2673,1,0,0,0
8812,14.4265,-15.0604,1,0,0,0
8813,14.4716,-15.8557,1,0,0,0
8814,14.5068,-16.6527,1,0,0,0
8815,14.5319,-17.4511,1,0,0,0
8816,14.547,-18.2503,1,0,0,0
8817,13.4421,-3.57771,1,0,0,0
8818,13.5756,-4.35544,1,0,0,0
8819,13.7034,-5.13888,1,0,0,0
8820,13.8253,-5.92777,1,0,0,0
8821,13.941,-6.72184,1,0,0,0
8822,14.0504,-7.52083,1,0,0,0
8823,14.1531,-8.32445,1,0,0,0
8824,14.249,-9.1324,1,0,0,0
8825,14.3379,-9.94439,1,0,0,0
8826,14.4197,-10.7601,1,0,0,0
8827,14.4941,-11.5792,1,0,0,0
8828,14.5611,-12.4014,1,0,0,0
8829,14.6205,-13.2264,1,0,0,0
8830,14.6723,-14.0538,1,0,0,0
8831,14.7162,-14.8833,1,0,0,0
8832,14.7523,-15.7145,1,0,0,0
8833,14.7804,-16.5472,1,0,0,0
8834,14.8005,-17.3809,1,0,0,0
8835,14.8126,-18.2153,1,0,0,0
8836,14.0503,-2.81453,1,0,0,0
8837,14.1505,-3.64158,1,0,0,0
8838,14.2463,-4.47291,1,0,0,0
8839,14.3377,-5.30833,1,0,0,0
8840,14.4245,-6.14763,1,0,0,0
8841,14.5065,-6.99062,1,0,0,0
8842,14.5835,-7.83709,1,0,0,0
8843,14.6555,-8.6868,1,0,0,0
8844,14.7222,-9.53954,1,0,0,0
8845,14.7835,-10.3951,1,0,0,0
8846,14.8393,-11.2532,1,0,0,0
8847,14.8896,-12.1136,1,0,0,0
8848,14.9342,-12.9761,1,0,0,0
8849,14.973,-13.8404,1,0,0,0
8850,15.0059,-14.7062,1,0,0,0
8851,15.033,-15.5734,1,0,0,0
8852,15.0541,-16.4416,1,0,0,0
8853,15.0692,-17.3106,1,0,0,0
8854,15.0782,-18.1802,1,0,0,0
8855,14.6585,-2.05135,1,0,0,0
8856,14.7253,-2.92772,1,0,0,0
8857,14.7892,-3.80694,1,0,0,0
8858,14.8502,-4.68888,1,0,0,0
8859,14.908,-5.57342,1,0,0,0
8860,14.9627,-6.46042,1,0,0,0
8861,15.014,-7.34972,1,0,0,0
8862,15.062,-8.2412,1,0,0,0
8863,15.1064,-9.1347,1,0,0,0
8864,15.1473,-10.0301,1,0,0,0
8865,15.1846,-10.9271,1,0,0,0
8866,15.2181,-11.8257,1,0,0,0
8867,15.2478,-12.7257,1,0,0,0
8868,15.2736,-13.6269,1,0,0,0
8869,15.2956,-14.5292,1,0,0,0
8870,15.3136,-15.4323,1,0,0,0
8871,15.3277,-16.3361,1,0,0,0
8872,15.3378,-17.2404,1,0,0,0
8873,15.3438,-18.1451,1,0,0,0
8874,15.2668,-1.28818,1,0,0,0
8875,15.3002,-2.21386,1,0,0,0
8876,15.3321,-3.14097,1,0,0,0
8877,15.3626,-4.06944,1,0,0,0
8878,15.3915,-4.99921,1,0,0,0
8879,15.4188,-5.93021,1,0,0,0
8880,15.4445,-6.86236,1,0,0,0
8881,15.4685,-7.7956,1,0,0,0
8882,15.4907,-8.72985,1,0,0,0
8883,15.5112,-9.66503,1,0,0,0
8884,15.5298,-10.6011,1,0,0,0
8885,15.5465,-11.5379,1,0,0,0
8886,15.5614,-12.4754,1,0,0,0
8887,15.5743,-13.4135,1,0,0,0
8888,15.5853,-14.3521,1,0,0,0
8889,15.5943,-15.2911,1,0,0,0
8890,15.6014,-16.2305,1,0,0,0
8891,15.6064,-17.1702,1,0,0,0
8892,15.6094,-18.1101,1,0,0,0
8893,2.85267,-16.2929,0,0,0,0
8894,3.37386,-15.691,0,0,0,0
8895,3.89505,-15.0891,0,0,0,0
8896,2.96191,-16.4104,0,0,0,0
8897,3.50954,-15.8328,0,0,0,0
8898,4.05716,-15.2552,0,0,0,0
8899,3.06632,-16.5322,0,0,0,0
8900,3.63926,-15.98,0,0,0,0
8901,4.2122,-15.4278,0,0,0,0
8902,3.16571,-16.6581,0,0,0,0
8903,3.76279,-16.1325,0,0,0,0
8904,4.35988,-15.6069,0,0,0,0
8905,3.25993,-16.788,0,0,0,0
8906,3.87994,-16.29,0,0,0,0
8907,4.49995,-15.7919,0,0,0,0
8908,3.34881,-16.9216,0,0,0,0
8909,3.99049,-16.4521,0,0,0,0
8910,4.63217,-15.9827,0,0,0,0
8911,3.43222,-17.0587,0,0,0,0
8912,4.09426,-16.6187,0,0,0,0
8913,4.75631,-16.1788,0,0,0,0
8914,3.51001,-17.199,0,0,0,0
8915,4.19108,-16.7895,0,0,0,0
8916,4.87214,-16.3799,0,0,0,0
8917,3.58206,-17.3424,0,0,0,0
8918,4.28076,-16.964,0,0,0,0
8919,4.97947,-16.5857,0,0,0,0
8920,3.64825,-17.4886,0,0,0,0
8921,4.36318,-17.1422,0,0,0,0
8922,5.0781,-16.7958,0,0,0,0
8923,3.70846,-17.6373,0,0,0,0
8924,4.43817,-17.3236,0,0,0,0
8925,5.16787,-17.0098,0,0,0,0
8926,3.76261,-17.7884,0,0,0,0
8927,4.50562,-17.5079,0,0,0,0
8928,5.24862,-17.2274,0,0,0,0
8929,3.8106,-17.9415,0,0,0,0
8930,4.5654,-17.6949,0,0,0,0
8931,5.32021,-17.4482,0,0,0,0
8932,3.85235,-18.0965,0,0,0,0
8933,4.61742,-17.8841,0,0,0,0
8934,5.3825,-17.6718,0,0,0,0
8935,3.88779,-18.253,0,0,0,0
8936,4.6616,-18.0754,0,0,0,0
8937,5.4354,-17.8978,0,0,0,0
8938,3.91687,-18.4108,0,0,0,0
8939,4.69784,-18.2683,0,0,0,0
8940,5.4788,-18.1258,0,0,0,0
8941,3.93954,-18.5697,0,0,0,0
8942,4.72609,-18.4626,0,0,0,0
8943,5.51264,-18.3554,0,0,0,0
8944,3.95576,-18.7294,0,0,0,0
8945,4.74631,-18.6578,0,0,0,0
8946,5.53685,-18.5863,0,0,0,0
8947,3.9655,-18.8895,0,0,0,0
8948,4.75845,-18.8537,0,0,0,0
8949,5.5514,-18.8179,0,0,0,0
8950,6.2367,-12.3849,0,0,0,0
8951,6.51799,-12.6597,0,0,0,0
8952,6.78719,-12.9463,0,0,0,0
8953,7.04379,-13.2443,0,0,0,0
8954,7.28731,-13.5531,0,0,0,0
8955,7.51732,-13.872,0,0,0,0
8956,7.73337,-14.2006,0,0,0,0
8957,7.93506,-14.5382,0,0,0,0
8958,8.12203,-14.8841,0,0,0,0
8959,8.29393,-15.2378,0,0,0,0
8960,8.45043,-15.5986,0,0,0,0
8961,8.59125,-15.9657,0,0,0,0
8962,8.71612,-16.3386,0,0,0,0
8963,8.82482,-16.7165,0,0,0,0
8964,8.91714,-17.0988,0,0,0,0
8965,8.9929,-17.4847,0,0,0,0
8966,9.05198,-17.8735,0,0,0,0
8967,9.09426,-18.2644,0,0,0,0
8968,9.11965,-18.6568,0,0,0,0
8969,5.97664,-12.6852,0,0,0,0
8970,6.24468,-12.9479,0,0,0,0
8971,6.50118,-13.2219,0,0,0,0
8972,6.74567,-13.5067,0,0,0,0
8973,6.97769,-13.8018,0,0,0,0
8974,7.19682,-14.1065,0,0,0,0
8975,7.40265,-14.4203,0,0,0,0
8976,7.5948,-14.7428,0,0,0,0
8977,7.77291,-15.0732,0,0,0,0
8978,7.93666,-15.4109,0,0,0,0
8979,8.08574,-15.7554,0,0,0,0
8980,8.21988,-16.1059,0,0,0,0
8981,8.33882,-16.4619,0,0,0,0
8982,8.44236,-16.8227,0,0,0,0
8983,8.53029,-17.1876,0,0,0,0
8984,8.60246,-17.5559,0,0,0,0
8985,8.65872,-17.927,0,0,0,0
8986,8.69899,-18.3002,0,0,0,0
8987,8.72318,-18.6747,0,0,0,0
8988,5.71657,-12.9855,0,0,0,0
8989,5.97136,-13.2362,0,0,0,0
8990,6.21517,-13.4976,0,0,0,0
8991,6.44755,-13.7691,0,0,0,0
8992,6.66807,-14.0504,0,0,0,0
8993,6.87633,-14.3409,0,0,0,0
8994,7.07193,-14.6401,0,0,0,0
8995,7.25453,-14.9474,0,0,0,0
8996,7.42379,-15.2622,0,0,0,0
8997,7.57939,-15.584,0,0,0,0
8998,7.72105,-15.9121,0,0,0,0
8999,7.8485,-16.2461,0,0,0,0
9000,7.96152,-16.5852,0,0,0,0
9001,8.05989,-16.9288,0,0,0,0
9002,8.14344,-17.2763,0,0,0,0
9003,8.21201,-17.6271,0,0,0,0
9004,8.26547,-17.9806,0,0,0,0
9005,8.30373,-18.3359,0,0,0,0
9006,8.32671,-18.6926,0,0,0,0
9007,5.4565,-13.2859,0,0,0,0
9008,5.69805,-13.5245,0,0,0,0
9009,5.92916,-13.7732,0,0,0,0
9010,6.14943,-14.0316,0,0,0,0
9011,6.35845,-14.2991,0,0,0,0
9012,6.55583,-14.5754,0,0,0,0
9013,6.74122,-14.8598,0,0,0,0
9014,6.91427,-15.152,0,0,0,0
9015,7.07466,-15.4512,0,0,0,0
9016,7.22212,-15.7571,0,0,0,0
9017,7.35635,-16.0689,0,0,0,0
9018,7.47713,-16.3862,0,0,0,0
9019,7.58422,-16.7085,0,0,0,0
9020,7.67743,-17.0349,0,0,0,0
9021,7.75659,-17.3651,0,0,0,0
9022,7.82156,-17.6984,0,0,0,0
9023,7.87221,-18.0341,0,0,0,0
9024,7.90846,-18.3717,0,0,0,0
9025,7.93024,-18.7105,0,0,0,0
9026,5.19644,-13.5862,0,0,0,0
9027,5.42473,-13.8127,0,0,0,0
9028,5.64316,-14.0488,0,0,0,0
9029,5.85132,-14.294,0,0,0,0
9030,6.04883,-14.5478,0,0,0,0
9031,6.23534,-14.8098,0,0,0,0
9032,6.4105,-15.0796,0,0,0,0
9033,6.574,-15.3565,0,0,0,0
9034,6.72554,-15.6402,0,0,0,0
9035,6.86485,-15.9301,0,0,0,0
9036,6.99166,-16.2257,0,0,0,0
9037,7.10575,-16.5264,0,0,0,0
9038,7.20691,-16.8317,0,0,0,0
9039,7.29497,-17.1411,0,0,0,0
9040,7.36974,-17.4539,0,0,0,0
9041,7.43111,-17.7696,0,0,0,0
9042,7.47896,-18.0877,0,0,0,0
9043,7.5132,-18.4075,0,0,0,0
9044,7.53376,-18.7284,0,0,0,0
9045,4.93637,-13.8865,0,0,0,0
9046,5.15142,-14.101,0,0,0,0
9047,5.35715,-14.3244,0,0,0,0
9048,5.5532,-14.5564,0,0,0,0
9049,5.73921,-14.7965,0,0,0,0
9050,5.91484,-15.0443,0,0,0,0
9051,6.07978,-15.2993,0,0,0,0
9052,6.23374,-15.5611,0,0,0,0
9053,6.37642,-15.8293,0,0,0,0
9054,6.50758,-16.1032,0,0,0,0
9055,6.62697,-16.3825,0,0,0,0
9056,6.73438,-16.6666,0,0,0,0
9057,6.82961,-16.955,0,0,0,0
9058,6.9125,-17.2472,0,0,0,0
9059,6.98289,-17.5427,0,0,0,0
9060,7.04066,-17.8408,0,0,0,0
9061,7.0857,-18.1412,0,0,0,0
9062,7.11793,-18.4432,0,0,0,0
9063,7.13729,-18.7463,0,0,0,0
9064,4.67631,-14.1869,0,0,0,0
9065,4.8781,-14.3893,0,0,0,0
9066,5.07114,-14.6001,0,0,0,0
9067,5.25508,-14.8188,0,0,0,0
9068,5.42959,-15.0452,0,0,0,0
9069,5.59435,-15.2787,0,0,0,0
9070,5.74907,-15.5191,0,0,0,0
9071,5.89347,-15.7657,0,0,0,0
9072,6.0273,-16.0183,0,0,0,0
9073,6.1503,-16.2763,0,0,0,0
9074,6.26227,-16.5393,0,0,0,0
9075,6.363,-16.8068,0,0,0,0
9076,6.45231,-17.0783,0,0,0,0
9077,6.53004,-17.3533,0,0,0,0
9078,6.59605,-17.6314,0,0,0,0
9079,6.65021,-17.9121,0,0,0,0
9080,6.69245,-18.1948,0,0,0,0
9081,6.72267,-18.479,0,0,0,0
9082,6.74082,-18.7642,0,0,0,0
9083,8.3163,-9.9833,0,0,0,0
9084,8.70364,-10.3545,0,0,0,0
9085,9.07444,-10.7421,0,0,0,0
9086,9.42799,-11.1456,0,0,0,0
9087,9.76361,-11.5641,0,0,0,0
9088,10.0807,-11.9969,0,0,0,0
9089,10.3786,-12.443,0,0,0,0
9090,10.6567,-12.9018,0,0,0,0
9091,10.9146,-13.3722,0,0,0,0
9092,11.1518,-13.8534,0,0,0,0
9093,11.3677,-14.3444,0,0,0,0
9094,11.562,-14.8445,0,0,0,0
9095,11.7344,-15.3525,0,0,0,0
9096,11.8844,-15.8676,0,0,0,0
9097,12.0118,-16.3887,0,0,0,0
9098,12.1164,-16.9148,0,0,0,0
9099,12.198,-17.4451,0,0,0,0
9100,12.2564,-17.9783,0,0,0,0
9101,12.2914,-18.5137,0,0,0,0
9102,8.05636,-10.2835,0,0,0,0
9103,8.43045,-10.6426,0,0,0,0
9104,8.78855,-11.0177,0,0,0,0
9105,9.12998,-11.4079,0,0,0,0
9106,9.45408,-11.8127,0,0,0,0
9107,9.76026,-12.2313,0,0,0,0
9108,10.0479,-12.6627,0,0,0,0
9109,10.3165,-13.1063,0,0,0,0
9110,10.5655,-13.5612,0,0,0,0
9111,10.7945,-14.0264,0,0,0,0
9112,11.003,-14.5012,0,0,0,0
9113,11.1907,-14.9846,0,0,0,0
9114,11.3571,-15.4758,0,0,0,0
9115,11.502,-15.9737,0,0,0,0
9116,11.625,-16.4774,0,0,0,0
9117,11.726,-16.9861,0,0,0,0
9118,11.8047,-17.4986,0,0,0,0
9119,11.8611,-18.0141,0,0,0,0
9120,11.895,-18.5316,0,0,0,0
9121,7.79643,-10.5837,0,0,0,0
9122,8.15726,-10.9307,0,0,0,0
9123,8.50266,-11.2932,0,0,0,0
9124,8.83196,-11.6703,0,0,0,0
9125,9.14456,-12.0613,0,0,0,0
9126,9.43985,-12.4657,0,0,0,0
9127,9.71728,-12.8824,0,0,0,0
9128,9.97632,-13.3108,0,0,0,0
9129,10.2165,-13.7501,0,0,0,0
9130,10.4373,-14.1995,0,0,0,0
9131,10.6384,-14.658,0,0,0,0
9132,10.8193,-15.1248,0,0,0,0
9133,10.9798,-15.599,0,0,0,0
9134,11.1195,-16.0798,0,0,0,0
9135,11.2382,-16.5662,0,0,0,0
9136,11.3356,-17.0573,0,0,0,0
9137,11.4115,-17.5522,0,0,0,0
9138,11.4658,-18.0499,0,0,0,0
9139,11.4985,-18.5495,0,0,0,0
9140,7.5365,-10.8838,0,0,0,0
9141,7.88407,-11.2189,0,0,0,0
9142,8.21676,-11.5687,0,0,0,0
9143,8.53395,-11.9326,0,0,0,0
9144,8.83503,-12.31,0,0,0,0
9145,9.11944,-12.7,0,0,0,0
9146,9.38664,-13.1021,0,0,0,0
9147,9.63612,-13.5154,0,0,0,0
9148,9.86741,-13.9391,0,0,0,0
9149,10.0801,-14.3725,0,0,0,0
9150,10.2737,-14.8147,0,0,0,0
9151,10.448,-15.2649,0,0,0,0
9152,10.6025,-15.7223,0,0,0,0
9153,10.7371,-16.1859,0,0,0,0
9154,10.8513,-16.655,0,0,0,0
9155,10.9451,-17.1285,0,0,0,0
9156,11.0182,-17.6057,0,0,0,0
9157,11.0706,-18.0856,0,0,0,0
9158,11.102,-18.5674,0,0,0,0
9159,7.27656,-11.184,0,0,0,0
9160,7.61088,-11.507,0,0,0,0
9161,7.93087,-11.8442,0,0,0,0
9162,8.23594,-12.1949,0,0,0,0
9163,8.52551,-12.5586,0,0,0,0
9164,8.79903,-12.9344,0,0,0,0
9165,9.056,-13.3218,0,0,0,0
9166,9.29592,-13.7199,0,0,0,0
9167,9.51835,-14.1281,0,0,0,0
9168,9.72286,-14.5456,0,0,0,0
9169,9.90908,-14.9715,0,0,0,0
9170,10.0767,-15.4051,0,0,0,0
9171,10.2253,-15.8456,0,0,0,0
9172,10.3546,-16.2921,0,0,0,0
9173,10.4645,-16.7437,0,0,0,0
9174,10.5547,-17.1998,0,0,0,0
9175,10.625,-17.6593,0,0,0,0
9176,10.6753,-18.1214,0,0,0,0
9177,10.7055,-18.5853,0,0,0,0
9178,7.01663,-11.4842,0,0,0,0
9179,7.33769,-11.7951,0,0,0,0
9180,7.64498,-12.1197,0,0,0,0
9181,7.93793,-12.4572,0,0,0,0
9182,8.21598,-12.8072,0,0,0,0
9183,8.47863,-13.1688,0,0,0,0
9184,8.72536,-13.5415,0,0,0,0
9185,8.95572,-13.9245,0,0,0,0
9186,9.16928,-14.3171,0,0,0,0
9187,9.36564,-14.7186,0,0,0,0
9188,9.54443,-15.1283,0,0,0,0
9189,9.70531,-15.5453,0,0,0,0
9190,9.84798,-15.9688,0,0,0,0
9191,9.97217,-16.3982,0,0,0,0
9192,10.0777,-16.8325,0,0,0,0
9193,10.1642,-17.271,0,0,0,0
9194,10.2317,-17.7128,0,0,0,0
9195,10.28,-18.1571,0,0,0,0
9196,10.3091,-18.6032,0,0,0,0
9197,6.7567,-11.7844,0,0,0,0
9198,7.0645,-12.0833,0,0,0,0
9199,7.35909,-12.3952,0,0,0,0
9200,7.63992,-12.7196,0,0,0,0
9201,7.90646,-13.0558,0,0,0,0
9202,8.15822,-13.4032,0,0,0,0
9203,8.39472,-13.7612,0,0,0,0
9204,8.61553,-14.129,0,0,0,0
9205,8.82022,-14.5061,0,0,0,0
9206,9.00842,-14.8917,0,0,0,0
9207,9.17978,-15.285,0,0,0,0
9208,9.33397,-15.6854,0,0,0,0
9209,9.4707,-16.0921,0,0,0,0
9210,9.58973,-16.5043,0,0,0,0
9211,9.69082,-16.9213,0,0,0,0
9212,9.77379,-17.3422,0,0,0,0
9213,9.83849,-17.7664,0,0,0,0
9214,9.88478,-18.1929,0,0,0,0
9215,9.9126,-18.621,0,0,0,0
9216,12.9535,-18.4607,0,0,0,0
9217,12.9202,-17.8724,0,0,0,0
9218,12.8649,-17.286,0,0,0,0
9219,12.7875,-16.7025,0,0,0,0
9220,12.6884,-16.1228,0,0,0,0
9221,12.5675,-15.548,0,0,0,0
9222,12.4253,-14.9789,0,0,0,0
9223,12.2618,-14.4165,0,0,0,0
9224,12.0776,-13.8616,0,0,0,0
9225,11.8728,-13.3153,0,0,0,0
9226,11.6479,-12.7783,0,0,0,0
9227,11.4034,-12.2516,0,0,0,0
9228,11.1397,-11.736,0,0,0,0
9229,10.8572,-11.2323,0,0,0,0
9230,10.5566,-10.7413,0,0,0,0
9231,10.2384,-10.2639,0,0,0,0
9232,9.90322,-9.80066,0,0,0,0
9233,9.55168,-9.35246,0,0,0,0
9234,9.18446,-8.91995,0,0,0,0
9235,13.2191,-18.4256,0,0,0,0
9236,13.1889,-17.8022,0,0,0,0
9237,13.1385,-17.1804,0,0,0,0
9238,13.0682,-16.5613,0,0,0,0
9239,12.9781,-15.9458,0,0,0,0
9240,12.8682,-15.3345,0,0,0,0
9241,12.7389,-14.7285,0,0,0,0
9242,12.5903,-14.1286,0,0,0,0
9243,12.4228,-13.5356,0,0,0,0
9244,12.2366,-12.9503,0,0,0,0
9245,12.0322,-12.3735,0,0,0,0
9246,11.8099,-11.806,0,0,0,0
9247,11.5702,-11.2486,0,0,0,0
9248,11.3134,-10.7021,0,0,0,0
9249,11.0401,-10.1671,0,0,0,0
9250,10.7508,-9.64442,0,0,0,0
9251,10.4461,-9.1347,0,0,0,0
9252,10.1265,-8.6386,0,0,0,0
9253,9.79269,-8.15677,0,0,0,0
9254,13.4847,-18.3906,0,0,0,0
9255,13.4575,-17.7319,0,0,0,0
9256,13.4122,-17.0749,0,0,0,0
9257,13.3489,-16.4202,0,0,0,0
9258,13.2678,-15.7687,0,0,0,0
9259,13.1689,-15.1211,0,0,0,0
9260,13.0525,-14.4782,0,0,0,0
9261,12.9188,-13.8407,0,0,0,0
9262,12.768,-13.2095,0,0,0,0
9263,12.6005,-12.5852,0,0,0,0
9264,12.4165,-11.9686,0,0,0,0
9265,12.2164,-11.3604,0,0,0,0
9266,12.0006,-10.7613,0,0,0,0
9267,11.7696,-10.1719,0,0,0,0
9268,11.5236,-9.5929,0,0,0,0
9269,11.2632,-9.02498,0,0,0,0
9270,10.989,-8.46873,0,0,0,0
9271,10.7014,-7.92474,0,0,0,0
9272,10.4009,-7.3936,0,0,0,0
9273,13.7503,-18.3555,0,0,0,0
9274,13.7261,-17.6617,0,0,0,0
9275,13.6858,-16.9693,0,0,0,0
9276,13.6296,-16.2791,0,0,0,0
9277,13.5574,-15.5916,0,0,0,0
9278,13.4696,-14.9076,0,0,0,0
9279,13.3661,-14.2278,0,0,0,0
9280,13.2472,-13.5529,0,0,0,0
9281,13.1132,-12.8835,0,0,0,0
9282,12.9643,-12.2202,0,0,0,0
9283,12.8008,-11.5638,0,0,0,0
9284,12.6229,-10.9148,0,0,0,0
9285,12.4311,-10.2739,0,0,0,0
9286,12.2257,-9.64166,0,0,0,0
9287,12.0071,-9.01869,0,0,0,0
9288,11.7757,-8.40553,0,0,0,0
9289,11.5319,-7.80276,0,0,0,0
9290,11.2762,-7.21088,0,0,0,0
9291,11.0092,-6.63042,0,0,0,0
9292,14.0159,-18.3204,0,0,0,0
9293,13.9947,-17.5915,0,0,0,0
9294,13.9595,-16.8638,0,0,0,0
9295,13.9103,-16.1379,0,0,0,0
9296,13.8471,-15.4145,0,0,0,0
9297,13.7702,-14.6942,0,0,0,0
9298,13.6797,-13.9775,0,0,0,0
9299,13.5757,-13.265,0,0,0,0
9300,13.4585,-12.5574,0,0,0,0
9301,13.3282,-11.8552,0,0,0,0
9302,13.1851,-11.1589,0,0,0,0
9303,13.0294,-10.4692,0,0,0,0
9304,12.8616,-9.78654,0,0,0,0
9305,12.6819,-9.11146,0,0,0,0
9306,12.4906,-8.44448,0,0,0,0
9307,12.2881,-7.78609,0,0,0,0
9308,12.0748,-7.13679,0,0,0,0
9309,11.8511,-6.49702,0,0,0,0
9310,11.6174,-5.86724,0,0,0,0
9311,14.2815,-18.2854,0,0,0,0
9312,14.2633,-17.5213,0,0,0,0
9313,14.2331,-16.7583,0,0,0,0
9314,14.1909,-15.9968,0,0,0,0
9315,14.1368,-15.2375,0,0,0,0
9316,14.0709,-14.4807,0,0,0,0
9317,13.9933,-13.7271,0,0,0,0
9318,13.9042,-12.9772,0,0,0,0
9319,13.8037,-12.2313,0,0,0,0
9320,13.692,-11.4902,0,0,0,0
9321,13.5693,-10.7541,0,0,0,0
9322,13.436,-10.0236,0,0,0,0
9323,13.2921,-9.29917,0,0,0,0
9324,13.138,-8.58125,0,0,0,0
9325,12.9741,-7.87027,0,0,0,0
9326,12.8005,-7.16665,0,0,0,0
9327,12.6177,-6.47082,0,0,0,0
9328,12.4259,-5.78316,0,0,0,0
9329,12.2256,-5.10406,0,0,0,0
9330,14.547,-18.2503,0,0,0,0
9331,14.5319,-17.4511,0,0,0,0
9332,14.5068,-16.6527,0,0,0,0
9333,14.4716,-15.8557,0,0,0,0
9334,14.4265,-15.0604,0,0,0,0
9335,14.3716,-14.2673,0,0,0,0
9336,14.3069,-13.4768,0,0,0,0
9337,14.2326,-12.6893,0,0,0,0
9338,14.1489,-11.9053,0,0,0,0
9339,14.0558,-11.1251,0,0,0,0
9340,13.9536,-10.3492,0,0,0,0
9341,13.8425,-9.578,0,0,0,0
9342,13.7226,-8.81181,0,0,0,0
9343,13.5942,-8.05104,0,0,0,0
9344,13.4576,-7.29605,0,0,0,0
9345,13.3129,-6.54721,0,0,0,0
9346,13.1606,-5.80485,0,0,0,0
9347,13.0008,-5.0693,0,0,0,0
9348,12.8338,-4.34089,0,0,0,0
9349,14.8126,-18.2153,0,0,0,0
9350,14.8005,-17.3809,0,0,0,0
9351,14.7804,-16.5472,0,0,0,0
9352,14.7523,-15.7145,0,0,0,0
9353,14.7162,-14.8833,0,0,0,0
9354,14.6723,-14.0538,0,0,0,0
9355,14.6205,-13.2264,0,0,0,0
9356,14.5611,-12.4014,0,0,0,0
9357,14.4941,-11.5792,0,0,0,0
9358,14.4197,-10.7601,0,0,0,0
9359,14.3379,-9.94439,0,0,0,0
9360,14.249,-9.1324,0,0,0,0
9361,14.1531,-8.32445,0,0,0,0
9362,14.0504,-7.52083,0,0,0,0
9363,13.941,-6.72184,0,0,0,0
9364,13.8253,-5.92777,0,0,0,0
9365,13.7034,-5.13888,0,0,0,0
9366,13.5756,-4.35544,0,0,0,0
9367,13.4421,-3.57771,0,0,0,0
9368,15.0782,-18.1802,0,0,0,0
9369,15.0692,-17.3106,0,0,0,0
9370,15.0541,-16.4416,0,0,0,0
9371,15.033,-15.5734,0,0,0,0
9372,15.0059,-14.7062,0,0,0,0
9373,14.973,-13.8404,0,0,0,0
9374,14.9342,-12.9761,0,0,0,0
9375,14.8896,-12.1136,0,0,0,0
9376,14.8393,-11.2532,0,0,0,0
9377,14.7835,-10.3951,0,0,0,0
9378,14.7222,-9.53954,0,0,0,0
9379,14.6555,-8.6868,0,0,0,0
9380,14.5835,-7.83709,0,0,0,0
9381,14.5065,-6.99062,0,0,0,0
9382,14.4245,-6.14763,0,0,0,0
9383,14.3377,-5.30833,0,0,0,0
9384,14.2463,-4.47291,0,0,0,0
9385,14.1505,-3.64158,0,0,0,0
9386,14.0503,-2.81453,0,0,0,0
9387,15.3438,-18.1451,0,0,0,0
9388,15.3378,-17.2404,0,0,0,0
9389,15.3277,-16.3361,0,0,0,0
9390,15.3136,-15.4323,0,0,0,0
9391,15.2956,-14.5292,0,0,0,0
9392,15.2736,-13.6269,0,0,0,0
9393,15.2478,-12.7257,0,0,0,0
9394,15.2181,-11.8257,0,0,0,0
9395,15.1846,-10.9271,0,0,0,0
9396,15.1473,-10.0301,0,0,0,0
9397,15.1064,-9.1347,0,0,0,0
9398,15.062,-8.2412,0,0,0,0
9399,15.014,-7.34972,0,0,0,0
9400,14.9627,-6.46042,0,0,0,0
9401,14.908,-5.57342,0,0,0,0
9402,14.8502,-4.68888,0,0,0,0
9403,14.7892,-3.80694,0,0,0,0
9404,14.7253,-2.92772,0,0,0,0
9405,14.6585,-2.05135,0,0,0,0
9406,15.6094,-18.1101,0,0,0,0
9407,15.6064,-17.1702,0,0,0,0
9408,15.6014,-16.2305,0,0,0,0
9409,15.5943,-15.2911,0,0,0,0
9410,15.5853,-14.3521,0,0,0,0
9411,15.5743,-13.4135,0,0,0,0
9412,15.5614,-12.4754,0,0,0,0
9413,15.5465,-11.5379,0,0,0,0
9414,15.5298,-10.6011,0,0,0,0
9415,15.5112,-9.66503,0,0,0,0
9416,15.4907,-8.72985,0,0,0,0
9417,15.4685,-7.7956,0,0,0,0
9418,15.4445,-6.86236,0,0,0,0
9419,15.4188,-5.93021,0,0,0,0
9420,15.3915,-4.99921,0,0,0,0
9421,15.3626,-4.06944,0,0,0,0
9422,15.3321,-3.14097,0,0,0,0
9423,15.3002,-2.21386,0,0,0,0
9424,15.2668,-1.28818,0,0,0,0
9425,2.33147,-16.8948,0.666667,0,0,0
9426,2.33147,-16.8948,0.333333,0,0,0
9427,2.41429,-16.988,0.666667,0,0,0
9428,2.41429,-16.988,0.333333,0,0,0
9429,2.49338,-17.0844,0.666667,0,0,0
9430,2.49338,-17.0844,0.333333,0,0,0
9431,2.56863,-17.1838,0.666667,0,0,0
9432,2.56863,-17.1838,0.333333,0,0,0
9433,2.63992,-17.2861,0.666667,0,0,0
9434,2.63992,-17.2861,0.333333,0,0,0
9435,2.70713,-17.3911,0.666667,0,0,0
9436,2.70713,-17.3911,0.333333,0,0,0
9437,2.77017,-17.4986,0.666667,0,0,0
9438,2.77017,-17.4986,0.333333,0,0,0
9439,2.82895,-17.6086,0.666667,0,0,0
9440,2.82895,-17.6086,0.333333,0,0,0
9441,2.88335,-17.7208,0.666667,0,0,0
9442,2.88335,-17.7208,0.333333,0,0,0
9443,2.93332,-17.835,0.666667,0,0,0
9444,2.93332,-17.835,0.333333,0,0,0
9445,2.97876,-17.9511,0.666667,0,0,0
9446,2.97876,-17.9511,0.333333,0,0,0
9447,3.0196,-18.0689,0.666667,0,0,0
9448,3.0196,-18.0689,0.333333,0,0,0
9449,3.0558,-18.1882,0.666667,0,0,0
9450,3.0558,-18.1882,0.333333,0,0,0
9451,3.08727,-18.3088,0.666667,0,0,0
9452,3.08727,-18.3088,0.333333,0,0,0
9453,3.11399,-18.4306,0.666667,0,0,0
9454,3.11399,-18.4306,0.333333,0,0,0
9455,3.13591,-18.5533,0.666667,0,0,0
9456,3.13591,-18.5533,0.333333,0,0,0
9457,3.15299,-18.6768,0.666667,0,0,0
9458,3.15299,-18.6768,0.333333,0,0,0
9459,3.16521,-18.8009,0.666667,0,0,0
9460,3.16521,-18.8009,0.333333,0,0,0
9461,3.17255,-18.9254,0.666667,0,0,0
9462,3.17255,-18.9254,0.333333,0,0,0
9463,15.875,-0.525,0.666667,0,0,0
9464,15.875,-0.525,0.333333,0,0,0
9465,15.875,-1.5,0.666667,0,0,0
9466,15.875,-1.5,0.333333,0,0,0
9467,15.875,-2.475,0.666667,0,0,0
9468,15.875,-2.475,0.333333,0,0,0
9469,15.875,-3.45,0.666667,0,0,0
9470,15.875,-3.45,0.333333,0,0,0
9471,15.875,-4.425,0.666667,0,0,0
9472,15.875,-4.425,0.333333,0,0,0
9473,15.875,-5.4,0.666667,0,0,0
9474,15.875,-5.4,0.333333,0,0,0
9475,15.875,-6.375,0.666667,0,0,0
9476,15.875,-6.375,0.333333,0,0,0
9477,15.875,-7.35,0.666667,0,0,0
9478,15.875,-7.35,0.333333,0,0,0
9479,15.875,-8.325,0.666667,0,0,0
9480,15.875,-8.325,0.333333,0,0,0
9481,15.875,-9.3,0.666667,0,0,0
9482,15.875,-9.3,0.333333,0,0,0
9483,15.875,-10.275,0.666667,0,0,0
9484,15.875,-10.275,0.333333,0,0,0
9485,15.875,-11.25,0.666667,0,0,0
9486,15.875,-11.25,0.333333,0,0,0
9487,15.875,-12.225,0.666667,0,0,0
9488,15.875,-12.225,0.333333,0,0,0
9489,15.875,-13.2,0.666667,0,0,0
9490,15.875,-13.2,0.333333,0,0,0
9491,15.875,-14.175,0.666667,0,0,0
9492,15.875,-14.175,0.333333,0,0,0
9493,15.875,-15.15,0.666667,0,0,0
9494,15.875,-15.15,0.333333,0,0,0
9495,15.875,-16.125,0.666667,0,0,0
9496,15.875,-16.125,0.333333,0,0,0
9497,15.875,-17.1,0.666667,0,0,0
9498,15.875,-17.1,0.333333,0,0,0
9499,15.875,-18.075,0.666667,0,0,0
9500,15.875,-18.075,0.333333,0,0,0
9501,14.8828,19.05,0.666667,0,0,0
9502,14.8828,19.05,0.333333,0,0,0
9503,13.8906,19.05,0.666667,0,0,0
9504,13.8906,19.05,0.333333,0,0,0
9505,12.8984,19.05,0.666667,0,0,0
9506,12.8984,19.05,0.333333,0,0,0
9507,11.9062,19.05,0.666667,0,0,0
9508,11.9062,19.05,0.333333,0,0,0
9509,10.9141,19.05,0.666667,0,0,0
9510,10.9141,19.05,0.333333,0,0,0
9511,9.92188,19.05,0.666667,0,0,0
9512,9.92188,19.05,0.333333,0,0,0
9513,8.92969,19.05,0.666667,0,0,0
9514,8.92969,19.05,0.333333,0,0,0
9515,7.9375,19.05,0.666667,0,0,0
9516,7.9375,19.05,0.333333,0,0,0
9517,6.94531,19.05,0.666667,0,0,0
9518,6.94531,19.05,0.333333,0,0,0
9519,5.95312,19.05,0.666667,0,0,0
9520,5.95312,19.05,0.333333,0,0,0
9521,4.96094,19.05,0.666667,0,0,0
9522,4.96094,19.05,0.333333,0,0,0
9523,3.96875,19.05,0.666667,0,0,0
9524,3.96875,19.05,0.333333,0,0,0
9525,2.97656,19.05,0.666667,0,0,0
9526,2.97656,19.05,0.333333,0,0,0
9527,1.98438,19.05,0.666667,0,0,0
9528,1.98438,19.05,0.333333,0,0,0
9529,0.992188,19.05,0.666667,0,0,0
9530,0.992188,19.05,0.333333,0,0,0
9531,14.8828,18.0711,1,0,0,0
9532,13.8906,18.0711,1,0,0,0
9533,12.8984,18.0711,1,0,0,0
9534,11.9062,18.0711,1,0,0,0
9535,10.9141,18.0711,1,0,0,0
9536,9.92188,18.0711,1,0,0,0
9537,8.92969,18.0711,1,0,0,0
9538,7.9375,18.0711,1,0,0,0
9539,6.94531,18.0711,1,0,0,0
9540,5.95312,18.0711,1,0,0,0
9541,4.96094,18.0711,1,0,0,0
9542,3.96875,18.0711,1,0,0,0
9543,2.97656,18.0711,1,0,0,0
9544,1.98438,18.0711,1,0,0,0
9545,0.992188,18.0711,1,0,0,0
9546,14.8828,17.0921,1,0,0,0
9547,13.8906,17.0921,1,0,0,0
9548,12.8984,17.0921,1,0,0,0
9549,11.9062,17.0921,1,0,0,0
9550,10.9141,17.0921,1,0,0,0
9551,9.92188,17.0921,1,0,0,0
9552,8.92969,17.0921,1,0,0,0
9553,7.9375,17.0921,1,0,0,0
9554,6.94531,17.0921,1,0,0,0
9555,5.95312,17.0921,1,0,0,0
9556,4.96094,17.0921,1,0,0,0
9557,3.96875,17.0921,1,0,0,0
9558,2.97656,17.0921,1,0,0,0
9559,1.98438,17.0921,1,0,0,0
9560,0.992188,17.0921,1,0,0,0
9561,14.8828,16.1132,1,0,0,0
9562,13.8906,16.1132,1,0,0,0
9563,12.8984,16.1132,1,0,0,0
9564,11.9062,16.1132,1,0,0,0
9565,10.9141,16.1132,1,0,0,0
9566,9.92188,16.1132,1,0,0,0
9567,8.92969,16.1132,1,0,0,0
9568,7.9375,16.1132,1,0,0,0
9569,6.94531,16.1132,1,0,0,0
9570,5.95312,16.1132,1,0,0,0
9571,4.96094,16.1132,1,0,0,0
9572,3.96875,16.1132,1,0,0,0
9573,2.97656,16.1132,1,0,0,0
9574,1.98438,16.1132,1,0,0,0
9575,0.992188,16.1132,1,0,0,0
9576,14.8828,15.1342,1,0,0,0
9577,13.8906,15.1342,1,0,0,0
9578,12.8984,15.1342,1,0,0,0
9579,11.9062,15.1342,1,0,0,0
9580,10.9141,15.1342,1,0,0,0
9581,9.92188,15.1342,1,0,0,0
9582,8.92969,15.1342,1,0,0,0
9583,7.9375,15.1342,1,0,0,0
9584,6.94531,15.1342,1,0,0,0
9585,5.95312,15.1342,1,0,0,0
9586,4.96094,15.1342,1,0,0,0
9587,3.96875,15.1342,1,0,0,0
9588,2.97656,15.1342,1,0,0,0
9589,1.98438,15.1342,1,0,0,0
9590,0.992188,15.1342,1,0,0,0
9591,14.8828,14.1553,1,0,0,0
9592,13.8906,14.1553,1,0,0,0
9593,12.8984,14.1553,1,0,0,0
9594,11.9062,14.1553,1,0,0,0
9595,10.9141,14.1553,1,0,0,0
9596,9.92188,14.1553,1,0,0,0
9597,8.92969,14.1553,1,0,0,0
9598,7.9375,14.1553,1,0,0,0
9599,6.94531,14.1553,1,0,0,0
9600,5.95312,14.1553,1,0,0,0
9601,4.96094,14.1553,1,0,0,0
9602,3.96875,14.1553,1,0,0,0
9603,2.97656,14.1553,1,0,0,0
9604,1.98438,14.1553,1,0,0,0
9605,0.992188,14.1553,1,0,0,0
9606,14.8828,13.1763,1,0,0,0
9607,13.8906,13.1763,1,0,0,0
9608,12.8984,13.1763,1,0,0,0
9609,11.9062,13.1763,1,0,0,0
9610,10.9141,13.1763,1,0,0,0
9611,9.92188,13.1763,1,0,0,0
9612,8.92969,13.1763,1,0,0,0
9613,7.9375,13.1763,1,0,0,0
9614,6.94531,13.1763,1,0,0,0
9615,5.95312,13.1763,1,0,0,0
9616,4.96094,13.1763,1,0,0,0
9617,3.96875,13.1763,1,0,0,0
9618,2.97656,13.1763,1,0,0,0
9619,1.98438,13.1763,1,0,0,0
9620,0.992188,13.1763,1,0,0,0
9621,14.8828,12.1974,1,0,0,0
9622,13.8906,12.1974,1,0,0,0
9623,12.8984,12.1974,1,0,0,0
9624,11.9062,12.1974,1,0,0,0
9625,10.9141,12.1974,1,0,0,0
9626,9.92188,12.1974,1,0,0,0
9627,8.92969,12.1974,1,0,0,0
9628,7.9375,12.1974,1,0,0,0
9629,6.94531,12.1974,1,0,0,0
9630,5.95312,12.1974,1,0,0,0
9631,4.96094,12.1974,1,0,0,0
9632,3.96875,12.1974,1,0,0,0
9633,2.97656,12.1974,1,0,0,0
9634,1.98438,12.1974,1,0,0,0
9635,0.992188,12.1974,1,0,0,0
9636,14.8828,11.2184,1,0,0,0
9637,13.8906,11.2184,1,0,0,0
9638,12.8984,11.2184,1,0,0,0
9639,11.9062,11.2184,1,0,0,0
9640,10.9141,11.2184,1,0,0,0
9641,9.92188,11.2184,1,0,0,0
9642,8.92969,11.2184,1,0,0,0
9643,7.9375,11.2184,1,0,0,0
9644,6.94531,11.2184,1,0,0,0
9645,5.95312,11.2184,1,0,0,0
9646,4.96094,11.2184,1,0,0,0
9647,3.96875,11.2184,1,0,0,0
9648,2.97656,11.2184,1,0,0,0
9649,1.98438,11.2184,1,0,0,0
9650,0.992188,11.2184,1,0,0,0
9651,14.8828,10.2395,1,0,0,0
9652,13.8906,10.2395,1,0,0,0
9653,12.8984,10.2395,1,0,0,0
9654,11.9062,10.2395,1,0,0,0
9655,10.9141,10.2395,1,0,0,0
9656,9.92188,10.2395,1,0,0,0
9657,8.92969,10.2395,1,0,0,0
9658,7.9375,10.2395,1,0,0,0
9659,6.94531,10.2395,1,0,0,0
9660,5.95312,10.2395,1,0,0,0
9661,4.96094,10.2395,1,0,0,0
9662,3.96875,10.2395,1,0,0,0
9663,2.97656,10.2395,1,0,0,0
9664,1.98438,10.2395,1,0,0,0
9665,0.992188,10.2395,1,0,0,0
9666,14.8828,9.26053,1,0,0,0
9667,13.8906,9.26053,1,0,0,0
9668,12.8984,9.26053,1,0,0,0
9669,11.9062,9.26053,1,0,0,0
9670,10.9141,9.26053,1,0,0,0
9671,9.92188,9.26053,1,0,0,0
9672,8.92969,9.26053,1,0,0,0
9673,7.9375,9.26053,1,0,0,0
9674,6.94531,9.26053,1,0,0,0
9675,5.95312,9.26053,1,0,0,0
9676,4.96094,9.26053,1,0,0,0
9677,3.96875,9.26053,1,0,0,0
9678,2.97656,9.26053,1,0,0,0
9679,1.98438,9.26053,1,0,0,0
9680,0.992188,9.26053,1,0,0,0
9681,14.8828,8.28158,1,0,0,0
9682,13.8906,8.28158,1,0,0,0
9683,12.8984,8.28158,1,0,0,0
9684,11.9062,8.28158,1,0,0,0
9685,10.9141,8.28158,1,0,0,0
9686,9.92188,8.28158,1,0,0,0
9687,8.92969,8.28158,1,0,0,0
9688,7.9375,8.28158,1,0,0,0
9689,6.94531,8.28158,1,0,0,0
9690,5.95312,8.28158,1,0,0,0
9691,4.96094,8.28158,1,0,0,0
9692,3.96875,8.28158,1,0,0,0
9693,2.97656,8.28158,1,0,0,0
9694,1.98438,8.28158,1,0,0,0
9695,0.992188,8.28158,1,0,0,0
9696,14.8828,7.30263,1,0,0,0
9697,13.8906,7.30263,1,0,0,0
9698,12.8984,7.30263,1,0,0,0
9699,11.9062,7.30263,1,0,0,0
9700,10.9141,7.30263,1,0,0,0
9701,9.92188,7.30263,1,0,0,0
9702,8.92969,7.30263,1,0,0,0
9703,7.9375,7.30263,1,0,0,0
9704,6.94531,7.30263,1,0,0,0
9705,5.95312,7.30263,1,0,0,0
9706,4.96094,7.30263,1,0,0,0
9707,3.96875,7.30263,1,0,0,0
9708,2.97656,7.30263,1,0,0,0
9709,1.98438,7.30263,1,0,0,0
9710,0.992188,7.30263,1,0,0,0
9711,14.8828,6.32368,1,0,0,0
9712,13.8906,6.32368,1,0,0,0
9713,12.8984,6.32368,1,0,0,0
9714,11.9062,6.32368,1,0,0,0
9715,10.9141,6.32368,1,0,0,0
9716,9.92188,6.32368,1,0,0,0
9717,8.92969,6.32368,1,0,0,0
9718,7.9375,6.32368,1,0,0,0
9719,6.94531,6.32368,1,0,0,0
9720,5.95312,6.32368,1,0,0,0
9721,4.96094,6.32368,1,0,0,0
9722,3.96875,6.32368,1,0,0,0
9723,2.97656,6.32368,1,0,0,0
9724,1.98438,6.32368,1,0,0,0
9725,0.992188,6.32368,1,0,0,0
9726,14.8828,5.34474,1,0,0,0
9727,13.8906,5.34474,1,0,0,0
9728,12.8984,5.34474,1,0,0,0
9729,11.9062,5.34474,1,0,0,0
9730,10.9141,5.34474,1,0,0,0
9731,9.92188,5.34474,1,0,0,0
9732,8.92969,5.34474,1,0,0,0
9733,7.9375,5.34474,1,0,0,0
9734,6.94531,5.34474,1,0,0,0
9735,5.95312,5.34474,1,0,0,0
9736,4.96094,5.34474,1,0,0,0
9737,3.96875,5.34474,1,0,0,0
9738,2.97656,5.34474,1,0,0,0
9739,1.98438,5.34474,1,0,0,0
9740,0.992188,5.34474,1,0,0,0
9741,14.8828,4.36579,1,0,0,0
9742,13.8906,4.36579,1,0,0,0
9743,12.8984,4.36579,1,0,0,0
9744,11.9062,4.36579,1,0,0,0
9745,10.9141,4.36579,1,0,0,0
9746,9.92188,4.36579,1,0,0,0
9747,8.92969,4.36579,1,0,0,0
9748,7.9375,4.36579,1,0,0,0
9749,6.94531,4.36579,1,0,0,0
9750,5.95312,4.36579,1,0,0,0
9751,4.96094,4.36579,1,0,0,0
9752,3.96875,4.36579,1,0,0,0
9753,2.97656,4.36579,1,0,0,0
9754,1.98438,4.36579,1,0,0,0
9755,0.992188,4.36579,1,0,0,0
9756,14.8828,3.38684,1,0,0,0
9757,13.8906,3.38684,1,0,0,0
9758,12.8984,3.38684,1,0,0,0
9759,11.9062,3.38684,1,0,0,0
9760,10.9141,3.38684,1,0,0,0
9761,9.92188,3.38684,1,0,0,0
9762,8.92969,3.38684,1,0,0,0
9763,7.9375,3.38684,1,0,0,0
9764,6.94531,3.38684,1,0,0,0
9765,5.95312,3.38684,1,0,0,0
9766,4.96094,3.38684,1,0,0,0
9767,3.96875,3.38684,1,0,0,0
9768,2.97656,3.38684,1,0,0,0
9769,1.98438,3.38684,1,0,0,0
9770,0.992188,3.38684,1,0,0,0
9771,14.8828,2.40789,1,0,0,0
9772,13.8906,2.40789,1,0,0,0
9773,12.8984,2.40789,1,0,0,0
9774,11.9062,2.40789,1,0,0,0
9775,10.9141,2.40789,1,0,0,0
9776,9.92188,2.40789,1,0,0,0
9777,8.92969,2.40789,1,0,0,0
9778,7.9375,2.40789,1,0,0,0
9779,6.94531,2.40789,1,0,0,0
9780,5.95312,2.40789,1,0,0,0
9781,4.96094,2.40789,1,0,0,0
9782,3.96875,2.40789,1,0,0,0
9783,2.97656,2.40789,1,0,0,0
9784,1.98438,2.40789,1,0,0,0
9785,0.992188,2.40789,1,0,0,0
9786,14.8828,1.42895,1,0,0,0
9787,13.8906,1.42895,1,0,0,0
9788,12.8984,1.42895,1,0,0,0
9789,11.9062,1.42895,1,0,0,0
9790,10.9141,1.42895,1,0,0,0
9791,9.92188,1.42895,1,0,0,0
9792,8.92969,1.42895,1,0,0,0
9793,7.9375,1.42895,1,0,0,0
9794,6.94531,1.42895,1,0,0,0
9795,5.95312,1.42895,1,0,0,0
9796,4.96094,1.42895,1,0,0,0
9797,3.96875,1.42895,1,0,0,0
9798,2.97656,1.42895,1,0,0,0
9799,1.98438,1.42895,1,0,0,0
9800,0.992188,1.42895,1,0,0,0
9801,14.8828,18.0711,0,0,0,0
9802,13.8906,18.0711,0,0,0,0
9803,12.8984,18.0711,0,0,0,0
9804,11.9062,18.0711,0,0,0,0
9805,10.9141,18.0711,0,0,0,0
9806,9.92188,18.0711,0,0,0,0
9807,8.92969,18.0711,0,0,0,0
9808,7.9375,18.0711,0,0,0,0
9809,6.94531,18.0711,0,0,0,0
9810,5.95312,18.0711,0,0,0,0
9811,4.96094,18.0711,0,0,0,0
9812,3.96875,18.0711,0,0,0,0
9813,2.97656,18.0711,0,0,0,0
9814,1.98438,18.0711,0,0,0,0
9815,0.992188,18.0711,0,0,0,0
9816,14.8828,17.0921,0,0,0,0
9817,13.8906,17.0921,0,0,0,0
9818,12.8984,17.0921,0,0,0,0
9819,11.9062,17.0921,0,0,0,0
9820,10.9141,17.0921,0,0,0,0
9821,9.92188,17.0921,0,0,0,0
9822,8.92969,17.0921,0,0,0,0
9823,7.9375,17.0921,0,0,0,0
9824,6.94531,17.0921,0,0,0,0
9825,5.95312,17.0921,0,0,0,0
9826,4.96094,17.0921,0,0,0,0
9827,3.96875,17.0921,0,0,0,0
9828,2.97656,17.0921,0,0,0,0
9829,1.98438,17.0921,0,0,0,0
9830,0.992188,17.0921,0,0,0,0
9831,14.8828,16.1132,0,0,0,0
9832,13.8906,16.1132,0,0,0,0
9833,12.8984,16.1132,0,0,0,0
9834,11.9062,16.1132,0,0,0,0
9835,10.9141,16.1132,0,0,0,0
9836,9.92188,16.1132,0,0,0,0
9837,8.92969,16.1132,0,0,0,0
9838,7.9375,16.1132,0,0,0,0
9839,6.94531,16.1132,0,0,0,0
9840,5.95312,16.1132,0,0,0,0
9841,4.96094,16.1132,0,0,0,0
9842,3.96875,16.1132,0,0,0,0
9843,2.97656,16.1132,0,0,0,0
9844,1.98438,16.1132,0,0,0,0
9845,0.992188,16.1132,0,0,0,0
9846,14.8828,15.1342,0,0,0,0
9847,13.8906,15.1342,0,0,0,0
9848,12.8984,15.1342,0,0,0,0
9849,11.9062,15.1342,0,0,0,0
9850,10.9141,15.1342,0,0,0,0
9851,9.92188,15.1342,0,0,0,0
9852,8.92969,15.1342,0,0,0,0
9853,7.9375,15.1342,0,0,0,0
9854,6.94531,15.1342,0,0,0,0
9855,5.95312,15.1342,0,0,0,0
9856,4.96094,15.1342,0,0,0,0
9857,3.96875,15.1342,0,0,0,0
9858,2.97656,15.1342,0,0,0,0
9859,1.98438,15.1342,0,0,0,0
9860,0.992188,15.1342,0,0,0,0
9861,14.8828,14.1553,0,0,0,0
9862,13.8906,14.1553,0,0,0,0
9863,12.8984,14.1553,0,0,0,0
9864,11.9062,14.1553,0,0,0,0
9865,10.9141,14.1553,0,0,0,0
9866,9.92188,14.1553,0,0,0,0
9867,8.92969,14.1553,0,0,0,0
9868,7.9375,14.1553,0,0,0,0
9869,6.94531,14.1553,0,0,0,0
9870,5.95312,14.1553,0,0,0,0
9871,4.96094,14.1553,0,0,0,0
9872,3.96875,14.1553,0,0,0,0
9873,2.97656,14.1553,0,0,0,0
9874,1.98438,14.1553,0,0,0,0
9875,0.992188,14.1553,0,0,0,0
9876,14.8828,13.1763,0,0,0,0
9877,13.8906,13.1763,0,0,0,0
9878,12.8984,13.1763,0,0,0,0
9879,11.9062,13.1763,0,0,0,0
9880,10.9141,13.1763,0,0,0,0
9881,9.92188,13.1763,0,0,0,0
9882,8.92969,13.1763,0,0,0,0
9883,7.9375,13.1763,0,0,0,0
9884,6.94531,13.1763,0,0,0,0
9885,5.95312,13.1763,0,0,0,0
9886,4.96094,13.1763,0,0,0,0
9887,3.96875,13.1763,0,0,0,0
9888,2.97656,13.1763,0,0,0,0
9889,1.98438,13.1763,0,0,0,0
9890,0.992188,13.1763,0,0,0,0
9891,14.8828,12.1974,0,0,0,0
9892,13.8906,12.1974,0,0,0,0
9893,12.8984,12.1974,0,0,0,0
9894,11.9062,12.1974,0,0,0,0
9895,10.9141,12.1974,0,0,0,0
9896,9.92188,12.1974,0,0,0,0
9897,8.92969,12.1974,0,0,0,0
9898,7.9375,12.1974,0,0,0,0
9899,6.94531,12.1974,0,0,0,0
9900,5.95312,12.1974,0,0,0,0
9901,4.96094,12.1974,0,0,0,0
9902,3.96875,12.1974,0,0,0,0
9903,2.97656,12.1974,0,0,0,0
9904,1.98438,12.1974,0,0,0,0
9905,0.992188,12.1974,0,0,0,0
9906,14.8828,11.2184,0,0,0,0
9907,13.8906,11.2184,0,0,0,0
9908,12.8984,11.2184,0,0,0,0
9909,11.9062,11.2184,0,0,0,0
9910,10.9141,11.2184,0,0,0,0
9911,9.92188,11.2184,0,0,0,0
9912,8.92969,11.2184,0,0,0,0
9913,7.9375,11.2184,0,0,0,0
9914,6.94531,11.2184,0,0,0,0
9915,5.95312,11.2184,0,0,0,0
9916,4.96094,11.2184,0,0,0,0
9917,3.96875,11.2184,0,0,0,0
9918,2.97656,11.2184,0,0,0,0
9919,1.98438,11.2184,0,0,0,0
9920,0.992188,11.2184,0,0,0,0
9921,14.8828,10.2395,0,0,0,0
9922,13.8906,10.2395,0,0,0,0
9923,12.8984,10.2395,0,0,0,0
9924,11.9062,10.2395,0,0,0,0
9925,10.9141,10.2395,0,0,0,0
9926,9.92188,10.2395,0,0,0,0
9927,8.92969,10.2395,0,0,0,0
9928,7.9375,10.2395,0,0,0,0
9929,6.94531,10.2395,0,0,0,0
9930,5.95312,10.2395,0,0,0,0
9931,4.96094,10.2395,0,0,0,0
9932,3.96875,10.2395,0,0,0,0
9933,2.97656,10.2395,0,0,0,0
9934,1.98438,10.2395,0,0,0,0
9935,0.992188,10.2395,0,0,0,0
9936,14.8828,9.26053,0,0,0,0
9937,13.8906,9.26053,0,0,0,0
9938,12.8984,9.26053,0,0,0,0
9939,11.9062,9.26053,0,0,0,0
9940,10.9141,9.26053,0,0,0,0
9941,9.92188,9.26053,0,0,0,0
9942,8.92969,9.26053,0,0,0,0
9943,7.9375,9.26053,0,0,0,0
9944,6.94531,9.26053,0,0,0,0
9945,5.95312,9.26053,0,0,0,0
9946,4.96094,9.26053,0,0,0,0
9947,3.96875,9.26053,0,0,0,0
9948,2.97656,9.26053,0,0,0,0
9949,1.98438,9.26053,0,0,0,0
9950,0.992188,9.26053,0,0,0,0
9951,14.8828,8.28158,0,0,0,0
9952,13.8906,8.28158,0,0,0,0
9953,12.8984,8.28158,0,0,0,0
9954,11.9062,8.28158,0,0,0,0
9955,10.9141,8.28158,0,0,0,0
9956,9.92188,8.28158,0,0,0,0
9957,8.92969,8.28158,0,0,0,0
9958,7.9375,8.28158,0,0,0,0
9959,6.94531,8.28158,0,0,0,0
9960,5.95312,8.28158,0,0,0,0
9961,4.96094,8.28158,0,0,0,0
9962,3.96875,8.28158,0,0,0,0
9963,2.97656,8.28158,0,0,0,0
9964,1.98438,8.28158,0,0,0,0
9965,0.992188,8.28158,0,0,0,0
9966,14.8828,7.30263,0,0,0,0
9967,13.8906,7.30263,0,0,0,0
9968,12.8984,7.30263,0,0,0,0
9969,11.9062,7.30263,0,0,0,0
9970,10.9141,7.30263,0,0,0,0
9971,9.92188,7.30263,0,0,0,0
9972,8.92969,7.30263,0,0,0,0
9973,7.9375,7.30263,0,0,0,0
9974,6.94531,7.30263,0,0,0,0
9975,5.95312,7.30263,0,0,0,0
9976,4.96094,7.30263,0,0,0,0
9977,3.96875,7.30263,0,0,0,0
9978,2.97656,7.30263,0,0,0,0
9979,1.98438,7.30263,0,0,0,0
9980,0.992188,7.30263,0,0,0,0
9981,14.8828,6.32368,0,0,0,0
9982,13.8906,6.32368,0,0,0,0
9983,12.8984,6.32368,0,0,0,0
9984,11.9062,6.32368,0,0,0,0
9985,10.9141,6.32368,0,0,0,0
9986,9.92188,6.32368,0,0,0,0
9987,8.92969,6.32368,0,0,0,0
9988,7.9375,6.32368,0,0,0,0
9989,6.94531,6.32368,0,0,0,0
9990,5.95312,6.32368,0,0,0,0
9991,4.96094,6.32368,0,0,0,0
9992,3.96875,6.32368,0,0,0,0
9993,2.97656,6.32368,0,0,0,0
9994,1.98438,6.32368,0,0,0,0
9995,0.992188,6.32368,0,0,0,0
9996,14.8828,5.34474,0,0,0,0
9997,13.8906,5.34474,0,0,0,0
9998,12.8984,5.34474,0,0,0,0
9999,11.9062,5.34474,0,0,0,0
10000,10.9141,5.34474,0,0,0,0
10001,9.92188,5.34474,0,0,0,0
10002,8.92969,5.34474,0,0,0,0
10003,7.9375,5.34474,0,0,0,0
10004,6.94531,5.34474,0,0,0,0
10005,5.95312,5.34474,0,0,0,0
10006,4.96094,5.34474,0,0,0,0
10007,3.96875,5.34474,0,0,0,0
10008,2.97656,5.34474,0,0,0,0
10009,1.98438,5.34474,0,0,0,0
10010,0.992188,5.34474,0,0,0,0
10011,14.8828,4.36579,0,0,0,0
10012,13.8906,4.36579,0,0,0,0
10013,12.8984,4.36579,0,0,0,0
10014,11.9062,4.36579,0,0,0,0
10015,10.9141,4.36579,0,0,0,0
10016,9.92188,4.36579,0,0,0,0
10017,8.92969,4.36579,0,0,0,0
10018,7.9375,4.36579,0,0,0,0
10019,6.94531,4.36579,0,0,0,0
10020,5.95312,4.36579,0,0,0,0
10021,4.96094,4.36579,0,0,0,0
10022,3.96875,4.36579,0,0,0,0
10023,2.97656,4.36579,0,0,0,0
10024,1.98438,4.36579,0,0,0,0
10025,0.992188,4.36579,0,0,0,0
10026,14.8828,3.38684,0,0,0,0
10027,13.8906,3.38684,0,0,0,0
10028,12.8984,3.38684,0,0,0,0
10029,11.9062,3.38684,0,0,0,0
10030,10.9141,3.38684,0,0,0,0
10031,9.92188,3.38684,0,0,0,0
10032,8.92969,3.38684,0,0,0,0
10033,7.9375,3.38684,0,0,0,0
10034,6.94531,3.38684,0,0,0,0
10035,5.95312,3.38684,0,0,0,0
10036,4.96094,3.38684,0,0,0,0
10037,3.96875,3.38684,0,0,0,0
10038,2.97656,3.38684,0,0,0,0
10039,1.98438,3.38684,0,0,0,0
10040,0.992188,3.38684,0,0,0,0
10041,14.8828,2.40789,0,0,0,0
10042,13.8906,2.40789,0,0,0,0
10043,12.8984,2.40789,0,0,0,0
10044,11.9062,2.40789,0,0,0,0
10045,10.9141,2.40789,0,0,0,0
10046,9.92188,2.40789,0,0,0,0
10047,8.92969,2.40789,0,0,0,0
10048,7.9375,2.40789,0,0,0,0
10049,6.94531,2.40789,0,0,0,0
10050,5.95312,2.40789,0,0,0,0
10051,4.96094,2.40789,0,0,0,0
10052,3.96875,2.40789,0,0,0,0
10053,2.97656,2.40789,0,0,0,0
10054,1.98438,2.40789,0,0,0,0
10055,0.992188,2.40789,0,0,0,0
10056,14.8828,1.42895,0,0,0,0
10057,13.8906,1.42895,0,0,0,0
10058,12.8984,1.42895,0,0,0,0
10059,11.9062,1.42895,0,0,0,0
10060,10.9141,1.42895,0,0,0,0
10061,9.92188,1.42895,0,0,0,0
10062,8.92969,1.42895,0,0,0,0
10063,7.9375,1.42895,0,0,0,0
10064,6.94531,1.42895,0,0,0,0
10065,5.95312,1.42895,0,0,0,0
10066,4.96094,1.42895,0,0,0,0
10067,3.96875,1.42895,0,0,0,0
10068,2.97656,1.42895,0,0,0,0
10069,1.98438,1.42895,0,0,0,0
10070,0.992188,1.42895,0,0,0,0
10071,0,18.0711,0.666667,0,0,0
10072,0,18.0711,0.333333,0,0,0
10073,0,17.0921,0.666667,0,0,0
10074,0,17.0921,0.333333,0,0,0
10075,0,16.1132,0.666667,0,0,0
10076,0,16.1132,0.333333,0,0,0
10077,0,15.1342,0.666667,0,0,0
10078,0,15.1342,0.333333,0,0,0
10079,0,14.1553,0.666667,0,0,0
10080,0,14.1553,0.333333,0,0,0
10081,0,13.1763,0.666667,0,0,0
10082,0,13.1763,0.333333,0,0,0
10083,0,12.1974,0.666667,0,0,0
10084,0,12.1974,0.333333,0,0,0
10085,0,11.2184,0.666667,0,0,0
10086,0,11.2184,0.333333,0,0,0
10087,0,10.2395,0.666667,0,0,0
10088,0,10.2395,0.333333,0,0,0
10089,0,9.26053,0.666667,0,0,0
10090,0,9.26053,0.333333,0,0,0
10091,0,8.28158,0.666667,0,0,0
10092,0,8.28158,0.333333,0,0,0
10093,0,7.30263,0.666667,0,0,0
10094,0,7.30263,0.333333,0,0,0
10095,0,6.32368,0.666667,0,0,0
10096,0,6.32368,0.333333,0,0,0
10097,0,5.34474,0.666667,0,0,0
10098,0,5.34474,0.333333,0,0,0
10099,0,4.36579,0.666667,0,0,0
10100,0,4.36579,0.333333,0,0,0
10101,0,3.38684,0.666667,0,0,0
10102,0,3.38684,0.333333,0,0,0
10103,0,2.40789,0.666667,0,0,0
10104,0,2.40789,0.333333,0,0,0
10105,0,1.42895,0.666667,0,0,0
10106,0,1.42895,0.333333,0,0,0
10107,-0.992188,1.42895,1,0,0,0
10108,-0.992188,2.40789,1,0,0,0
10109,-0.992188,3.38684,1,0,0,0
10110,-0.992188,4.36579,1,0,0,0
10111,-0.992188,5.34474,1,0,0,0
10112,-0.992188,6.32368,1,0,0,0
10113,-0.992188,7.30263,1,0,0,0
10114,-0.992188,8.28158,1,0,0,0
10115,-0.992188,9.26053,1,0,0,0
10116,-0.992188,10.2395,1,0,0,0
10117,-0.992188,11.2184,1,0,0,0
10118,-0.992188,12.1974,1,0,0,0
10119,-0.992188,13.1763,1,0,0,0
10120,-0.992188,14.1553,1,0,0,0
10121,-0.992188,15.1342,1,0,0,0
10122,-0.992188,16.1132,1,0,0,0
10123,-0.992188,17.0921,1,0,0,0
10124,-0.992188,18.0711,1,0,0,0
10125,-1.98438,1.42895,1,0,0,0
10126,-1.98438,2.40789,1,0,0,0
10127,-1.98438,3.38684,1,0,0,0
10128,-1.98438,4.36579,1,0,0,0
10129,-1.98438,5.34474,1,0,0,0
10130,-1.98438,6.32368,1,0,0,0
10131,-1.98438,7.30263,1,0,0,0
10132,-1.98438,8.28158,1,0,0,0
10133,-1.98438,9.26053,1,0,0,0
10134,-1.98438,10.2395,1,0,0,0
10135,-1.98438,11.2184,1,0,0,0
10136,-1.98438,12.1974,1,0,0,0
10137,-1.98438,13.1763,1,0,0,0
10138,-1.98438,14.1553,1,0,0,0
10139,-1.98438,15.1342,1,0,0,0
10140,-1.98438,16.1132,1,0,0,0
10141,-1.98438,17.0921,1,0,0,0
10142,-1.98438,18.0711,1,0,0,0
10143,-2.97656,1.42895,1,0,0,0
10144,-2.97656,2.40789,1,0,0,0
10145,-2.97656,3.38684,1,0,0,0
10146,-2.97656,4.36579,1,0,0,0
10147,-2.97656,5.34474,1,0,0,0
10148,-2.97656,6.32368,1,0,0,0
10149,-2.97656,7.30263,1,0,0,0
10150,-2.97656,8.28158,1,0,0,0
10151,-2.97656,9.26053,1,0,0,0
10152,-2.97656,10.2395,1,0,0,0
10153,-2.97656,11.2184,1,0,0,0
10154,-2.97656,12.1974,1,0,0,0
10155,-2.97656,13.1763,1,0,0,0
10156,-2.97656,14.1553,1,0,0,0
10157,-2.97656,15.1342,1,0,0,0
10158,-2.97656,16.1132,1,0,0,0
10159,-2.97656,17.0921,1,0,0,0
10160,-2.97656,18.0711,1,0,0,0
10161,-3.96875,1.42895,1,0,0,0
10162,-3.96875,2.40789,1,0,0,0
10163,-3.96875,3.38684,1,0,0,0
10164,-3.96875,4.36579,1,0,0,0
10165,-3.96875,5.34474,1,0,0,0
10166,-3.96875,6.32368,1,0,0,0
10167,-3.96875,7.30263,1,0,0,0
10168,-3.96875,8.28158,1,0,0,0
10169,-3.96875,9.26053,1,0,0,0
10170,-3.96875,10.2395,1,0,0,0
10171,-3.96875,11.2184,1,0,0,0
10172,-3.96875,12.1974,1,0,0,0
10173,-3.96875,13.1763,1,0,0,0
10174,-3.96875,14.1553,1,0,0,0
10175,-3.96875,15.1342,1,0,0,0
10176,-3.96875,16.1132,1,0,0,0
10177,-3.96875,17.0921,1,0,0,0
10178,-3.96875,18.0711,1,0,0,0
10179,-4.96094,1.42895,1,0,0,0
10180,-4.96094,2.40789,1,0,0,0
10181,-4.96094,3.38684,1,0,0,0
10182,-4.96094,4.36579,1,0,0,0
10183,-4.96094,5.34474,1,0,0,0
10184,-4.96094,6.32368,1,0,0,0
10185,-4.96094,7.30263,1,0,0,0
10186,-4.96094,8.28158,1,0,0,0
10187,-4.96094,9.26053,1,0,0,0
10188,-4.96094,10.2395,1,0,0,0
10189,-4.96094,11.2184,1,0,0,0
10190,-4.96094,12.1974,1,0,0,0
10191,-4.96094,13.1763,1,0,0,0
10192,-4.96094,14.1553,1,0,0,0
10193,-4.96094,15.1342,1,0,0,0
10194,-4.96094,16.1132,1,0,0,0
10195,-4.96094,17.0921,1,0,0,0
10196,-4.96094,18.0711,1,0,0,0
10197,-5.95312,1.42895,1,0,0,0
10198,-5.95312,2.40789,1,0,0,0
10199,-5.95312,3.38684,1,0,0,0
10200,-5.95312,4.36579,1,0,0,0
10201,-5.95312,5.34474,1,0,0,0
10202,-5.95312,6.32368,1,0,0,0
10203,-5.95312,7.30263,1,0,0,0
10204,-5.95312,8.28158,1,0,0,0
10205,-5.95312,9.26053,1,0,0,0
10206,-5.95312,10.2395,1,0,0,0
10207,-5.95312,11.2184,1,0,0,0
10208,-5.95312,12.1974,1,0,0,0
10209,-5.95312,13.1763,1,0,0,0
10210,-5.95312,14.1553,1,0,0,0
10211,-5.95312,15.1342,1,0,0,0
10212,-5.95312,16.1132,1,0,0,0
10213,-5.95312,17.0921,1,0,0,0
10214,-5.95312,18.0711,1,0,0,0
10215,-6.94531,1.42895,1,0,0,0
10216,-6.94531,2.40789,1,0,0,0
10217,-6.94531,3.38684,1,0,0,0
10218,-6.94531,4.36579,1,0,0,0
10219,-6.94531,5.34474,1,0,0,0
10220,-6.94531,6.32368,1,0,0,0
10221,-6.94531,7.30263,1,0,0,0
10222,-6.94531,8.28158,1,0,0,0
10223,-6.94531,9.26053,1,0,0,0
10224,-6.94531,10.2395,1,0,0,0
10225,-6.94531,11.2184,1,0,0,0
10226,-6.94531,12.1974,1,0,0,0
10227,-6.94531,13.1763,1,0,0,0
10228,-6.94531,14.1553,1,0,0,0
10229,-6.94531,15.1342,1,0,0,0
10230,-6.94531,16.1132,1,0,0,0
10231,-6.94531,17.0921,1,0,0,0
10232,-6.94531,18.0711,1,0,0,0
10233,-7.9375,1.42895,1,0,0,0
10234,-7.9375,2.40789,1,0,0,0
10235,-7.9375,3.38684,1,0,0,0
10236,-7.9375,4.36579,1,0,0,0
10237,-7.9375,5.34474,1,0,0,0
10238,-7.9375,6.32368,1,0,0,0
10239,-7.9375,7.30263,1,0,0,0
10240,-7.9375,8.28158,1,0,0,0
10241,-7.9375,9.26053,1,0,0,0
10242,-7.9375,10.2395,1,0,0,0
10243,-7.9375,11.2184,1,0,0,0
10244,-7.9375,12.1974,1,0,0,0
10245,-7.9375,13.1763,1,0,0,0
10246,-7.9375,14.1553,1,0,0,0
10247,-7.9375,15.1342,1,0,0,0
10248,-7.9375,16.1132,1,0,0,0
10249,-7.9375,17.0921,1,0,0,0
10250,-7.9375,18.0711,1,0,0,0
10251,-8.92969,1.42895,1,0,0,0
10252,-8.92969,2.40789,1,0,0,0
10253,-8.92969,3.38684,1,0,0,0
10254,-8.92969,4.36579,1,0,0,0
10255,-8.92969,5.34474,1,0,0,0
10256,-8.92969,6.32368,1,0,0,0
10257,-8.92969,7.30263,1,0,0,0
10258,-8.92969,8.28158,1,0,0,0
10259,-8.92969,9.26053,1,0,0,0
10260,-8.92969,10.2395,1,0,0,0
10261,-8.92969,11.2184,1,0,0,0
10262,-8.92969,12.1974,1,0,0,0
10263,-8.92969,13.1763,1,0,0,0
10264,-8.92969,14.1553,1,0,0,0
10265,-8.92969,15.1342,1,0,0,0
10266,-8.92969,16.1132,1,0,0,0
10267,-8.92969,17.0921,1,0,0,0
10268,-8.92969,18.0711,1,0,0,0
10269,-9.92188,1.42895,1,0,0,0
10270,-9.92188,2.40789,1,0,0,0
10271,-9.92188,3.38684,1,0,0,0
10272,-9.92188,4.36579,1,0,0,0
10273,-9.92188,5.34474,1,0,0,0
10274,-9.92188,6.32368,1,0,0,0
10275,-9.92188,7.30263,1,0,0,0
10276,-9.92188,8.28158,1,0,0,0
10277,-9.92188,9.26053,1,0,0,0
10278,-9.92188,10.2395,1,0,0,0
10279,-9.92188,11.2184,1,0,0,0
10280,-9.92188,12.1974,1,0,0,0
10281,-9.92188,13.1763,1,0,0,0
10282,-9.92188,14.1553,1,0,0,0
10283,-9.92188,15.1342,1,0,0,0
10284,-9.92188,16.1132,1,0,0,0
10285,-9.92188,17.0921,1,0,0,0
10286,-9.92188,18.0711,1,0,0,0
10287,-10.9141,1.42895,1,0,0,0
10288,-10.9141,2.40789,1,0,0,0
10289,-10.9141,3.38684,1,0,0,0
10290,-10.9141,4.36579,1,0,0,0
10291,-10.9141,5.34474,1,0,0,0
10292,-10.9141,6.32368,1,0,0,0
10293,-10.9141,7.30263,1,0,0,0
10294,-10.9141,8.28158,1,0,0,0
10295,-10.9141,9.26053,1,0,0,0
10296,-10.9141,10.2395,1,0,0,0
10297,-10.9141,11.2184,1,0,0,0
10298,-10.9141,12.1974,1,0,0,0
10299,-10.9141,13.1763,1,0,0,0
10300,-10.9141,14.1553,1,0,0,0
10301,-10.9141,15.1342,1,0,0,0
10302,-10.9141,16.1132,1,0,0,0
10303,-10.9141,17.0921,1,0,0,0
10304,-10.9141,18.0711,1,0,0,0
10305,-11.9062,1.42895,1,0,0,0
10306,-11.9062,2.40789,1,0,0,0
10307,-11.9062,3.38684,1,0,0,0
10308,-11.9062,4.36579,1,0,0,0
10309,-11.9062,5.34474,1,0,0,0
10310,-11.9062,6.32368,1,0,0,0
10311,-11.9062,7.30263,1,0,0,0
10312,-11.9062,8.28158,1,0,0,0
10313,-11.9062,9.26053,1,0,0,0
10314,-11.9062,10.2395,1,0,0,0
10315,-11.9062,11.2184,1,0,0,0
10316,-11.9062,12.1974,1,0,0,0
10317,-11.9062,13.1763,1,0,0,0
10318,-11.9062,14.1553,1,0,0,0
10319,-11.9062,15.1342,1,0,0,0
10320,-11.9062,16.1132,1,0,0,0
10321,-11.9062,17.0921,1,0,0,0
10322,-11.9062,18.0711,1,0,0,0
10323,-12.8984,1.42895,1,0,0,0
10324,-12.8984,2.40789,1,0,0,0
10325,-12.8984,3.38684,1,0,0,0
10326,-12.8984,4.36579,1,0,0,0
10327,-12.8984,5.34474,1,0,0,0
10328,-12.8984,6.32368,1,0,0,0
10329,-12.8984,7.30263,1,0,0,0
10330,-12.8984,8.28158,1,0,0,0
10331,-12.8984,9.26053,1,0,0,0
10332,-12.8984,10.2395,1,0,0,0
10333,-12.8984,11.2184,1,0,0,0
10334,-12.8984,12.1974,1,0,0,0
10335,-12.8984,13.1763,1,0,0,0
10336,-12.8984,14.1553,1,0,0,0
10337,-12.8984,15.1342,1,0,0,0
10338,-12.8984,16.1132,1,0,0,0
10339,-12.8984,17.0921,1,0,0,0
10340,-12.8984,18.0711,1,0,0,0
10341,-13.8906,1.42895,1,0,0,0
10342,-13.8906,2.40789,1,0,0,0
10343,-13.8906,3.38684,1,0,0,0
10344,-13.8906,4.36579,1,0,0,0
10345,-13.8906,5.34474,1,0,0,0
10346,-13.8906,6.32368,1,0,0,0
10347,-13.8906,7.30263,1,0,0,0
10348,-13.8906,8.28158,1,0,0,0
10349,-13.8906,9.26053,1,0,0,0
10350,-13.8906,10.2395,1,0,0,0
10351,-13.8906,11.2184,1,0,0,0
10352,-13.8906,12.1974,1,0,0,0
10353,-13.8906,13.1763,1,0,0,0
10354,-13.8906,14.1553,1,0,0,0
10355,-13.8906,15.1342,1,0,0,0
10356,-13.8906,16.1132,1,0,0,0
10357,-13.8906,17.0921,1,0,0,0
10358,-13.8906,18.0711,1,0,0,0
10359,-14.8828,1.42895,1,0,0,0
10360,-14.8828,2.40789,1,0,0,0
10361,-14.8828,3.38684,1,0,0,0
10362,-14.8828,4.36579,1,0,0,0
10363,-14.8828,5.34474,1,0,0,0
10364,-14.8828,6.32368,1,0,0,0
10365,-14.8828,7.30263,1,0,0,0
10366,-14.8828,8.28158,1,0,0,0
10367,-14.8828,9.26053,1,0,0,0
10368,-14.8828,10.2395,1,0,0,0
10369,-14.8828,11.2184,1,0,0,0
10370,-14.8828,12.1974,1,0,0,0
10371,-14.8828,13.1763,1,0,0,0
10372,-14.8828,14.1553,1,0,0,0
10373,-14.8828,15.1342,1,0,0,0
10374,-14.8828,16.1132,1,0,0,0
10375,-14.8828,17.0921,1,0,0,0
10376,-14.8828,18.0711,1,0,0,0
10377,-0.992188,1.42895,0,0,0,0
10378,-0.992188,2.40789,0,0,0,0
10379,-0.992188,3.38684,0,0,0,0
10380,-0.992188,4.36579,0,0,0,0
10381,-0.992188,5.34474,0,0,0,0
10382,-0.992188,6.32368,0,0,0,0
10383,-0.992188,7.30263,0,0,0,0
10384,-0.992188,8.28158,0,0,0,0
10385,-0.992188,9.26053,0,0,0,0
10386,-0.992188,10.2395,0,0,0,0
10387,-0.992188,11.2184,0,0,0,0
10388,-0.992188,12.1974,0,0,0,0
10389,-0.992188,13.1763,0,0,0,0
10390,-0.992188,14.1553,0,0,0,0
10391,-0.992188,15.1342,0,0,0,0
10392,-0.992188,16.1132,0,0,0,0
10393,-0.992188,17.0921,0,0,0,0
10394,-0.992188,18.0711,0,0,0,0
10395,-1.98438,1.42895,0,0,0,0
10396,-1.98438,2.40789,0,0,0,0
10397,-1.98438,3.38684,0,0,0,0
10398,-1.98438,4.36579,0,0,0,0
10399,-1.98438,5.34474,0,0,0,0
10400,-1.98438,6.32368,0,0,0,0
10401,-1.98438,7.30263,0,0,0,0
10402,-1.98438,8.28158,0,0,0,0
10403,-1.98438,9.26053,0,0,0,0
10404,-1.98438,10.2395,0,0,0,0
10405,-1.98438,11.2184,0,0,0,0
10406,-1.98438,12.1974,0,0,0,0
10407,-1.98438,13.1763,0,0,0,0
10408,-1.98438,14.1553,0,0,0,0
10409,-1.98438,15.1342,0,0,0,0
10410,-1.98438,16.1132,0,0,0,0
10411,-1.98438,17.0921,0,0,0,0
10412,-1.98438,18.0711,0,0,0,0
10413,-2.97656,1.42895,0,0,0,0
10414,-2.97656,2.40789,0,0,0,0
10415,-2.97656,3.38684,0,0,0,0
10416,-2.97656,4.36579,0,0,0,0
10417,-2.97656,5.34474,0,0,0,0
10418,-2.97656,6.32368,0,0,0,0
10419,-2.97656,7.30263,0,0,0,0
10420,-2.97656,8.28158,0,0,0,0
10421,-2.97656,9.26053,0,0,0,0
10422,-2.97656,10.2395,0,0,0,0
10423,-2.97656,11.2184,0,0,0,0
10424,-2.97656,12.1974,0,0,0,0
10425,-2.97656,13.1763,0,0,0,0
10426,-2.97656,14.1553,0,0,0,0
10427,-2.97656,15.1342,0,0,0,0
10428,-2.97656,16.1132,0,0,0,0
10429,-2.97656,17.0921,0,0,0,0
10430,-2.97656,18.0711,0,0,0,0
10431,-3.96875,1.42895,0,0,0,0
10432,-3.96875,2.40789,0,0,0,0
10433,-3.96875,3.38684,0,0,0,0
10434,-3.96875,4.36579,0,0,0,0
10435,-3.96875,5.34474,0,0,0,0
10436,-3.96875,6.32368,0,0,0,0
10437,-3.96875,7.30263,0,0,0,0
10438,-3.96875,8.28158,0,0,0,0
10439,-3.96875,9.26053,0,0,0,0
10440,-3.96875,10.2395,0,0,0,0
10441,-3.96875,11.2184,0,0,0,0
10442,-3.96875,12.1974,0,0,0,0
10443,-3.96875,13.1763,0,0,0,0
10444,-3.96875,14.1553,0,0,0,0
10445,-3.96875,15.1342,0,0,0,0
10446,-3.96875,16.1132,0,0,0,0
10447,-3.96875,17.0921,0,0,0,0
10448,-3.96875,18.0711,0,0,0,0
10449,-4.96094,1.42895,0,0,0,0
10450,-4.96094,2.40789,0,0,0,0
10451,-4.96094,3.38684,0,0,0,0
10452,-4.96094,4.36579,0,0,0,0
10453,-4.96094,5.34474,0,0,0,0
10454,-4.96094,6.32368,0,0,0,0
10455,-4.96094,7.30263,0,0,0,0
10456,-4.96094,8.28158,0,0,0,0
10457,-4.96094,9.26053,0,0,0,0
10458,-4.96094,10.2395,0,0,0,0
10459,-4.96094,11.2184,0,0,0,0
10460,-4.96094,12.1974,0,0,0,0
10461,-4.96094,13.1763,0,0,0,0
10462,-4.96094,14.1553,0,0,0,0
10463,-4.96094,15.1342,0,0,0,0
10464,-4.96094,16.1132,0,0,0,0
10465,-4.96094,17.0921,0,0,0,0
10466,-4.96094,18.0711,0,0,0,0
10467,-5.95312,1.42895,0,0,0,0
10468,-5.95312,2.40789,0,0,0,0
10469,-5.95312,3.38684,0,0,0,0
10470,-5.95312,4.36579,0,0,0,0
10471,-5.95312,5.34474,0,0,0,0
10472,-5.95312,6.32368,0,0,0,0
10473,-5.95312,7.30263,0,0,0,0
10474,-5.95312,8.28158,0,0,0,0
10475,-5.95312,9.26053,0,0,0,0
10476,-5.95312,10.2395,0,0,0,0
10477,-5.95312,11.2184,0,0,0,0
10478,-5.95312,12.1974,0,0,0,0
10479,-5.95312,13.1763,0,0,0,0
10480,-5.95312,14.1553,0,0,0,0
10481,-5.95312,15.1342,0,0,0,0
10482,-5.95312,16.1132,0,0,0,0
10483,-5.95312,17.0921,0,0,0,0
10484,-5.95312,18.0711,0,0,0,0
10485,-6.94531,1.42895,0,0,0,0
10486,-6.94531,2.40789,0,0,0,0
10487,-6.94531,3.38684,0,0,0,0
10488,-6.94531,4.36579,0,0,0,0
10489,-6.94531,5.34474,0,0,0,0
10490,-6.94531,6.32368,0,0,0,0
10491,-6.94531,7.30263,0,0,0,0
10492,-6.94531,8.28158,0,0,0,0
10493,-6.94531,9.26053,0,0,0,0
10494,-6.94531,10.2395,0,0,0,0
10495,-6.94531,11.2184,0,0,0,0
10496,-6.94531,12.1974,0,0,0,0
10497,-6.94531,13.1763,0,0,0,0
10498,-6.94531,14.1553,0,0,0,0
10499,-6.94531,15.1342,0,0,0,0
10500,-6.94531,16.1132,0,0,0,0
10501,-6.94531,17.0921,0,0,0,0
10502,-6.94531,18.0711,0,0,0,0
10503,-7.9375,1.42895,0,0,0,0
10504,-7.9375,2.40789,0,0,0,0
10505,-7.9375,3.38684,0,0,0,0
10506,-7.9375,4.36579,0,0,0,0
10507,-7.9375,5.34474,0,0,0,0
10508,-7.9375,6.32368,0,0,0,0
10509,-7.9375,7.30263,0,0,0,0
10510,-7.9375,8.28158,0,0,0,0
10511,-7.9375,9.26053,0,0,0,0
10512,-7.9375,10.2395,0,0,0,0
10513,-7.9375,11.2184,0,0,0,0
10514,-7.9375,12.1974,0,0,0,0
10515,-7.9375,13.1763,0,0,0,0
10516,-7.9375,14.1553,0,0,0,0
10517,-7.9375,15.1342,0,0,0,0
10518,-7.9375,16.1132,0,0,0,0
10519,-7.9375,17.0921,0,0,0,0
10520,-7.9375,18.0711,0,0,0,0
10521,-8.92969,1.42895,0,0,0,0
10522,-8.92969,2.40789,0,0,0,0
10523,-8.92969,3.38684,0,0,0,0
10524,-8.92969,4.36579,0,0,0,0
10525,-8.92969,5.34474,0,0,0,0
10526,-8.92969,6.32368,0,0,0,0
10527,-8.92969,7.30263,0,0,0,0
10528,-8.92969,8.28158,0,0,0,0
10529,-8.92969,9.26053,0,0,0,0
10530,-8.92969,10.2395,0,0,0,0
10531,-8.92969,11.2184,0,0,0,0
10532,-8.92969,12.1974,0,0,0,0
10533,-8.92969,13.1763,0,0,0,0
10534,-8.92969,14.1553,0,0,0,0
10535,-8.92969,15.1342,0,0,0,0
10536,-8.92969,16.1132,0,0,0,0
10537,-8.92969,17.0921,0,0,0,0
10538,-8.92969,18.0711,0,0,0,0
10539,-9.92188,1.42895,0,0,0,0
10540,-9.92188,2.40789,0,0,0,0
10541,-9.92188,3.38684,0,0,0,0
10542,-9.92188,4.36579,0,0,0,0
10543,-9.92188,5.34474,0,0,0,0
10544,-9.92188,6.32368,0,0,0,0
10545,-9.92188,7.30263,0,0,0,0
10546,-9.92188,8.28158,0,0,0,0
10547,-9.92188,9.26053,0,0,0,0
10548,-9.92188,10.2395,0,0,0,0
10549,-9.92188,11.2184,0,0,0,0
10550,-9.92188,12.1974,0,0,0,0
10551,-9.92188,13.1763,0,0,0,0
10552,-9.92188,14.1553,0,0,0,0
10553,-9.92188,15.1342,0,0,0,0
10554,-9.92188,16.1132,0,0,0,0
10555,-9.92188,17.0921,0,0,0,0
10556,-9.92188,18.0711,0,0,0,0
10557,-10.9141,1.42895,0,0,0,0
10558,-10.9141,2.40789,0,0,0,0
10559,-10.9141,3.38684,0,0,0,0
10560,-10.9141,4.36579,0,0,0,0
10561,-10.9141,5.34474,0,0,0,0
10562,-10.9141,6.32368,0,0,0,0
10563,-10.9141,7.30263,0,0,0,0
10564,-10.9141,8.28158,0,0,0,0
10565,-10.9141,9.26053,0,0,0,0
10566,-10.9141,10.2395,0,0,0,0
10567,-10.9141,11.2184,0,0,0,0
10568,-10.9141,12.1974,0,0,0,0
10569,-10.9141,13.1763,0,0,0,0
10570,-10.9141,14.1553,0,0,0,0
10571,-10.9141,15.1342,0,0,0,0
10572,-10.9141,16.1132,0,0,0,0
10573,-10.9141,17.0921,0,0,0,0
10574,-10.9141,18.0711,0,0,0,0
10575,-11.9062,1.42895,0,0,0,0
10576,-11.9062,2.40789,0,0,0,0
10577,-11.9062,3.38684,0,0,0,0
10578,-11.9062,4.36579,0,0,0,0
10579,-11.9062,5.34474,0,0,0,0
10580,-11.9062,6.32368,0,0,0,0
10581,-11.9062,7.30263,0,0,0,0
10582,-11.9062,8.28158,0,0,0,0
10583,-11.9062,9.26053,0,0,0,0
10584,-11.9062,10.2395,0,0,0,0
10585,-11.9062,11.2184,0,0,0,0
10586,-11.9062,12.1974,0,0,0,0
10587,-11.9062,13.1763,0,0,0,0
10588,-11.9062,14.1553,0,0,0,0
10589,-11.9062,15.1342,0,0,0,0
10590,-11.9062,16.1132,0,0,0,0
10591,-11.9062,17.0921,0,0,0,0
10592,-11.9062,18.0711,0,0,0,0
10593,-12.8984,1.42895,0,0,0,0
10594,-12.8984,2.40789,0,0,0,0
10595,-12.8984,3.38684,0,0,0,0
10596,-12.8984,4.36579,0,0,0,0
10597,-12.8984,5.34474,0,0,0,0
10598,-12.8984,6.32368,0,0,0,0
10599,-12.8984,7.30263,0,0,0,0
10600,-12.8984,8.28158,0,0,0,0
10601,-12.8984,9.26053,0,0,0,0
10602,-12.8984,10.2395,0,0,0,0
10603,-12.8984,11.2184,0,0,0,0
10604,-12.8984,12.1974,0,0,0,0
10605,-12.8984,13.1763,0,0,0,0
10606,-12.8984,14.1553,0,0,0,0
10607,-12.8984,15.1342,0,0,0,0
10608,-12.8984,16.1132,0,0,0,0
10609,-12.8984,17.0921,0,0,0,0
10610,-12.8984,18.0711,0,0,0,0
10611,-13.8906,1.42895,0,0,0,0
10612,-13.8906,2.40789,0,0,0,0
10613,-13.8906,3.38684,0,0,0,0
10614,-13.8906,4.36579,0,0,0,0
10615,-13.8906,5.34474,0,0,0,0
10616,-13.8906,6.32368,0,0,0,0
10617,-13.8906,7.30263,0,0,0,0
10618,-13.8906,8.28158,0,0,0,0
10619,-13.8906,9.26053,0,0,0,0
10620,-13.8906,10.2395,0,0,0,0
10621,-13.8906,11.2184,0,0,0,0
10622,-13.8906,12.1974,0,0,0,0
10623,-13.8906,13.1763,0,0,0,0
10624,-13.8906,14.1553,0,0,0,0
10625,-13.8906,15.1342,0,0,0,0
10626,-13.8906,16.1132,0,0,0,0
10627,-13.8906,17.0921,0,0,0,0
10628,-13.8906,18.0711,0,0,0,0
10629,-14.8828,1.42895,0,0,0,0
10630,-14.8828,2.40789,0,0,0,0
10631,-14.8828,3.38684,0,0,0,0
10632,-14.8828,4.36579,0,0,0,0
10633,-14.8828,5.34474,0,0,0,0
10634,-14.8828,6.32368,0,0,0,0
10635,-14.8828,7.30263,0,0,0,0
10636,-14.8828,8.28158,0,0,0,0
10637,-14.8828,9.26053,0,0,0,0
10638,-14.8828,10.2395,0,0,0,0
10639,-14.8828,11.2184,0,0,0,0
10640,-14.8828,12.1974,0,0,0,0
10641,-14.8828,13.1763,0,0,0,0
10642,-14.8828,14.1553,0,0,0,0
10643,-14.8828,15.1342,0,0,0,0
10644,-14.8828,16.1132,0,0,0,0
10645,-14.8828,17.0921,0,0,0,0
10646,-14.8828,18.0711,0,0,0,0
10647,-0.992188,19.05,0.666667,0,0,0
10648,-0.992188,19.05,0.333333,0,0,0
10649,-1.98438,19.05,0.666667,0,0,0
10650,-1.98438,19.05,0.333333,0,0,0
10651,-2.97656,19.05,0.666667,0,0,0
10652,-2.97656,19.05,0.333333,0,0,0
10653,-3.96875,19.05,0.666667,0,0,0
10654,-3.96875,19.05,0.333333,0,0,0
10655,-4.96094,19.05,0.666667,0,0,0
10656,-4.96094,19.05,0.333333,0,0,0
10657,-5.95312,19.05,0.666667,0,0,0
10658,-5.95312,19.05,0.333333,0,0,0
10659,-6.94531,19.05,0.666667,0,0,0
10660,-6.94531,19.05,0.333333,0,0,0
10661,-7.9375,19.05,0.666667,0,0,0
10662,-7.9375,19.05,0.333333,0,0,0
10663,-8.92969,19.05,0.666667,0,0,0
10664,-8.92969,19.05,0.333333,0,0,0
10665,-9.92188,19.05,0.666667,0,0,0
10666,-9.92188,19.05,0.333333,0,0,0
10667,-10.9141,19.05,0.666667,0,0,0
10668,-10.9141,19.05,0.333333,0,0,0
10669,-11.9062,19.05,0.666667,0,0,0
10670,-11.9062,19.05,0.333333,0,0,0
10671,-12.8984,19.05,0.666667,0,0,0
10672,-12.8984,19.05,0.333333,0,0,0
10673,-13.8906,19.05,0.666667,0,0,0
10674,-13.8906,19.05,0.333333,0,0,0
10675,-14.8828,19.05,0.666667,0,0,0
10676,-14.8828,19.05,0.333333,0,0,0
10677,16.8774,-19.05,0.333333,0,0,0
10678,16.8774,-19.05,0.666667,0,0,0
10679,17.8797,-19.05,0.333333,0,0,0
10680,17.8797,-19.05,0.666667,0,0,0
10681,18.8821,-19.05,0.333333,0,0,0
10682,18.8821,-19.05,0.666667,0,0,0
10683,19.8844,-19.05,0.333333,0,0,0
10684,19.8844,-19.05,0.666667,0,0,0
10685,20.8868,-19.05,0.333333,0,0,0
10686,20.8868,-19.05,0.666667,0,0,0
10687,21.8892,-19.05,0.333333,0,0,0
10688,21.8892,-19.05,0.666667,0,0,0
10689,22.8915,-19.05,0.333333,0,0,0
10690,22.8915,-19.05,0.666667,0,0,0
10691,23.8939,-19.05,0.333333,0,0,0
10692,23.8939,-19.05,0.666667,0,0,0
10693,24.8962,-19.05,0.333333,0,0,0
10694,24.8962,-19.05,0.666667,0,0,0
10695,25.8986,-19.05,0.333333,0,0,0
10696,25.8986,-19.05,0.666667,0,0,0
10697,26.9009,-19.05,0.333333,0,0,0
10698,26.9009,-19.05,0.666667,0,0,0
10699,27.9033,-19.05,0.333333,0,0,0
10700,27.9033,-19.05,0.666667,0,0,0
10701,28.9057,-19.05,0.333333,0,0,0
10702,28.9057,-19.05,0.666667,0,0,0
10703,29.908,-19.05,0.333333,0,0,0
10704,29.908,-19.05,0.666667,0,0,0
10705,30.9104,-19.05,0.333333,0,0,0
10706,30.9104,-19.05,0.666667,0,0,0
10707,31.9127,-19.05,0.333333,0,0,0
10708,31.9127,-19.05,0.666667,0,0,0
10709,32.9151,-19.05,0.333333,0,0,0
10710,32.9151,-19.05,0.666667,0,0,0
10711,33.9175,-19.05,0.333333,0,0,0
10712,33.9175,-19.05,0.666667,0,0,0
10713,34.9198,-19.05,0.333333,0,0,0
10714,34.9198,-19.05,0.666667,0,0,0
10715,35.9222,-19.05,0.333333,0,0,0
10716,35.9222,-19.05,0.666667,0,0,0
10717,36.9245,-19.05,0.333333,0,0,0
10718,36.9245,-19.05,0.666667,0,0,0
10719,37.9269,-19.05,0.333333,0,0,0
10720,37.9269,-19.05,0.666667,0,0,0
10721,38.9292,-19.05,0.333333,0,0,0
10722,38.9292,-19.05,0.666667,0,0,0
10723,39.9316,-19.05,0.333333,0,0,0
10724,39.9316,-19.05,0.666667,0,0,0
10725,40.934,-19.05,0.333333,0,0,0
10726,40.934,-19.05,0.666667,0,0,0
10727,41.9363,-19.05,0.333333,0,0,0
10728,41.9363,-19.05,0.666667,0,0,0
10729,42.9387,-19.05,0.333333,0,0,0
10730,42.9387,-19.05,0.666667,0,0,0
10731,43.941,-19.05,0.333333,0,0,0
10732,43.941,-19.05,0.666667,0,0,0
10733,44.9434,-19.05,0.333333,0,0,0
10734,44.9434,-19.05,0.666667,0,0,0
10735,45.9458,-19.05,0.333333,0,0,0
10736,45.9458,-19.05,0.666667,0,0,0
10737,46.9481,-19.05,0.333333,0,0,0
10738,46.9481,-19.05,0.666667,0,0,0
10739,47.9505,-19.05,0.333333,0,0,0
10740,47.9505,-19.05,0.666667,0,0,0
10741,48.9528,-19.05,0.333333,0,0,0
10742,48.9528,-19.05,0.666667,0,0,0
10743,49.9552,-19.05,0.333333,0,0,0
10744,49.9552,-19.05,0.666667,0,0,0
10745,50.9575,-19.05,0.333333,0,0,0
10746,50.9575,-19.05,0.666667,0,0,0
10747,51.9599,-19.05,0.333333,0,0,0
10748,51.9599,-19.05,0.666667,0,0,0
10749,52.9623,-19.05,0.333333,0,0,0
10750,52.9623,-19.05,0.666667,0,0,0
10751,53.9646,-19.05,0.333333,0,0,0
10752,53.9646,-19.05,0.666667,0,0,0
10753,54.967,-19.05,0.333333,0,0,0
10754,54.967,-19.05,0.666667,0,0,0
10755,55.9693,-19.05,0.333333,0,0,0
10756,55.9693,-19.05,0.666667,0,0,0
10757,56.9717,-19.05,0.333333,0,0,0
10758,56.9717,-19.05,0.666667,0,0,0
10759,57.9741,-19.05,0.333333,0,0,0
10760,57.9741,-19.05,0.666667,0,0,0
10761,58.9764,-19.05,0.333333,0,0,0
10762,58.9764,-19.05,0.666667,0,0,0
10763,59.9788,-19.05,0.333333,0,0,0
10764,59.9788,-19.05,0.666667,0,0,0
10765,60.9811,-19.05,0.333333,0,0,0
10766,60.9811,-19.05,0.666667,0,0,0
10767,61.9835,-19.05,0.333333,0,0,0
10768,61.9835,-19.05,0.666667,0,0,0
10769,62.9858,-19.05,0.333333,0,0,0
10770,62.9858,-19.05,0.666667,0,0,0
10771,63.9882,-19.05,0.333333,0,0,0
10772,63.9882,-19.05,0.666667,0,0,0
10773,64.9906,-19.05,0.333333,0,0,0
10774,64.9906,-19.05,0.666667,0,0,0
10775,65.9929,-19.05,0.333333,0,0,0
10776,65.9929,-19.05,0.666667,0,0,0
10777,66.9953,-19.05,0.333333,0,0,0
10778,66.9953,-19.05,0.666667,0,0,0
10779,67.9976,-19.05,0.333333,0,0,0
10780,67.9976,-19.05,0.666667,0,0,0
10781,16.8774,-0.525,0,0,0,0
10782,17.8797,-0.525,0,0,0,0
10783,18.8821,-0.525,0,0,0,0
10784,19.8844,-0.525,0,0,0,0
10785,20.8868,-0.525,0,0,0,0
10786,21.8892,-0.525,0,0,0,0
10787,22.8915,-0.525,0,0,0,0
10788,23.8939,-0.525,0,0,0,0
10789,24.8962,-0.525,0,0,0,0
10790,25.8986,-0.525,0,0,0,0
10791,26.9009,-0.525,0,0,0,0
10792,27.9033,-0.525,0,0,0,0
10793,28.9057,-0.525,0,0,0,0
10794,29.908,-0.525,0,0,0,0
10795,30.9104,-0.525,0,0,0,0
10796,31.9127,-0.525,0,0,0,0
10797,32.9151,-0.525,0,0,0,0
10798,33.9175,-0.525,0,0,0,0
10799,34.9198,-0.525,0,0,0,0
10800,35.9222,-0.525,0,0,0,0
10801,36.9245,-0.525,0,0,0,0
10802,37.9269,-0.525,0,0,0,0
10803,38.9292,-0.525,0,0,0,0
10804,39.9316,-0.525,0,0,0,0
10805,40.934,-0.525,0,0,0,0
10806,41.9363,-0.525,0,0,0,0
10807,42.9387,-0.525,0,0,0,0
10808,43.941,-0.525,0,0,0,0
10809,44.9434,-0.525,0,0,0,0
10810,45.9458,-0.525,0,0,0,0
10811,46.9481,-0.525,0,0,0,0
10812,47.9505,-0.525,0,0,0,0
10813,48.9528,-0.525,0,0,0,0
10814,49.9552,-0.525,0,0,0,0
10815,50.9575,-0.525,0,0,0,0
10816,51.9599,-0.525,0,0,0,0
10817,52.9623,-0.525,0,0,0,0
10818,53.9646,-0.525,0,0,0,0
10819,54.967,-0.525,0,0,0,0
10820,55.9693,-0.525,0,0,0,0
10821,56.9717,-0.525,0,0,0,0
10822,57.9741,-0.525,0,0,0,0
10823,58.9764,-0.525,0,0,0,0
10824,59.9788,-0.525,0,0,0,0
10825,60.9811,-0.525,0,0,0,0
10826,61.9835,-0.525,0,0,0,0
10827,62.9858,-0.525,0,0,0,0
10828,63.9882,-0.525,0,0,0,0
10829,64.9906,-0.525,0,0,0,0
10830,65.9929,-0.525,0,0,0,0
10831,66.9953,-0.525,0,0,0,0
10832,67.9976,-0.525,0,0,0,0
10833,16.8774,-1.5,0,0,0,0
10834,17.8797,-1.5,0,0,0,0
10835,18.8821,-1.5,0,0,0,0
10836,19.8844,-1.5,0,0,0,0
10837,20.8868,-1.5,0,0,0,0
10838,21.8892,-1.5,0,0,0,0
10839,22.8915,-1.5,0,0,0,0
10840,23.8939,-1.5,0,0,0,0
10841,24.8962,-1.5,0,0,0,0
10842,25.8986,-1.5,0,0,0,0
10843,26.9009,-1.5,0,0,0,0
10844,27.9033,-1.5,0,0,0,0
10845,28.9057,-1.5,0,0,0,0
10846,29.908,-1.5,0,0,0,0
10847,30.9104,-1.5,0,0,0,0
10848,31.9127,-1.5,0,0,0,0
10849,32.9151,-1.5,0,0,0,0
10850,33.9175,-1.5,0,0,0,0
10851,34.9198,-1.5,0,0,0,0
10852,35.9222,-1.5,0,0,0,0
10853,36.9245,-1.5,0,0,0,0
10854,37.9269,-1.5,0,0,0,0
10855,38.9292,-1.5,0,0,0,0
10856,39.9316,-1.5,0,0,0,0
10857,40.934,-1.5,0,0,0,0
10858,41.9363,-1.5,0,0,0,0
10859,42.9387,-1.5,0,0,0,0
10860,43.941,-1.5,0,0,0,0
10861,44.9434,-1.5,0,0,0,0
10862,45.9458,-1.5,0,0,0,0
10863,46.9481,-1.5,0,0,0,0
10864,47.9505,-1.5,0,0,0,0
10865,48.9528,-1.5,0,0,0,0
10866,49.9552,-1.5,0,0,0,0
10867,50.9575,-1.5,0,0,0,0
10868,51.9599,-1.5,0,0,0,0
10869,52.9623,-1.5,0,0,0,0
10870,53.9646,-1.5,0,0,0,0
10871,54.967,-1.5,0,0,0,0
10872,55.9693,-1.5,0,0,0,0
10873,56.9717,-1.5,0,0,0,0
10874,57.9741,-1.5,0,0,0,0
10875,58.9764,-1.5,0,0,0,0
10876,59.9788,-1.5,0,0,0,0
10877,60.9811,-1.5,0,0,0,0
10878,61.9835,-1.5,0,0,0,0
10879,62.9858,-1.5,0,0,0,0
10880,63.9882,-1.5,0,0,0,0
10881,64.9906,-1.5,0,0,0,0
10882,65.9929,-1.5,0,0,0,0
10883,66.9953,-1.5,0,0,0,0
10884,67.9976,-1.5,0,0,0,0
10885,16.8774,-2.475,0,0,0,0
10886,17.8797,-2.475,0,0,0,0
10887,18.8821,-2.475,0,0,0,0
10888,19.8844,-2.475,0,0,0,0
10889,20.8868,-2.475,0,0,0,0
10890,21.8892,-2.475,0,0,0,0
10891,22.8915,-2.475,0,0,0,0
10892,23.8939,-2.475,0,0,0,0
10893,24.8962,-2.475,0,0,0,0
10894,25.8986,-2.475,0,0,0,0
10895,26.9009,-2.475,0,0,0,0
10896,27.9033,-2.475,0,0,0,0
10897,28.9057,-2.475,0,0,0,0
10898,29.908,-2.475,0,0,0,0
10899,30.9104,-2.475,0,0,0,0
10900,31.9127,-2.475,0,0,0,0
10901,32.9151,-2.475,0,0,0,0
10902,33.9175,-2.475,0,0,0,0
10903,34.9198,-2.475,0,0,0,0
10904,35.9222,-2.475,0,0,0,0
10905,36.9245,-2.475,0,0,0,0
10906,37.9269,-2.475,0,0,0,0
10907,38.9292,-2.475,0,0,0,0
10908,39.9316,-2.475,0,0,0,0
10909,40.934,-2.475,0,0,0,0
10910,41.9363,-2.475,0,0,0,0
10911,42.9387,-2.475,0,0,0,0
10912,43.941,-2.475,0,0,0,0
10913,44.9434,-2.475,0,0,0,0
10914,45.9458,-2.475,0,0,0,0
10915,46.9481,-2.475,0,0,0,0
10916,47.9505,-2.475,0,0,0,0
10917,48.9528,-2.475,0,0,0,0
10918,49.9552,-2.475,0,0,0,0
10919,50.9575,-2.475,0,0,0,0
10920,51.9599,-2.475,0,0,0,0
10921,52.9623,-2.475,0,0,0,0
10922,53.9646,-2.475,0,0,0,0
10923,54.967,-2.475,0,0,0,0
10924,55.9693,-2.475,0,0,0,0
10925,56.9717,-2.475,0,0,0,0
10926,57.9741,-2.475,0,0,0,0
10927,58.9764,-2.475,0,0,0,0
10928,59.9788,-2.475,0,0,0,0
10929,60.9811,-2.475,0,0,0,0
10930,61.9835,-2.475,0,0,0,0
10931,62.9858,-2.475,0,0,0,0
10932,63.9882,-2.475,0,0,0,0
10933,64.9906,-2.475,0,0,0,0
10934,65.9929,-2.475,0,0,0,0
10935,66.9953,-2.475,0,0,0,0
10936,67.9976,-2.475,0,0,0,0
10937,16.8774,-3.45,0,0,0,0
10938,17.8797,-3.45,0,0,0,0
10939,18.8821,-3.45,0,0,0,0
10940,19.8844,-3.45,0,0,0,0
10941,20.8868,-3.45,0,0,0,0
10942,21.8892,-3.45,0,0,0,0
10943,22.8915,-3.45,0,0,0,0
10944,23.8939,-3.45,0,0,0,0
10945,24.8962,-3.45,0,0,0,0
10946,25.8986,-3.45,0,0,0,0
10947,26.9009,-3.45,0,0,0,0
10948,27.9033,-3.45,0,0,0,0
10949,28.9057,-3.45,0,0,0,0
10950,29.908,-3.45,0,0,0,0
10951,30.9104,-3.45,0,0,0,0
10952,31.9127,-3.45,0,0,0,0
10953,32.9151,-3.45,0,0,0,0
10954,33.9175,-3.45,0,0,0,0
10955,34.9198,-3.45,0,0,0,0
10956,35.9222,-3.45,0,0,0,0
10957,36.9245,-3.45,0,0,0,0
10958,37.9269,-3.45,0,0,0,0
10959,38.9292,-3.45,0,0,0,0
10960,39.9316,-3.45,0,0,0,0
10961,40.934,-3.45,0,0,0,0
10962,41.9363,-3.45,0,0,0,0
10963,42.9387,-3.45,0,0,0,0
10964,43.941,-3.45,0,0,0,0
10965,44.9434,-3.45,0,0,0,0
10966,45.9458,-3.45,0,0,0,0
10967,46.9481,-3.45,0,0,0,0
10968,47.9505,-3.45,0,0,0,0
10969,48.9528,-3.45,0,0,0,0
10970,49.9552,-3.45,0,0,0,0
10971,50.9575,-3.45,0,0,0,0
10972,51.9599,-3.45,0,0,0,0
10973,52.9623,-3.45,0,0,0,0
10974,53.9646,-3.45,0,0,0,0
10975,54.967,-3.45,0,0,0,0
10976,55.9693,-3.45,0,0,0,0
10977,56.9717,-3.45,0,0,0,0
10978,57.9741,-3.45,0,0,0,0
10979,58.9764,-3.45,0,0,0,0
10980,59.9788,-3.45,0,0,0,0
10981,60.9811,-3.45,0,0,0,0
10982,61.9835,-3.45,0,0,0,0
10983,62.9858,-3.45,0,0,0,0
10984,63.9882,-3.45,0,0,0,0
10985,64.9906,-3.45,0,0,0,0
10986,65.9929,-3.45,0,0,0,0
10987,66.9953,-3.45,0,0,0,0
10988,67.9976,-3.45,0,0,0,0
10989,16.8774,-4.425,0,0,0,0
10990,17.8797,-4.425,0,0,0,0
10991,18.8821,-4.425,0,0,0,0
10992,19.8844,-4.425,0,0,0,0
10993,20.8868,-4.425,0,0,0,0
10994,21.8892,-4.425,0,0,0,0
10995,22.8915,-4.425,0,0,0,0
10996,23.8939,-4.425,0,0,0,0
10997,24.8962,-4.425,0,0,0,0
10998,25.8986,-4.425,0,0,0,0
10999,26.9009,-4.425,0,0,0,0
11000,27.9033,-4.425,0,0,0,0
11001,28.9057,-4.425,0,0,0,0
11002,29.908,-4.425,0,0,0,0
11003,30.9104,-4.425,0,0,0,0
11004,31.9127,-4.425,0,0,0,0
11005,32.9151,-4.425,0,0,0,0
11006,33.9175,-4.425,0,0,0,0
11007,34.9198,-4.425,0,0,0,0
11008,35.9222,-4.425,0,0,0,0
11009,36.9245,-4.425,0,0,0,0
11010,37.9269,-4.425,0,0,0,0
11011,38.9292,-4.425,0,0,0,0
11012,39.9316,-4.425,0,0,0,0
11013,40.934,-4.425,0,0,0,0
11014,41.9363,-4.425,0,0,0,0
11015,42.9387,-4.425,0,0,0,0
11016,43.941,-4.425,0,0,0,0
11017,44.9434,-4.425,0,0,0,0
11018,45.9458,-4.425,0,0,0,0
11019,46.9481,-4.425,0,0,0,0
11020,47.9505,-4.425,0,0,0,0
11021,48.9528,-4.425,0,0,0,0
11022,49.9552,-4.425,0,0,0,0
11023,50.9575,-4.425,0,0,0,0
11024,51.9599,-4.425,0,0,0,0
11025,52.9623,-4.425,0,0,0,0
11026,53.9646,-4.425,0,0,0,0
11027,54.967,-4.425,0,0,0,0
11028,55.9693,-4.425,0,0,0,0
11029,56.9717,-4.425,0,0,0,0
11030,57.9741,-4.425,0,0,0,0
11031,58.9764,-4.425,0,0,0,0
11032,59.9788,-4.425,0,0,0,0
11033,60.9811,-4.425,0,0,0,0
11034,61.9835,-4.425,0,0,0,0
11035,62.9858,-4.425,0,0,0,0
11036,63.9882,-4.425,0,0,0,0
11037,64.9906,-4.425,0,0,0,0
11038,65.9929,-4.425,0,0,0,0
11039,66.9953,-4.425,0,0,0,0
11040,67.9976,-4.425,0,0,0,0
11041,16.8774,-5.4,0,0,0,0
11042,17.8797,-5.4,0,0,0,0
11043,18.8821,-5.4,0,0,0,0
11044,19.8844,-5.4,0,0,0,0
11045,20.8868,-5.4,0,0,0,0
11046,21.8892,-5.4,0,0,0,0
11047,22.8915,-5.4,0,0,0,0
11048,23.8939,-5.4,0,0,0,0
11049,24.8962,-5.4,0,0,0,0
11050,25.8986,-5.4,0,0,0,0
11051,26.9009,-5.4,0,0,0,0
11052,27.9033,-5.4,0,0,0,0
11053,28.9057,-5.4,0,0,0,0
11054,29.908,-5.4,0,0,0,0
11055,30.9104,-5.4,0,0,0,0
11056,31.9127,-5.4,0,0,0,0
11057,32.9151,-5.4,0,0,0,0
11058,33.9175,-5.4,0,0,0,0
11059,34.9198,-5.4,0,0,0,0
11060,35.9222,-5.4,0,0,0,0
11061,36.9245,-5.4,0,0,0,0
11062,37.9269,-5.4,0,0,0,0
11063,38.9292,-5.4,0,0,0,0
11064,39.9316,-5.4,0,0,0,0
11065,40.934,-5.4,0,0,0,0
11066,41.9363,-5.4,0,0,0,0
11067,42.9387,-5.4,0,0,0,0
11068,43.941,-5.4,0,0,0,0
11069,44.9434,-5.4,0,0,0,0
11070,45.9458,-5.4,0,0,0,0
11071,46.9481,-5.4,0,0,0,0
11072,47.9505,-5.4,0,0,0,0
11073,48.9528,-5.4,0,0,0,0
11074,49.9552,-5.4,0,0,0,0
11075,50.9575,-5.4,0,0,0,0
11076,51.9599,-5.4,0,0,0,0
11077,52.9623,-5.4,0,0,0,0
11078,53.9646,-5.4,0,0,0,0
11079,54.967,-5.4,0,0,0,0
11080,55.9693,-5.4,0,0,0,0
11081,56.9717,-5.4,0,0,0,0
11082,57.9741,-5.4,0,0,0,0
11083,58.9764,-5.4,0,0,0,0
11084,59.9788,-5.4,0,0,0,0
11085,60.9811,-5.4,0,0,0,0
11086,61.9835,-5.4,0,0,0,0
11087,62.9858,-5.4,0,0,0,0
11088,63.9882,-5.4,0,0,0,0
11089,64.9906,-5.4,0,0,0,0
11090,65.9929,-5.4,0,0,0,0
11091,66.9953,-5.4,0,0,0,0
11092,67.9976,-5.4,0,0,0,0
11093,16.8774,-6.375,0,0,0,0
11094,17.8797,-6.375,0,0,0,0
11095,18.8821,-6.375,0,0,0,0
11096,19.8844,-6.375,0,0,0,0
11097,20.8868,-6.375,0,0,0,0
11098,21.8892,-6.375,0,0,0,0
11099,22.8915,-6.375,0,0,0,0
11100,23.8939,-6.375,0,0,0,0
11101,24.8962,-6.375,0,0,0,0
11102,25.8986,-6.375,0,0,0,0
11103,26.9009,-6.375,0,0,0,0
11104,27.9033,-6.375,0,0,0,0
11105,28.9057,-6.375,0,0,0,0
11106,29.908,-6.375,0,0,0,0
11107,30.9104,-6.375,0,0,0,0
11108,31.9127,-6.375,0,0,0,0
11109,32.9151,-6.375,0,0,0,0
11110,33.9175,-6.375,0,0,0,0
11111,34.9198,-6.375,0,0,0,0
11112,35.9222,-6.375,0,0,0,0
11113,36.9245,-6.375,0,0,0,0
11114,37.9269,-6.375,0,0,0,0
11115,38.9292,-6.375,0,0,0,0
11116,39.9316,-6.375,0,0,0,0
11117,40.934,-6.375,0,0,0,0
11118,41.9363,-6.375,0,0,0,0
11119,42.9387,-6.375,0,0,0,0
11120,43.941,-6.375,0,0,0,0
11121,44.9434,-6.375,0,0,0,0
11122,45.9458,-6.375,0,0,0,0
11123,46.9481,-6.375,0,0,0,0
11124,47.9505,-6.375,0,0,0,0
11125,48.9528,-6.375,0,0,0,0
11126,49.9552,-6.375,0,0,0,0
11127,50.9575,-6.375,0,0,0,0
11128,51.9599,-6.375,0,0,0,0
11129,52.9623,-6.375,0,0,0,0
11130,53.9646,-6.375,0,0,0,0
11131,54.967,-6.375,0,0,0,0
11132,55.9693,-6.375,0,0,0,0
11133,56.9717,-6.375,0,0,0,0
11134,57.9741,-6.375,0,0,0,0
11135,58.9764,-6.375,0,0,0,0
11136,59.9788,-6.375,0,0,0,0
11137,60.9811,-6.375,0,0,0,0
11138,61.9835,-6.375,0,0,0,0
11139,62.9858,-6.375,0,0,0,0
11140,63.9882,-6.375,0,0,0,0
11141,64.9906,-6.375,0,0,0,0
11142,65.9929,-6.375,0,0,0,0
11143,66.9953,-6.375,0,0,0,0
11144,67.9976,-6.375,0,0,0,0
11145,16.8774,-7.35,0,0,0,0
11146,17.8797,-7.35,0,0,0,0
11147,18.8821,-7.35,0,0,0,0
11148,19.8844,-7.35,0,0,0,0
11149,20.8868,-7.35,0,0,0,0
11150,21.8892,-7.35,0,0,0,0
11151,22.8915,-7.35,0,0,0,0
11152,23.8939,-7.35,0,0,0,0
11153,24.8962,-7.35,0,0,0,0
11154,25.8986,-7.35,0,0,0,0
11155,26.9009,-7.35,0,0,0,0
11156,27.9033,-7.35,0,0,0,0
11157,28.9057,-7.35,0,0,0,0
11158,29.908,-7.35,0,0,0,0
11159,30.9104,-7.35,0,0,0,0
11160,31.9127,-7.35,0,0,0,0
11161,32.9151,-7.35,0,0,0,0
11162,33.9175,-7.35,0,0,0,0
11163,34.9198,-7.35,0,0,0,0
11164,35.9222,-7.35,0,0,0,0
11165,36.9245,-7.35,0,0,0,0
11166,37.9269,-7.35,0,0,0,0
11167,38.9292,-7.35,0,0,0,0
11168,39.9316,-7.35,0,0,0,0
11169,40.934,-7.35,0,0,0,0
11170,41.9363,-7.35,0,0,0,0
11171,42.9387,-7.35,0,0,0,0
11172,43.941,-7.35,0,0,0,0
11173,44.9434,-7.35,0,0,0,0
11174,45.9458,-7.35,0,0,0,0
11175,46.9481,-7.35,0,0,0,0
11176,47.9505,-7.35,0,0,0,0
11177,48.9528,-7.35,0,0,0,0
11178,49.9552,-7.35,0,0,0,0
11179,50.9575,-7.35,0,0,0,0
11180,51.9599,-7.35,0,0,0,0
11181,52.9623,-7.35,0,0,0,0
11182,53.9646,-7.35,0,0,0,0
11183,54.967,-7.35,0,0,0,0
11184,55.9693,-7.35,0,0,0,0
11185,56.9717,-7.35,0,0,0,0
11186,57.9741,-7.35,0,0,0,0
11187,58.9764,-7.35,0,0,0,0
11188,59.9788,-7.35,0,0,0,0
11189,60.9811,-7.35,0,0,0,0
11190,61.9835,-7.35,0,0,0,0
11191,62.9858,-7.35,0,0,0,0
11192,63.9882,-7.35,0,0,0,0
11193,64.9906,-7.35,0,0,0,0
11194,65.9929,-7.35,0,0,0,0
11195,66.9953,-7.35,0,0,0,0
11196,67.9976,-7.35,0,0,0,0
11197,16.8774,-8.325,0,0,0,0
11198,17.8797,-8.325,0,0,0,0
11199,18.8821,-8.325,0,0,0,0
11200,19.8844,-8.325,0,0,0,0
11201,20.8868,-8.325,0,0,0,0
11202,21.8892,-8.325,0,0,0,0
11203,22.8915,-8.325,0,0,0,0
11204,23.8939,-8.325,0,0,0,0
11205,24.8962,-8.325,0,0,0,0
11206,25.8986,-8.325,0,0,0,0
11207,26.9009,-8.325,0,0,0,0
11208,27.9033,-8.325,0,0,0,0
11209,28.9057,-8.325,0,0,0,0
11210,29.908,-8.325,0,0,0,0
11211,30.9104,-8.325,0,0,0,0
11212,31.9127,-8.325,0,0,0,0
11213,32.9151,-8.325,0,0,0,0
11214,33.9175,-8.325,0,0,0,0
11215,34.9198,-8.325,0,0,0,0
11216,35.9222,-8.325,0,0,0,0
11217,36.9245,-8.325,0,0,0,0
11218,37.9269,-8.325,0,0,0,0
11219,38.9292,-8.325,0,0,0,0
11220,39.9316,-8.325,0,0,0,0
11221,40.934,-8.325,0,0,0,0
11222,41.9363,-8.325,0,0,0,0
11223,42.9387,-8.325,0,0,0,0
11224,43.941,-8.325,0,0,0,0
11225,44.9434,-8.325,0,0,0,0
11226,45.9458,-8.325,0,0,0,0
11227,46.9481,-8.325,0,0,0,0
11228,47.9505,-8.325,0,0,0,0
11229,48.9528,-8.325,0,0,0,0
11230,49.9552,-8.325,0,0,0,0
11231,50.9575,-8.325,0,0,0,0
11232,51.9599,-8.325,0,0,0,0
11233,52.9623,-8.325,0,0,0,0
11234,53.9646,-8.325,0,0,0,0
11235,54.967,-8.325,0,0,0,0
11236,55.9693,-8.325,0,0,0,0
11237,56.9717,-8.325,0,0,0,0
11238,57.9741,-8.325,0,0,0,0
11239,58.9764,-8.325,0,0,0,0
11240,59.9788,-8.325,0,0,0,0
11241,60.9811,-8.325,0,0,0,0
11242,61.9835,-8.325,0,0,0,0
11243,62.9858,-8.325,0,0,0,0
11244,63.9882,-8.325,0,0,0,0
11245,64.9906,-8.325,0,0,0,0
11246,65.9929,-8.325,0,0,0,0
11247,66.9953,-8.325,0,0,0,0
11248,67.9976,-8.325,0,0,0,0
11249,16.8774,-9.3,0,0,0,0
11250,17.8797,-9.3,0,0,0,0
11251,18.8821,-9.3,0,0,0,0
11252,19.8844,-9.3,0,0,0,0
11253,20.8868,-9.3,0,0,0,0
11254,21.8892,-9.3,0,0,0,0
11255,22.8915,-9.3,0,0,0,0
11256,23.8939,-9.3,0,0,0,0
11257,24.8962,-9.3,0,0,0,0
11258,25.8986,-9.3,0,0,0,0
11259,26.9009,-9.3,0,0,0,0
11260,27.9033,-9.3,0,0,0,0
11261,28.9057,-9.3,0,0,0,0
11262,29.908,-9.3,0,0,0,0
11263,30.9104,-9.3,0,0,0,0
11264,31.9127,-9.3,0,0,0,0
11265,32.9151,-9.3,0,0,0,0
11266,33.9175,-9.3,0,0,0,0
11267,34.9198,-9.3,0,0,0,0
11268,35.9222,-9.3,0,0,0,0
11269,36.9245,-9.3,0,0,0,0
11270,37.9269,-9.3,0,0,0,0
11271,38.9292,-9.3,0,0,0,0
11272,39.9316,-9.3,0,0,0,0
11273,40.934,-9.3,0,0,0,0
11274,41.9363,-9.3,0,0,0,0
11275,42.9387,-9.3,0,0,0,0
11276,43.941,-9.3,0,0,0,0
11277,44.9434,-9.3,0,0,0,0
11278,45.9458,-9.3,0,0,0,0
11279,46.9481,-9.3,0,0,0,0
11280,47.9505,-9.3,0,0,0,0
11281,48.9528,-9.3,0,0,0,0
11282,49.9552,-9.3,0,0,0,0
11283,50.9575,-9.3,0,0,0,0
11284,51.9599,-9.3,0,0,0,0
11285,52.9623,-9.3,0,0,0,0
11286,53.9646,-9.3,0,0,0,0
11287,54.967,-9.3,0,0,0,0
11288,55.9693,-9.3,0,0,0,0
11289,56.9717,-9.3,0,0,0,0
11290,57.9741,-9.3,0,0,0,0
11291,58.9764,-9.3,0,0,0,0
11292,59.9788,-9.3,0,0,0,0
11293,60.9811,-9.3,0,0,0,0
11294,61.9835,-9.3,0,0,0,0
11295,62.9858,-9.3,0,0,0,0
11296,63.9882,-9.3,0,0,0,0
11297,64.9906,-9.3,0,0,0,0
11298,65.9929,-9.3,0,0,0,0
11299,66.9953,-9.3,0,0,0,0
11300,67.9976,-9.3,0,0,0,0
11301,16.8774,-10.275,0,0,0,0
11302,17.8797,-10.275,0,0,0,0
11303,18.8821,-10.275,0,0,0,0
11304,19.8844,-10.275,0,0,0,0
11305,20.8868,-10.275,0,0,0,0
11306,21.8892,-10.275,0,0,0,0
11307,22.8915,-10.275,0,0,0,0
11308,23.8939,-10.275,0,0,0,0
11309,24.8962,-10.275,0,0,0,0
11310,25.8986,-10.275,0,0,0,0
11311,26.9009,-10.275,0,0,0,0
11312,27.9033,-10.275,0,0,0,0
11313,28.9057,-10.275,0,0,0,0
11314,29.908,-10.275,0,0,0,0
11315,30.9104,-10.275,0,0,0,0
11316,31.9127,-10.275,0,0,0,0
11317,32.9151,-10.275,0,0,0,0
11318,33.9175,-10.275,0,0,0,0
11319,34.9198,-10.275,0,0,0,0
11320,35.9222,-10.275,0,0,0,0
11321,36.9245,-10.275,0,0,0,0
11322,37.9269,-10.275,0,0,0,0
11323,38.9292,-10.275,0,0,0,0
11324,39.9316,-10.275,0,0,0,0
11325,40.934,-10.275,0,0,0,0
11326,41.9363,-10.275,0,0,0,0
11327,42.9387,-10.275,0,0,0,0
11328,43.941,-10.275,0,0,0,0
11329,44.9434,-10.275,0,0,0,0
11330,45.9458,-10.275,0,0,0,0
11331,46.9481,-10.275,0,0,0,0
11332,47.9505,-10.275,0,0,0,0
11333,48.9528,-10.275,0,0,0,0
11334,49.9552,-10.275,0,0,0,0
11335,50.9575,-10.275,0,0,0,0
11336,51.9599,-10.275,0,0,0,0
11337,52.9623,-10.275,0,0,0,0
11338,53.9646,-10.275,0,0,0,0
11339,54.967,-10.275,0,0,0,0
11340,55.9693,-10.275,0,0,0,0
11341,56.9717,-10.275,0,0,0,0
11342,57.9741,-10.275,0,0,0,0
11343,58.9764,-10.275,0,0,0,0
11344,59.9788,-10.275,0,0,0,0
11345,60.9811,-10.275,0,0,0,0
11346,61.9835,-10.275,0,0,0,0
11347,62.9858,-10.275,0,0,0,0
11348,63.9882,-10.275,0,0,0,0
11349,64.9906,-10.275,0,0,0,0
11350,65.9929,-10.275,0,0,0,0
11351,66.9953,-10.275,0,0,0,0
11352,67.9976,-10.275,0,0,0,0
11353,16.8774,-11.25,0,0,0,0
11354,17.8797,-11.25,0,0,0,0
11355,18.8821,-11.25,0,0,0,0
11356,19.8844,-11.25,0,0,0,0
11357,20.8868,-11.25,0,0,0,0
11358,21.8892,-11.25,0,0,0,0
11359,22.8915,-11.25,0,0,0,0
11360,23.8939,-11.25,0,0,0,0
11361,24.8962,-11.25,0,0,0,0
11362,25.8986,-11.25,0,0,0,0
11363,26.9009,-11.25,0,0,0,0
11364,27.9033,-11.25,0,0,0,0
11365,28.9057,-11.25,0,0,0,0
11366,29.908,-11.25,0,0,0,0
11367,30.9104,-11.25,0,0,0,0
11368,31.9127,-11.25,0,0,0,0
11369,32.9151,-11.25,0,0,0,0
11370,33.9175,-11.25,0,0,0,0
11371,34.9198,-11.25,0,0,0,0
11372,35.9222,-11.25,0,0,0,0
11373,36.9245,-11.25,0,0,0,0
11374,37.9269,-11.25,0,0,0,0
11375,38.9292,-11.25,0,0,0,0
11376,39.9316,-11.25,0,0,0,0
11377,40.934,-11.25,0,0,0,0
11378,41.9363,-11.25,0,0,0,0
11379,42.9387,-11.25,0,0,0,0
11380,43.941,-11.25,0,0,0,0
11381,44.9434,-11.25,0,0,0,0
11382,45.9458,-11.25,0,0,0,0
11383,46.9481,-11.25,0,0,0,0
11384,47.9505,-11.25,0,0,0,0
11385,48.9528,-11.25,0,0,0,0
11386,49.9552,-11.25,0,0,0,0
11387,50.9575,-11.25,0,0,0,0
11388,51.9599,-11.25,0,0,0,0
11389,52.9623,-11.25,0,0,0,0
11390,53.9646,-11.25,0,0,0,0
11391,54.967,-11.25,0,0,0,0
11392,55.9693,-11.25,0,0,0,0
11393,56.9717,-11.25,0,0,0,0
11394,57.9741,-11.25,0,0,0,0
11395,58.9764,-11.25,0,0,0,0
11396,59.9788,-11.25,0,0,0,0
11397,60.9811,-11.25,0,0,0,0
11398,61.9835,-11.25,0,0,0,0
11399,62.9858,-11.25,0,0,0,0
11400,63.9882,-11.25,0,0,0,0
11401,64.9906,-11.25,0,0,0,0
11402,65.9929,-11.25,0,0,0,0
11403,66.9953,-11.25,0,0,0,0
11404,67.9976,-11.25,0,0,0,0
11405,16.8774,-12.225,0,0,0,0
11406,17.8797,-12.225,0,0,0,0
11407,18.8821,-12.225,0,0,0,0
11408,19.8844,-12.225,0,0,0,0
11409,20.8868,-12.225,0,0,0,0
11410,21.8892,-12.225,0,0,0,0
11411,22.8915,-12.225,0,0,0,0
11412,23.8939,-12.225,0,0,0,0
11413,24.8962,-12.225,0,0,0,0
11414,25.8986,-12.225,0,0,0,0
11415,26.9009,-12.225,0,0,0,0
11416,27.9033,-12.225,0,0,0,0
11417,28.9057,-12.225,0,0,0,0
11418,29.908,-12.225,0,0,0,0
11419,30.9104,-12.225,0,0,0,0
11420,31.9127,-12.225,0,0,0,0
11421,32.9151,-12.225,0,0,0,0
11422,33.9175,-12.225,0,0,0,0
11423,34.9198,-12.225,0,0,0,0
11424,35.9222,-12.225,0,0,0,0
11425,36.9245,-12.225,0,0,0,0
11426,37.9269,-12.225,0,0,0,0
11427,38.9292,-12.225,0,0,0,0
11428,39.9316,-12.225,0,0,0,0
11429,40.934,-12.225,0,0,0,0
11430,41.9363,-12.225,0,0,0,0
11431,42.9387,-12.225,0,0,0,0
11432,43.941,-12.225,0,0,0,0
11433,44.9434,-12.225,0,0,0,0
11434,45.9458,-12.225,0,0,0,0
11435,46.9481,-12.225,0,0,0,0
11436,47.9505,-12.225,0,0,0,0
11437,48.9528,-12.225,0,0,0,0
11438,49.9552,-12.225,0,0,0,0
11439,50.9575,-12.225,0,0,0,0
11440,51.9599,-12.225,0,0,0,0
11441,52.9623,-12.225,0,0,0,0
11442,53.9646,-12.225,0,0,0,0
11443,54.967,-12.225,0,0,0,0
11444,55.9693,-12.225,0,0,0,0
11445,56.9717,-12.225,0,0,0,0
11446,57.9741,-12.225,0,0,0,0
11447,58.9764,-12.225,0,0,0,0
11448,59.9788,-12.225,0,0,0,0
11449,60.9811,-12.225,0,0,0,0
11450,61.9835,-12.225,0,0,0,0
11451,62.9858,-12.225,0,0,0,0
11452,63.9882,-12.225,0,0,0,0
11453,64.9906,-12.225,0,0,0,0
11454,65.9929,-12.225,0,0,0,0
11455,66.9953,-12.225,0,0,0,0
11456,67.9976,-12.225,0,0,0,0
11457,16.8774,-13.2,0,0,0,0
11458,17.8797,-13.2,0,0,0,0
11459,18.8821,-13.2,0,0,0,0
11460,19.8844,-13.2,0,0,0,0
11461,20.8868,-13.2,0,0,0,0
11462,21.8892,-13.2,0,0,0,0
11463,22.8915,-13.2,0,0,0,0
11464,23.8939,-13.2,0,0,0,0
11465,24.8962,-13.2,0,0,0,0
11466,25.8986,-13.2,0,0,0,0
11467,26.9009,-13.2,0,0,0,0
11468,27.9033,-13.2,0,0,0,0
11469,28.9057,-13.2,0,0,0,0
11470,29.908,-13.2,0,0,0,0
11471,30.9104,-13.2,0,0,0,0
11472,31.9127,-13.2,0,0,0,0
11473,32.9151,-13.2,0,0,0,0
11474,33.9175,-13.2,0,0,0,0
11475,34.9198,-13.2,0,0,0,0
11476,35.9222,-13.2,0,0,0,0
11477,36.9245,-13.2,0,0,0,0
11478,37.9269,-13.2,0,0,0,0
11479,38.9292,-13.2,0,0,0,0
11480,39.9316,-13.2,0,0,0,0
11481,40.934,-13.2,0,0,0,0
11482,41.9363,-13.2,0,0,0,0
11483,42.9387,-13.2,0,0,0,0
11484,43.941,-13.2,0,0,0,0
11485,44.9434,-13.2,0,0,0,0
11486,45.9458,-13.2,0,0,0,0
11487,46.9481,-13.2,0,0,0,0
11488,47.9505,-13.2,0,0,0,0
11489,48.9528,-13.2,0,0,0,0
11490,49.9552,-13.2,0,0,0,0
11491,50.9575,-13.2,0,0,0,0
11492,51.9599,-13.2,0,0,0,0
11493,52.9623,-13.2,0,0,0,0
11494,53.9646,-13.2,0,0,0,0
11495,54.967,-13.2,0,0,0,0
11496,55.9693,-13.2,0,0,0,0
11497,56.9717,-13.2,0,0,0,0
11498,57.9741,-13.2,0,0,0,0
11499,58.9764,-13.2,0,0,0,0
11500,59.9788,-13.2,0,0,0,0
11501,60.9811,-13.2,0,0,0,0
11502,61.9835,-13.2,0,0,0,0
11503,62.9858,-13.2,0,0,0,0
11504,63.9882,-13.2,0,0,0,0
11505,64.9906,-13.2,0,0,0,0
11506,65.9929,-13.2,0,0,0,0
11507,66.9953,-13.2,0,0,0,0
11508,67.9976,-13.2,0,0,0,0
11509,16.8774,-14.175,0,0,0,0
11510,17.8797,-14.175,0,0,0,0
11511,18.8821,-14.175,0,0,0,0
11512,19.8844,-14.175,0,0,0,0
11513,20.8868,-14.175,0,0,0,0
11514,21.8892,-14.175,0,0,0,0
11515,22.8915,-14.175,0,0,0,0
11516,23.8939,-14.175,0,0,0,0
11517,24.8962,-14.175,0,0,0,0
11518,25.8986,-14.175,0,0,0,0
11519,26.9009,-14.175,0,0,0,0
11520,27.9033,-14.175,0,0,0,0
11521,28.9057,-14.175,0,0,0,0
11522,29.908,-14.175,0,0,0,0
11523,30.9104,-14.175,0,0,0,0
11524,31.9127,-14.175,0,0,0,0
11525,32.9151,-14.175,0,0,0,0
11526,33.9175,-14.175,0,0,0,0
11527,34.9198,-14.175,0,0,0,0
11528,35.9222,-14.175,0,0,0,0
11529,36.9245,-14.175,0,0,0,0
11530,37.9269,-14.175,0,0,0,0
11531,38.9292,-14.175,0,0,0,0
11532,39.9316,-14.175,0,0,0,0
11533,40.934,-14.175,0,0,0,0
11534,41.9363,-14.175,0,0,0,0
11535,42.9387,-14.175,0,0,0,0
11536,43.941,-14.175,0,0,0,0
11537,44.9434,-14.175,0,0,0,0
11538,45.9458,-14.175,0,0,0,0
11539,46.9481,-14.175,0,0,0,0
11540,47.9505,-14.175,0,0,0,0
11541,48.9528,-14.175,0,0,0,0
11542,49.9552,-14.175,0,0,0,0
11543,50.9575,-14.175,0,0,0,0
11544,51.9599,-14.175,0,0,0,0
11545,52.9623,-14.175,0,0,0,0
11546,53.9646,-14.175,0,0,0,0
11547,54.967,-14.175,0,0,0,0
11548,55.9693,-14.175,0,0,0,0
11549,56.9717,-14.175,0,0,0,0
11550,57.9741,-14.175,0,0,0,0
11551,58.9764,-14.175,0,0,0,0
11552,59.9788,-14.175,0,0,0,0
11553,60.9811,-14.175,0,0,0,0
11554,61.9835,-14.175,0,0,0,0
11555,62.9858,-14.175,0,0,0,0
11556,63.9882,-14.175,0,0,0,0
11557,64.9906,-14.175,0,0,0,0
11558,65.9929,-14.175,0,0,0,0
11559,66.9953,-14.175,0,0,0,0
11560,67.9976,-14.175,0,0,0,0
11561,16.8774,-15.15,0,0,0,0
11562,17.8797,-15.15,0,0,0,0
11563,18.8821,-15.15,0,0,0,0
11564,19.8844,-15.15,0,0,0,0
11565,20.8868,-15.15,0,0,0,0
11566,21.8892,-15.15,0,0,0,0
11567,22.8915,-15.15,0,0,0,0
11568,23.8939,-15.15,0,0,0,0
11569,24.8962,-15.15,0,0,0,0
11570,25.8986,-15.15,0,0,0,0
11571,26.9009,-15.15,0,0,0,0
11572,27.9033,-15.15,0,0,0,0
11573,28.9057,-15.15,0,0,0,0
11574,29.908,-15.15,0,0,0,0
11575,30.9104,-15.15,0,0,0,0
11576,31.9127,-15.15,0,0,0,0
11577,32.9151,-15.15,0,0,0,0
11578,33.9175,-15.15,0,0,0,0
11579,34.9198,-15.15,0,0,0,0
11580,35.9222,-15.15,0,0,0,0
11581,36.9245,-15.15,0,0,0,0
11582,37.9269,-15.15,0,0,0,0
11583,38.9292,-15.15,0,0,0,0
11584,39.9316,-15.15,0,0,0,0
11585,40.934,-15.15,0,0,0,0
11586,41.9363,-15.15,0,0,0,0
11587,42.9387,-15.15,0,0,0,0
11588,43.941,-15.15,0,0,0,0
11589,44.9434,-15.15,0,0,0,0
11590,45.9458,-15.15,0,0,0,0
11591,46.9481,-15.15,0,0,0,0
11592,47.9505,-15.15,0,0,0,0
11593,48.9528,-15.15,0,0,0,0
11594,49.9552,-15.15,0,0,0,0
11595,50.9575,-15.15,0,0,0,0
11596,51.9599,-15.15,0,0,0,0
11597,52.9623,-15.15,0,0,0,0
11598,53.9646,-15.15,0,0,0,0
11599,54.967,-15.15,0,0,0,0
11600,55.9693,-15.15,0,0,0,0
11601,56.9717,-15.15,0,0,0,0
11602,57.9741,-15.15,0,0,0,0
11603,58.9764,-15.15,0,0,0,0
11604,59.9788,-15.15,0,0,0,0
11605,60.9811,-15.15,0,0,0,0
11606,61.9835,-15.15,0,0,0,0
11607,62.9858,-15.15,0,0,0,0
11608,63.9882,-15.15,0,0,0,0
11609,64.9906,-15.15,0,0,0,0
11610,65.9929,-15.15,0,0,0,0
11611,66.9953,-15.15,0,0,0,0
11612,67.9976,-15.15,0,0,0,0
11613,16.8774,-16.125,0,0,0,0
11614,17.8797,-16.125,0,0,0,0
11615,18.8821,-16.125,0,0,0,0
11616,19.8844,-16.125,0,0,0,0
11617,20.8868,-16.125,0,0,0,0
11618,21.8892,-16.125,0,0,0,0
11619,22.8915,-16.125,0,0,0,0
11620,23.8939,-16.125,0,0,0,0
11621,24.8962,-16.125,0,0,0,0
11622,25.8986,-16.125,0,0,0,0
11623,26.9009,-16.125,0,0,0,0
11624,27.9033,-16.125,0,0,0,0
11625,28.9057,-16.125,0,0,0,0
11626,29.908,-16.125,0,0,0,0
11627,30.9104,-16.125,0,0,0,0
11628,31.9127,-16.125,0,0,0,0
11629,32.9151,-16.125,0,0,0,0
11630,33.9175,-16.125,0,0,0,0
11631,34.9198,-16.125,0,0,0,0
11632,35.9222,-16.125,0,0,0,0
11633,36.9245,-16.125,0,0,0,0
11634,37.9269,-16.125,0,0,0,0
11635,38.9292,-16.125,0,0,0,0
11636,39.9316,-16.125,0,0,0,0
11637,40.934,-16.125,0,0,0,0
11638,41.9363,-16.125,0,0,0,0
11639,42.9387,-16.125,0,0,0,0
11640,43.941,-16.125,0,0,0,0
11641,44.9434,-16.125,0,0,0,0
11642,45.9458,-16.125,0,0,0,0
11643,46.9481,-16.125,0,0,0,0
11644,47.9505,-16.125,0,0,0,0
11645,48.9528,-16.125,0,0,0,0
11646,49.9552,-16.125,0,0,0,0
11647,50.9575,-16.125,0,0,0,0
11648,51.9599,-16.125,0,0,0,0
11649,52.9623,-16.125,0,0,0,0
11650,53.9646,-16.125,0,0,0,0
11651,54.967,-16.125,0,0,0,0
11652,55.9693,-16.125,0,0,0,0
11653,56.9717,-16.125,0,0,0,0
11654,57.9741,-16.125,0,0,0,0
11655,58.9764,-16.125,0,0,0,0
11656,59.9788,-16.125,0,0,0,0
11657,60.9811,-16.125,0,0,0,0
11658,61.9835,-16.125,0,0,0,0
11659,62.9858,-16.125,0,0,0,0
11660,63.9882,-16.125,0,0,0,0
11661,64.9906,-16.125,0,0,0,0
11662,65.9929,-16.125,0,0,0,0
11663,66.9953,-16.125,0,0,0,0
11664,67.9976,-16.125,0,0,0,0
11665,16.8774,-17.1,0,0,0,0
11666,17.8797,-17.1,0,0,0,0
11667,18.8821,-17.1,0,0,0,0
11668,19.8844,-17.1,0,0,0,0
11669,20.8868,-17.1,0,0,0,0
11670,21.8892,-17.1,0,0,0,0
11671,22.8915,-17.1,0,0,0,0
11672,23.8939,-17.1,0,0,0,0
11673,24.8962,-17.1,0,0,0,0
11674,25.8986,-17.1,0,0,0,0
11675,26.9009,-17.1,0,0,0,0
11676,27.9033,-17.1,0,0,0,0
11677,28.9057,-17.1,0,0,0,0
11678,29.908,-17.1,0,0,0,0
11679,30.9104,-17.1,0,0,0,0
11680,31.9127,-17.1,0,0,0,0
11681,32.9151,-17.1,0,0,0,0
11682,33.9175,-17.1,0,0,0,0
11683,34.9198,-17.1,0,0,0,0
11684,35.9222,-17.1,0,0,0,0
11685,36.9245,-17.1,0,0,0,0
11686,37.9269,-17.1,0,0,0,0
11687,38.9292,-17.1,0,0,0,0
11688,39.9316,-17.1,0,0,0,0
11689,40.934,-17.1,0,0,0,0
11690,41.9363,-17.1,0,0,0,0
11691,42.9387,-17.1,0,0,0,0
11692,43.941,-17.1,0,0,0,0
11693,44.9434,-17.1,0,0,0,0
11694,45.9458,-17.1,0,0,0,0
11695,46.9481,-17.1,0,0,0,0
11696,47.9505,-17.1,0,0,0,0
11697,48.9528,-17.1,0,0,0,0
11698,49.9552,-17.1,0,0,0,0
11699,50.9575,-17.1,0,0,0,0
11700,51.9599,-17.1,0,0,0,0
11701,52.9623,-17.1,0,0,0,0
11702,53.9646,-17.1,0,0,0,0
11703,54.967,-17.1,0,0,0,0
11704,55.9693,-17.1,0,0,0,0
11705,56.9717,-17.1,0,0,0,0
11706,57.9741,-17.1,0,0,0,0
11707,58.9764,-17.1,0,0,0,0
11708,59.9788,-17.1,0,0,0,0
11709,60.9811,-17.1,0,0,0,0
11710,61.9835,-17.1,0,0,0,0
11711,62.9858,-17.1,0,0,0,0
11712,63.9882,-17.1,0,0,0,0
11713,64.9906,-17.1,0,0,0,0
11714,65.9929,-17.1,0,0,0,0
11715,66.9953,-17.1,0,0,0,0
11716,67.9976,-17.1,0,0,0,0
11717,16.8774,-18.075,0,0,0,0
11718,17.8797,-18.075,0,0,0,0
11719,18.8821,-18.075,0,0,0,0
11720,19.8844,-18.075,0,0,0,0
11721,20.8868,-18.075,0,0,0,0
11722,21.8892,-18.075,0,0,0,0
11723,22.8915,-18.075,0,0,0,0
11724,23.8939,-18.075,0,0,0,0
11725,24.8962,-18.075,0,0,0,0
11726,25.8986,-18.075,0,0,0,0
11727,26.9009,-18.075,0,0,0,0
11728,27.9033,-18.075,0,0,0,0
11729,28.9057,-18.075,0,0,0,0
11730,29.908,-18.075,0,0,0,0
11731,30.9104,-18.075,0,0,0,0
11732,31.9127,-18.075,0,0,0,0
11733,32.9151,-18.075,0,0,0,0
11734,33.9175,-18.075,0,0,0,0
11735,34.9198,-18.075,0,0,0,0
11736,35.9222,-18.075,0,0,0,0
11737,36.9245,-18.075,0,0,0,0
11738,37.9269,-18.075,0,0,0,0
11739,38.9292,-18.075,0,0,0,0
11740,39.9316,-18.075,0,0,0,0
11741,40.934,-18.075,0,0,0,0
11742,41.9363,-18.075,0,0,0,0
11743,42.9387,-18.075,0,0,0,0
11744,43.941,-18.075,0,0,0,0
11745,44.9434,-18.075,0,0,0,0
11746,45.9458,-18.075,0,0,0,0
11747,46.9481,-18.075,0,0,0,0
11748,47.9505,-18.075,0,0,0,0
11749,48.9528,-18.075,0,0,0,0
11750,49.9552,-18.075,0,0,0,0
11751,50.9575,-18.075,0,0,0,0
11752,51.9599,-18.075,0,0,0,0
11753,52.9623,-18.075,0,0,0,0
11754,53.9646,-18.075,0,0,0,0
11755,54.967,-18.075,0,0,0,0
11756,55.9693,-18.075,0,0,0,0
11757,56.9717,-18.075,0,0,0,0
11758,57.9741,-18.075,0,0,0,0
11759,58.9764,-18.075,0,0,0,0
11760,59.9788,-18.075,0,0,0,0
11761,60.9811,-18.075,0,0,0,0
11762,61.9835,-18.075,0,0,0,0
11763,62.9858,-18.075,0,0,0,0
11764,63.9882,-18.075,0,0,0,0
11765,64.9906,-18.075,0,0,0,0
11766,65.9929,-18.075,0,0,0,0
11767,66.9953,-18.075,0,0,0,0
11768,67.9976,-18.075,0,0,0,0
11769,16.8774,-0.525,1,0,0,0
11770,17.8797,-0.525,1,0,0,0
11771,18.8821,-0.525,1,0,0,0
11772,19.8844,-0.525,1,0,0,0
11773,20.8868,-0.525,1,0,0,0
11774,21.8892,-0.525,1,0,0,0
11775,22.8915,-0.525,1,0,0,0
11776,23.8939,-0.525,1,0,0,0
11777,24.8962,-0.525,1,0,0,0
11778,25.8986,-0.525,1,0,0,0
11779,26.9009,-0.525,1,0,0,0
11780,27.9033,-0.525,1,0,0,0
11781,28.9057,-0.525,1,0,0,0
11782,29.908,-0.525,1,0,0,0
11783,30.9104,-0.525,1,0,0,0
11784,31.9127,-0.525,1,0,0,0
11785,32.9151,-0.525,1,0,0,0
11786,33.9175,-0.525,1,0,0,0
11787,34.9198,-0.525,1,0,0,0
11788,35.9222,-0.525,1,0,0,0
11789,36.9245,-0.525,1,0,0,0
11790,37.9269,-0.525,1,0,0,0
11791,38.9292,-0.525,1,0,0,0
11792,39.9316,-0.525,1,0,0,0
11793,40.934,-0.525,1,0,0,0
11794,41.9363,-0.525,1,0,0,0
11795,42.9387,-0.525,1,0,0,0
11796,43.941,-0.525,1,0,0,0
11797,44.9434,-0.525,1,0,0,0
11798,45.9458,-0.525,1,0,0,0
11799,46.9481,-0.525,1,0,0,0
11800,47.9505,-0.525,1,0,0,0
11801,48.9528,-0.525,1,0,0,0
11802,49.9552,-0.525,1,0,0,0
11803,50.9575,-0.525,1,0,0,0
11804,51.9599,-0.525,1,0,0,0
11805,52.9623,-0.525,1,0,0,0
11806,53.9646,-0.525,1,0,0,0
11807,54.967,-0.525,1,0,0,0
11808,55.9693,-0.525,1,0,0,0
11809,56.9717,-0.525,1,0,0,0
11810,57.9741,-0.525,1,0,0,0
11811,58.9764,-0.525,1,0,0,0
11812,59.9788,-0.525,1,0,0,0
11813,60.9811,-0.525,1,0,0,0
11814,61.9835,-0.525,1,0,0,0
11815,62.9858,-0.525,1,0,0,0
11816,63.9882,-0.525,1,0,0,0
11817,64.9906,-0.525,1,0,0,0
11818,65.9929,-0.525,1,0,0,0
11819,66.9953,-0.525,1,0,0,0
11820,67.9976,-0.525,1,0,0,0
11821,16.8774,-1.5,1,0,0,0
11822,17.8797,-1.5,1,0,0,0
11823,18.8821,-1.5,1,0,0,0
11824,19.8844,-1.5,1,0,0,0
11825,20.8868,-1.5,1,0,0,0
11826,21.8892,-1.5,1,0,0,0
11827,22.8915,-1.5,1,0,0,0
11828,23.8939,-1.5,1,0,0,0
11829,24.8962,-1.5,1,0,0,0
11830,25.8986,-1.5,1,0,0,0
11831,26.9009,-1.5,1,0,0,0
11832,27.9033,-1.5,1,0,0,0
11833,28.9057,-1.5,1,0,0,0
11834,29.908,-1.5,1,0,0,0
11835,30.9104,-1.5,1,0,0,0
11836,31.9127,-1.5,1,0,0,0
11837,32.9151,-1.5,1,0,0,0
11838,33.9175,-1.5,1,0,0,0
11839,34.9198,-1.5,1,0,0,0
11840,35.9222,-1.5,1,0,0,0
11841,36.9245,-1.5,1,0,0,0
11842,37.9269,-1.5,1,0,0,0
11843,38.9292,-1.5,1,0,0,0
11844,39.9316,-1.5,1,0,0,0
11845,40.934,-1.5,1,0,0,0
11846,41.9363,-1.5,1,0,0,0
11847,42.9387,-1.5,1,0,0,0
11848,43.941,-1.5,1,0,0,0
11849,44.9434,-1.5,1,0,0,0
11850,45.9458,-1.5,1,0,0,0
11851,46.9481,-1.5,1,0,0,0
11852,47.9505,-1.5,1,0,0,0
11853,48.9528,-1.5,1,0,0,0
11854,49.9552,-1.5,1,0,0,0
11855,50.9575,-1.5,1,0,0,0
11856,51.9599,-1.5,1,0,0,0
11857,52.9623,-1.5,1,0,0,0
11858,53.9646,-1.5,1,0,0,0
11859,54.967,-1.5,1,0,0,0
11860,55.9693,-1.5,1,0,0,0
11861,56.9717,-1.5,1,0,0,0
11862,57.9741,-1.5,1,0,0,0
11863,58.9764,-1.5,1,0,0,0
11864,59.9788,-1.5,1,0,0,0
11865,60.9811,-1.5,1,0,0,0
11866,61.9835,-1.5,1,0,0,0
11867,62.9858,-1.5,1,0,0,0
11868,63.9882,-1.5,1,0,0,0
11869,64.9906,-1.5,1,0,0,0
11870,65.9929,-1.5,1,0,0,0
11871,66.9953,-1.5,1,0,0,0
11872,67.9976,-1.5,1,0,0,0
11873,16.8774,-2.475,1,0,0,0
11874,17.8797,-2.475,1,0,0,0
11875,18.8821,-2.475,1,0,0,0
11876,19.8844,-2.475,1,0,0,0
11877,20.8868,-2.475,1,0,0,0
11878,21.8892,-2.475,1,0,0,0
11879,22.8915,-2.475,1,0,0,0
11880,23.8939,-2.475,1,0,0,0
11881,24.8962,-2.475,1,0,0,0
11882,25.8986,-2.475,1,0,0,0
11883,26.9009,-2.475,1,0,0,0
11884,27.9033,-2.475,1,0,0,0
11885,28.9057,-2.475,1,0,0,0
11886,29.908,-2.475,1,0,0,0
11887,30.9104,-2.475,1,0,0,0
11888,31.9127,-2.475,1,0,0,0
11889,32.9151,-2.475,1,0,0,0
11890,33.9175,-2.475,1,0,0,0
11891,34.9198,-2.475,1,0,0,0
11892,35.9222,-2.475,1,0,0,0
11893,36.9245,-2.475,1,0,0,0
11894,37.9269,-2.475,1,0,0,0
11895,38.9292,-2.475,1,0,0,0
11896,39.9316,-2.475,1,0,0,0
11897,40.934,-2.475,1,0,0,0
11898,41.9363,-2.475,1,0,0,0
11899,42.9387,-2.475,1,0,0,0
11900,43.941,-2.475,1,0,0,0
11901,44.9434,-2.475,1,0,0,0
11902,45.9458,-2.475,1,0,0,0
11903,46.9481,-2.475,1,0,0,0
11904,47.9505,-2.475,1,0,0,0
11905,48.9528,-2.475,1,0,0,0
11906,49.9552,-2.475,1,0,0,0
11907,50.9575,-2.475,1,0,0,0
11908,51.9599,-2.475,1,0,0,0
11909,52.9623,-2.475,1,0,0,0
11910,53.9646,-2.475,1,0,0,0
11911,54.967,-2.475,1,0,0,0
11912,55.9693,-2.475,1,0,0,0
11913,56.9717,-2.475,1,0,0,0
11914,57.9741,-2.475,1,0,0,0
11915,58.9764,-2.475,1,0,0,0
11916,59.9788,-2.475,1,0,0,0
11917,60.9811,-2.475,1,0,0,0
11918,61.9835,-2.475,1,0,0,0
11919,62.9858,-2.475,1,0,0,0
11920,63.9882,-2.475,1,0,0,0
11921,64.9906,-2.475,1,0,0,0
11922,65.9929,-2.475,1,0,0,0
11923,66.9953,-2.475,1,0,0,0
11924,67.9976,-2.475,1,0,0,0
11925,16.8774,-3.45,1,0,0,0
11926,17.8797,-3.45,1,0,0,0
11927,18.8821,-3.45,1,0,0,0
11928,19.8844,-3.45,1,0,0,0
11929,20.8868,-3.45,1,0,0,0
11930,21.8892,-3.45,1,0,0,0
11931,22.8915,-3.45,1,0,0,0
11932,23.8939,-3.45,1,0,0,0
11933,24.8962,-3.45,1,0,0,0
11934,25.8986,-3.45,1,0,0,0
11935,26.9009,-3.45,1,0,0,0
11936,27.9033,-3.45,1,0,0,0
11937,28.9057,-3.45,1,0,0,0
11938,29.908,-3.45,1,0,0,0
11939,30.9104,-3.45,1,0,0,0
11940,31.9127,-3.45,1,0,0,0
11941,32.9151,-3.45,1,0,0,0
11942,33.9175,-3.45,1,0,0,0
11943,34.9198,-3.45,1,0,0,0
11944,35.9222,-3.45,1,0,0,0
11945,36.9245,-3.45,1,0,0,0
11946,37.9269,-3.45,1,0,0,0
11947,38.9292,-3.45,1,0,0,0
11948,39.9316,-3.45,1,0,0,0
11949,40.934,-3.45,1,0,0,0
11950,41.9363,-3.45,1,0,0,0
11951,42.9387,-3.45,1,0,0,0
11952,43.941,-3.45,1,0,0,0
11953,44.9434,-3.45,1,0,0,0
11954,45.9458,-3.45,1,0,0,0
11955,46.9481,-3.45,1,0,0,0
11956,47.9505,-3.45,1,0,0,0
11957,48.9528,-3.45,1,0,0,0
11958,49.9552,-3.45,1,0,0,0
11959,50.9575,-3.45,1,0,0,0
11960,51.9599,-3.45,1,0,0,0
11961,52.9623,-3.45,1,0,0,0
11962,53.9646,-3.45,1,0,0,0
11963,54.967,-3.45,1,0,0,0
11964,55.9693,-3.45,1,0,0,0
11965,56.9717,-3.45,1,0,0,0
11966,57.9741,-3.45,1,0,0,0
11967,58.9764,-3.45,1,0,0,0
11968,59.9788,-3.45,1,0,0,0
11969,60.9811,-3.45,1,0,0,0
11970,61.9835,-3.45,1,0,0,0
11971,62.9858,-3.45,1,0,0,0
11972,63.9882,-3.45,1,0,0,0
11973,64.9906,-3.45,1,0,0,0
11974,65.9929,-3.45,1,0,0,0
11975,66.9953,-3.45,1,0,0,0
11976,67.9976,-3.45,1,0,0,0
11977,16.8774,-4.425,1,0,0,0
11978,17.8797,-4.425,1,0,0,0
11979,18.8821,-4.425,1,0,0,0
11980,19.8844,-4.425,1,0,0,0
11981,20.8868,-4.425,1,0,0,0
11982,21.8892,-4.425,1,0,0,0
11983,22.8915,-4.425,1,0,0,0
11984,23.8939,-4.425,1,0,0,0
11985,24.8962,-4.425,1,0,0,0
11986,25.8986,-4.425,1,0,0,0
11987,26.9009,-4.425,1,0,0,0
11988,27.9033,-4.425,1,0,0,0
11989,28.9057,-4.425,1,0,0,0
11990,29.908,-4.425,1,0,0,0
11991,30.9104,-4.425,1,0,0,0
11992,31.9127,-4.425,1,0,0,0
11993,32.9151,-4.425,1,0,0,0
11994,33.9175,-4.425,1,0,0,0
11995,34.9198,-4.425,1,0,0,0
11996,35.9222,-4.425,1,0,0,0
11997,36.9245,-4.425,1,0,0,0
11998,37.9269,-4.425,1,0,0,0
11999,38.9292,-4.425,1,0,0,0
12000,39.9316,-4.425,1,0,0,0
12001,40.934,-4.425,1,0,0,0
12002,41.9363,-4.425,1,0,0,0
12003,42.9387,-4.425,1,0,0,0
12004,43.941,-4.425,1,0,0,0
12005,44.9434,-4.425,1,0,0,0
12006,45.9458,-4.425,1,0,0,0
12007,46.9481,-4.425,1,0,0,0
12008,47.9505,-4.425,1,0,0,0
12009,48.9528,-4.425,1,0,0,0
12010,49.9552,-4.425,1,0,0,0
12011,50.9575,-4.425,1,0,0,0
12012,51.9599,-4.425,1,0,0,0
12013,52.9623,-4.425,1,0,0,0
12014,53.9646,-4.425,1,0,0,0
12015,54.967,-4.425,1,0,0,0
12016,55.9693,-4.425,1,0,0,0
12017,56.9717,-4.425,1,0,0,0
12018,57.9741,-4.425,1,0,0,0
12019,58.9764,-4.425,1,0,0,0
12020,59.9788,-4.425,1,0,0,0
12021,60.9811,-4.425,1,0,0,0
12022,61.9835,-4.425,1,0,0,0
12023,62.9858,-4.425,1,0,0,0
12024,63.9882,-4.425,1,0,0,0
12025,64.9906,-4.425,1,0,0,0
12026,65.9929,-4.425,1,0,0,0
12027,66.9953,-4.425,1,0,0,0
12028,67.9976,-4.425,1,0,0,0
12029,16.8774,-5.4,1,0,0,0
12030,17.8797,-5.4,1,0,0,0
12031,18.8821,-5.4,1,0,0,0
12032,19.8844,-5.4,1,0,0,0
12033,20.8868,-5.4,1,0,0,0
12034,21.8892,-5.4,1,0,0,0
12035,22.8915,-5.4,1,0,0,0
12036,23.8939,-5.4,1,0,0,0
12037,24.8962,-5.4,1,0,0,0
12038,25.8986,-5.4,1,0,0,0
12039,26.9009,-5.4,1,0,0,0
12040,27.9033,-5.4,1,0,0,0
12041,28.9057,-5.4,1,0,0,0
12042,29.908,-5.4,1,0,0,0
12043,30.9104,-5.4,1,0,0,0
12044,31.9127,-5.4,1,0,0,0
12045,32.9151,-5.4,1,0,0,0
12046,33.9175,-5.4,1,0,0,0
12047,34.9198,-5.4,1,0,0,0
12048,35.9222,-5.4,1,0,0,0
12049,36.9245,-5.4,1,0,0,0
12050,37.9269,-5.4,1,0,0,0
12051,38.9292,-5.4,1,0,0,0
12052,39.9316,-5.4,1,0,0,0
12053,40.934,-5.4,1,0,0,0
12054,41.9363,-5.4,1,0,0,0
12055,42.9387,-5.4,1,0,0,0
12056,43.941,-5.4,1,0,0,0
12057,44.9434,-5.4,1,0,0,0
12058,45.9458,-5.4,1,0,0,0
12059,46.9481,-5.4,1,0,0,0
12060,47.9505,-5.4,1,0,0,0
12061,48.9528,-5.4,1,0,0,0
12062,49.9552,-5.4,1,0,0,0
12063,50.9575,-5.4,1,0,0,0
12064,51.9599,-5.4,1,0,0,0
12065,52.9623,-5.4,1,0,0,0
12066,53.9646,-5.4,1,0,0,0
12067,54.967,-5.4,1,0,0,0
12068,55.9693,-5.4,1,0,0,0
12069,56.9717,-5.4,1,0,0,0
12070,57.9741,-5.4,1,0,0,0
12071,58.9764,-5.4,1,0,0,0
12072,59.9788,-5.4,1,0,0,0
12073,60.9811,-5.4,1,0,0,0
12074,61.9835,-5.4,1,0,0,0
12075,62.9858,-5.4,1,0,0,0
12076,63.9882,-5.4,1,0,0,0
12077,64.9906,-5.4,1,0,0,0
12078,65.9929,-5.4,1,0,0,0
12079,66.9953,-5.4,1,0,0,0
12080,67.9976,-5.4,1,0,0,0
12081,16.8774,-6.375,1,0,0,0
12082,17.8797,-6.375,1,0,0,0
12083,18.8821,-6.375,1,0,0,0
12084,19.8844,-6.375,1,0,0,0
12085,20.8868,-6.375,1,0,0,0
12086,21.8892,-6.375,1,0,0,0
12087,22.8915,-6.375,1,0,0,0
12088,23.8939,-6.375,1,0,0,0
12089,24.8962,-6.375,1,0,0,0
12090,25.8986,-6.375,1,0,0,0
12091,26.9009,-6.375,1,0,0,0
12092,27.9033,-6.375,1,0,0,0
12093,28.9057,-6.375,1,0,0,0
12094,29.908,-6.375,1,0,0,0
12095,30.9104,-6.375,1,0,0,0
12096,31.9127,-6.375,1,0,0,0
12097,32.9151,-6.375,1,0,0,0
12098,33.9175,-6.375,1,0,0,0
12099,34.9198,-6.375,1,0,0,0
12100,35.9222,-6.375,1,0,0,0
12101,36.9245,-6.375,1,0,0,0
12102,37.9269,-6.375,1,0,0,0
12103,38.9292,-6.375,1,0,0,0
12104,39.9316,-6.375,1,0,0,0
12105,40.934,-6.375,1,0,0,0
12106,41.9363,-6.375,1,0,0,0
12107,42.9387,-6.375,1,0,0,0
12108,43.941,-6.375,1,0,0,0
12109,44.9434,-6.375,1,0,0,0
12110,45.9458,-6.375,1,0,0,0
12111,46.9481,-6.375,1,0,0,0
12112,47.9505,-6.375,1,0,0,0
12113,48.9528,-6.375,1,0,0,0
12114,49.9552,-6.375,1,0,0,0
12115,50.9575,-6.375,1,0,0,0
12116,51.9599,-6.375,1,0,0,0
12117,52.9623,-6.375,1,0,0,0
12118,53.9646,-6.375,1,0,0,0
12119,54.967,-6.375,1,0,0,0
12120,55.9693,-6.375,1,0,0,0
12121,56.9717,-6.375,1,0,0,0
12122,57.9741,-6.375,1,0,0,0
12123,58.9764,-6.375,1,0,0,0
12124,59.9788,-6.375,1,0,0,0
12125,60.9811,-6.375,1,0,0,0
12126,61.9835,-6.375,1,0,0,0
12127,62.9858,-6.375,1,0,0,0
12128,63.9882,-6.375,1,0,0,0
12129,64.9906,-6.375,1,0,0,0
12130,65.9929,-6.375,1,0,0,0
12131,66.9953,-6.375,1,0,0,0
12132,67.9976,-6.375,1,0,0,0
12133,16.8774,-7.35,1,0,0,0
12134,17.8797,-7.35,1,0,0,0
12135,18.8821,-7.35,1,0,0,0
12136,19.8844,-7.35,1,0,0,0
12137,20.8868,-7.35,1,0,0,0
12138,21.8892,-7.35,1,0,0,0
12139,22.8915,-7.35,1,0,0,0
12140,23.8939,-7.35,1,0,0,0
12141,24.8962,-7.35,1,0,0,0
12142,25.8986,-7.35,1,0,0,0
12143,26.9009,-7.35,1,0,0,0
12144,27.9033,-7.35,1,0,0,0
12145,28.9057,-7.35,1,0,0,0
12146,29.908,-7.35,1,0,0,0
12147,30.9104,-7.35,1,0,0,0
12148,31.9127,-7.35,1,0,0,0
12149,32.9151,-7.35,1,0,0,0
12150,33.9175,-7.35,1,0,0,0
12151,34.9198,-7.35,1,0,0,0
12152,35.9222,-7.35,1,0,0,0
12153,36.9245,-7.35,1,0,0,0
12154,37.9269,-7.35,1,0,0,0
12155,38.9292,-7.35,1,0,0,0
12156,39.9316,-7.35,1,0,0,0
12157,40.934,-7.35,1,0,0,0
12158,41.9363,-7.35,1,0,0,0
12159,42.9387,-7.35,1,0,0,0
12160,43.941,-7.35,1,0,0,0
12161,44.9434,-7.35,1,0,0,0
12162,45.9458,-7.35,1,0,0,0
12163,46.9481,-7.35,1,0,0,0
12164,47.9505,-7.35,1,0,0,0
12165,48.9528,-7.35,1,0,0,0
12166,49.9552,-7.35,1,0,0,0
12167,50.9575,-7.35,1,0,0,0
12168,51.9599,-7.35,1,0,0,0
12169,52.9623,-7.35,1,0,0,0
12170,53.9646,-7.35,1,0,0,0
12171,54.967,-7.35,1,0,0,0
12172,55.9693,-7.35,1,0,0,0
12173,56.9717,-7.35,1,0,0,0
12174,57.9741,-7.35,1,0,0,0
12175,58.9764,-7.35,1,0,0,0
12176,59.9788,-7.35,1,0,0,0
12177,60.9811,-7.35,1,0,0,0
12178,61.9835,-7.35,1,0,0,0
12179,62.9858,-7.35,1,0,0,0
12180,63.9882,-7.35,1,0,0,0
12181,64.9906,-7.35,1,0,0,0
12182,65.9929,-7.35,1,0,0,0
12183,66.9953,-7.35,1,0,0,0
12184,67.9976,-7.35,1,0,0,0
12185,16.8774,-8.325,1,0,0,0
12186,17.8797,-8.325,1,0,0,0
12187,18.8821,-8.325,1,0,0,0
12188,19.8844,-8.325,1,0,0,0
12189,20.8868,-8.325,1,0,0,0
12190,21.8892,-8.325,1,0,0,0
12191,22.8915,-8.325,1,0,0,0
12192,23.8939,-8.325,1,0,0,0
12193,24.8962,-8.325,1,0,0,0
12194,25.8986,-8.325,1,0,0,0
12195,26.9009,-8.325,1,0,0,0
12196,27.9033,-8.325,1,0,0,0
12197,28.9057,-8.325,1,0,0,0
12198,29.908,-8.325,1,0,0,0
12199,30.9104,-8.325,1,0,0,0
12200,31.9127,-8.325,1,0,0,0
12201,32.9151,-8.325,1,0,0,0
12202,33.9175,-8.325,1,0,0,0
12203,34.9198,-8.325,1,0,0,0
12204,35.9222,-8.325,1,0,0,0
12205,36.9245,-8.325,1,0,0,0
12206,37.9269,-8.325,1,0,0,0
12207,38.9292,-8.325,1,0,0,0
12208,39.9316,-8.325,1,0,0,0
12209,40.934,-8.325,1,0,0,0
12210,41.9363,-8.325,1,0,0,0
12211,42.9387,-8.325,1,0,0,0
12212,43.941,-8.325,1,0,0,0
12213,44.9434,-8.325,1,0,0,0
12214,45.9458,-8.325,1,0,0,0
12215,46.9481,-8.325,1,0,0,0
12216,47.9505,-8.325,1,0,0,0
12217,48.9528,-8.325,1,0,0,0
12218,49.9552,-8.325,1,0,0,0
12219,50.9575,-8.325,1,0,0,0
12220,51.9599,-8.325,1,0,0,0
12221,52.9623,-8.325,1,0,0,0
12222,53.9646,-8.325,1,0,0,0
12223,54.967,-8.325,1,0,0,0
12224,55.9693,-8.325,1,0,0,0
12225,56.9717,-8.325,1,0,0,0
12226,57.9741,-8.325,1,0,0,0
12227,58.9764,-8.325,1,0,0,0
12228,59.9788,-8.325,1,0,0,0
12229,60.9811,-8.325,1,0,0,0
12230,61.9835,-8.325,1,0,0,0
12231,62.9858,-8.325,1,0,0,0
12232,63.9882,-8.325,1,0,0,0
12233,64.9906,-8.325,1,0,0,0
12234,65.9929,-8.325,1,0,0,0
12235,66.9953,-8.325,1,0,0,0
12236,67.9976,-8.325,1,0,0,0
12237,16.8774,-9.3,1,0,0,0
12238,17.8797,-9.3,1,0,0,0
12239,18.8821,-9.3,1,0,0,0
12240,19.8844,-9.3,1,0,0,0
12241,20.8868,-9.3,1,0,0,0
12242,21.8892,-9.3,1,0,0,0
12243,22.8915,-9.3,1,0,0,0
12244,23.8939,-9.3,1,0,0,0
12245,24.8962,-9.3,1,0,0,0
12246,25.8986,-9.3,1,0,0,0
12247,26.9009,-9.3,1,0,0,0
12248,27.9033,-9.3,1,0,0,0
12249,28.9057,-9.3,1,0,0,0
12250,29.908,-9.3,1,0,0,0
12251,30.9104,-9.3,1,0,0,0
12252,31.9127,-9.3,1,0,0,0
12253,32.9151,-9.3,1,0,0,0
12254,33.9175,-9.3,1,0,0,0
12255,34.9198,-9.3,1,0,0,0
12256,35.9222,-9.3,1,0,0,0
12257,36.9245,-9.3,1,0,0,0
12258,37.9269,-9.3,1,0,0,0
12259,38.9292,-9.3,1,0,0,0
12260,39.9316,-9.3,1,0,0,0
12261,40.934,-9.3,1,0,0,0
12262,41.9363,-9.3,1,0,0,0
12263,42.9387,-9.3,1,0,0,0
12264,43.941,-9.3,1,0,0,0
12265,44.9434,-9.3,1,0,0,0
12266,45.9458,-9.3,1,0,0,0
12267,46.9481,-9.3,1,0,0,0
12268,47.9505,-9.3,1,0,0,0
12269,48.9528,-9.3,1,0,0,0
12270,49.9552,-9.3,1,0,0,0
12271,50.9575,-9.3,1,0,0,0
12272,51.9599,-9.3,1,0,0,0
12273,52.9623,-9.3,1,0,0,0
12274,53.9646,-9.3,1,0,0,0
12275,54.967,-9.3,1,0,0,0
12276,55.9693,-9.3,1,0,0,0
12277,56.9717,-9.3,1,0,0,0
12278,57.9741,-9.3,1,0,0,0
12279,58.9764,-9.3,1,0,0,0
12280,59.9788,-9.3,1,0,0,0
12281,60.9811,-9.3,1,0,0,0
12282,61.9835,-9.3,1,0,0,0
12283,62.9858,-9.3,1,0,0,0
12284,63.9882,-9.3,1,0,0,0
12285,64.9906,-9.3,1,0,0,0
12286,65.9929,-9.3,1,0,0,0
12287,66.9953,-9.3,1,0,0,0
12288,67.9976,-9.3,1,0,0,0
12289,16.8774,-10.275,1,0,0,0
12290,17.8797,-10.275,1,0,0,0
12291,18.8821,-10.275,1,0,0,0
12292,19.8844,-10.275,1,0,0,0
12293,20.8868,-10.275,1,0,0,0
12294,21.8892,-10.275,1,0,0,0
12295,22.8915,-10.275,1,0,0,0
12296,23.8939,-10.275,1,0,0,0
12297,24.8962,-10.275,1,0,0,0
12298,25.8986,-10.275,1,0,0,0
12299,26.9009,-10.275,1,0,0,0
12300,27.9033,-10.275,1,0,0,0
12301,28.9057,-10.275,1,0,0,0
12302,29.908,-10.275,1,0,0,0
12303,30.9104,-10.275,1,0,0,0
12304,31.9127,-10.275,1,0,0,0
12305,32.9151,-10.275,1,0,0,0
12306,33.9175,-10.275,1,0,0,0
12307,34.9198,-10.275,1,0,0,0
12308,35.9222,-10.275,1,0,0,0
12309,36.9245,-10.275,1,0,0,0
12310,37.9269,-10.275,1,0,0,0
12311,38.9292,-10.275,1,0,0,0
12312,39.9316,-10.275,1,0,0,0
12313,40.934,-10.275,1,0,0,0
12314,41.9363,-10.275,1,0,0,0
12315,42.9387,-10.275,1,0,0,0
12316,43.941,-10.275,1,0,0,0
12317,44.9434,-10.275,1,0,0,0
12318,45.9458,-10.275,1,0,0,0
12319,46.9481,-10.275,1,0,0,0
12320,47.9505,-10.275,1,0,0,0
12321,48.9528,-10.275,1,0,0,0
12322,49.9552,-10.275,1,0,0,0
12323,50.9575,-10.275,1,0,0,0
12324,51.9599,-10.275,1,0,0,0
12325,52.9623,-10.275,1,0,0,0
12326,53.9646,-10.275,1,0,0,0
12327,54.967,-10.275,1,0,0,0
12328,55.9693,-10.275,1,0,0,0
12329,56.9717,-10.275,1,0,0,0
12330,57.9741,-10.275,1,0,0,0
12331,58.9764,-10.275,1,0,0,0
12332,59.9788,-10.275,1,0,0,0
12333,60.9811,-10.275,1,0,0,0
12334,61.9835,-10.275,1,0,0,0
12335,62.9858,-10.275,1,0,0,0
12336,63.9882,-10.275,1,0,0,0
12337,64.9906,-10.275,1,0,0,0
12338,65.9929,-10.275,1,0,0,0
12339,66.9953,-10.275,1,0,0,0
12340,67.9976,-10.275,1,0,0,0
12341,16.8774,-11.25,1,0,0,0
12342,17.8797,-11.25,1,0,0,0
12343,18.8821,-11.25,1,0,0,0
12344,19.8844,-11.25,1,0,0,0
12345,20.8868,-11.25,1,0,0,0
12346,21.8892,-11.25,1,0,0,0
12347,22.8915,-11.25,1,0,0,0
12348,23.8939,-11.25,1,0,0,0
12349,24.8962,-11.25,1,0,0,0
12350,25.8986,-11.25,1,0,0,0
12351,26.9009,-11.25,1,0,0,0
12352,27.9033,-11.25,1,0,0,0
12353,28.9057,-11.25,1,0,0,0
12354,29.908,-11.25,1,0,0,0
12355,30.9104,-11.25,1,0,0,0
12356,31.9127,-11.25,1,0,0,0
12357,32.9151,-11.25,1,0,0,0
12358,33.9175,-11.25,1,0,0,0
12359,34.9198,-11.25,1,0,0,0
12360,35.9222,-11.25,1,0,0,0
12361,36.9245,-11.25,1,0,0,0
12362,37.9269,-11.25,1,0,0,0
12363,38.9292,-11.25,1,0,0,0
12364,39.9316,-11.25,1,0,0,0
12365,40.934,-11.25,1,0,0,0
12366,41.9363,-11.25,1,0,0,0
12367,42.9387,-11.25,1,0,0,0
12368,43.941,-11.25,1,0,0,0
12369,44.9434,-11.25,1,0,0,0
12370,45.9458,-11.25,1,0,0,0
12371,46.9481,-11.25,1,0,0,0
12372,47.9505,-11.25,1,0,0,0
12373,48.9528,-11.25,1,0,0,0
12374,49.9552,-11.25,1,0,0,0
12375,50.9575,-11.25,1,0,0,0
12376,51.9599,-11.25,1,0,0,0
12377,52.9623,-11.25,1,0,0,0
12378,53.9646,-11.25,1,0,0,0
12379,54.967,-11.25,1,0,0,0
12380,55.9693,-11.25,1,0,0,0
12381,56.9717,-11.25,1,0,0,0
12382,57.9741,-11.25,1,0,0,0
12383,58.9764,-11.25,1,0,0,0
12384,59.9788,-11.25,1,0,0,0
12385,60.9811,-11.25,1,0,0,0
12386,61.9835,-11.25,1,0,0,0
12387,62.9858,-11.25,1,0,0,0
12388,63.9882,-11.25,1,0,0,0
12389,64.9906,-11.25,1,0,0,0
12390,65.9929,-11.25,1,0,0,0
12391,66.9953,-11.25,1,0,0,0
12392,67.9976,-11.25,1,0,0,0
12393,16.8774,-12.225,1,0,0,0
12394,17.8797,-12.225,1,0,0,0
12395,18.8821,-12.225,1,0,0,0
12396,19.8844,-12.225,1,0,0,0
12397,20.8868,-12.225,1,0,0,0
12398,21.8892,-12.225,1,0,0,0
12399,22.8915,-12.225,1,0,0,0
12400,23.8939,-12.225,1,0,0,0
12401,24.8962,-12.225,1,0,0,0
12402,25.8986,-12.225,1,0,0,0
12403,26.9009,-12.225,1,0,0,0
12404,27.9033,-12.225,1,0,0,0
12405,28.9057,-12.225,1,0,0,0
12406,29.908,-12.225,1,0,0,0
12407,30.9104,-12.225,1,0,0,0
12408,31.9127,-12.225,1,0,0,0
12409,32.9151,-12.225,1,0,0,0
12410,33.9175,-12.225,1,0,0,0
12411,34.9198,-12.225,1,0,0,0
12412,35.9222,-12.225,1,0,0,0
12413,36.9245,-12.225,1,0,0,0
12414,37.9269,-12.225,1,0,0,0
12415,38.9292,-12.225,1,0,0,0
12416,39.9316,-12.225,1,0,0,0
12417,40.934,-12.225,1,0,0,0
12418,41.9363,-12.225,1,0,0,0
12419,42.9387,-12.225,1,0,0,0
12420,43.941,-12.225,1,0,0,0
12421,44.9434,-12.225,1,0,0,0
12422,45.9458,-12.225,1,0,0,0
12423,46.9481,-12.225,1,0,0,0
12424,47.9505,-12.225,1,0,0,0
12425,48.9528,-12.225,1,0,0,0
12426,49.9552,-12.225,1,0,0,0
12427,50.9575,-12.225,1,0,0,0
12428,51.9599,-12.225,1,0,0,0
12429,52.9623,-12.225,1,0,0,0
12430,53.9646,-12.225,1,0,0,0
12431,54.967,-12.225,1,0,0,0
12432,55.9693,-12.225,1,0,0,0
12433,56.9717,-12.225,1,0,0,0
12434,57.9741,-12.225,1,0,0,0
12435,58.9764,-12.225,1,0,0,0
12436,59.9788,-12.225,1,0,0,0
12437,60.9811,-12.225,1,0,0,0
12438,61.9835,-12.225,1,0,0,0
12439,62.9858,-12.225,1,0,0,0
12440,63.9882,-12.225,1,0,0,0
12441,64.9906,-12.225,1,0,0,0
12442,65.9929,-12.225,1,0,0,0
12443,66.9953,-12.225,1,0,0,0
12444,67.9976,-12.225,1,0,0,0
12445,16.8774,-13.2,1,0,0,0
12446,17.8797,-13.2,1,0,0,0
12447,18.8821,-13.2,1,0,0,0
12448,19.8844,-13.2,1,0,0,0
12449,20.8868,-13.2,1,0,0,0
12450,21.8892,-13.2,1,0,0,0
12451,22.8915,-13.2,1,0,0,0
12452,23.8939,-13.2,1,0,0,0
12453,24.8962,-13.2,1,0,0,0
12454,25.8986,-13.2,1,0,0,0
12455,26.9009,-13.2,1,0,0,0
12456,27.9033,-13.2,1,0,0,0
12457,28.9057,-13.2,1,0,0,0
12458,29.908,-13.2,1,0,0,0
12459,30.9104,-13.2,1,0,0,0
12460,31.9127,-13.2,1,0,0,0
12461,32.9151,-13.2,1,0,0,0
12462,33.9175,-13.2,1,0,0,0
12463,34.9198,-13.2,1,0,0,0
12464,35.9222,-13.2,1,0,0,0
12465,36.9245,-13.2,1,0,0,0
12466,37.9269,-13.2,1,0,0,0
12467,38.9292,-13.2,1,0,0,0
12468,39.9316,-13.2,1,0,0,0
12469,40.934,-13.2,1,0,0,0
12470,41.9363,-13.2,1,0,0,0
12471,42.9387,-13.2,1,0,0,0
12472,43.941,-13.2,1,0,0,0
12473,44.9434,-13.2,1,0,0,0
12474,45.9458,-13.2,1,0,0,0
12475,46.9481,-13.2,1,0,0,0
12476,47.9505,-13.2,1,0,0,0
12477,48.9528,-13.2,1,0,0,0
12478,49.9552,-13.2,1,0,0,0
12479,50.9575,-13.2,1,0,0,0
12480,51.9599,-13.2,1,0,0,0
12481,52.9623,-13.2,1,0,0,0
12482,53.9646,-13.2,1,0,0,0
12483,54.967,-13.2,1,0,0,0
12484,55.9693,-13.2,1,0,0,0
12485,56.9717,-13.2,1,0,0,0
12486,57.9741,-13.2,1,0,0,0
12487,58.9764,-13.2,1,0,0,0
12488,59.9788,-13.2,1,0,0,0
12489,60.9811,-13.2,1,0,0,0
12490,61.9835,-13.2,1,0,0,0
12491,62.9858,-13.2,1,0,0,0
12492,63.9882,-13.2,1,0,0,0
12493,64.9906,-13.2,1,0,0,0
12494,65.9929,-13.2,1,0,0,0
12495,66.9953,-13.2,1,0,0,0
12496,67.9976,-13.2,1,0,0,0
12497,16.8774,-14.175,1,0,0,0
12498,17.8797,-14.175,1,0,0,0
12499,18.8821,-14.175,1,0,0,0
12500,19.8844,-14.175,1,0,0,0
12501,20.8868,-14.175,1,0,0,0
12502,21.8892,-14.175,1,0,0,0
12503,22.8915,-14.175,1,0,0,0
12504,23.8939,-14.175,1,0,0,0
12505,24.8962,-14.175,1,0,0,0
12506,25.8986,-14.175,1,0,0,0
12507,26.9009,-14.175,1,0,0,0
12508,27.9033,-14.175,1,0,0,0
12509,28.9057,-14.175,1,0,0,0
12510,29.908,-14.175,1,0,0,0
12511,30.9104,-14.175,1,0,0,0
12512,31.9127,-14.175,1,0,0,0
12513,32.9151,-14.175,1,0,0,0
12514,33.9175,-14.175,1,0,0,0
12515,34.9198,-14.175,1,0,0,0
12516,35.9222,-14.175,1,0,0,0
12517,36.9245,-14.175,1,0,0,0
12518,37.9269,-14.175,1,0,0,0
12519,38.9292,-14.175,1,0,0,0
12520,39.9316,-14.175,1,0,0,0
12521,40.934,-14.175,1,0,0,0
12522,41.9363,-14.175,1,0,0,0
12523,42.9387,-14.175,1,0,0,0
12524,43.941,-14.175,1,0,0,0
12525,44.9434,-14.175,1,0,0,0
12526,45.9458,-14.175,1,0,0,0
12527,46.9481,-14.175,1,0,0,0
12528,47.9505,-14.175,1,0,0,0
12529,48.9528,-14.175,1,0,0,0
12530,49.9552,-14.175,1,0,0,0
12531,50.9575,-14.175,1,0,0,0
12532,51.9599,-14.175,1,0,0,0
12533,52.9623,-14.175,1,0,0,0
12534,53.9646,-14.175,1,0,0,0
12535,54.967,-14.175,1,0,0,0
12536,55.9693,-14.175,1,0,0,0
12537,56.9717,-14.175,1,0,0,0
12538,57.9741,-14.175,1,0,0,0
12539,58.9764,-14.175,1,0,0,0
12540,59.9788,-14.175,1,0,0,0
12541,60.9811,-14.175,1,0,0,0
12542,61.9835,-14.175,1,0,0,0
12543,62.9858,-14.175,1,0,0,0
12544,63.9882,-14.175,1,0,0,0
12545,64.9906,-14.175,1,0,0,0
12546,65.9929,-14.175,1,0,0,0
12547,66.9953,-14.175,1,0,0,0
12548,67.9976,-14.175,1,0,0,0
12549,16.8774,-15.15,1,0,0,0
12550,17.8797,-15.15,1,0,0,0
12551,18.8821,-15.15,1,0,0,0
12552,19.8844,-15.15,1,0,0,0
12553,20.8868,-15.15,1,0,0,0
12554,21.8892,-15.15,1,0,0,0
12555,22.8915,-15.15,1,0,0,0
12556,23.8939,-15.15,1,0,0,0
12557,24.8962,-15.15,1,0,0,0
12558,25.8986,-15.15,1,0,0,0
12559,26.9009,-15.15,1,0,0,0
12560,27.9033,-15.15,1,0,0,0
12561,28.9057,-15.15,1,0,0,0
12562,29.908,-15.15,1,0,0,0
12563,30.9104,-15.15,1,0,0,0
12564,31.9127,-15.15,1,0,0,0
12565,32.9151,-15.15,1,0,0,0
12566,33.9175,-15.15,1,0,0,0
12567,34.9198,-15.15,1,0,0,0
12568,35.9222,-15.15,1,0,0,0
12569,36.9245,-15.15,1,0,0,0
12570,37.9269,-15.15,1,0,0,0
12571,38.9292,-15.15,1,0,0,0
12572,39.9316,-15.15,1,0,0,0
12573,40.934,-15.15,1,0,0,0
12574,41.9363,-15.15,1,0,0,0
12575,42.9387,-15.15,1,0,0,0
12576,43.941,-15.15,1,0,0,0
12577,44.9434,-15.15,1,0,0,0
12578,45.9458,-15.15,1,0,0,0
12579,46.9481,-15.15,1,0,0,0
12580,47.9505,-15.15,1,0,0,0
12581,48.9528,-15.15,1,0,0,0
12582,49.9552,-15.15,1,0,0,0
12583,50.9575,-15.15,1,0,0,0
12584,51.9599,-15.15,1,0,0,0
12585,52.9623,-15.15,1,0,0,0
12586,53.9646,-15.15,1,0,0,0
12587,54.967,-15.15,1,0,0,0
12588,55.9693,-15.15,1,0,0,0
12589,56.9717,-15.15,1,0,0,0
12590,57.9741,-15.15,1,0,0,0
12591,58.9764,-15.15,1,0,0,0
12592,59.9788,-15.15,1,0,0,0
12593,60.9811,-15.15,1,0,0,0
12594,61.9835,-15.15,1,0,0,0
12595,62.9858,-15.15,1,0,0,0
12596,63.9882,-15.15,1,0,0,0
12597,64.9906,-15.15,1,0,0,0
12598,65.9929,-15.15,1,0,0,0
12599,66.9953,-15.15,1,0,0,0
12600,67.9976,-15.15,1,0,0,0
12601,16.8774,-16.125,1,0,0,0
12602,17.8797,-16.125,1,0,0,0
12603,18.8821,-16.125,1,0,0,0
12604,19.8844,-16.125,1,0,0,0
12605,20.8868,-16.125,1,0,0,0
12606,21.8892,-16.125,1,0,0,0
12607,22.8915,-16.125,1,0,0,0
12608,23.8939,-16.125,1,0,0,0
12609,24.8962,-16.125,1,0,0,0
12610,25.8986,-16.125,1,0,0,0
12611,26.9009,-16.125,1,0,0,0
12612,27.9033,-16.125,1,0,0,0
12613,28.9057,-16.125,1,0,0,0
12614,29.908,-16.125,1,0,0,0
12615,30.9104,-16.125,1,0,0,0
12616,31.9127,-16.125,1,0,0,0
12617,32.9151,-16.125,1,0,0,0
12618,33.9175,-16.125,1,0,0,0
12619,34.9198,-16.125,1,0,0,0
12620,35.9222,-16.125,1,0,0,0
12621,36.9245,-16.125,1,0,0,0
12622,37.9269,-16.125,1,0,0,0
12623,38.9292,-16.125,1,0,0,0
12624,39.9316,-16.125,1,0,0,0
12625,40.934,-16.125,1,0,0,0
12626,41.9363,-16.125,1,0,0,0
12627,42.9387,-16.125,1,0,0,0
12628,43.941,-16.125,1,0,0,0
12629,44.9434,-16.125,1,0,0,0
12630,45.9458,-16.125,1,0,0,0
12631,46.9481,-16.125,1,0,0,0
12632,47.9505,-16.125,1,0,0,0
12633,48.9528,-16.125,1,0,0,0
12634,49.9552,-16.125,1,0,0,0
12635,50.9575,-16.125,1,0,0,0
12636,51.9599,-16.125,1,0,0,0
12637,52.9623,-16.125,1,0,0,0
12638,53.9646,-16.125,1,0,0,0
12639,54.967,-16.125,1,0,0,0
12640,55.9693,-16.125,1,0,0,0
12641,56.9717,-16.125,1,0,0,0
12642,57.9741,-16.125,1,0,0,0
12643,58.9764,-16.125,1,0,0,0
12644,59.9788,-16.125,1,0,0,0
12645,60.9811,-16.125,1,0,0,0
12646,61.9835,-16.125,1,0,0,0
12647,62.9858,-16.125,1,0,0,0
12648,63.9882,-16.125,1,0,0,0
12649,64.9906,-16.125,1,0,0,0
12650,65.9929,-16.125,1,0,0,0
12651,66.9953,-16.125,1,0,0,0
12652,67.9976,-16.125,1,0,0,0
12653,16.8774,-17.1,1,0,0,0
12654,17.8797,-17.1,1,0,0,0
12655,18.8821,-17.1,1,0,0,0
12656,19.8844,-17.1,1,0,0,0
12657,20.8868,-17.1,1,0,0,0
12658,21.8892,-17.1,1,0,0,0
12659,22.8915,-17.1,1,0,0,0
12660,23.8939,-17.1,1,0,0,0
12661,24.8962,-17.1,1,0,0,0
12662,25.8986,-17.1,1,0,0,0
12663,26.9009,-17.1,1,0,0,0
12664,27.9033,-17.1,1,0,0,0
12665,28.9057,-17.1,1,0,0,0
12666,29.908,-17.1,1,0,0,0
12667,30.9104,-17.1,1,0,0,0
12668,31.9127,-17.1,1,0,0,0
12669,32.9151,-17.1,1,0,0,0
12670,33.9175,-17.1,1,0,0,0
12671,34.9198,-17.1,1,0,0,0
12672,35.9222,-17.1,1,0,0,0
12673,36.9245,-17.1,1,0,0,0
12674,37.9269,-17.1,1,0,0,0
12675,38.9292,-17.1,1,0,0,0
12676,39.9316,-17.1,1,0,0,0
12677,40.934,-17.1,1,0,0,0
12678,41.9363,-17.1,1,0,0,0
12679,42.9387,-17.1,1,0,0,0
12680,43.941,-17.1,1,0,0,0
12681,44.9434,-17.1,1,0,0,0
12682,45.9458,-17.1,1,0,0,0
12683,46.9481,-17.1,1,0,0,0
12684,47.9505,-17.1,1,0,0,0
12685,48.9528,-17.1,1,0,0,0
12686,49.9552,-17.1,1,0,0,0
12687,50.9575,-17.1,1,0,0,0
12688,51.9599,-17.1,1,0,0,0
12689,52.9623,-17.1,1,0,0,0
12690,53.9646,-17.1,1,0,0,0
12691,54.967,-17.1,1,0,0,0
12692,55.9693,-17.1,1,0,0,0
12693,56.9717,-17.1,1,0,0,0
12694,57.9741,-17.1,1,0,0,0
12695,58.9764,-17.1,1,0,0,0
12696,59.9788,-17.1,1,0,0,0
12697,60.9811,-17.1,1,0,0,0
12698,61.9835,-17.1,1,0,0,0
12699,62.9858,-17.1,1,0,0,0
12700,63.9882,-17.1,1,0,0,0
12701,64.9906,-17.1,1,0,0,0
12702,65.9929,-17.1,1,0,0,0
12703,66.9953,-17.1,1,0,0,0
12704,67.9976,-17.1,1,0,0,0
12705,16.8774,-18.075,1,0,0,0
12706,17.8797,-18.075,1,0,0,0
12707,18.8821,-18.075,1,0,0,0
12708,19.8844,-18.075,1,0,0,0
12709,20.8868,-18.075,1,0,0,0
12710,21.8892,-18.075,1,0,0,0
12711,22.8915,-18.075,1,0,0,0
12712,23.8939,-18.075,1,0,0,0
12713,24.8962,-18.075,1,0,0,0
12714,25.8986,-18.075,1,0,0,0
12715,26.9009,-18.075,1,0,0,0
12716,27.9033,-18.075,1,0,0,0
12717,28.9057,-18.075,1,0,0,0
12718,29.908,-18.075,1,0,0,0
12719,30.9104,-18.075,1,0,0,0
12720,31.9127,-18.075,1,0,0,0
12721,32.9151,-18.075,1,0,0,0
12722,33.9175,-18.075,1,0,0,0
12723,34.9198,-18.075,1,0,0,0
12724,35.9222,-18.075,1,0,0,0
12725,36.9245,-18.075,1,0,0,0
12726,37.9269,-18.075,1,0,0,0
12727,38.9292,-18.075,1,0,0,0
12728,39.9316,-18.075,1,0,0,0
12729,40.934,-18.075,1,0,0,0
12730,41.9363,-18.075,1,0,0,0
12731,42.9387,-18.075,1,0,0,0
12732,43.941,-18.075,1,0,0,0
12733,44.9434,-18.075,1,0,0,0
12734,45.9458,-18.075,1,0,0,0
12735,46.9481,-18.075,1,0,0,0
12736,47.9505,-18.075,1,0,0,0
12737,48.9528,-18.075,1,0,0,0
12738,49.9552,-18.075,1,0,0,0
12739,50.9575,-18.075,1,0,0,0
12740,51.9599,-18.075,1,0,0,0
12741,52.9623,-18.075,1,0,0,0
12742,53.9646,-18.075,1,0,0,0
12743,54.967,-18.075,1,0,0,0
12744,55.9693,-18.075,1,0,0,0
12745,56.9717,-18.075,1,0,0,0
12746,57.9741,-18.075,1,0,0,0
12747,58.9764,-18.075,1,0,0,0
12748,59.9788,-18.075,1,0,0,0
12749,60.9811,-18.075,1,0,0,0
12750,61.9835,-18.075,1,0,0,0
12751,62.9858,-18.075,1,0,0,0
12752,63.9882,-18.075,1,0,0,0
12753,64.9906,-18.075,1,0,0,0
12754,65.9929,-18.075,1,0,0,0
12755,66.9953,-18.075,1,0,0,0
12756,67.9976,-18.075,1,0,0,0
12757,69,-0.525,0.333333,0,0,0
12758,69,-0.525,0.666667,0,0,0
12759,69,-1.5,0.333333,0,0,0
12760,69,-1.5,0.666667,0,0,0
12761,69,-2.475,0.333333,0,0,0
12762,69,-2.475,0.666667,0,0,0
12763,69,-3.45,0.333333,0,0,0
12764,69,-3.45,0.666667,0,0,0
12765,69,-4.425,0.333333,0,0,0
12766,69,-4.425,0.666667,0,0,0
12767,69,-5.4,0.333333,0,0,0
12768,69,-5.4,0.666667,0,0,0
12769,69,-6.375,0.333333,0,0,0
12770,69,-6.375,0.666667,0,0,0
12771,69,-7.35,0.333333,0,0,0
12772,69,-7.35,0.666667,0,0,0
12773,69,-8.325,0.333333,0,0,0
12774,69,-8.325,0.666667,0,0,0
12775,69,-9.3,0.333333,0,0,0
12776,69,-9.3,0.666667,0,0,0
12777,69,-10.275,0.333333,0,0,0
12778,69,-10.275,0.666667,0,0,0
12779,69,-11.25,0.333333,0,0,0
12780,69,-11.25,0.666667,0,0,0
12781,69,-12.225,0.333333,0,0,0
12782,69,-12.225,0.666667,0,0,0
12783,69,-13.2,0.333333,0,0,0
12784,69,-13.2,0.666667,0,0,0
12785,69,-14.175,0.333333,0,0,0
12786,69,-14.175,0.666667,0,0,0
12787,69,-15.15,0.333333,0,0,0
12788,69,-15.15,0.666667,0,0,0
12789,69,-16.125,0.333333,0,0,0
12790,69,-16.125,0.666667,0,0,0
12791,69,-17.1,0.333333,0,0,0
12792,69,-17.1,0.666667,0,0,0
12793,69,-18.075,0.333333,0,0,0
12794,69,-18.075,0.666667,0,0,0
12795,-15.2668,-1.28818,1,0,0,0
12796,-15.3002,-2.21386,1,0,0,0
12797,-15.3321,-3.14097,1,0,0,0
12798,-15.3626,-4.06944,1,0,0,0
12799,-15.3915,-4.99921,1,0,0,0
12800,-15.4188,-5.93021,1,0,0,0
12801,-15.4445,-6.86236,1,0,0,0
12802,-15.4685,-7.7956,1,0,0,0
12803,-15.4907,-8.72985,1,0,0,0
12804,-15.5112,-9.66503,1,0,0,0
12805,-15.5298,-10.6011,1,0,0,0
12806,-15.5465,-11.5379,1,0,0,0
12807,-15.5614,-12.4754,1,0,0,0
12808,-15.5743,-13.4135,1,0,0,0
12809,-15.5853,-14.3521,1,0,0,0
12810,-15.5943,-15.2911,1,0,0,0
12811,-15.6014,-16.2305,1,0,0,0
12812,-15.6064,-17.1702,1,0,0,0
12813,-15.6094,-18.1101,1,0,0,0
12814,-14.6585,-2.05135,1,0,0,0
12815,-14.7253,-2.92772,1,0,0,0
12816,-14.7892,-3.80694,1,0,0,0
12817,-14.8502,-4.68888,1,0,0,0
12818,-14.908,-5.57342,1,0,0,0
12819,-14.9627,-6.46042,1,0,0,0
12820,-15.014,-7.34972,1,0,0,0
12821,-15.062,-8.2412,1,0,0,0
12822,-15.1064,-9.1347,1,0,0,0
12823,-15.1473,-10.0301,1,0,0,0
12824,-15.1846,-10.9271,1,0,0,0
12825,-15.2181,-11.8257,1,0,0,0
12826,-15.2478,-12.7257,1,0,0,0
12827,-15.2736,-13.6269,1,0,0,0
12828,-15.2956,-14.5292,1,0,0,0
12829,-15.3136,-15.4323,1,0,0,0
12830,-15.3277,-16.3361,1,0,0,0
12831,-15.3378,-17.2404,1,0,0,0
12832,-15.3438,-18.1451,1,0,0,0
12833,-14.0503,-2.81453,1,0,0,0
12834,-14.1505,-3.64158,1,0,0,0
12835,-14.2463,-4.47291,1,0,0,0
12836,-14.3377,-5.30833,1,0,0,0
12837,-14.4245,-6.14763,1,0,0,0
12838,-14.5065,-6.99062,1,0,0,0
12839,-14.5835,-7.83709,1,0,0,0
12840,-14.6555,-8.6868,1,0,0,0
12841,-14.7222,-9.53954,1,0,0,0
12842,-14.7835,-10.3951,1,0,0,0
12843,-14.8393,-11.2532,1,0,0,0
12844,-14.8896,-12.1136,1,0,0,0
12845,-14.9342,-12.9761,1,0,0,0
12846,-14.973,-13.8404,1,0,0,0
12847,-15.0059,-14.7062,1,0,0,0
12848,-15.033,-15.5734,1,0,0,0
12849,-15.0541,-16.4416,1,0,0,0
12850,-15.0692,-17.3106,1,0,0,0
12851,-15.0782,-18.1802,1,0,0,0
12852,-13.4421,-3.57771,1,0,0,0
12853,-13.5756,-4.35544,1,0,0,0
12854,-13.7034,-5.13888,1,0,0,0
12855,-13.8253,-5.92777,1,0,0,0
12856,-13.941,-6.72184,1,0,0,0
12857,-14.0504,-7.52083,1,0,0,0
12858,-14.1531,-8.32445,1,0,0,0
12859,-14.249,-9.1324,1,0,0,0
12860,-14.3379,-9.94439,1,0,0,0
12861,-14.4197,-10.7601,1,0,0,0
12862,-14.4941,-11.5792,1,0,0,0
12863,-14.5611,-12.4014,1,0,0,0
12864,-14.6205,-13.2264,1,0,0,0
12865,-14.6723,-14.0538,1,0,0,0
12866,-14.7162,-14.8833,1,0,0,0
12867,-14.7523,-15.7145,1,0,0,0
12868,-14.7804,-16.5472,1,0,0,0
12869,-14.8005,-17.3809,1,0,0,0
12870,-14.8126,-18.2153,1,0,0,0
12871,-12.8338,-4.34089,1,0,0,0
12872,-13.0008,-5.0693,1,0,0,0
12873,-13.1606,-5.80485,1,0,0,0
12874,-13.3129,-6.54721,1,0,0,0
12875,-13.4576,-7.29605,1,0,0,0
12876,-13.5942,-8.05104,1,0,0,0
12877,-13.7226,-8.81181,1,0,0,0
12878,-13.8425,-9.578,1,0,0,0
12879,-13.9536,-10.3492,1,0,0,0
12880,-14.0558,-11.1251,1,0,0,0
12881,-14.1489,-11.9053,1,0,0,0
12882,-14.2326,-12.6893,1,0,0,0
12883,-14.3069,-13.4768,1,0,0,0
12884,-14.3716,-14.2673,1,0,0,0
12885,-14.4265,-15.0604,1,0,0,0
12886,-14.4716,-15.8557,1,0,0,0
12887,-14.5068,-16.6527,1,0,0,0
12888,-14.5319,-17.4511,1,0,0,0
12889,-14.547,-18.2503,1,0,0,0
12890,-12.2256,-5.10406,1,0,0,0
12891,-12.4259,-5.78316,1,0,0,0
12892,-12.6177,-6.47082,1,0,0,0
12893,-12.8005,-7.16665,1,0,0,0
12894,-12.9741,-7.87027,1,0,0,0
12895,-13.138,-8.58125,1,0,0,0
12896,-13.2921,-9.29917,1,0,0,0
12897,-13.436,-10.0236,1,0,0,0
12898,-13.5693,-10.7541,1,0,0,0
12899,-13.692,-11.4902,1,0,0,0
12900,-13.8037,-12.2313,1,0,0,0
12901,-13.9042,-12.9772,1,0,0,0
12902,-13.9933,-13.7271,1,0,0,0
12903,-14.0709,-14.4807,1,0,0,0
12904,-14.1368,-15.2375,1,0,0,0
12905,-14.1909,-15.9968,1,0,0,0
12906,-14.2331,-16.7583,1,0,0,0
12907,-14.2633,-17.5213,1,0,0,0
12908,-14.2815,-18.2854,1,0,0,0
12909,-11.6174,-5.86724,1,0,0,0
12910,-11.8511,-6.49702,1,0,0,0
12911,-12.0748,-7.13679,1,0,0,0
12912,-12.2881,-7.78609,1,0,0,0
12913,-12.4906,-8.44448,1,0,0,0
12914,-12.6819,-9.11146,1,0,0,0
12915,-12.8616,-9.78654,1,0,0,0
12916,-13.0294,-10.4692,1,0,0,0
12917,-13.1851,-11.1589,1,0,0,0
12918,-13.3282,-11.8552,1,0,0,0
12919,-13.4585,-12.5574,1,0,0,0
12920,-13.5757,-13.265,1,0,0,0
12921,-13.6797,-13.9775,1,0,0,0
12922,-13.7702,-14.6942,1,0,0,0
12923,-13.8471,-15.4145,1,0,0,0
12924,-13.9103,-16.1379,1,0,0,0
12925,-13.9595,-16.8638,1,0,0,0
12926,-13.9947,-17.5915,1,0,0,0
12927,-14.0159,-18.3204,1,0,0,0
12928,-11.0092,-6.63042,1,0,0,0
12929,-11.2762,-7.21088,1,0,0,0
12930,-11.5319,-7.80276,1,0,0,0
12931,-11.7757,-8.40553,1,0,0,0
12932,-12.0071,-9.01869,1,0,0,0
12933,-12.2257,-9.64166,1,0,0,0
12934,-12.4311,-10.2739,1,0,0,0
12935,-12.6229,-10.9148,1,0,0,0
12936,-12.8008,-11.5638,1,0,0,0
12937,-12.9643,-12.2202,1,0,0,0
12938,-13.1132,-12.8835,1,0,0,0
12939,-13.2472,-13.5529,1,0,0,0
12940,-13.3661,-14.2278,1,0,0,0
12941,-13.4696,-14.9076,1,0,0,0
12942,-13.5574,-15.5916,1,0,0,0
12943,-13.6296,-16.2791,1,0,0,0
12944,-13.6858,-16.9693,1,0,0,0
12945,-13.7261,-17.6617,1,0,0,0
12946,-13.7503,-18.3555,1,0,0,0
12947,-10.4009,-7.3936,1,0,0,0
12948,-10.7014,-7.92474,1,0,0,0
12949,-10.989,-8.46873,1,0,0,0
12950,-11.2632,-9.02498,1,0,0,0
12951,-11.5236,-9.5929,1,0,0,0
12952,-11.7696,-10.1719,1,0,0,0
12953,-12.0006,-10.7613,1,0,0,0
12954,-12.2164,-11.3604,1,0,0,0
12955,-12.4165,-11.9686,1,0,0,0
12956,-12.6005,-12.5852,1,0,0,0
12957,-12.768,-13.2095,1,0,0,0
12958,-12.9188,-13.8407,1,0,0,0
12959,-13.0525,-14.4782,1,0,0,0
12960,-13.1689,-15.1211,1,0,0,0
12961,-13.2678,-15.7687,1,0,0,0
12962,-13.3489,-16.4202,1,0,0,0
12963,-13.4122,-17.0749,1,0,0,0
12964,-13.4575,-17.7319,1,0,0,0
12965,-13.4847,-18.3906,1,0,0,0
12966,-9.79269,-8.15677,1,0,0,0
12967,-10.1265,-8.6386,1,0,0,0
12968,-10.4461,-9.1347,1,0,0,0
12969,-10.7508,-9.64442,1,0,0,0
12970,-11.0401,-10.1671,1,0,0,0
12971,-11.3134,-10.7021,1,0,0,0
12972,-11.5702,-11.2486,1,0,0,0
12973,-11.8099,-11.806,1,0,0,0
12974,-12.0322,-12.3735,1,0,0,0
12975,-12.2366,-12.9503,1,0,0,0
12976,-12.4228,-13.5356,1,0,0,0
12977,-12.5903,-14.1286,1,0,0,0
12978,-12.7389,-14.7285,1,0,0,0
12979,-12.8682,-15.3345,1,0,0,0
12980,-12.9781,-15.9458,1,0,0,0
12981,-13.0682,-16.5613,1,0,0,0
12982,-13.1385,-17.1804,1,0,0,0
12983,-13.1889,-17.8022,1,0,0,0
12984,-13.2191,-18.4256,1,0,0,0
12985,-9.18446,-8.91995,1,0,0,0
12986,-9.55168,-9.35246,1,0,0,0
12987,-9.90322,-9.80066,1,0,0,0
12988,-10.2384,-10.2639,1,0,0,0
12989,-10.5566,-10.7413,1,0,0,0
12990,-10.8572,-11.2323,1,0,0,0
12991,-11.1397,-11.736,1,0,0,0
12992,-11.4034,-12.2516,1,0,0,0
12993,-11.6479,-12.7783,1,0,0,0
12994,-11.8728,-13.3153,1,0,0,0
12995,-12.0776,-13.8616,1,0,0,0
12996,-12.2618,-14.4165,1,0,0,0
12997,-12.4253,-14.9789,1,0,0,0
12998,-12.5675,-15.548,1,0,0,0
12999,-12.6884,-16.1228,1,0,0,0
13000,-12.7875,-16.7025,1,0,0,0
13001,-12.8649,-17.286,1,0,0,0
13002,-12.9202,-17.8724,1,0,0,0
13003,-12.9535,-18.4607,1,0,0,0
13004,-8.3163,-9.9833,1,0,0,0
13005,-8.70364,-10.3545,1,0,0,0
13006,-9.07444,-10.7421,1,0,0,0
13007,-9.42799,-11.1456,1,0,0,0
13008,-9.76361,-11.5641,1,0,0,0
13009,-10.0807,-11.9969,1,0,0,0
13010,-10.3786,-12.443,1,0,0,0
13011,-10.6567,-12.9018,1,0,0,0
13012,-10.9146,-13.3722,1,0,0,0
13013,-11.1518,-13.8534,1,0,0,0
13014,-11.3677,-14.3444,1,0,0,0
13015,-11.562,-14.8445,1,0,0,0
13016,-11.7344,-15.3525,1,0,0,0
13017,-11.8844,-15.8676,1,0,0,0
13018,-12.0118,-16.3887,1,0,0,0
13019,-12.1164,-16.9148,1,0,0,0
13020,-12.198,-17.4451,1,0,0,0
13021,-12.2564,-17.9783,1,0,0,0
13022,-12.2914,-18.5137,1,0,0,0
13023,-8.05636,-10.2835,1,0,0,0
13024,-8.43045,-10.6426,1,0,0,0
13025,-8.78855,-11.0177,1,0,0,0
13026,-9.12998,-11.4079,1,0,0,0
13027,-9.45408,-11.8127,1,0,0,0
13028,-9.76026,-12.2313,1,0,0,0
13029,-10.0479,-12.6627,1,0,0,0
13030,-10.3165,-13.1063,1,0,0,0
13031,-10.5655,-13.5612,1,0,0,0
13032,-10.7945,-14.0264,1,0,0,0
13033,-11.003,-14.5012,1,0,0,0
13034,-11.1907,-14.9846,1,0,0,0
13035,-11.3571,-15.4758,1,0,0,0
13036,-11.502,-15.9737,1,0,0,0
13037,-11.625,-16.4774,1,0,0,0
13038,-11.726,-16.9861,1,0,0,0
13039,-11.8047,-17.4986,1,0,0,0
13040,-11.8611,-18.0141,1,0,0,0
13041,-11.895,-18.5316,1,0,0,0
13042,-7.79643,-10.5837,1,0,0,0
13043,-8.15726,-10.9307,1,0,0,0
13044,-8.50266,-11.2932,1,0,0,0
13045,-8.83196,-11.6703,1,0,0,0
13046,-9.14456,-12.0613,1,0,0,0
13047,-9.43985,-12.4657,1,0,0,0
13048,-9.71728,-12.8824,1,0,0,0
13049,-9.97632,-13.3108,1,0,0,0
13050,-10.2165,-13.7501,1,0,0,0
13051,-10.4373,-14.1995,1,0,0,0
13052,-10.6384,-14.658,1,0,0,0
13053,-10.8193,-15.1248,1,0,0,0
13054,-10.9798,-15.599,1,0,0,0
13055,-11.1195,-16.0798,1,0,0,0
13056,-11.2382,-16.5662,1,0,0,0
13057,-11.3356,-17.0573,1,0,0,0
13058,-11.4115,-17.5522,1,0,0,0
13059,-11.4658,-18.0499,1,0,0,0
13060,-11.4985,-18.5495,1,0,0,0
13061,-7.5365,-10.8838,1,0,0,0
13062,-7.88407,-11.2189,1,0,0,0
13063,-8.21676,-11.5687,1,0,0,0
13064,-8.53395,-11.9326,1,0,0,0
13065,-8.83503,-12.31,1,0,0,0
13066,-9.11944,-12.7,1,0,0,0
13067,-9.38664,-13.1021,1,0,0,0
13068,-9.63612,-13.5154,1,0,0,0
13069,-9.86741,-13.9391,1,0,0,0
13070,-10.0801,-14.3725,1,0,0,0
13071,-10.2737,-14.8147,1,0,0,0
13072,-10.448,-15.2649,1,0,0,0
13073,-10.6025,-15.7223,1,0,0,0
13074,-10.7371,-16.1859,1,0,0,0
13075,-10.8513,-16.655,1,0,0,0
13076,-10.9451,-17.1285,1,0,0,0
13077,-11.0182,-17.6057,1,0,0,0
13078,-11.0706,-18.0856,1,0,0,0
13079,-11.102,-18.5674,1,0,0,0
13080,-7.27656,-11.184,1,0,0,0
13081,-7.61088,-11.507,1,0,0,0
13082,-7.93087,-11.8442,1,0,0,0
13083,-8.23594,-12.1949,1,0,0,0
13084,-8.52551,-12.5586,1,0,0,0
13085,-8.79903,-12.9344,1,0,0,0
13086,-9.056,-13.3218,1,0,0,0
13087,-9.29592,-13.7199,1,0,0,0
13088,-9.51835,-14.1281,1,0,0,0
13089,-9.72286,-14.5456,1,0,0,0
13090,-9.90908,-14.9715,1,0,0,0
13091,-10.0767,-15.4051,1,0,0,0
13092,-10.2253,-15.8456,1,0,0,0
13093,-10.3546,-16.2921,1,0,0,0
13094,-10.4645,-16.7437,1,0,0,0
13095,-10.5547,-17.1998,1,0,0,0
13096,-10.625,-17.6593,1,0,0,0
13097,-10.6753,-18.1214,1,0,0,0
13098,-10.7055,-18.5853,1,0,0,0
13099,-7.01663,-11.4842,1,0,0,0
13100,-7.33769,-11.7951,1,0,0,0
13101,-7.64498,-12.1197,1,0,0,0
13102,-7.93793,-12.4572,1,0,0,0
13103,-8.21598,-12.8072,1,0,0,0
13104,-8.47863,-13.1688,1,0,0,0
13105,-8.72536,-13.5415,1,0,0,0
13106,-8.95572,-13.9245,1,0,0,0
13107,-9.16928,-14.3171,1,0,0,0
13108,-9.36564,-14.7186,1,0,0,0
13109,-9.54443,-15.1283,1,0,0,0
13110,-9.70531,-15.5453,1,0,0,0
13111,-9.84798,-15.9688,1,0,0,0
13112,-9.97217,-16.3982,1,0,0,0
13113,-10.0777,-16.8325,1,0,0,0
13114,-10.1642,-17.271,1,0,0,0
13115,-10.2317,-17.7128,1,0,0,0
13116,-10.28,-18.1571,1,0,0,0
13117,-10.3091,-18.6032,1,0,0,0
13118,-6.7567,-11.7844,1,0,0,0
13119,-7.0645,-12.0833,1,0,0,0
13120,-7.35909,-12.3952,1,0,0,0
13121,-7.63992,-12.7196,1,0,0,0
13122,-7.90646,-13.0558,1,0,0,0
13123,-8.15822,-13.4032,1,0,0,0
13124,-8.39472,-13.7612,1,0,0,0
13125,-8.61553,-14.129,1,0,0,0
13126,-8.82022,-14.5061,1,0,0,0
13127,-9.00842,-14.8917,1,0,0,0
13128,-9.17978,-15.285,1,0,0,0
13129,-9.33397,-15.6854,1,0,0,0
13130,-9.4707,-16.0921,1,0,0,0
13131,-9.58973,-16.5043,1,0,0,0
13132,-9.69082,-16.9213,1,0,0,0
13133,-9.77379,-17.3422,1,0,0,0
13134,-9.83849,-17.7664,1,0,0,0
13135,-9.88478,-18.1929,1,0,0,0
13136,-9.9126,-18.621,1,0,0,0
13137,-6.2367,-12.3849,1,0,0,0
13138,-6.51799,-12.6597,1,0,0,0
13139,-6.78719,-12.9463,1,0,0,0
13140,-7.04379,-13.2443,1,0,0,0
13141,-7.28731,-13.5531,1,0,0,0
13142,-7.51732,-13.872,1,0,0,0
13143,-7.73337,-14.2006,1,0,0,0
13144,-7.93506,-14.5382,1,0,0,0
13145,-8.12203,-14.8841,1,0,0,0
13146,-8.29393,-15.2378,1,0,0,0
13147,-8.45043,-15.5986,1,0,0,0
13148,-8.59125,-15.9657,1,0,0,0
13149,-8.71612,-16.3386,1,0,0,0
13150,-8.82482,-16.7165,1,0,0,0
13151,-8.91714,-17.0988,1,0,0,0
13152,-8.9929,-17.4847,1,0,0,0
13153,-9.05198,-17.8735,1,0,0,0
13154,-9.09426,-18.2644,1,0,0,0
13155,-9.11965,-18.6568,1,0,0,0
13156,-5.97664,-12.6852,1,0,0,0
13157,-6.24468,-12.9479,1,0,0,0
13158,-6.50118,-13.2219,1,0,0,0
13159,-6.74567,-13.5067,1,0,0,0
13160,-6.97769,-13.8018,1,0,0,0
13161,-7.19682,-14.1065,1,0,0,0
13162,-7.40265,-14.4203,1,0,0,0
13163,-7.5948,-14.7428,1,0,0,0
13164,-7.77291,-15.0732,1,0,0,0
13165,-7.93666,-15.4109,1,0,0,0
13166,-8.08574,-15.7554,1,0,0,0
13167,-8.21988,-16.1059,1,0,0,0
13168,-8.33882,-16.4619,1,0,0,0
13169,-8.44236,-16.8227,1,0,0,0
13170,-8.53029,-17.1876,1,0,0,0
13171,-8.60246,-17.5559,1,0,0,0
13172,-8.65872,-17.927,1,0,0,0
13173,-8.69899,-18.3002,1,0,0,0
13174,-8.72318,-18.6747,1,0,0,0
13175,-5.71657,-12.9855,1,0,0,0
13176,-5.97136,-13.2362,1,0,0,0
13177,-6.21517,-13.4976,1,0,0,0
13178,-6.44755,-13.7691,1,0,0,0
13179,-6.66807,-14.0504,1,0,0,0
13180,-6.87633,-14.3409,1,0,0,0
13181,-7.07193,-14.6401,1,0,0,0
13182,-7.25453,-14.9474,1,0,0,0
13183,-7.42379,-15.2622,1,0,0,0
13184,-7.57939,-15.584,1,0,0,0
13185,-7.72105,-15.9121,1,0,0,0
13186,-7.8485,-16.2461,1,0,0,0
13187,-7.96152,-16.5852,1,0,0,0
13188,-8.05989,-16.9288,1,0,0,0
13189,-8.14344,-17.2763,1,0,0,0
13190,-8.21201,-17.6271,1,0,0,0
13191,-8.26547,-17.9806,1,0,0,0
13192,-8.30373,-18.3359,1,0,0,0
13193,-8.32671,-18.6926,1,0,0,0
13194,-5.4565,-13.2859,1,0,0,0
13195,-5.69805,-13.5245,1,0,0,0
13196,-5.92916,-13.7732,1,0,0,0
13197,-6.14943,-14.0316,1,0,0,0
13198,-6.35845,-14.2991,1,0,0,0
13199,-6.55583,-14.5754,1,0,0,0
13200,-6.74122,-14.8598,1,0,0,0
13201,-6.91427,-15.152,1,0,0,0
13202,-7.07466,-15.4512,1,0,0,0
13203,-7.22212,-15.7571,1,0,0,0
13204,-7.35635,-16.0689,1,0,0,0
13205,-7.47713,-16.3862,1,0,0,0
13206,-7.58422,-16.7085,1,0,0,0
13207,-7.67743,-17.0349,1,0,0,0
13208,-7.75659,-17.3651,1,0,0,0
13209,-7.82156,-17.6984,1,0,0,0
13210,-7.87221,-18.0341,1,0,0,0
13211,-7.90846,-18.3717,1,0,0,0
13212,-7.93024,-18.7105,1,0,0,0
13213,-5.19644,-13.5862,1,0,0,0
13214,-5.42473,-13.8127,1,0,0,0
13215,-5.64316,-14.0488,1,0,0,0
13216,-5.85132,-14.294,1,0,0,0
13217,-6.04883,-14.5478,1,0,0,0
13218,-6.23534,-14.8098,1,0,0,0
13219,-6.4105,-15.0796,1,0,0,0
13220,-6.574,-15.3565,1,0,0,0
13221,-6.72554,-15.6402,1,0,0,0
13222,-6.86485,-15.9301,1,0,0,0
13223,-6.99166,-16.2257,1,0,0,0
13224,-7.10575,-16.5264,1,0,0,0
13225,-7.20691,-16.8317,1,0,0,0
13226,-7.29497,-17.1411,1,0,0,0
13227,-7.36974,-17.4539,1,0,0,0
13228,-7.43111,-17.7696,1,0,0,0
13229,-7.47896,-18.0877,1,0,0,0
13230,-7.5132,-18.4075,1,0,0,0
13231,-7.53376,-18.7284,1,0,0,0
13232,-4.93637,-13.8865,1,0,0,0
13233,-5.15142,-14.101,1,0,0,0
13234,-5.35715,-14.3244,1,0,0,0
13235,-5.5532,-14.5564,1,0,0,0
13236,-5.73921,-14.7965,1,0,0,0
13237,-5.91484,-15.0443,1,0,0,0
13238,-6.07978,-15.2993,1,0,0,0
13239,-6.23374,-15.5611,1,0,0,0
13240,-6.37642,-15.8293,1,0,0,0
13241,-6.50758,-16.1032,1,0,0,0
13242,-6.62697,-16.3825,1,0,0,0
13243,-6.73438,-16.6666,1,0,0,0
13244,-6.82961,-16.955,1,0,0,0
13245,-6.9125,-17.2472,1,0,0,0
13246,-6.98289,-17.5427,1,0,0,0
13247,-7.04066,-17.8408,1,0,0,0
13248,-7.0857,-18.1412,1,0,0,0
13249,-7.11793,-18.4432,1,0,0,0
13250,-7.13729,-18.7463,1,0,0,0
13251,-4.67631,-14.1869,1,0,0,0
13252,-4.8781,-14.3893,1,0,0,0
13253,-5.07114,-14.6001,1,0,0,0
13254,-5.25508,-14.8188,1,0,0,0
13255,-5.42959,-15.0452,1,0,0,0
13256,-5.59435,-15.2787,1,0,0,0
13257,-5.74907,-15.5191,1,0,0,0
13258,-5.89347,-15.7657,1,0,0,0
13259,-6.0273,-16.0183,1,0,0,0
13260,-6.1503,-16.2763,1,0,0,0
13261,-6.26227,-16.5393,1,0,0,0
13262,-6.363,-16.8068,1,0,0,0
13263,-6.45231,-17.0783,1,0,0,0
13264,-6.53004,-17.3533,1,0,0,0
13265,-6.59605,-17.6314,1,0,0,0
13266,-6.65021,-17.9121,1,0,0,0
13267,-6.69245,-18.1948,1,0,0,0
13268,-6.72267,-18.479,1,0,0,0
13269,-6.74082,-18.7642,1,0,0,0
13270,-3.89505,-15.0891,1,0,0,0
13271,-4.05716,-15.2552,1,0,0,0
13272,-4.2122,-15.4278,1,0,0,0
13273,-4.35988,-15.6069,1,0,0,0
13274,-4.49995,-15.7919,1,0,0,0
13275,-4.63217,-15.9827,1,0,0,0
13276,-4.75631,-16.1788,1,0,0,0
13277,-4.87214,-16.3799,1,0,0,0
13278,-4.97947,-16.5857,1,0,0,0
13279,-5.0781,-16.7958,1,0,0,0
13280,-5.16787,-17.0098,1,0,0,0
13281,-5.24862,-17.2274,1,0,0,0
13282,-5.32021,-17.4482,1,0,0,0
13283,-5.3825,-17.6718,1,0,0,0
13284,-5.4354,-17.8978,1,0,0,0
13285,-5.4788,-18.1258,1,0,0,0
13286,-5.51264,-18.3554,1,0,0,0
13287,-5.53685,-18.5863,1,0,0,0
13288,-5.5514,-18.8179,1,0,0,0
13289,-3.37386,-15.691,1,0,0,0
13290,-3.50954,-15.8328,1,0,0,0
13291,-3.63926,-15.98,1,0,0,0
13292,-3.76279,-16.1325,1,0,0,0
13293,-3.87994,-16.29,1,0,0,0
13294,-3.99049,-16.4521,1,0,0,0
13295,-4.09426,-16.6187,1,0,0,0
13296,-4.19108,-16.7895,1,0,0,0
13297,-4.28076,-16.964,1,0,0,0
13298,-4.36318,-17.1422,1,0,0,0
13299,-4.43817,-17.3236,1,0,0,0
13300,-4.50562,-17.5079,1,0,0,0
13301,-4.5654,-17.6949,1,0,0,0
13302,-4.61742,-17.8841,1,0,0,0
13303,-4.6616,-18.0754,1,0,0,0
13304,-4.69784,-18.2683,1,0,0,0
13305,-4.72609,-18.4626,1,0,0,0
13306,-4.74631,-18.6578,1,0,0,0
13307,-4.75845,-18.8537,1,0,0,0
13308,-2.85267,-16.2929,1,0,0,0
13309,-2.96191,-16.4104,1,0,0,0
13310,-3.06632,-16.5322,1,0,0,0
13311,-3.16571,-16.6581,1,0,0,0
13312,-3.25993,-16.788,1,0,0,0
13313,-3.34881,-16.9216,1,0,0,0
13314,-3.43222,-17.0587,1,0,0,0
13315,-3.51001,-17.199,1,0,0,0
13316,-3.58206,-17.3424,1,0,0,0
13317,-3.64825,-17.4886,1,0,0,0
13318,-3.70846,-17.6373,1,0,0,0
13319,-3.76261,-17.7884,1,0,0,0
13320,-3.8106,-17.9415,1,0,0,0
13321,-3.85235,-18.0965,1,0,0,0
13322,-3.88779,-18.253,1,0,0,0
13323,-3.91687,-18.4108,1,0,0,0
13324,-3.93954,-18.5697,1,0,0,0
13325,-3.95576,-18.7294,1,0,0,0
13326,-3.9655,-18.8895,1,0,0,0
13327,-15.2668,-1.28818,0,0,0,0
13328,-15.3002,-2.21386,0,0,0,0
13329,-15.3321,-3.14097,0,0,0,0
13330,-15.3626,-4.06944,0,0,0,0
13331,-15.3915,-4.99921,0,0,0,0
13332,-15.4188,-5.93021,0,0,0,0
13333,-15.4445,-6.86236,0,0,0,0
13334,-15.4685,-7.7956,0,0,0,0
13335,-15.4907,-8.72985,0,0,0,0
13336,-15.5112,-9.66503,0,0,0,0
13337,-15.5298,-10.6011,0,0,0,0
13338,-15.5465,-11.5379,0,0,0,0
13339,-15.5614,-12.4754,0,0,0,0
13340,-15.5743,-13.4135,0,0,0,0
13341,-15.5853,-14.3521,0,0,0,0
13342,-15.5943,-15.2911,0,0,0,0
13343,-15.6014,-16.2305,0,0,0,0
13344,-15.6064,-17.1702,0,0,0,0
13345,-15.6094,-18.1101,0,0,0,0
13346,-14.6585,-2.05135,0,0,0,0
13347,-14.7253,-2.92772,0,0,0,0
13348,-14.7892,-3.80694,0,0,0,0
13349,-14.8502,-4.68888,0,0,0,0
13350,-14.908,-5.57342,0,0,0,0
13351,-14.9627,-6.46042,0,0,0,0
13352,-15.014,-7.34972,0,0,0,0
13353,-15.062,-8.2412,0,0,0,0
13354,-15.1064,-9.1347,0,0,0,0
13355,-15.1473,-10.0301,0,0,0,0
13356,-15.1846,-10.9271,0,0,0,0
13357,-15.2181,-11.8257,0,0,0,0
13358,-15.2478,-12.7257,0,0,0,0
13359,-15.2736,-13.6269,0,0,0,0
13360,-15.2956,-14.5292,0,0,0,0
13361,-15.3136,-15.4323,0,0,0,0
13362,-15.3277,-16.3361,0,0,0,0
13363,-15.3378,-17.2404,0,0,0,0
13364,-15.3438,-18.1451,0,0,0,0
13365,-14.0503,-2.81453,0,0,0,0
13366,-14.1505,-3.64158,0,0,0,0
13367,-14.2463,-4.47291,0,0,0,0
13368,-14.3377,-5.30833,0,0,0,0
13369,-14.4245,-6.14763,0,0,0,0
13370,-14.5065,-6.99062,0,0,0,0
13371,-14.5835,-7.83709,0,0,0,0
13372,-14.6555,-8.6868,0,0,0,0
13373,-14.7222,-9.53954,0,0,0,0
13374,-14.7835,-10.3951,0,0,0,0
13375,-14.8393,-11.2532,0,0,0,0
13376,-14.8896,-12.1136,0,0,0,0
13377,-14.9342,-12.9761,0,0,0,0
13378,-14.973,-13.8404,0,0,0,0
13379,-15.0059,-14.7062,0,0,0,0
13380,-15.033,-15.5734,0,0,0,0
13381,-15.0541,-16.4416,0,0,0,0
13382,-15.0692,-17.3106,0,0,0,0
13383,-15.0782,-18.1802,0,0,0,0
13384,-13.4421,-3.57771,0,0,0,0
13385,-13.5756,-4.35544,0,0,0,0
13386,-13.7034,-5.13888,0,0,0,0
13387,-13.8253,-5.92777,0,0,0,0
13388,-13.941,-6.72184,0,0,0,0
13389,-14.0504,-7.52083,0,0,0,0
13390,-14.1531,-8.32445,0,0,0,0
13391,-14.249,-9.1324,0,0,0,0
13392,-14.3379,-9.94439,0,0,0,0
13393,-14.4197,-10.7601,0,0,0,0
13394,-14.4941,-11.5792,0,0,0,0
13395,-14.5611,-12.4014,0,0,0,0
13396,-14.6205,-13.2264,0,0,0,0
13397,-14.6723,-14.0538,0,0,0,0
13398,-14.7162,-14.8833,0,0,0,0
13399,-14.7523,-15.7145,0,0,0,0
13400,-14.7804,-16.5472,0,0,0,0
13401,-14.8005,-17.3809,0,0,0,0
13402,-14.8126,-18.2153,0,0,0,0
13403,-12.8338,-4.34089,0,0,0,0
13404,-13.0008,-5.0693,0,0,0,0
13405,-13.1606,-5.80485,0,0,0,0
13406,-13.3129,-6.54721,0,0,0,0
13407,-13.4576,-7.29605,0,0,0,0
13408,-13.5942,-8.05104,0,0,0,0
13409,-13.7226,-8.81181,0,0,0,0
13410,-13.8425,-9.578,0,0,0,0
13411,-13.9536,-10.3492,0,0,0,0
13412,-14.0558,-11.1251,0,0,0,0
13413,-14.1489,-11.9053,0,0,0,0
13414,-14.2326,-12.6893,0,0,0,0
13415,-14.3069,-13.4768,0,0,0,0
13416,-14.3716,-14.2673,0,0,0,0
13417,-14.4265,-15.0604,0,0,0,0
13418,-14.4716,-15.8557,0,0,0,0
13419,-14.5068,-16.6527,0,0,0,0
13420,-14.5319,-17.4511,0,0,0,0
13421,-14.547,-18.2503,0,0,0,0
13422,-12.2256,-5.10406,0,0,0,0
13423,-12.4259,-5.78316,0,0,0,0
13424,-12.6177,-6.47082,0,0,0,0
13425,-12.8005,-7.16665,0,0,0,0
13426,-12.9741,-7.87027,0,0,0,0
13427,-13.138,-8.58125,0,0,0,0
13428,-13.2921,-9.29917,0,0,0,0
13429,-13.436,-10.0236,0,0,0,0
13430,-13.5693,-10.7541,0,0,0,0
13431,-13.692,-11.4902,0,0,0,0
13432,-13.8037,-12.2313,0,0,0,0
13433,-13.9042,-12.9772,0,0,0,0
13434,-13.9933,-13.7271,0,0,0,0
13435,-14.0709,-14.4807,0,0,0,0
13436,-14.1368,-15.2375,0,0,0,0
13437,-14.1909,-15.9968,0,0,0,0
13438,-14.2331,-16.7583,0,0,0,0
13439,-14.2633,-17.5213,0,0,0,0
13440,-14.2815,-18.2854,0,0,0,0
13441,-11.6174,-5.86724,0,0,0,0
13442,-11.8511,-6.49702,0,0,0,0
13443,-12.0748,-7.13679,0,0,0,0
13444,-12.2881,-7.78609,0,0,0,0
13445,-12.4906,-8.44448,0,0,0,0
13446,-12.6819,-9.11146,0,0,0,0
13447,-12.8616,-9.78654,0,0,0,0
13448,-13.0294,-10.4692,0,0,0,0
13449,-13.1851,-11.1589,0,0,0,0
13450,-13.3282,-11.8552,0,0,0,0
13451,-13.4585,-12.5574,0,0,0,0
13452,-13.5757,-13.265,0,0,0,0
13453,-13.6797,-13.9775,0,0,0,0
13454,-13.7702,-14.6942,0,0,0,0
13455,-13.8471,-15.4145,0,0,0,0
13456,-13.9103,-16.1379,0,0,0,0
13457,-13.9595,-16.8638,0,0,0,0
13458,-13.9947,-17.5915,0,0,0,0
13459,-14.0159,-18.3204,0,0,0,0
13460,-11.0092,-6.63042,0,0,0,0
13461,-11.2762,-7.21088,0,0,0,0
13462,-11.5319,-7.80276,0,0,0,0
13463,-11.7757,-8.40553,0,0,0,0
13464,-12.0071,-9.01869,0,0,0,0
13465,-12.2257,-9.64166,0,0,0,0
13466,-12.4311,-10.2739,0,0,0,0
13467,-12.6229,-10.9148,0,0,0,0
13468,-12.8008,-11.5638,0,0,0,0
13469,-12.9643,-12.2202,0,0,0,0
13470,-13.1132,-12.8835,0,0,0,0
13471,-13.2472,-13.5529,0,0,0,0
13472,-13.3661,-14.2278,0,0,0,0
13473,-13.4696,-14.9076,0,0,0,0
13474,-13.5574,-15.5916,0,0,0,0
13475,-13.6296,-16.2791,0,0,0,0
13476,-13.6858,-16.9693,0,0,0,0
13477,-13.7261,-17.6617,0,0,0,0
13478,-13.7503,-18.3555,0,0,0,0
13479,-10.4009,-7.3936,0,0,0,0
13480,-10.7014,-7.92474,0,0,0,0
13481,-10.989,-8.46873,0,0,0,0
13482,-11.2632,-9.02498,0,0,0,0
13483,-11.5236,-9.5929,0,0,0,0
13484,-11.7696,-10.1719,0,0,0,0
13485,-12.0006,-10.7613,0,0,0,0
13486,-12.2164,-11.3604,0,0,0,0
13487,-12.4165,-11.9686,0,0,0,0
13488,-12.6005,-12.5852,0,0,0,0
13489,-12.768,-13.2095,0,0,0,0
13490,-12.9188,-13.8407,0,0,0,0
13491,-13.0525,-14.4782,0,0,0,0
13492,-13.1689,-15.1211,0,0,0,0
13493,-13.2678,-15.7687,0,0,0,0
13494,-13.3489,-16.4202,0,0,0,0
13495,-13.4122,-17.0749,0,0,0,0
13496,-13.4575,-17.7319,0,0,0,0
13497,-13.4847,-18.3906,0,0,0,0
13498,-9.79269,-8.15677,0,0,0,0
13499,-10.1265,-8.6386,0,0,0,0
13500,-10.4461,-9.1347,0,0,0,0
13501,-10.7508,-9.64442,0,0,0,0
13502,-11.0401,-10.1671,0,0,0,0
13503,-11.3134,-10.7021,0,0,0,0
13504,-11.5702,-11.2486,0,0,0,0
13505,-11.8099,-11.806,0,0,0,0
13506,-12.0322,-12.3735,0,0,0,0
13507,-12.2366,-12.9503,0,0,0,0
13508,-12.4228,-13.5356,0,0,0,0
13509,-12.5903,-14.1286,0,0,0,0
13510,-12.7389,-14.7285,0,0,0,0
13511,-12.8682,-15.3345,0,0,0,0
13512,-12.9781,-15.9458,0,0,0,0
13513,-13.0682,-16.5613,0,0,0,0
13514,-13.1385,-17.1804,0,0,0,0
13515,-13.1889,-17.8022,0,0,0,0
13516,-13.2191,-18.4256,0,0,0,0
13517,-9.18446,-8.91995,0,0,0,0
13518,-9.55168,-9.35246,0,0,0,0
13519,-9.90322,-9.80066,0,0,0,0
13520,-10.2384,-10.2639,0,0,0,0
13521,-10.5566,-10.7413,0,0,0,0
13522,-10.8572,-11.2323,0,0,0,0
13523,-11.1397,-11.736,0,0,0,0
13524,-11.4034,-12.2516,0,0,0,0
13525,-11.6479,-12.7783,0,0,0,0
13526,-11.8728,-13.3153,0,0,0,0
13527,-12.0776,-13.8616,0,0,0,0
13528,-12.2618,-14.4165,0,0,0,0
13529,-12.4253,-14.9789,0,0,0,0
13530,-12.5675,-15.548,0,0,0,0
13531,-12.6884,-16.1228,0,0,0,0
13532,-12.7875,-16.7025,0,0,0,0
13533,-12.8649,-17.286,0,0,0,0
13534,-12.9202,-17.8724,0,0,0,0
13535,-12.9535,-18.4607,0,0,0,0
13536,-12.2914,-18.5137,0,0,0,0
13537,-12.2564,-17.9783,0,0,0,0
13538,-12.198,-17.4451,0,0,0,0
13539,-12.1164,-16.9148,0,0,0,0
13540,-12.0118,-16.3887,0,0,0,0
13541,-11.8844,-15.8676,0,0,0,0
13542,-11.7344,-15.3525,0,0,0,0
13543,-11.562,-14.8445,0,0,0,0
13544,-11.3677,-14.3444,0,0,0,0
13545,-11.1518,-13.8534,0,0,0,0
13546,-10.9146,-13.3722,0,0,0,0
13547,-10.6567,-12.9018,0,0,0,0
13548,-10.3786,-12.443,0,0,0,0
13549,-10.0807,-11.9969,0,0,0,0
13550,-9.76361,-11.5641,0,0,0,0
13551,-9.42799,-11.1456,0,0,0,0
13552,-9.07444,-10.7421,0,0,0,0
13553,-8.70364,-10.3545,0,0,0,0
13554,-8.3163,-9.9833,0,0,0,0
13555,-11.895,-18.5316,0,0,0,0
13556,-11.8611,-18.0141,0,0,0,0
13557,-11.8047,-17.4986,0,0,0,0
13558,-11.726,-16.9861,0,0,0,0
13559,-11.625,-16.4774,0,0,0,0
13560,-11.502,-15.9737,0,0,0,0
13561,-11.3571,-15.4758,0,0,0,0
13562,-11.1907,-14.9846,0,0,0,0
13563,-11.003,-14.5012,0,0,0,0
13564,-10.7945,-14.0264,0,0,0,0
13565,-10.5655,-13.5612,0,0,0,0
13566,-10.3165,-13.1063,0,0,0,0
13567,-10.0479,-12.6627,0,0,0,0
13568,-9.76026,-12.2313,0,0,0,0
13569,-9.45408,-11.8127,0,0,0,0
13570,-9.12998,-11.4079,0,0,0,0
13571,-8.78855,-11.0177,0,0,0,0
13572,-8.43045,-10.6426,0,0,0,0
13573,-8.05636,-10.2835,0,0,0,0
13574,-11.4985,-18.5495,0,0,0,0
13575,-11.4658,-18.0499,0,0,0,0
13576,-11.4115,-17.5522,0,0,0,0
13577,-11.3356,-17.0573,0,0,0,0
13578,-11.2382,-16.5662,0,0,0,0
13579,-11.1195,-16.0798,0,0,0,0
13580,-10.9798,-15.599,0,0,0,0
13581,-10.8193,-15.1248,0,0,0,0
13582,-10.6384,-14.658,0,0,0,0
13583,-10.4373,-14.1995,0,0,0,0
13584,-10.2165,-13.7501,0,0,0,0
13585,-9.97632,-13.3108,0,0,0,0
13586,-9.71728,-12.8824,0,0,0,0
13587,-9.43985,-12.4657,0,0,0,0
13588,-9.14456,-12.0613,0,0,0,0
13589,-8.83196,-11.6703,0,0,0,0
13590,-8.50266,-11.2932,0,0,0,0
13591,-8.15726,-10.9307,0,0,0,0
13592,-7.79643,-10.5837,0,0,0,0
13593,-11.102,-18.5674,0,0,0,0
13594,-11.0706,-18.0856,0,0,0,0
13595,-11.0182,-17.6057,0,0,0,0
13596,-10.9451,-17.1285,0,0,0,0
13597,-10.8513,-16.655,0,0,0,0
13598,-10.7371,-16.1859,0,0,0,0
13599,-10.6025,-15.7223,0,0,0,0
13600,-10.448,-15.2649,0,0,0,0
13601,-10.2737,-14.8147,0,0,0,0
13602,-10.0801,-14.3725,0,0,0,0
13603,-9.86741,-13.9391,0,0,0,0
13604,-9.63612,-13.5154,0,0,0,0
13605,-9.38664,-13.1021,0,0,0,0
13606,-9.11944,-12.7,0,0,0,0
13607,-8.83503,-12.31,0,0,0,0
13608,-8.53395,-11.9326,0,0,0,0
13609,-8.21676,-11.5687,0,0,0,0
13610,-7.88407,-11.2189,0,0,0,0
13611,-7.5365,-10.8838,0,0,0,0
13612,-10.7055,-18.5853,0,0,0,0
13613,-10.6753,-18.1214,0,0,0,0
13614,-10.625,-17.6593,0,0,0,0
13615,-10.5547,-17.1998,0,0,0,0
13616,-10.4645,-16.7437,0,0,0,0
13617,-10.3546,-16.2921,0,0,0,0
13618,-10.2253,-15.8456,0,0,0,0
13619,-10.0767,-15.4051,0,0,0,0
13620,-9.90908,-14.9715,0,0,0,0
13621,-9.72286,-14.5456,0,0,0,0
13622,-9.51835,-14.1281,0,0,0,0
13623,-9.29592,-13.7199,0,0,0,0
13624,-9.056,-13.3218,0,0,0,0
13625,-8.79903,-12.9344,0,0,0,0
13626,-8.52551,-12.5586,0,0,0,0
13627,-8.23594,-12.1949,0,0,0,0
13628,-7.93087,-11.8442,0,0,0,0
13629,-7.61088,-11.507,0,0,0,0
13630,-7.27656,-11.184,0,0,0,0
13631,-10.3091,-18.6032,0,0,0,0
13632,-10.28,-18.1571,0,0,0,0
13633,-10.2317,-17.7128,0,0,0,0
13634,-10.1642,-17.271,0,0,0,0
13635,-10.0777,-16.8325,0,0,0,0
13636,-9.97217,-16.3982,0,0,0,0
13637,-9.84798,-15.9688,0,0,0,0
13638,-9.70531,-15.5453,0,0,0,0
13639,-9.54443,-15.1283,0,0,0,0
13640,-9.36564,-14.7186,0,0,0,0
13641,-9.16928,-14.3171,0,0,0,0
13642,-8.95572,-13.9245,0,0,0,0
13643,-8.72536,-13.5415,0,0,0,0
13644,-8.47863,-13.1688,0,0,0,0
13645,-8.21598,-12.8072,0,0,0,0
13646,-7.93793,-12.4572,0,0,0,0
13647,-7.64498,-12.1197,0,0,0,0
13648,-7.33769,-11.7951,0,0,0,0
13649,-7.01663,-11.4842,0,0,0,0
13650,-9.9126,-18.621,0,0,0,0
13651,-9.88478,-18.1929,0,0,0,0
13652,-9.83849,-17.7664,0,0,0,0
13653,-9.77379,-17.3422,0,0,0,0
13654,-9.69082,-16.9213,0,0,0,0
13655,-9.58973,-16.5043,0,0,0,0
13656,-9.4707,-16.0921,0,0,0,0
13657,-9.33397,-15.6854,0,0,0,0
13658,-9.17978,-15.285,0,0,0,0
13659,-9.00842,-14.8917,0,0,0,0
13660,-8.82022,-14.5061,0,0,0,0
13661,-8.61553,-14.129,0,0,0,0
13662,-8.39472,-13.7612,0,0,0,0
13663,-8.15822,-13.4032,0,0,0,0
13664,-7.90646,-13.0558,0,0,0,0
13665,-7.63992,-12.7196,0,0,0,0
13666,-7.35909,-12.3952,0,0,0,0
13667,-7.0645,-12.0833,0,0,0,0
13668,-6.7567,-11.7844,0,0,0,0
13669,-9.11965,-18.6568,0,0,0,0
13670,-9.09426,-18.2644,0,0,0,0
13671,-9.05198,-17.8735,0,0,0,0
13672,-8.9929,-17.4847,0,0,0,0
13673,-8.91714,-17.0988,0,0,0,0
13674,-8.82482,-16.7165,0,0,0,0
13675,-8.71612,-16.3386,0,0,0,0
13676,-8.59125,-15.9657,0,0,0,0
13677,-8.45043,-15.5986,0,0,0,0
13678,-8.29393,-15.2378,0,0,0,0
13679,-8.12203,-14.8841,0,0,0,0
13680,-7.93506,-14.5382,0,0,0,0
13681,-7.73337,-14.2006,0,0,0,0
13682,-7.51732,-13.872,0,0,0,0
13683,-7.28731,-13.5531,0,0,0,0
13684,-7.04379,-13.2443,0,0,0,0
13685,-6.78719,-12.9463,0,0,0,0
13686,-6.51799,-12.6597,0,0,0,0
13687,-6.2367,-12.3849,0,0,0,0
13688,-8.72318,-18.6747,0,0,0,0
13689,-8.69899,-18.3002,0,0,0,0
13690,-8.65872,-17.927,0,0,0,0
13691,-8.60246,-17.5559,0,0,0,0
13692,-8.53029,-17.1876,0,0,0,0
13693,-8.44236,-16.8227,0,0,0,0
13694,-8.33882,-16.4619,0,0,0,0
13695,-8.21988,-16.1059,0,0,0,0
13696,-8.08574,-15.7554,0,0,0,0
13697,-7.93666,-15.4109,0,0,0,0
13698,-7.77291,-15.0732,0,0,0,0
13699,-7.5948,-14.7428,0,0,0,0
13700,-7.40265,-14.4203,0,0,0,0
13701,-7.19682,-14.1065,0,0,0,0
13702,-6.97769,-13.8018,0,0,0,0
13703,-6.74567,-13.5067,0,0,0,0
13704,-6.50118,-13.2219,0,0,0,0
13705,-6.24468,-12.9479,0,0,0,0
13706,-5.97664,-12.6852,0,0,0,0
13707,-8.32671,-18.6926,0,0,0,0
13708,-8.30373,-18.3359,0,0,0,0
13709,-8.26547,-17.9806,0,0,0,0
13710,-8.21201,-17.6271,0,0,0,0
13711,-8.14344,-17.2763,0,0,0,0
13712,-8.05989,-16.9288,0,0,0,0
13713,-7.96152,-16.5852,0,0,0,0
13714,-7.8485,-16.2461,0,0,0,0
13715,-7.72105,-15.9121,0,0,0,0
13716,-7.57939,-15.584,0,0,0,0
13717,-7.42379,-15.2622,0,0,0,0
13718,-7.25453,-14.9474,0,0,0,0
13719,-7.07193,-14.6401,0,0,0,0
13720,-6.87633,-14.3409,0,0,0,0
13721,-6.66807,-14.0504,0,0,0,0
13722,-6.44755,-13.7691,0,0,0,0
13723,-6.21517,-13.4976,0,0,0,0
13724,-5.97136,-13.2362,0,0,0,0
13725,-5.71657,-12.9855,0,0,0,0
13726,-7.93024,-18.7105,0,0,0,0
13727,-7.90846,-18.3717,0,0,0,0
13728,-7.87221,-18.0341,0,0,0,0
13729,-7.82156,-17.6984,0,0,0,0
13730,-7.75659,-17.3651,0,0,0,0
13731,-7.67743,-17.0349,0,0,0,0
13732,-7.58422,-16.7085,0,0,0,0
13733,-7.47713,-16.3862,0,0,0,0
13734,-7.35635,-16.0689,0,0,0,0
13735,-7.22212,-15.7571,0,0,0,0
13736,-7.07466,-15.4512,0,0,0,0
13737,-6.91427,-15.152,0,0,0,0
13738,-6.74122,-14.8598,0,0,0,0
13739,-6.55583,-14.5754,0,0,0,0
13740,-6.35845,-14.2991,0,0,0,0
13741,-6.14943,-14.0316,0,0,0,0
13742,-5.92916,-13.7732,0,0,0,0
13743,-5.69805,-13.5245,0,0,0,0
13744,-5.4565,-13.2859,0,0,0,0
13745,-7.53376,-18.7284,0,0,0,0
13746,-7.5132,-18.4075,0,0,0,0
13747,-7.47896,-18.0877,0,0,0,0
13748,-7.43111,-17.7696,0,0,0,0
13749,-7.36974,-17.4539,0,0,0,0
13750,-7.29497,-17.1411,0,0,0,0
13751,-7.20691,-16.8317,0,0,0,0
13752,-7.10575,-16.5264,0,0,0,0
13753,-6.99166,-16.2257,0,0,0,0
13754,-6.86485,-15.9301,0,0,0,0
13755,-6.72554,-15.6402,0,0,0,0
13756,-6.574,-15.3565,0,0,0,0
13757,-6.4105,-15.0796,0,0,0,0
13758,-6.23534,-14.8098,0,0,0,0
13759,-6.04883,-14.5478,0,0,0,0
13760,-5.85132,-14.294,0,0,0,0
13761,-5.64316,-14.0488,0,0,0,0
13762,-5.42473,-13.8127,0,0,0,0
13763,-5.19644,-13.5862,0,0,0,0
13764,-7.13729,-18.7463,0,0,0,0
13765,-7.11793,-18.4432,0,0,0,0
13766,-7.0857,-18.1412,0,0,0,0
13767,-7.04066,-17.8408,0,0,0,0
13768,-6.98289,-17.5427,0,0,0,0
13769,-6.9125,-17.2472,0,0,0,0
13770,-6.82961,-16.955,0,0,0,0
13771,-6.73438,-16.6666,0,0,0,0
13772,-6.62697,-16.3825,0,0,0,0
13773,-6.50758,-16.1032,0,0,0,0
13774,-6.37642,-15.8293,0,0,0,0
13775,-6.23374,-15.5611,0,0,0,0
13776,-6.07978,-15.2993,0,0,0,0
13777,-5.91484,-15.0443,0,0,0,0
13778,-5.73921,-14.7965,0,0,0,0
13779,-5.5532,-14.5564,0,0,0,0
13780,-5.35715,-14.3244,0,0,0,0
13781,-5.15142,-14.101,0,0,0,0
13782,-4.93637,-13.8865,0,0,0,0
13783,-6.74082,-18.7642,0,0,0,0
13784,-6.72267,-18.479,0,0,0,0
13785,-6.69245,-18.1948,0,0,0,0
13786,-6.65021,-17.9121,0,0,0,0
13787,-6.59605,-17.6314,0,0,0,0
13788,-6.53004,-17.3533,0,0,0,0
13789,-6.45231,-17.0783,0,0,0,0
13790,-6.363,-16.8068,0,0,0,0
13791,-6.26227,-16.5393,0,0,0,0
13792,-6.1503,-16.2763,0,0,0,0
13793,-6.0273,-16.0183,0,0,0,0
13794,-5.89347,-15.7657,0,0,0,0
13795,-5.74907,-15.5191,0,0,0,0
13796,-5.59435,-15.2787,0,0,0,0
13797,-5.42959,-15.0452,0,0,0,0
13798,-5.25508,-14.8188,0,0,0,0
13799,-5.07114,-14.6001,0,0,0,0
13800,-4.8781,-14.3893,0,0,0,0
13801,-4.67631,-14.1869,0,0,0,0
13802,-5.5514,-18.8179,0,0,0,0
13803,-5.53685,-18.5863,0,0,0,0
13804,-5.51264,-18.3554,0,0,0,0
13805,-5.4788,-18.1258,0,0,0,0
13806,-5.4354,-17.8978,0,0,0,0
13807,-5.3825,-17.6718,0,0,0,0
13808,-5.32021,-17.4482,0,0,0,0
13809,-5.24862,-17.2274,0,0,0,0
13810,-5.16787,-17.0098,0,0,0,0
13811,-5.0781,-16.7958,0,0,0,0
13812,-4.97947,-16.5857,0,0,0,0
13813,-4.87214,-16.3799,0,0,0,0
13814,-4.75631,-16.1788,0,0,0,0
13815,-4.63217,-15.9827,0,0,0,0
13816,-4.49995,-15.7919,0,0,0,0
13817,-4.35988,-15.6069,0,0,0,0
13818,-4.2122,-15.4278,0,0,0,0
13819,-4.05716,-15.2552,0,0,0,0
13820,-3.89505,-15.0891,0,0,0,0
13821,-4.75845,-18.8537,0,0,0,0
13822,-4.74631,-18.6578,0,0,0,0
13823,-4.72609,-18.4626,0,0,0,0
13824,-4.69784,-18.2683,0,0,0,0
13825,-4.6616,-18.0754,0,0,0,0
13826,-4.61742,-17.8841,0,0,0,0
13827,-4.5654,-17.6949,0,0,0,0
13828,-4.50562,-17.5079,0,0,0,0
13829,-4.43817,-17.3236,0,0,0,0
13830,-4.36318,-17.1422,0,0,0,0
13831,-4.28076,-16.964,0,0,0,0
13832,-4.19108,-16.7895,0,0,0,0
13833,-4.09426,-16.6187,0,0,0,0
13834,-3.99049,-16.4521,0,0,0,0
13835,-3.87994,-16.29,0,0,0,0
13836,-3.76279,-16.1325,0,0,0,0
13837,-3.63926,-15.98,0,0,0,0
13838,-3.50954,-15.8328,0,0,0,0
13839,-3.37386,-15.691,0,0,0,0
13840,-3.9655,-18.8895,0,0,0,0
13841,-3.95576,-18.7294,0,0,0,0
13842,-3.93954,-18.5697,0,0,0,0
13843,-3.91687,-18.4108,0,0,0,0
13844,-3.88779,-18.253,0,0,0,0
13845,-3.85235,-18.0965,0,0,0,0
13846,-3.8106,-17.9415,0,0,0,0
13847,-3.76261,-17.7884,0,0,0,0
13848,-3.70846,-17.6373,0,0,0,0
13849,-3.64825,-17.4886,0,0,0,0
13850,-3.58206,-17.3424,0,0,0,0
13851,-3.51001,-17.199,0,0,0,0
13852,-3.43222,-17.0587,0,0,0,0
13853,-3.34881,-16.9216,0,0,0,0
13854,-3.25993,-16.788,0,0,0,0
13855,-3.16571,-16.6581,0,0,0,0
13856,-3.06632,-16.5322,0,0,0,0
13857,-2.96191,-16.4104,0,0,0,0
13858,-2.85267,-16.2929,0,0,0,0
13859,-15.6104,-19.05,0.666667,0,0,0
13860,-15.3458,-19.05,0.666667,0,0,0
13861,-15.0813,-19.05,0.666667,0,0,0
13862,-14.8167,-19.05,0.666667,0,0,0
13863,-14.5521,-19.05,0.666667,0,0,0
13864,-14.2875,-19.05,0.666667,0,0,0
13865,-14.0229,-19.05,0.666667,0,0,0
13866,-13.7583,-19.05,0.666667,0,0,0
13867,-13.4937,-19.05,0.666667,0,0,0
13868,-13.2292,-19.05,0.666667,0,0,0
13869,-12.9646,-19.05,0.666667,0,0,0
13870,-12.7,-19.05,0.666667,0,0,0
13871,-12.3031,-19.05,0.666667,0,0,0
13872,-11.9062,-19.05,0.666667,0,0,0
13873,-11.5094,-19.05,0.666667,0,0,0
13874,-11.1125,-19.05,0.666667,0,0,0
13875,-10.7156,-19.05,0.666667,0,0,0
13876,-10.3188,-19.05,0.666667,0,0,0
13877,-9.92188,-19.05,0.666667,0,0,0
13878,-9.525,-19.05,0.666667,0,0,0
13879,-9.12813,-19.05,0.666667,0,0,0
13880,-8.73125,-19.05,0.666667,0,0,0
13881,-8.33438,-19.05,0.666667,0,0,0
13882,-7.9375,-19.05,0.666667,0,0,0
13883,-7.54063,-19.05,0.666667,0,0,0
13884,-7.14375,-19.05,0.666667,0,0,0
13885,-6.74687,-19.05,0.666667,0,0,0
13886,-15.6104,-19.05,0.333333,0,0,0
13887,-15.3458,-19.05,0.333333,0,0,0
13888,-15.0813,-19.05,0.333333,0,0,0
13889,-14.8167,-19.05,0.333333,0,0,0
13890,-14.5521,-19.05,0.333333,0,0,0
13891,-14.2875,-19.05,0.333333,0,0,0
13892,-14.0229,-19.05,0.333333,0,0,0
13893,-13.7583,-19.05,0.333333,0,0,0
13894,-13.4937,-19.05,0.333333,0,0,0
13895,-13.2292,-19.05,0.333333,0,0,0
13896,-12.9646,-19.05,0.333333,0,0,0
13897,-12.7,-19.05,0.333333,0,0,0
13898,-12.3031,-19.05,0.333333,0,0,0
13899,-11.9062,-19.05,0.333333,0,0,0
13900,-11.5094,-19.05,0.333333,0,0,0
13901,-11.1125,-19.05,0.333333,0,0,0
13902,-10.7156,-19.05,0.333333,0,0,0
13903,-10.3188,-19.05,0.333333,0,0,0
13904,-9.92188,-19.05,0.333333,0,0,0
13905,-9.525,-19.05,0.333333,0,0,0
13906,-9.12813,-19.05,0.333333,0,0,0
13907,-8.73125,-19.05,0.333333,0,0,0
13908,-8.33438,-19.05,0.333333,0,0,0
13909,-7.9375,-19.05,0.333333,0,0,0
13910,-7.54063,-19.05,0.333333,0,0,0
13911,-7.14375,-19.05,0.333333,0,0,0
13912,-6.74687,-19.05,0.333333,0,0,0
13913,-5.55625,-19.05,0.666667,0,0,0
13914,-5.55625,-19.05,0.333333,0,0,0
13915,-4.7625,-19.05,0.666667,0,0,0
13916,-4.7625,-19.05,0.333333,0,0,0
13917,-3.96875,-19.05,0.666667,0,0,0
13918,-3.96875,-19.05,0.333333,0,0,0
13919,-15.875,-0.525,0.666667,0,0,0
13920,-15.875,-1.5,0.666667,0,0,0
13921,-15.875,-2.475,0.666667,0,0,0
13922,-15.875,-3.45,0.666667,0,0,0
13923,-15.875,-4.425,0.666667,0,0,0
13924,-15.875,-5.4,0.666667,0,0,0
13925,-15.875,-6.375,0.666667,0,0,0
13926,-15.875,-7.35,0.666667,0,0,0
13927,-15.875,-8.325,0.666667,0,0,0
13928,-15.875,-9.3,0.666667,0,0,0
13929,-15.875,-10.275,0.666667,0,0,0
13930,-15.875,-11.25,0.666667,0,0,0
13931,-15.875,-12.225,0.666667,0,0,0
13932,-15.875,-13.2,0.666667,0,0,0
13933,-15.875,-14.175,0.666667,0,0,0
13934,-15.875,-15.15,0.666667,0,0,0
13935,-15.875,-16.125,0.666667,0,0,0
13936,-15.875,-17.1,0.666667,0,0,0
13937,-15.875,-18.075,0.666667,0,0,0
13938,-15.875,-0.525,0.333333,0,0,0
13939,-15.875,-1.5,0.333333,0,0,0
13940,-15.875,-2.475,0.333333,0,0,0
13941,-15.875,-3.45,0.333333,0,0,0
13942,-15.875,-4.425,0.333333,0,0,0
13943,-15.875,-5.4,0.333333,0,0,0
13944,-15.875,-6.375,0.333333,0,0,0
13945,-15.875,-7.35,0.333333,0,0,0
13946,-15.875,-8.325,0.333333,0,0,0
13947,-15.875,-9.3,0.333333,0,0,0
13948,-15.875,-10.275,0.333333,0,0,0
13949,-15.875,-11.25,0.333333,0,0,0
13950,-15.875,-12.225,0.333333,0,0,0
13951,-15.875,-13.2,0.333333,0,0,0
13952,-15.875,-14.175,0.333333,0,0,0
13953,-15.875,-15.15,0.333333,0,0,0
13954,-15.875,-16.125,0.333333,0,0,0
13955,-15.875,-17.1,0.333333,0,0,0
13956,-15.875,-18.075,0.333333,0,0,0
13957,-2.33147,-16.8948,0.666667,0,0,0
13958,-2.41429,-16.988,0.666667,0,0,0
13959,-2.49338,-17.0844,0.666667,0,0,0
13960,-2.56863,-17.1838,0.666667,0,0,0
13961,-2.63992,-17.2861,0.666667,0,0,0
13962,-2.70713,-17.3911,0.666667,0,0,0
13963,-2.77017,-17.4986,0.666667,0,0,0
13964,-2.82895,-17.6086,0.666667,0,0,0
13965,-2.88335,-17.7208,0.666667,0,0,0
13966,-2.93332,-17.835,0.666667,0,0,0
13967,-2.97876,-17.9511,0.666667,0,0,0
13968,-3.0196,-18.0689,0.666667,0,0,0
13969,-3.0558,-18.1882,0.666667,0,0,0
13970,-3.08727,-18.3088,0.666667,0,0,0
13971,-3.11399,-18.4306,0.666667,0,0,0
13972,-3.13591,-18.5533,0.666667,0,0,0
13973,-3.15299,-18.6768,0.666667,0,0,0
13974,-3.16521,-18.8009,0.666667,0,0,0
13975,-3.17255,-18.9254,0.666667,0,0,0
13976,-2.33147,-16.8948,0.333333,0,0,0
13977,-2.41429,-16.988,0.333333,0,0,0
13978,-2.49338,-17.0844,0.333333,0,0,0
13979,-2.56863,-17.1838,0.333333,0,0,0
13980,-2.63992,-17.2861,0.333333,0,0,0
13981,-2.70713,-17.3911,0.333333,0,0,0
13982,-2.77017,-17.4986,0.333333,0,0,0
13983,-2.82895,-17.6086,0.333333,0,0,0
13984,-2.88335,-17.7208,0.333333,0,0,0
13985,-2.93332,-17.835,0.333333,0,0,0
13986,-2.97876,-17.9511,0.333333,0,0,0
13987,-3.0196,-18.0689,0.333333,0,0,0
13988,-3.0558,-18.1882,0.333333,0,0,0
13989,-3.08727,-18.3088,0.333333,0,0,0
13990,-3.11399,-18.4306,0.333333,0,0,0
13991,-3.13591,-18.5533,0.333333,0,0,0
13992,-3.15299,-18.6768,0.333333,0,0,0
13993,-3.16521,-18.8009,0.333333,0,0,0
13994,-3.17255,-18.9254,0.333333,0,0,0
13995,-16.8774,-19.05,0.666667,0,0,0
13996,-16.8774,-19.05,0.333333,0,0,0
13997,-17.8797,-19.05,0.666667,0,0,0
13998,-17.8797,-19.05,0.333333,0,0,0
13999,-18.8821,-19.05,0.666667,0,0,0
14000,-18.8821,-19.05,0.333333,0,0,0
14001,-19.8844,-19.05,0.666667,0,0,0
14002,-19.8844,-19.05,0.333333,0,0,0
14003,-20.8868,-19.05,0.666667,0,0,0
14004,-20.8868,-19.05,0.333333,0,0,0
14005,-21.8892,-19.05,0.666667,0,0,0
14006,-21.8892,-19.05,0.333333,0,0,0
14007,-22.8915,-19.05,0.666667,0,0,0
14008,-22.8915,-19.05,0.333333,0,0,0
14009,-23.8939,-19.05,0.666667,0,0,0
14010,-23.8939,-19.05,0.333333,0,0,0
14011,-24.8962,-19.05,0.666667,0,0,0
14012,-24.8962,-19.05,0.333333,0,0,0
14013,-25.8986,-19.05,0.666667,0,0,0
14014,-25.8986,-19.05,0.333333,0,0,0
14015,-26.9009,-19.05,0.666667,0,0,0
14016,-26.9009,-19.05,0.333333,0,0,0
14017,-27.9033,-19.05,0.666667,0,0,0
14018,-27.9033,-19.05,0.333333,0,0,0
14019,-28.9057,-19.05,0.666667,0,0,0
14020,-28.9057,-19.05,0.333333,0,0,0
14021,-29.908,-19.05,0.666667,0,0,0
14022,-29.908,-19.05,0.333333,0,0,0
14023,-30.9104,-19.05,0.666667,0,0,0
14024,-30.9104,-19.05,0.333333,0,0,0
14025,-31.9127,-19.05,0.666667,0,0,0
14026,-31.9127,-19.05,0.333333,0,0,0
14027,-32.9151,-19.05,0.666667,0,0,0
14028,-32.9151,-19.05,0.333333,0,0,0
14029,-33.9175,-19.05,0.666667,0,0,0
14030,-33.9175,-19.05,0.333333,0,0,0
14031,-34.9198,-19.05,0.666667,0,0,0
14032,-34.9198,-19.05,0.333333,0,0,0
14033,-35.9222,-19.05,0.666667,0,0,0
14034,-35.9222,-19.05,0.333333,0,0,0
14035,-36.9245,-19.05,0.666667,0,0,0
14036,-36.9245,-19.05,0.333333,0,0,0
14037,-37.9269,-19.05,0.666667,0,0,0
14038,-37.9269,-19.05,0.333333,0,0,0
14039,-38.9292,-19.05,0.666667,0,0,0
14040,-38.9292,-19.05,0.333333,0,0,0
14041,-39.9316,-19.05,0.666667,0,0,0
14042,-39.9316,-19.05,0.333333,0,0,0
14043,-40.934,-19.05,0.666667,0,0,0
14044,-40.934,-19.05,0.333333,0,0,0
14045,-41.9363,-19.05,0.666667,0,0,0
14046,-41.9363,-19.05,0.333333,0,0,0
14047,-42.9387,-19.05,0.666667,0,0,0
14048,-42.9387,-19.05,0.333333,0,0,0
14049,-43.941,-19.05,0.666667,0,0,0
14050,-43.941,-19.05,0.333333,0,0,0
14051,-44.9434,-19.05,0.666667,0,0,0
14052,-44.9434,-19.05,0.333333,0,0,0
14053,-45.9458,-19.05,0.666667,0,0,0
14054,-45.9458,-19.05,0.333333,0,0,0
14055,-46.9481,-19.05,0.666667,0,0,0
14056,-46.9481,-19.05,0.333333,0,0,0
14057,-47.9505,-19.05,0.666667,0,0,0
14058,-47.9505,-19.05,0.333333,0,0,0
14059,-48.9528,-19.05,0.666667,0,0,0
14060,-48.9528,-19.05,0.333333,0,0,0
14061,-49.9552,-19.05,0.666667,0,0,0
14062,-49.9552,-19.05,0.333333,0,0,0
14063,-50.9575,-19.05,0.666667,0,0,0
14064,-50.9575,-19.05,0.333333,0,0,0
14065,-51.9599,-19.05,0.666667,0,0,0
14066,-51.9599,-19.05,0.333333,0,0,0
14067,-52.9623,-19.05,0.666667,0,0,0
14068,-52.9623,-19.05,0.333333,0,0,0
14069,-53.9646,-19.05,0.666667,0,0,0
14070,-53.9646,-19.05,0.333333,0,0,0
14071,-54.967,-19.05,0.666667,0,0,0
14072,-54.967,-19.05,0.333333,0,0,0
14073,-55.9693,-19.05,0.666667,0,0,0
14074,-55.9693,-19.05,0.333333,0,0,0
14075,-56.9717,-19.05,0.666667,0,0,0
14076,-56.9717,-19.05,0.333333,0,0,0
14077,-57.9741,-19.05,0.666667,0,0,0
14078,-57.9741,-19.05,0.333333,0,0,0
14079,-58.9764,-19.05,0.666667,0,0,0
14080,-58.9764,-19.05,0.333333,0,0,0
14081,-59.9788,-19.05,0.666667,0,0,0
14082,-59.9788,-19.05,0.333333,0,0,0
14083,-60.9811,-19.05,0.666667,0,0,0
14084,-60.9811,-19.05,0.333333,0,0,0
14085,-61.9835,-19.05,0.666667,0,0,0
14086,-61.9835,-19.05,0.333333,0,0,0
14087,-62.9858,-19.05,0.666667,0,0,0
14088,-62.9858,-19.05,0.333333,0,0,0
14089,-63.9882,-19.05,0.666667,0,0,0
14090,-63.9882,-19.05,0.333333,0,0,0
14091,-64.9906,-19.05,0.666667,0,0,0
14092,-64.9906,-19.05,0.333333,0,0,0
14093,-65.9929,-19.05,0.666667,0,0,0
14094,-65.9929,-19.05,0.333333,0,0,0
14095,-66.9953,-19.05,0.666667,0,0,0
14096,-66.9953,-19.05,0.333333,0,0,0
14097,-67.9976,-19.05,0.666667,0,0,0
14098,-67.9976,-19.05,0.333333,0,0,0
14099,-16.8774,-0.525,1,0,0,0
14100,-17.8797,-0.525,1,0,0,0
14101,-18.8821,-0.525,1,0,0,0
14102,-19.8844,-0.525,1,0,0,0
14103,-20.8868,-0.525,1,0,0,0
14104,-21.8892,-0.525,1,0,0,0
14105,-22.8915,-0.525,1,0,0,0
14106,-23.8939,-0.525,1,0,0,0
14107,-24.8962,-0.525,1,0,0,0
14108,-25.8986,-0.525,1,0,0,0
14109,-26.9009,-0.525,1,0,0,0
14110,-27.9033,-0.525,1,0,0,0
14111,-28.9057,-0.525,1,0,0,0
14112,-29.908,-0.525,1,0,0,0
14113,-30.9104,-0.525,1,0,0,0
14114,-31.9127,-0.525,1,0,0,0
14115,-32.9151,-0.525,1,0,0,0
14116,-33.9175,-0.525,1,0,0,0
14117,-34.9198,-0.525,1,0,0,0
14118,-35.9222,-0.525,1,0,0,0
14119,-36.9245,-0.525,1,0,0,0
14120,-37.9269,-0.525,1,0,0,0
14121,-38.9292,-0.525,1,0,0,0
14122,-39.9316,-0.525,1,0,0,0
14123,-40.934,-0.525,1,0,0,0
14124,-41.9363,-0.525,1,0,0,0
14125,-42.9387,-0.525,1,0,0,0
14126,-43.941,-0.525,1,0,0,0
14127,-44.9434,-0.525,1,0,0,0
14128,-45.9458,-0.525,1,0,0,0
14129,-46.9481,-0.525,1,0,0,0
14130,-47.9505,-0.525,1,0,0,0
14131,-48.9528,-0.525,1,0,0,0
14132,-49.9552,-0.525,1,0,0,0
14133,-50.9575,-0.525,1,0,0,0
14134,-51.9599,-0.525,1,0,0,0
14135,-52.9623,-0.525,1,0,0,0
14136,-53.9646,-0.525,1,0,0,0
14137,-54.967,-0.525,1,0,0,0
14138,-55.9693,-0.525,1,0,0,0
14139,-56.9717,-0.525,1,0,0,0
14140,-57.9741,-0.525,1,0,0,0
14141,-58.9764,-0.525,1,0,0,0
14142,-59.9788,-0.525,1,0,0,0
14143,-60.9811,-0.525,1,0,0,0
14144,-61.9835,-0.525,1,0,0,0
14145,-62.9858,-0.525,1,0,0,0
14146,-63.9882,-0.525,1,0,0,0
14147,-64.9906,-0.525,1,0,0,0
14148,-65.9929,-0.525,1,0,0,0
14149,-66.9953,-0.525,1,0,0,0
14150,-67.9976,-0.525,1,0,0,0
14151,-16.8774,-1.5,1,0,0,0
14152,-17.8797,-1.5,1,0,0,0
14153,-18.8821,-1.5,1,0,0,0
14154,-19.8844,-1.5,1,0,0,0
14155,-20.8868,-1.5,1,0,0,0
14156,-21.8892,-1.5,1,0,0,0
14157,-22.8915,-1.5,1,0,0,0
14158,-23.8939,-1.5,1,0,0,0
14159,-24.8962,-1.5,1,0,0,0
14160,-25.8986,-1.5,1,0,0,0
14161,-26.9009,-1.5,1,0,0,0
14162,-27.9033,-1.5,1,0,0,0
14163,-28.9057,-1.5,1,0,0,0
14164,-29.908,-1.5,1,0,0,0
14165,-30.9104,-1.5,1,0,0,0
14166,-31.9127,-1.5,1,0,0,0
14167,-32.9151,-1.5,1,0,0,0
14168,-33.9175,-1.5,1,0,0,0
14169,-34.9198,-1.5,1,0,0,0
14170,-35.9222,-1.5,1,0,0,0
14171,-36.9245,-1.5,1,0,0,0
14172,-37.9269,-1.5,1,0,0,0
14173,-38.9292,-1.5,1,0,0,0
14174,-39.9316,-1.5,1,0,0,0
14175,-40.934,-1.5,1,0,0,0
14176,-41.9363,-1.5,1,0,0,0
14177,-42.9387,-1.5,1,0,0,0
14178,-43.941,-1.5,1,0,0,0
14179,-44.9434,-1.5,1,0,0,0
14180,-45.9458,-1.5,1,0,0,0
14181,-46.9481,-1.5,1,0,0,0
14182,-47.9505,-1.5,1,0,0,0
14183,-48.9528,-1.5,1,0,0,0
14184,-49.9552,-1.5,1,0,0,0
14185,-50.9575,-1.5,1,0,0,0
14186,-51.9599,-1.5,1,0,0,0
14187,-52.9623,-1.5,1,0,0,0
14188,-53.9646,-1.5,1,0,0,0
14189,-54.967,-1.5,1,0,0,0
14190,-55.9693,-1.5,1,0,0,0
14191,-56.9717,-1.5,1,0,0,0
14192,-57.9741,-1.5,1,0,0,0
14193,-58.9764,-1.5,1,0,0,0
14194,-59.9788,-1.5,1,0,0,0
14195,-60.9811,-1.5,1,0,0,0
14196,-61.9835,-1.5,1,0,0,0
14197,-62.9858,-1.5,1,0,0,0
14198,-63.9882,-1.5,1,0,0,0
14199,-64.9906,-1.5,1,0,0,0
14200,-65.9929,-1.5,1,0,0,0
14201,-66.9953,-1.5,1,0,0,0
14202,-67.9976,-1.5,1,0,0,0
14203,-16.8774,-2.475,1,0,0,0
14204,-17.8797,-2.475,1,0,0,0
14205,-18.8821,-2.475,1,0,0,0
14206,-19.8844,-2.475,1,0,0,0
14207,-20.8868,-2.475,1,0,0,0
14208,-21.8892,-2.475,1,0,0,0
14209,-22.8915,-2.475,1,0,0,0
14210,-23.8939,-2.475,1,0,0,0
14211,-24.8962,-2.475,1,0,0,0
14212,-25.8986,-2.475,1,0,0,0
14213,-26.9009,-2.475,1,0,0,0
14214,-27.9033,-2.475,1,0,0,0
14215,-28.9057,-2.475,1,0,0,0
14216,-29.908,-2.475,1,0,0,0
14217,-30.9104,-2.475,1,0,0,0
14218,-31.9127,-2.475,1,0,0,0
14219,-32.9151,-2.475,1,0,0,0
14220,-33.9175,-2.475,1,0,0,0
14221,-34.9198,-2.475,1,0,0,0
14222,-35.9222,-2.475,1,0,0,0
14223,-36.9245,-2.475,1,0,0,0
14224,-37.9269,-2.475,1,0,0,0
14225,-38.9292,-2.475,1,0,0,0
14226,-39.9316,-2.475,1,0,0,0
14227,-40.934,-2.475,1,0,0,0
14228,-41.9363,-2.475,1,0,0,0
14229,-42.9387,-2.475,1,0,0,0
14230,-43.941,-2.475,1,0,0,0
14231,-44.9434,-2.475,1,0,0,0
14232,-45.9458,-2.475,1,0,0,0
14233,-46.9481,-2.475,1,0,0,0
14234,-47.9505,-2.475,1,0,0,0
14235,-48.9528,-2.475,1,0,0,0
14236,-49.9552,-2.475,1,0,0,0
14237,-50.9575,-2.475,1,0,0,0
14238,-51.9599,-2.475,1,0,0,0
14239,-52.9623,-2.475,1,0,0,0
14240,-53.9646,-2.475,1,0,0,0
14241,-54.967,-2.475,1,0,0,0
14242,-55.9693,-2.475,1,0,0,0
14243,-56.9717,-2.475,1,0,0,0
14244,-57.9741,-2.475,1,0,0,0
14245,-58.9764,-2.475,1,0,0,0
14246,-59.9788,-2.475,1,0,0,0
14247,-60.9811,-2.475,1,0,0,0
14248,-61.9835,-2.475,1,0,0,0
14249,-62.9858,-2.475,1,0,0,0
14250,-63.9882,-2.475,1,0,0,0
14251,-64.9906,-2.475,1,0,0,0
14252,-65.9929,-2.475,1,0,0,0
14253,-66.9953,-2.475,1,0,0,0
14254,-67.9976,-2.475,1,0,0,0
14255,-16.8774,-3.45,1,0,0,0
14256,-17.8797,-3.45,1,0,0,0
14257,-18.8821,-3.45,1,0,0,0
14258,-19.8844,-3.45,1,0,0,0
14259,-20.8868,-3.45,1,0,0,0
14260,-21.8892,-3.45,1,0,0,0
14261,-22.8915,-3.45,1,0,0,0
14262,-23.8939,-3.45,1,0,0,0
14263,-24.8962,-3.45,1,0,0,0
14264,-25.8986,-3.45,1,0,0,0
14265,-26.9009,-3.45,1,0,0,0
14266,-27.9033,-3.45,1,0,0,0
14267,-28.9057,-3.45,1,0,0,0
14268,-29.908,-3.45,1,0,0,0
14269,-30.9104,-3.45,1,0,0,0
14270,-31.9127,-3.45,1,0,0,0
14271,-32.9151,-3.45,1,0,0,0
14272,-33.9175,-3.45,1,0,0,0
14273,-34.9198,-3.45,1,0,0,0
14274,-35.9222,-3.45,1,0,0,0
14275,-36.9245,-3.45,1,0,0,0
14276,-37.9269,-3.45,1,0,0,0
14277,-38.9292,-3.45,1,0,0,0
14278,-39.9316,-3.45,1,0,0,0
14279,-40.934,-3.45,1,0,0,0
14280,-41.9363,-3.45,1,0,0,0
14281,-42.9387,-3.45,1,0,0,0
14282,-43.941,-3.45,1,0,0,0
14283,-44.9434,-3.45,1,0,0,0
14284,-45.9458,-3.45,1,0,0,0
14285,-46.9481,-3.45,1,0,0,0
14286,-47.9505,-3.45,1,0,0,0
14287,-48.9528,-3.45,1,0,0,0
14288,-49.9552,-3.45,1,0,0,0
14289,-50.9575,-3.45,1,0,0,0
14290,-51.9599,-3.45,1,0,0,0
14291,-52.9623,-3.45,1,0,0,0
14292,-53.9646,-3.45,1,0,0,0
14293,-54.967,-3.45,1,0,0,0
14294,-55.9693,-3.45,1,0,0,0
14295,-56.9717,-3.45,1,0,0,0
14296,-57.9741,-3.45,1,0,0,0
14297,-58.9764,-3.45,1,0,0,0
14298,-59.9788,-3.45,1,0,0,0
14299,-60.9811,-3.45,1,0,0,0
14300,-61.9835,-3.45,1,0,0,0
14301,-62.9858,-3.45,1,0,0,0
14302,-63.9882,-3.45,1,0,0,0
14303,-64.9906,-3.45,1,0,0,0
14304,-65.9929,-3.45,1,0,0,0
14305,-66.9953,-3.45,1,0,0,0
14306,-67.9976,-3.45,1,0,0,0
14307,-16.8774,-4.425,1,0,0,0
14308,-17.8797,-4.425,1,0,0,0
14309,-18.8821,-4.425,1,0,0,0
14310,-19.8844,-4.425,1,0,0,0
14311,-20.8868,-4.425,1,0,0,0
14312,-21.8892,-4.425,1,0,0,0
14313,-22.8915,-4.425,1,0,0,0
14314,-23.8939,-4.425,1,0,0,0
14315,-24.8962,-4.425,1,0,0,0
14316,-25.8986,-4.425,1,0,0,0
14317,-26.9009,-4.425,1,0,0,0
14318,-27.9033,-4.425,1,0,0,0
14319,-28.9057,-4.425,1,0,0,0
14320,-29.908,-4.425,1,0,0,0
14321,-30.9104,-4.425,1,0,0,0
14322,-31.9127,-4.425,1,0,0,0
14323,-32.9151,-4.425,1,0,0,0
14324,-33.9175,-4.425,1,0,0,0
14325,-34.9198,-4.425,1,0,0,0
14326,-35.9222,-4.425,1,0,0,0
14327,-36.9245,-4.425,1,0,0,0
14328,-37.9269,-4.425,1,0,0,0
14329,-38.9292,-4.425,1,0,0,0
14330,-39.9316,-4.425,1,0,0,0
14331,-40.934,-4.425,1,0,0,0
14332,-41.9363,-4.425,1,0,0,0
14333,-42.9387,-4.425,1,0,0,0
14334,-43.941,-4.425,1,0,0,0
14335,-44.9434,-4.425,1,0,0,0
14336,-45.9458,-4.425,1,0,0,0
14337,-46.9481,-4.425,1,0,0,0
14338,-47.9505,-4.425,1,0,0,0
14339,-48.9528,-4.425,1,0,0,0
14340,-49.9552,-4.425,1,0,0,0
14341,-50.9575,-4.425,1,0,0,0
14342,-51.9599,-4.425,1,0,0,0
14343,-52.9623,-4.425,1,0,0,0
14344,-53.9646,-4.425,1,0,0,0
14345,-54.967,-4.425,1,0,0,0
14346,-55.9693,-4.425,1,0,0,0
14347,-56.9717,-4.425,1,0,0,0
14348,-57.9741,-4.425,1,0,0,0
14349,-58.9764,-4.425,1,0,0,0
14350,-59.9788,-4.425,1,0,0,0
14351,-60.9811,-4.425,1,0,0,0
14352,-61.9835,-4.425,1,0,0,0
14353,-62.9858,-4.425,1,0,0,0
14354,-63.9882,-4.425,1,0,0,0
14355,-64.9906,-4.425,1,0,0,0
14356,-65.9929,-4.425,1,0,0,0
14357,-66.9953,-4.425,1,0,0,0
14358,-67.9976,-4.425,1,0,0,0
14359,-16.8774,-5.4,1,0,0,0
14360,-17.8797,-5.4,1,0,0,0
14361,-18.8821,-5.4,1,0,0,0
14362,-19.8844,-5.4,1,0,0,0
14363,-20.8868,-5.4,1,0,0,0
14364,-21.8892,-5.4,1,0,0,0
14365,-22.8915,-5.4,1,0,0,0
14366,-23.8939,-5.4,1,0,0,0
14367,-24.8962,-5.4,1,0,0,0
14368,-25.8986,-5.4,1,0,0,0
14369,-26.9009,-5.4,1,0,0,0
14370,-27.9033,-5.4,1,0,0,0
14371,-28.9057,-5.4,1,0,0,0
14372,-29.908,-5.4,1,0,0,0
14373,-30.9104,-5.4,1,0,0,0
14374,-31.9127,-5.4,1,0,0,0
14375,-32.9151,-5.4,1,0,0,0
14376,-33.9175,-5.4,1,0,0,0
14377,-34.9198,-5.4,1,0,0,0
14378,-35.9222,-5.4,1,0,0,0
14379,-36.9245,-5.4,1,0,0,0
14380,-37.9269,-5.4,1,0,0,0
14381,-38.9292,-5.4,1,0,0,0
14382,-39.9316,-5.4,1,0,0,0
14383,-40.934,-5.4,1,0,0,0
14384,-41.9363,-5.4,1,0,0,0
14385,-42.9387,-5.4,1,0,0,0
14386,-43.941,-5.4,1,0,0,0
14387,-44.9434,-5.4,1,0,0,0
14388,-45.9458,-5.4,1,0,0,0
14389,-46.9481,-5.4,1,0,0,0
14390,-47.9505,-5.4,1,0,0,0
14391,-48.9528,-5.4,1,0,0,0
14392,-49.9552,-5.4,1,0,0,0
14393,-50.9575,-5.4,1,0,0,0
14394,-51.9599,-5.4,1,0,0,0
14395,-52.9623,-5.4,1,0,0,0
14396,-53.9646,-5.4,1,0,0,0
14397,-54.967,-5.4,1,0,0,0
14398,-55.9693,-5.4,1,0,0,0
14399,-56.9717,-5.4,1,0,0,0
14400,-57.9741,-5.4,1,0,0,0
14401,-58.9764,-5.4,1,0,0,0
14402,-59.9788,-5.4,1,0,0,0
14403,-60.9811,-5.4,1,0,0,0
14404,-61.9835,-5.4,1,0,0,0
14405,-62.9858,-5.4,1,0,0,0
14406,-63.9882,-5.4,1,0,0,0
14407,-64.9906,-5.4,1,0,0,0
14408,-65.9929,-5.4,1,0,0,0
14409,-66.9953,-5.4,1,0,0,0
14410,-67.9976,-5.4,1,0,0,0
14411,-16.8774,-6.375,1,0,0,0
14412,-17.8797,-6.375,1,0,0,0
14413,-18.8821,-6.375,1,0,0,0
14414,-19.8844,-6.375,1,0,0,0
14415,-20.8868,-6.375,1,0,0,0
14416,-21.8892,-6.375,1,0,0,0
14417,-22.8915,-6.375,1,0,0,0
14418,-23.8939,-6.375,1,0,0,0
14419,-24.8962,-6.375,1,0,0,0
14420,-25.8986,-6.375,1,0,0,0
14421,-26.9009,-6.375,1,0,0,0
14422,-27.9033,-6.375,1,0,0,0
14423,-28.9057,-6.375,1,0,0,0
14424,-29.908,-6.375,1,0,0,0
14425,-30.9104,-6.375,1,0,0,0
14426,-31.9127,-6.375,1,0,0,0
14427,-32.9151,-6.375,1,0,0,0
14428,-33.9175,-6.375,1,0,0,0
14429,-34.9198,-6.375,1,0,0,0
14430,-35.9222,-6.375,1,0,0,0
14431,-36.9245,-6.375,1,0,0,0
14432,-37.9269,-6.375,1,0,0,0
14433,-38.9292,-6.375,1,0,0,0
14434,-39.9316,-6.375,1,0,0,0
14435,-40.934,-6.375,1,0,0,0
14436,-41.9363,-6.375,1,0,0,0
14437,-42.9387,-6.375,1,0,0,0
14438,-43.941,-6.375,1,0,0,0
14439,-44.9434,-6.375,1,0,0,0
14440,-45.9458,-6.375,1,0,0,0
14441,-46.9481,-6.375,1,0,0,0
14442,-47.9505,-6.375,1,0,0,0
14443,-48.9528,-6.375,1,0,0,0
14444,-49.9552,-6.375,1,0,0,0
14445,-50.9575,-6.375,1,0,0,0
14446,-51.9599,-6.375,1,0,0,0
14447,-52.9623,-6.375,1,0,0,0
14448,-53.9646,-6.375,1,0,0,0
14449,-54.967,-6.375,1,0,0,0
14450,-55.9693,-6.375,1,0,0,0
14451,-56.9717,-6.375,1,0,0,0
14452,-57.9741,-6.375,1,0,0,0
14453,-58.9764,-6.375,1,0,0,0
14454,-59.9788,-6.375,1,0,0,0
14455,-60.9811,-6.375,1,0,0,0
14456,-61.9835,-6.375,1,0,0,0
14457,-62.9858,-6.375,1,0,0,0
14458,-63.9882,-6.375,1,0,0,0
14459,-64.9906,-6.375,1,0,0,0
14460,-65.9929,-6.375,1,0,0,0
14461,-66.9953,-6.375,1,0,0,0
14462,-67.9976,-6.375,1,0,0,0
14463,-16.8774,-7.35,1,0,0,0
14464,-17.8797,-7.35,1,0,0,0
14465,-18.8821,-7.35,1,0,0,0
14466,-19.8844,-7.35,1,0,0,0
14467,-20.8868,-7.35,1,0,0,0
14468,-21.8892,-7.35,1,0,0,0
14469,-22.8915,-7.35,1,0,0,0
14470,-23.8939,-7.35,1,0,0,0
14471,-24.8962,-7.35,1,0,0,0
14472,-25.8986,-7.35,1,0,0,0
14473,-26.9009,-7.35,1,0,0,0
14474,-27.9033,-7.35,1,0,0,0
14475,-28.9057,-7.35,1,0,0,0
14476,-29.908,-7.35,1,0,0,0
14477,-30.9104,-7.35,1,0,0,0
14478,-31.9127,-7.35,1,0,0,0
14479,-32.9151,-7.35,1,0,0,0
14480,-33.9175,-7.35,1,0,0,0
14481,-34.9198,-7.35,1,0,0,0
14482,-35.9222,-7.35,1,0,0,0
14483,-36.9245,-7.35,1,0,0,0
14484,-37.9269,-7.35,1,0,0,0
14485,-38.9292,-7.35,1,0,0,0
14486,-39.9316,-7.35,1,0,0,0
14487,-40.934,-7.35,1,0,0,0
14488,-41.9363,-7.35,1,0,0,0
14489,-42.9387,-7.35,1,0,0,0
14490,-43.941,-7.35,1,0,0,0
14491,-44.9434,-7.35,1,0,0,0
14492,-45.9458,-7.35,1,0,0,0
14493,-46.9481,-7.35,1,0,0,0
14494,-47.9505,-7.35,1,0,0,0
14495,-48.9528,-7.35,1,0,0,0
14496,-49.9552,-7.35,1,0,0,0
14497,-50.9575,-7.35,1,0,0,0
14498,-51.9599,-7.35,1,0,0,0
14499,-52.9623,-7.35,1,0,0,0
14500,-53.9646,-7.35,1,0,0,0
14501,-54.967,-7.35,1,0,0,0
14502,-55.9693,-7.35,1,0,0,0
14503,-56.9717,-7.35,1,0,0,0
14504,-57.9741,-7.35,1,0,0,0
14505,-58.9764,-7.35,1,0,0,0
14506,-59.9788,-7.35,1,0,0,0
14507,-60.9811,-7.35,1,0,0,0
14508,-61.9835,-7.35,1,0,0,0
14509,-62.9858,-7.35,1,0,0,0
14510,-63.9882,-7.35,1,0,0,0
14511,-64.9906,-7.35,1,0,0,0
14512,-65.9929,-7.35,1,0,0,0
14513,-66.9953,-7.35,1,0,0,0
14514,-67.9976,-7.35,1,0,0,0
14515,-16.8774,-8.325,1,0,0,0
14516,-17.8797,-8.325,1,0,0,0
14517,-18.8821,-8.325,1,0,0,0
14518,-19.8844,-8.325,1,0,0,0
14519,-20.8868,-8.325,1,0,0,0
14520,-21.8892,-8.325,1,0,0,0
14521,-22.8915,-8.325,1,0,0,0
14522,-23.8939,-8.325,1,0,0,0
14523,-24.8962,-8.325,1,0,0,0
14524,-25.8986,-8.325,1,0,0,0
14525,-26.9009,-8.325,1,0,0,0
14526,-27.9033,-8.325,1,0,0,0
14527,-28.9057,-8.325,1,0,0,0
14528,-29.908,-8.325,1,0,0,0
14529,-30.9104,-8.325,1,0,0,0
14530,-31.9127,-8.325,1,0,0,0
14531,-32.9151,-8.325,1,0,0,0
14532,-33.9175,-8.325,1,0,0,0
14533,-34.9198,-8.325,1,0,0,0
14534,-35.9222,-8.325,1,0,0,0
14535,-36.9245,-8.325,1,0,0,0
14536,-37.9269,-8.325,1,0,0,0
14537,-38.9292,-8.325,1,0,0,0
14538,-39.9316,-8.325,1,0,0,0
14539,-40.934,-8.325,1,0,0,0
14540,-41.9363,-8.325,1,0,0,0
14541,-42.9387,-8.325,1,0,0,0
14542,-43.941,-8.325,1,0,0,0
14543,-44.9434,-8.325,1,0,0,0
14544,-45.9458,-8.325,1,0,0,0
14545,-46.9481,-8.325,1,0,0,0
14546,-47.9505,-8.325,1,0,0,0
14547,-48.9528,-8.325,1,0,0,0
14548,-49.9552,-8.325,1,0,0,0
14549,-50.9575,-8.325,1,0,0,0
14550,-51.9599,-8.325,1,0,0,0
14551,-52.9623,-8.325,1,0,0,0
14552,-53.9646,-8.325,1,0,0,0
14553,-54.967,-8.325,1,0,0,0
14554,-55.9693,-8.325,1,0,0,0
14555,-56.9717,-8.325,1,0,0,0
14556,-57.9741,-8.325,1,0,0,0
14557,-58.9764,-8.325,1,0,0,0
14558,-59.9788,-8.325,1,0,0,0
14559,-60.9811,-8.325,1,0,0,0
14560,-61.9835,-8.325,1,0,0,0
14561,-62.9858,-8.325,1,0,0,0
14562,-63.9882,-8.325,1,0,0,0
14563,-64.9906,-8.325,1,0,0,0
14564,-65.9929,-8.325,1,0,0,0
14565,-66.9953,-8.325,1,0,0,0
14566,-67.9976,-8.325,1,0,0,0
14567,-16.8774,-9.3,1,0,0,0
14568,-17.8797,-9.3,1,0,0,0
14569,-18.8821,-9.3,1,0,0,0
14570,-19.8844,-9.3,1,0,0,0
14571,-20.8868,-9.3,1,0,0,0
14572,-21.8892,-9.3,1,0,0,0
14573,-22.8915,-9.3,1,0,0,0
14574,-23.8939,-9.3,1,0,0,0
14575,-24.8962,-9.3,1,0,0,0
14576,-25.8986,-9.3,1,0,0,0
14577,-26.9009,-9.3,1,0,0,0
14578,-27.9033,-9.3,1,0,0,0
14579,-28.9057,-9.3,1,0,0,0
14580,-29.908,-9.3,1,0,0,0
14581,-30.9104,-9.3,1,0,0,0
14582,-31.9127,-9.3,1,0,0,0
14583,-32.9151,-9.3,1,0,0,0
14584,-33.9175,-9.3,1,0,0,0
14585,-34.9198,-9.3,1,0,0,0
14586,-35.9222,-9.3,1,0,0,0
14587,-36.9245,-9.3,1,0,0,0
14588,-37.9269,-9.3,1,0,0,0
14589,-38.9292,-9.3,1,0,0,0
14590,-39.9316,-9.3,1,0,0,0
14591,-40.934,-9.3,1,0,0,0
14592,-41.9363,-9.3,1,0,0,0
14593,-42.9387,-9.3,1,0,0,0
14594,-43.941,-9.3,1,0,0,0
14595,-44.9434,-9.3,1,0,0,0
14596,-45.9458,-9.3,1,0,0,0
14597,-46.9481,-9.3,1,0,0,0
14598,-47.9505,-9.3,1,0,0,0
14599,-48.9528,-9.3,1,0,0,0
14600,-49.9552,-9.3,1,0,0,0
14601,-50.9575,-9.3,1,0,0,0
14602,-51.9599,-9.3,1,0,0,0
14603,-52.9623,-9.3,1,0,0,0
14604,-53.9646,-9.3,1,0,0,0
14605,-54.967,-9.3,1,0,0,0
14606,-55.9693,-9.3,1,0,0,0
14607,-56.9717,-9.3,1,0,0,0
14608,-57.9741,-9.3,1,0,0,0
14609,-58.9764,-9.3,1,0,0,0
14610,-59.9788,-9.3,1,0,0,0
14611,-60.9811,-9.3,1,0,0,0
14612,-61.9835,-9.3,1,0,0,0
14613,-62.9858,-9.3,1,0,0,0
14614,-63.9882,-9.3,1,0,0,0
14615,-64.9906,-9.3,1,0,0,0
14616,-65.9929,-9.3,1,0,0,0
14617,-66.9953,-9.3,1,0,0,0
14618,-67.9976,-9.3,1,0,0,0
14619,-16.8774,-10.275,1,0,0,0
14620,-17.8797,-10.275,1,0,0,0
14621,-18.8821,-10.275,1,0,0,0
14622,-19.8844,-10.275,1,0,0,0
14623,-20.8868,-10.275,1,0,0,0
14624,-21.8892,-10.275,1,0,0,0
14625,-22.8915,-10.275,1,0,0,0
14626,-23.8939,-10.275,1,0,0,0
14627,-24.8962,-10.275,1,0,0,0
14628,-25.8986,-10.275,1,0,0,0
14629,-26.9009,-10.275,1,0,0,0
14630,-27.9033,-10.275,1,0,0,0
14631,-28.9057,-10.275,1,0,0,0
14632,-29.908,-10.275,1,0,0,0
14633,-30.9104,-10.275,1,0,0,0
14634,-31.9127,-10.275,1,0,0,0
14635,-32.9151,-10.275,1,0,0,0
14636,-33.9175,-10.275,1,0,0,0
14637,-34.9198,-10.275,1,0,0,0
14638,-35.9222,-10.275,1,0,0,0
14639,-36.9245,-10.275,1,0,0,0
14640,-37.9269,-10.275,1,0,0,0
14641,-38.9292,-10.275,1,0,0,0
14642,-39.9316,-10.275,1,0,0,0
14643,-40.934,-10.275,1,0,0,0
14644,-41.9363,-10.275,1,0,0,0
14645,-42.9387,-10.275,1,0,0,0
14646,-43.941,-10.275,1,0,0,0
14647,-44.9434,-10.275,1,0,0,0
14648,-45.9458,-10.275,1,0,0,0
14649,-46.9481,-10.275,1,0,0,0
14650,-47.9505,-10.275,1,0,0,0
14651,-48.9528,-10.275,1,0,0,0
14652,-49.9552,-10.275,1,0,0,0
14653,-50.9575,-10.275,1,0,0,0
14654,-51.9599,-10.275,1,0,0,0
14655,-52.9623,-10.275,1,0,0,0
14656,-53.9646,-10.275,1,0,0,0
14657,-54.967,-10.275,1,0,0,0
14658,-55.9693,-10.275,1,0,0,0
14659,-56.9717,-10.275,1,0,0,0
14660,-57.9741,-10.275,1,0,0,0
14661,-58.9764,-10.275,1,0,0,0
14662,-59.9788,-10.275,1,0,0,0
14663,-60.9811,-10.275,1,0,0,0
14664,-61.9835,-10.275,1,0,0,0
14665,-62.9858,-10.275,1,0,0,0
14666,-63.9882,-10.275,1,0,0,0
14667,-64.9906,-10.275,1,0,0,0
14668,-65.9929,-10.275,1,0,0,0
14669,-66.9953,-10.275,1,0,0,0
14670,-67.9976,-10.275,1,0,0,0
14671,-16.8774,-11.25,1,0,0,0
14672,-17.8797,-11.25,1,0,0,0
14673,-18.8821,-11.25,1,0,0,0
14674,-19.8844,-11.25,1,0,0,0
14675,-20.8868,-11.25,1,0,0,0
14676,-21.8892,-11.25,1,0,0,0
14677,-22.8915,-11.25,1,0,0,0
14678,-23.8939,-11.25,1,0,0,0
14679,-24.8962,-11.25,1,0,0,0
14680,-25.8986,-11.25,1,0,0,0
14681,-26.9009,-11.25,1,0,0,0
14682,-27.9033,-11.25,1,0,0,0
14683,-28.9057,-11.25,1,0,0,0
14684,-29.908,-11.25,1,0,0,0
14685,-30.9104,-11.25,1,0,0,0
14686,-31.9127,-11.25,1,0,0,0
14687,-32.9151,-11.25,1,0,0,0
14688,-33.9175,-11.25,1,0,0,0
14689,-34.9198,-11.25,1,0,0,0
14690,-35.9222,-11.25,1,0,0,0
14691,-36.9245,-11.25,1,0,0,0
14692,-37.9269,-11.25,1,0,0,0
14693,-38.9292,-11.25,1,0,0,0
14694,-39.9316,-11.25,1,0,0,0
14695,-40.934,-11.25,1,0,0,0
14696,-41.9363,-11.25,1,0,0,0
14697,-42.9387,-11.25,1,0,0,0
14698,-43.941,-11.25,1,0,0,0
14699,-44.9434,-11.25,1,0,0,0
14700,-45.9458,-11.25,1,0,0,0
14701,-46.9481,-11.25,1,0,0,0
14702,-47.9505,-11.25,1,0,0,0
14703,-48.9528,-11.25,1,0,0,0
14704,-49.9552,-11.25,1,0,0,0
14705,-50.9575,-11.25,1,0,0,0
14706,-51.9599,-11.25,1,0,0,0
14707,-52.9623,-11.25,1,0,0,0
14708,-53.9646,-11.25,1,0,0,0
14709,-54.967,-11.25,1,0,0,0
14710,-55.9693,-11.25,1,0,0,0
14711,-56.9717,-11.25,1,0,0,0
14712,-57.9741,-11.25,1,0,0,0
14713,-58.9764,-11.25,1,0,0,0
14714,-59.9788,-11.25,1,0,0,0
14715,-60.9811,-11.25,1,0,0,0
14716,-61.9835,-11.25,1,0,0,0
14717,-62.9858,-11.25,1,0,0,0
14718,-63.9882,-11.25,1,0,0,0
14719,-64.9906,-11.25,1,0,0,0
14720,-65.9929,-11.25,1,0,0,0
14721,-66.9953,-11.25,1,0,0,0
14722,-67.9976,-11.25,1,0,0,0
14723,-16.8774,-12.225,1,0,0,0
14724,-17.8797,-12.225,1,0,0,0
14725,-18.8821,-12.225,1,0,0,0
14726,-19.8844,-12.225,1,0,0,0
14727,-20.8868,-12.225,1,0,0,0
14728,-21.8892,-12.225,1,0,0,0
14729,-22.8915,-12.225,1,0,0,0
14730,-23.8939,-12.225,1,0,0,0
14731,-24.8962,-12.225,1,0,0,0
14732,-25.8986,-12.225,1,0,0,0
14733,-26.9009,-12.225,1,0,0,0
14734,-27.9033,-12.225,1,0,0,0
14735,-28.9057,-12.225,1,0,0,0
14736,-29.908,-12.225,1,0,0,0
14737,-30.9104,-12.225,1,0,0,0
14738,-31.9127,-12.225,1,0,0,0
14739,-32.9151,-12.225,1,0,0,0
14740,-33.9175,-12.225,1,0,0,0
14741,-34.9198,-12.225,1,0,0,0
14742,-35.9222,-12.225,1,0,0,0
14743,-36.9245,-12.225,1,0,0,0
14744,-37.9269,-12.225,1,0,0,0
14745,-38.9292,-12.225,1,0,0,0
14746,-39.9316,-12.225,1,0,0,0
14747,-40.934,-12.225,1,0,0,0
14748,-41.9363,-12.225,1,0,0,0
14749,-42.9387,-12.225,1,0,0,0
14750,-43.941,-12.225,1,0,0,0
14751,-44.9434,-12.225,1,0,0,0
14752,-45.9458,-12.225,1,0,0,0
14753,-46.9481,-12.225,1,0,0,0
14754,-47.9505,-12.225,1,0,0,0
14755,-48.9528,-12.225,1,0,0,0
14756,-49.9552,-12.225,1,0,0,0
14757,-50.9575,-12.225,1,0,0,0
14758,-51.9599,-12.225,1,0,0,0
14759,-52.9623,-12.225,1,0,0,0
14760,-53.9646,-12.225,1,0,0,0
14761,-54.967,-12.225,1,0,0,0
14762,-55.9693,-12.225,1,0,0,0
14763,-56.9717,-12.225,1,0,0,0
14764,-57.9741,-12.225,1,0,0,0
14765,-58.9764,-12.225,1,0,0,0
14766,-59.9788,-12.225,1,0,0,0
14767,-60.9811,-12.225,1,0,0,0
14768,-61.9835,-12.225,1,0,0,0
14769,-62.9858,-12.225,1,0,0,0
14770,-63.9882,-12.225,1,0,0,0
14771,-64.9906,-12.225,1,0,0,0
14772,-65.9929,-12.225,1,0,0,0
14773,-66.9953,-12.225,1,0,0,0
14774,-67.9976,-12.225,1,0,0,0
14775,-16.8774,-13.2,1,0,0,0
14776,-17.8797,-13.2,1,0,0,0
14777,-18.8821,-13.2,1,0,0,0
14778,-19.8844,-13.2,1,0,0,0
14779,-20.8868,-13.2,1,0,0,0
14780,-21.8892,-13.2,1,0,0,0
14781,-22.8915,-13.2,1,0,0,0
14782,-23.8939,-13.2,1,0,0,0
14783,-24.8962,-13.2,1,0,0,0
14784,-25.8986,-13.2,1,0,0,0
14785,-26.9009,-13.2,1,0,0,0
14786,-27.9033,-13.2,1,0,0,0
14787,-28.9057,-13.2,1,0,0,0
14788,-29.908,-13.2,1,0,0,0
14789,-30.9104,-13.2,1,0,0,0
14790,-31.9127,-13.2,1,0,0,0
14791,-32.9151,-13.2,1,0,0,0
14792,-33.9175,-13.2,1,0,0,0
14793,-34.9198,-13.2,1,0,0,0
14794,-35.9222,-13.2,1,0,0,0
14795,-36.9245,-13.2,1,0,0,0
14796,-37.9269,-13.2,1,0,0,0
14797,-38.9292,-13.2,1,0,0,0
14798,-39.9316,-13.2,1,0,0,0
14799,-40.934,-13.2,1,0,0,0
14800,-41.9363,-13.2,1,0,0,0
14801,-42.9387,-13.2,1,0,0,0
14802,-43.941,-13.2,1,0,0,0
14803,-44.9434,-13.2,1,0,0,0
14804,-45.9458,-13.2,1,0,0,0
14805,-46.9481,-13.2,1,0,0,0
14806,-47.9505,-13.2,1,0,0,0
14807,-48.9528,-13.2,1,0,0,0
14808,-49.9552,-13.2,1,0,0,0
14809,-50.9575,-13.2,1,0,0,0
14810,-51.9599,-13.2,1,0,0,0
14811,-52.9623,-13.2,1,0,0,0
14812,-53.9646,-13.2,1,0,0,0
14813,-54.967,-13.2,1,0,0,0
14814,-55.9693,-13.2,1,0,0,0
14815,-56.9717,-13.2,1,0,0,0
14816,-57.9741,-13.2,1,0,0,0
14817,-58.9764,-13.2,1,0,0,0
14818,-59.9788,-13.2,1,0,0,0
14819,-60.9811,-13.2,1,0,0,0
14820,-61.9835,-13.2,1,0,0,0
14821,-62.9858,-13.2,1,0,0,0
14822,-63.9882,-13.2,1,0,0,0
14823,-64.9906,-13.2,1,0,0,0
14824,-65.9929,-13.2,1,0,0,0
14825,-66.9953,-13.2,1,0,0,0
14826,-67.9976,-13.2,1,0,0,0
14827,-16.8774,-14.175,1,0,0,0
14828,-17.8797,-14.175,1,0,0,0
14829,-18.8821,-14.175,1,0,0,0
14830,-19.8844,-14.175,1,0,0,0
14831,-20.8868,-14.175,1,0,0,0
14832,-21.8892,-14.175,1,0,0,0
14833,-22.8915,-14.175,1,0,0,0
14834,-23.8939,-14.175,1,0,0,0
14835,-24.8962,-14.175,1,0,0,0
14836,-25.8986,-14.175,1,0,0,0
14837,-26.9009,-14.175,1,0,0,0
14838,-27.9033,-14.175,1,0,0,0
14839,-28.9057,-14.175,1,0,0,0
14840,-29.908,-14.175,1,0,0,0
14841,-30.9104,-14.175,1,0,0,0
14842,-31.9127,-14.175,1,0,0,0
14843,-32.9151,-14.175,1,0,0,0
14844,-33.9175,-14.175,1,0,0,0
14845,-34.9198,-14.175,1,0,0,0
14846,-35.9222,-14.175,1,0,0,0
14847,-36.9245,-14.175,1,0,0,0
14848,-37.9269,-14.175,1,0,0,0
14849,-38.9292,-14.175,1,0,0,0
14850,-39.9316,-14.175,1,0,0,0
14851,-40.934,-14.175,1,0,0,0
14852,-41.9363,-14.175,1,0,0,0
14853,-42.9387,-14.175,1,0,0,0
14854,-43.941,-14.175,1,0,0,0
14855,-44.9434,-14.175,1,0,0,0
14856,-45.9458,-14.175,1,0,0,0
14857,-46.9481,-14.175,1,0,0,0
14858,-47.9505,-14.175,1,0,0,0
14859,-48.9528,-14.175,1,0,0,0
14860,-49.9552,-14.175,1,0,0,0
14861,-50.9575,-14.175,1,0,0,0
14862,-51.9599,-14.175,1,0,0,0
14863,-52.9623,-14.175,1,0,0,0
14864,-53.9646,-14.175,1,0,0,0
14865,-54.967,-14.175,1,0,0,0
14866,-55.9693,-14.175,1,0,0,0
14867,-56.9717,-14.175,1,0,0,0
14868,-57.9741,-14.175,1,0,0,0
14869,-58.9764,-14.175,1,0,0,0
14870,-59.9788,-14.175,1,0,0,0
14871,-60.9811,-14.175,1,0,0,0
14872,-61.9835,-14.175,1,0,0,0
14873,-62.9858,-14.175,1,0,0,0
14874,-63.9882,-14.175,1,0,0,0
14875,-64.9906,-14.175,1,0,0,0
14876,-65.9929,-14.175,1,0,0,0
14877,-66.9953,-14.175,1,0,0,0
14878,-67.9976,-14.175,1,0,0,0
14879,-16.8774,-15.15,1,0,0,0
14880,-17.8797,-15.15,1,0,0,0
14881,-18.8821,-15.15,1,0,0,0
14882,-19.8844,-15.15,1,0,0,0
14883,-20.8868,-15.15,1,0,0,0
14884,-21.8892,-15.15,1,0,0,0
14885,-22.8915,-15.15,1,0,0,0
14886,-23.8939,-15.15,1,0,0,0
14887,-24.8962,-15.15,1,0,0,0
14888,-25.8986,-15.15,1,0,0,0
14889,-26.9009,-15.15,1,0,0,0
14890,-27.9033,-15.15,1,0,0,0
14891,-28.9057,-15.15,1,0,0,0
14892,-29.908,-15.15,1,0,0,0
14893,-30.9104,-15.15,1,0,0,0
14894,-31.9127,-15.15,1,0,0,0
14895,-32.9151,-15.15,1,0,0,0
14896,-33.9175,-15.15,1,0,0,0
14897,-34.9198,-15.15,1,0,0,0
14898,-35.9222,-15.15,1,0,0,0
14899,-36.9245,-15.15,1,0,0,0
14900,-37.9269,-15.15,1,0,0,0
14901,-38.9292,-15.15,1,0,0,0
14902,-39.9316,-15.15,1,0,0,0
14903,-40.934,-15.15,1,0,0,0
14904,-41.9363,-15.15,1,0,0,0
14905,-42.9387,-15.15,1,0,0,0
14906,-43.941,-15.15,1,0,0,0
14907,-44.9434,-15.15,1,0,0,0
14908,-45.9458,-15.15,1,0,0,0
14909,-46.9481,-15.15,1,0,0,0
14910,-47.9505,-15.15,1,0,0,0
14911,-48.9528,-15.15,1,0,0,0
14912,-49.9552,-15.15,1,0,0,0
14913,-50.9575,-15.15,1,0,0,0
14914,-51.9599,-15.15,1,0,0,0
14915,-52.9623,-15.15,1,0,0,0
14916,-53.9646,-15.15,1,0,0,0
14917,-54.967,-15.15,1,0,0,0
14918,-55.9693,-15.15,1,0,0,0
14919,-56.9717,-15.15,1,0,0,0
14920,-57.9741,-15.15,1,0,0,0
14921,-58.9764,-15.15,1,0,0,0
14922,-59.9788,-15.15,1,0,0,0
14923,-60.9811,-15.15,1,0,0,0
14924,-61.9835,-15.15,1,0,0,0
14925,-62.9858,-15.15,1,0,0,0
14926,-63.9882,-15.15,1,0,0,0
14927,-64.9906,-15.15,1,0,0,0
14928,-65.9929,-15.15,1,0,0,0
14929,-66.9953,-15.15,1,0,0,0
14930,-67.9976,-15.15,1,0,0,0
14931,-16.8774,-16.125,1,0,0,0
14932,-17.8797,-16.125,1,0,0,0
14933,-18.8821,-16.125,1,0,0,0
14934,-19.8844,-16.125,1,0,0,0
14935,-20.8868,-16.125,1,0,0,0
14936,-21.8892,-16.125,1,0,0,0
14937,-22.8915,-16.125,1,0,0,0
14938,-23.8939,-16.125,1,0,0,0
14939,-24.8962,-16.125,1,0,0,0
14940,-25.8986,-16.125,1,0,0,0
14941,-26.9009,-16.125,1,0,0,0
14942,-27.9033,-16.125,1,0,0,0
14943,-28.9057,-16.125,1,0,0,0
14944,-29.908,-16.125,1,0,0,0
14945,-30.9104,-16.125,1,0,0,0
14946,-31.9127,-16.125,1,0,0,0
14947,-32.9151,-16.125,1,0,0,0
14948,-33.9175,-16.125,1,0,0,0
14949,-34.9198,-16.125,1,0,0,0
14950,-35.9222,-16.125,1,0,0,0
14951,-36.9245,-16.125,1,0,0,0
14952,-37.9269,-16.125,1,0,0,0
14953,-38.9292,-16.125,1,0,0,0
14954,-39.9316,-16.125,1,0,0,0
14955,-40.934,-16.125,1,0,0,0
14956,-41.9363,-16.125,1,0,0,0
14957,-42.9387,-16.125,1,0,0,0
14958,-43.941,-16.125,1,0,0,0
14959,-44.9434,-16.125,1,0,0,0
14960,-45.9458,-16.125,1,0,0,0
14961,-46.9481,-16.125,1,0,0,0
14962,-47.9505,-16.125,1,0,0,0
14963,-48.9528,-16.125,1,0,0,0
14964,-49.9552,-16.125,1,0,0,0
14965,-50.9575,-16.125,1,0,0,0
14966,-51.9599,-16.125,1,0,0,0
14967,-52.9623,-16.125,1,0,0,0
14968,-53.9646,-16.125,1,0,0,0
14969,-54.967,-16.125,1,0,0,0
14970,-55.9693,-16.125,1,0,0,0
14971,-56.9717,-16.125,1,0,0,0
14972,-57.9741,-16.125,1,0,0,0
14973,-58.9764,-16.125,1,0,0,0
14974,-59.9788,-16.125,1,0,0,0
14975,-60.9811,-16.125,1,0,0,0
14976,-61.9835,-16.125,1,0,0,0
14977,-62.9858,-16.125,1,0,0,0
14978,-63.9882,-16.125,1,0,0,0
14979,-64.9906,-16.125,1,0,0,0
14980,-65.9929,-16.125,1,0,0,0
14981,-66.9953,-16.125,1,0,0,0
14982,-67.9976,-16.125,1,0,0,0
14983,-16.8774,-17.1,1,0,0,0
14984,-17.8797,-17.1,1,0,0,0
14985,-18.8821,-17.1,1,0,0,0
14986,-19.8844,-17.1,1,0,0,0
14987,-20.8868,-17.1,1,0,0,0
14988,-21.8892,-17.1,1,0,0,0
14989,-22.8915,-17.1,1,0,0,0
14990,-23.8939,-17.1,1,0,0,0
14991,-24.8962,-17.1,1,0,0,0
14992,-25.8986,-17.1,1,0,0,0
14993,-26.9009,-17.1,1,0,0,0
14994,-27.9033,-17.1,1,0,0,0
14995,-28.9057,-17.1,1,0,0,0
14996,-29.908,-17.1,1,0,0,0
14997,-30.9104,-17.1,1,0,0,0
14998,-31.9127,-17.1,1,0,0,0
14999,-32.9151,-17.1,1,0,0,0
15000,-33.9175,-17.1,1,0,0,0
15001,-34.9198,-17.1,1,0,0,0
15002,-35.9222,-17.1,1,0,0,0
15003,-36.9245,-17.1,1,0,0,0
15004,-37.9269,-17.1,1,0,0,0
15005,-38.9292,-17.1,1,0,0,0
15006,-39.9316,-17.1,1,0,0,0
15007,-40.934,-17.1,1,0,0,0
15008,-41.9363,-17.1,1,0,0,0
15009,-42.9387,-17.1,1,0,0,0
15010,-43.941,-17.1,1,0,0,0
15011,-44.9434,-17.1,1,0,0,0
15012,-45.9458,-17.1,1,0,0,0
15013,-46.9481,-17.1,1,0,0,0
15014,-47.9505,-17.1,1,0,0,0
15015,-48.9528,-17.1,1,0,0,0
15016,-49.9552,-17.1,1,0,0,0
15017,-50.9575,-17.1,1,0,0,0
15018,-51.9599,-17.1,1,0,0,0
15019,-52.9623,-17.1,1,0,0,0
15020,-53.9646,-17.1,1,0,0,0
15021,-54.967,-17.1,1,0,0,0
15022,-55.9693,-17.1,1,0,0,0
15023,-56.9717,-17.1,1,0,0,0
15024,-57.9741,-17.1,1,0,0,0
15025,-58.9764,-17.1,1,0,0,0
15026,-59.9788,-17.1,1,0,0,0
15027,-60.9811,-17.1,1,0,0,0
15028,-61.9835,-17.1,1,0,0,0
15029,-62.9858,-17.1,1,0,0,0
15030,-63.9882,-17.1,1,0,0,0
15031,-64.9906,-17.1,1,0,0,0
15032,-65.9929,-17.1,1,0,0,0
15033,-66.9953,-17.1,1,0,0,0
15034,-67.9976,-17.1,1,0,0,0
15035,-16.8774,-18.075,1,0,0,0
15036,-17.8797,-18.075,1,0,0,0
15037,-18.8821,-18.075,1,0,0,0
15038,-19.8844,-18.075,1,0,0,0
15039,-20.8868,-18.075,1,0,0,0
15040,-21.8892,-18.075,1,0,0,0
15041,-22.8915,-18.075,1,0,0,0
15042,-23.8939,-18.075,1,0,0,0
15043,-24.8962,-18.075,1,0,0,0
15044,-25.8986,-18.075,1,0,0,0
15045,-26.9009,-18.075,1,0,0,0
15046,-27.9033,-18.075,1,0,0,0
15047,-28.9057,-18.075,1,0,0,0
15048,-29.908,-18.075,1,0,0,0
15049,-30.9104,-18.075,1,0,0,0
15050,-31.9127,-18.075,1,0,0,0
15051,-32.9151,-18.075,1,0,0,0
15052,-33.9175,-18.075,1,0,0,0
15053,-34.9198,-18.075,1,0,0,0
15054,-35.9222,-18.075,1,0,0,0
15055,-36.9245,-18.075,1,0,0,0
15056,-37.9269,-18.075,1,0,0,0
15057,-38.9292,-18.075,1,0,0,0
15058,-39.9316,-18.075,1,0,0,0
15059,-40.934,-18.075,1,0,0,0
15060,-41.9363,-18.075,1,0,0,0
15061,-42.9387,-18.075,1,0,0,0
15062,-43.941,-18.075,1,0,0,0
15063,-44.9434,-18.075,1,0,0,0
15064,-45.9458,-18.075,1,0,0,0
15065,-46.9481,-18.075,1,0,0,0
15066,-47.9505,-18.075,1,0,0,0
15067,-48.9528,-18.075,1,0,0,0
15068,-49.9552,-18.075,1,0,0,0
15069,-50.9575,-18.075,1,0,0,0
15070,-51.9599,-18.075,1,0,0,0
15071,-52.9623,-18.075,1,0,0,0
15072,-53.9646,-18.075,1,0,0,0
15073,-54.967,-18.075,1,0,0,0
15074,-55.9693,-18.075,1,0,0,0
15075,-56.9717,-18.075,1,0,0,0
15076,-57.9741,-18.075,1,0,0,0
15077,-58.9764,-18.075,1,0,0,0
15078,-59.9788,-18.075,1,0,0,0
15079,-60.9811,-18.075,1,0,0,0
15080,-61.9835,-18.075,1,0,0,0
15081,-62.9858,-18.075,1,0,0,0
15082,-63.9882,-18.075,1,0,0,0
15083,-64.9906,-18.075,1,0,0,0
15084,-65.9929,-18.075,1,0,0,0
15085,-66.9953,-18.075,1,0,0,0
15086,-67.9976,-18.075,1,0,0,0
15087,-16.8774,-0.525,0,0,0,0
15088,-17.8797,-0.525,0,0,0,0
15089,-18.8821,-0.525,0,0,0,0
15090,-19.8844,-0.525,0,0,0,0
15091,-20.8868,-0.525,0,0,0,0
15092,-21.8892,-0.525,0,0,0,0
15093,-22.8915,-0.525,0,0,0,0
15094,-23.8939,-0.525,0,0,0,0
15095,-24.8962,-0.525,0,0,0,0
15096,-25.8986,-0.525,0,0,0,0
15097,-26.9009,-0.525,0,0,0,0
15098,-27.9033,-0.525,0,0,0,0
15099,-28.9057,-0.525,0,0,0,0
15100,-29.908,-0.525,0,0,0,0
15101,-30.9104,-0.525,0,0,0,0
15102,-31.9127,-0.525,0,0,0,0
15103,-32.9151,-0.525,0,0,0,0
15104,-33.9175,-0.525,0,0,0,0
15105,-34.9198,-0.525,0,0,0,0
15106,-35.9222,-0.525,0,0,0,0
15107,-36.9245,-0.525,0,0,0,0
15108,-37.9269,-0.525,0,0,0,0
15109,-38.9292,-0.525,0,0,0,0
15110,-39.9316,-0.525,0,0,0,0
15111,-40.934,-0.525,0,0,0,0
15112,-41.9363,-0.525,0,0,0,0
15113,-42.9387,-0.525,0,0,0,0
15114,-43.941,-0.525,0,0,0,0
15115,-44.9434,-0.525,0,0,0,0
15116,-45.9458,-0.525,0,0,0,0
15117,-46.9481,-0.525,0,0,0,0
15118,-47.9505,-0.525,0,0,0,0
15119,-48.9528,-0.525,0,0,0,0
15120,-49.9552,-0.525,0,0,0,0
15121,-50.9575,-0.525,0,0,0,0
15122,-51.9599,-0.525,0,0,0,0
15123,-52.9623,-0.525,0,0,0,0
15124,-53.9646,-0.525,0,0,0,0
15125,-54.967,-0.525,0,0,0,0
15126,-55.9693,-0.525,0,0,0,0
15127,-56.9717,-0.525,0,0,0,0
15128,-57.9741,-0.525,0,0,0,0
15129,-58.9764,-0.525,0,0,0,0
15130,-59.9788,-0.525,0,0,0,0
15131,-60.9811,-0.525,0,0,0,0
15132,-61.9835,-0.525,0,0,0,0
15133,-62.9858,-0.525,0,0,0,0
15134,-63.9882,-0.525,0,0,0,0
15135,-64.9906,-0.525,0,0,0,0
15136,-65.9929,-0.525,0,0,0,0
15137,-66.9953,-0.525,0,0,0,0
15138,-67.9976,-0.525,0,0,0,0
15139,-16.8774,-1.5,0,0,0,0
15140,-17.8797,-1.5,0,0,0,0
15141,-18.8821,-1.5,0,0,0,0
15142,-19.8844,-1.5,0,0,0,0
15143,-20.8868,-1.5,0,0,0,0
15144,-21.8892,-1.5,0,0,0,0
15145,-22.8915,-1.5,0,0,0,0
15146,-23.8939,-1.5,0,0,0,0
15147,-24.8962,-1.5,0,0,0,0
15148,-25.8986,-1.5,0,0,0,0
15149,-26.9009,-1.5,0,0,0,0
15150,-27.9033,-1.5,0,0,0,0
15151,-28.9057,-1.5,0,0,0,0
15152,-29.908,-1.5,0,0,0,0
15153,-30.9104,-1.5,0,0,0,0
15154,-31.9127,-1.5,0,0,0,0
15155,-32.9151,-1.5,0,0,0,0
15156,-33.9175,-1.5,0,0,0,0
15157,-34.9198,-1.5,0,0,0,0
15158,-35.9222,-1.5,0,0,0,0
15159,-36.9245,-1.5,0,0,0,0
15160,-37.9269,-1.5,0,0,0,0
15161,-38.9292,-1.5,0,0,0,0
15162,-39.9316,-1.5,0,0,0,0
15163,-40.934,-1.5,0,0,0,0
15164,-41.9363,-1.5,0,0,0,0
15165,-42.9387,-1.5,0,0,0,0
15166,-43.941,-1.5,0,0,0,0
15167,-44.9434,-1.5,0,0,0,0
15168,-45.9458,-1.5,0,0,0,0
15169,-46.9481,-1.5,0,0,0,0
15170,-47.9505,-1.5,0,0,0,0
15171,-48.9528,-1.5,0,0,0,0
15172,-49.9552,-1.5,0,0,0,0
15173,-50.9575,-1.5,0,0,0,0
15174,-51.9599,-1.5,0,0,0,0
15175,-52.9623,-1.5,0,0,0,0
15176,-53.9646,-1.5,0,0,0,0
15177,-54.967,-1.5,0,0,0,0
15178,-55.9693,-1.5,0,0,0,0
15179,-56.9717,-1.5,0,0,0,0
15180,-57.9741,-1.5,0,0,0,0
15181,-58.9764,-1.5,0,0,0,0
15182,-59.9788,-1.5,0,0,0,0
15183,-60.9811,-1.5,0,0,0,0
15184,-61.9835,-1.5,0,0,0,0
15185,-62.9858,-1.5,0,0,0,0
15186,-63.9882,-1.5,0,0,0,0
15187,-64.9906,-1.5,0,0,0,0
15188,-65.9929,-1.5,0,0,0,0
15189,-66.9953,-1.5,0,0,0,0
15190,-67.9976,-1.5,0,0,0,0
15191,-16.8774,-2.475,0,0,0,0
15192,-17.8797,-2.475,0,0,0,0
15193,-18.8821,-2.475,0,0,0,0
15194,-19.8844,-2.475,0,0,0,0
15195,-20.8868,-2.475,0,0,0,0
15196,-21.8892,-2.475,0,0,0,0
15197,-22.8915,-2.475,0,0,0,0
15198,-23.8939,-2.475,0,0,0,0
15199,-24.8962,-2.475,0,0,0,0
15200,-25.8986,-2.475,0,0,0,0
15201,-26.9009,-2.475,0,0,0,0
15202,-27.9033,-2.475,0,0,0,0
15203,-28.9057,-2.475,0,0,0,0
15204,-29.908,-2.475,0,0,0,0
15205,-30.9104,-2.475,0,0,0,0
15206,-31.9127,-2.475,0,0,0,0
15207,-32.9151,-2.475,0,0,0,0
15208,-33.9175,-2.475,0,0,0,0
15209,-34.9198,-2.475,0,0,0,0
15210,-35.9222,-2.475,0,0,0,0
15211,-36.9245,-2.475,0,0,0,0
15212,-37.9269,-2.475,0,0,0,0
15213,-38.9292,-2.475,0,0,0,0
15214,-39.9316,-2.475,0,0,0,0
15215,-40.934,-2.475,0,0,0,0
15216,-41.9363,-2.475,0,0,0,0
15217,-42.9387,-2.475,0,0,0,0
15218,-43.941,-2.475,0,0,0,0
15219,-44.9434,-2.475,0,0,0,0
15220,-45.9458,-2.475,0,0,0,0
15221,-46.9481,-2.475,0,0,0,0
15222,-47.9505,-2.475,0,0,0,0
15223,-48.9528,-2.475,0,0,0,0
15224,-49.9552,-2.475,0,0,0,0
15225,-50.9575,-2.475,0,0,0,0
15226,-51.9599,-2.475,0,0,0,0
15227,-52.9623,-2.475,0,0,0,0
15228,-53.9646,-2.475,0,0,0,0
15229,-54.967,-2.475,0,0,0,0
15230,-55.9693,-2.475,0,0,0,0
15231,-56.9717,-2.475,0,0,0,0
15232,-57.9741,-2.475,0,0,0,0
15233,-58.9764,-2.475,0,0,0,0
15234,-59.9788,-2.475,0,0,0,0
15235,-60.9811,-2.475,0,0,0,0
15236,-61.9835,-2.475,0,0,0,0
15237,-62.9858,-2.475,0,0,0,0
15238,-63.9882,-2.475,0,0,0,0
15239,-64.9906,-2.475,0,0,0,0
15240,-65.9929,-2.475,0,0,0,0
15241,-66.9953,-2.475,0,0,0,0
15242,-67.9976,-2.475,0,0,0,0
15243,-16.8774,-3.45,0,0,0,0
15244,-17.8797,-3.45,0,0,0,0
15245,-18.8821,-3.45,0,0,0,0
15246,-19.8844,-3.45,0,0,0,0
15247,-20.8868,-3.45,0,0,0,0
15248,-21.8892,-3.45,0,0,0,0
15249,-22.8915,-3.45,0,0,0,0
15250,-23.8939,-3.45,0,0,0,0
15251,-24.8962,-3.45,0,0,0,0
15252,-25.8986,-3.45,0,0,0,0
15253,-26.9009,-3.45,0,0,0,0
15254,-27.9033,-3.45,0,0,0,0
15255,-28.9057,-3.45,0,0,0,0
15256,-29.908,-3.45,0,0,0,0
15257,-30.9104,-3.45,0,0,0,0
15258,-31.9127,-3.45,0,0,0,0
15259,-32.9151,-3.45,0,0,0,0
15260,-33.9175,-3.45,0,0,0,0
15261,-34.9198,-3.45,0,0,0,0
15262,-35.9222,-3.45,0,0,0,0
15263,-36.9245,-3.45,0,0,0,0
15264,-37.9269,-3.45,0,0,0,0
15265,-38.9292,-3.45,0,0,0,0
15266,-39.9316,-3.45,0,0,0,0
15267,-40.934,-3.45,0,0,0,0
15268,-41.9363,-3.45,0,0,0,0
15269,-42.9387,-3.45,0,0,0,0
15270,-43.941,-3.45,0,0,0,0
15271,-44.9434,-3.45,0,0,0,0
15272,-45.9458,-3.45,0,0,0,0
15273,-46.9481,-3.45,0,0,0,0
15274,-47.9505,-3.45,0,0,0,0
15275,-48.9528,-3.45,0,0,0,0
15276,-49.9552,-3.45,0,0,0,0
15277,-50.9575,-3.45,0,0,0,0
15278,-51.9599,-3.45,0,0,0,0
15279,-52.9623,-3.45,0,0,0,0
15280,-53.9646,-3.45,0,0,0,0
15281,-54.967,-3.45,0,0,0,0
15282,-55.9693,-3.45,0,0,0,0
15283,-56.9717,-3.45,0,0,0,0
15284,-57.9741,-3.45,0,0,0,0
15285,-58.9764,-3.45,0,0,0,0
15286,-59.9788,-3.45,0,0,0,0
15287,-60.9811,-3.45,0,0,0,0
15288,-61.9835,-3.45,0,0,0,0
15289,-62.9858,-3.45,0,0,0,0
15290,-63.9882,-3.45,0,0,0,0
15291,-64.9906,-3.45,0,0,0,0
15292,-65.9929,-3.45,0,0,0,0
15293,-66.9953,-3.45,0,0,0,0
15294,-67.9976,-3.45,0,0,0,0
15295,-16.8774,-4.425,0,0,0,0
15296,-17.8797,-4.425,0,0,0,0
15297,-18.8821,-4.425,0,0,0,0
15298,-19.8844,-4.425,0,0,0,0
15299,-20.8868,-4.425,0,0,0,0
15300,-21.8892,-4.425,0,0,0,0
15301,-22.8915,-4.425,0,0,0,0
15302,-23.8939,-4.425,0,0,0,0
15303,-24.8962,-4.425,0,0,0,0
15304,-25.8986,-4.425,0,0,0,0
15305,-26.9009,-4.425,0,0,0,0
15306,-27.9033,-4.425,0,0,0,0
15307,-28.9057,-4.425,0,0,0,0
15308,-29.908,-4.425,0,0,0,0
15309,-30.9104,-4.425,0,0,0,0
15310,-31.9127,-4.425,0,0,0,0
15311,-32.9151,-4.425,0,0,0,0
15312,-33.9175,-4.425,0,0,0,0
15313,-34.9198,-4.425,0,0,0,0
15314,-35.9222,-4.425,0,0,0,0
15315,-36.9245,-4.425,0,0,0,0
15316,-37.9269,-4.425,0,0,0,0
15317,-38.9292,-4.425,0,0,0,0
15318,-39.9316,-4.425,0,0,0,0
15319,-40.934,-4.425,0,0,0,0
15320,-41.9363,-4.425,0,0,0,0
15321,-42.9387,-4.425,0,0,0,0
15322,-43.941,-4.425,0,0,0,0
15323,-44.9434,-4.425,0,0,0,0
15324,-45.9458,-4.425,0,0,0,0
15325,-46.9481,-4.425,0,0,0,0
15326,-47.9505,-4.425,0,0,0,0
15327,-48.9528,-4.425,0,0,0,0
15328,-49.9552,-4.425,0,0,0,0
15329,-50.9575,-4.425,0,0,0,0
15330,-51.9599,-4.425,0,0,0,0
15331,-52.9623,-4.425,0,0,0,0
15332,-53.9646,-4.425,0,0,0,0
15333,-54.967,-4.425,0,0,0,0
15334,-55.9693,-4.425,0,0,0,0
15335,-56.9717,-4.425,0,0,0,0
15336,-57.9741,-4.425,0,0,0,0
15337,-58.9764,-4.425,0,0,0,0
15338,-59.9788,-4.425,0,0,0,0
15339,-60.9811,-4.425,0,0,0,0
15340,-61.9835,-4.425,0,0,0,0
15341,-62.9858,-4.425,0,0,0,0
15342,-63.9882,-4.425,0,0,0,0
15343,-64.9906,-4.425,0,0,0,0
15344,-65.9929,-4.425,0,0,0,0
15345,-66.9953,-4.425,0,0,0,0
15346,-67.9976,-4.425,0,0,0,0
15347,-16.8774,-5.4,0,0,0,0
15348,-17.8797,-5.4,0,0,0,0
15349,-18.8821,-5.4,0,0,0,0
15350,-19.8844,-5.4,0,0,0,0
15351,-20.8868,-5.4,0,0,0,0
15352,-21.8892,-5.4,0,0,0,0
15353,-22.8915,-5.4,0,0,0,0
15354,-23.8939,-5.4,0,0,0,0
15355,-24.8962,-5.4,0,0,0,0
15356,-25.8986,-5.4,0,0,0,0
15357,-26.9009,-5.4,0,0,0,0
15358,-27.9033,-5.4,0,0,0,0
15359,-28.9057,-5.4,0,0,0,0
15360,-29.908,-5.4,0,0,0,0
15361,-30.9104,-5.4,0,0,0,0
15362,-31.9127,-5.4,0,0,0,0
15363,-32.9151,-5.4,0,0,0,0
15364,-33.9175,-5.4,0,0,0,0
15365,-34.9198,-5.4,0,0,0,0
15366,-35.9222,-5.4,0,0,0,0
15367,-36.9245,-5.4,0,0,0,0
15368,-37.9269,-5.4,0,0,0,0
15369,-38.9292,-5.4,0,0,0,0
15370,-39.9316,-5.4,0,0,0,0
15371,-40.934,-5.4,0,0,0,0
15372,-41.9363,-5.4,0,0,0,0
15373,-42.9387,-5.4,0,0,0,0
15374,-43.941,-5.4,0,0,0,0
15375,-44.9434,-5.4,0,0,0,0
15376,-45.9458,-5.4,0,0,0,0
15377,-46.9481,-5.4,0,0,0,0
15378,-47.9505,-5.4,0,0,0,0
15379,-48.9528,-5.4,0,0,0,0
15380,-49.9552,-5.4,0,0,0,0
15381,-50.9575,-5.4,0,0,0,0
15382,-51.9599,-5.4,0,0,0,0
15383,-52.9623,-5.4,0,0,0,0
15384,-53.9646,-5.4,0,0,0,0
15385,-54.967,-5.4,0,0,0,0
15386,-55.9693,-5.4,0,0,0,0
15387,-56.9717,-5.4,0,0,0,0
15388,-57.9741,-5.4,0,0,0,0
15389,-58.9764,-5.4,0,0,0,0
15390,-59.9788,-5.4,0,0,0,0
15391,-60.9811,-5.4,0,0,0,0
15392,-61.9835,-5.4,0,0,0,0
15393,-62.9858,-5.4,0,0,0,0
15394,-63.9882,-5.4,0,0,0,0
15395,-64.9906,-5.4,0,0,0,0
15396,-65.9929,-5.4,0,0,0,0
15397,-66.9953,-5.4,0,0,0,0
15398,-67.9976,-5.4,0,0,0,0
15399,-16.8774,-6.375,0,0,0,0
15400,-17.8797,-6.375,0,0,0,0
15401,-18.8821,-6.375,0,0,0,0
15402,-19.8844,-6.375,0,0,0,0
15403,-20.8868,-6.375,0,0,0,0
15404,-21.8892,-6.375,0,0,0,0
15405,-22.8915,-6.375,0,0,0,0
15406,-23.8939,-6.375,0,0,0,0
15407,-24.8962,-6.375,0,0,0,0
15408,-25.8986,-6.375,0,0,0,0
15409,-26.9009,-6.375,0,0,0,0
15410,-27.9033,-6.375,0,0,0,0
15411,-28.9057,-6.375,0,0,0,0
15412,-29.908,-6.375,0,0,0,0
15413,-30.9104,-6.375,0,0,0,0
15414,-31.9127,-6.375,0,0,0,0
15415,-32.9151,-6.375,0,0,0,0
15416,-33.9175,-6.375,0,0,0,0
15417,-34.9198,-6.375,0,0,0,0
15418,-35.9222,-6.375,0,0,0,0
15419,-36.9245,-6.375,0,0,0,0
15420,-37.9269,-6.375,0,0,0,0
15421,-38.9292,-6.375,0,0,0,0
15422,-39.9316,-6.375,0,0,0,0
15423,-40.934,-6.375,0,0,0,0
15424,-41.9363,-6.375,0,0,0,0
15425,-42.9387,-6.375,0,0,0,0
15426,-43.941,-6.375,0,0,0,0
15427,-44.9434,-6.375,0,0,0,0
15428,-45.9458,-6.375,0,0,0,0
15429,-46.9481,-6.375,0,0,0,0
15430,-47.9505,-6.375,0,0,0,0
15431,-48.9528,-6.375,0,0,0,0
15432,-49.9552,-6.375,0,0,0,0
15433,-50.9575,-6.375,0,0,0,0
15434,-51.9599,-6.375,0,0,0,0
15435,-52.9623,-6.375,0,0,0,0
15436,-53.9646,-6.375,0,0,0,0
15437,-54.967,-6.375,0,0,0,0
15438,-55.9693,-6.375,0,0,0,0
15439,-56.9717,-6.375,0,0,0,0
15440,-57.9741,-6.375,0,0,0,0
15441,-58.9764,-6.375,0,0,0,0
15442,-59.9788,-6.375,0,0,0,0
15443,-60.9811,-6.375,0,0,0,0
15444,-61.9835,-6.375,0,0,0,0
15445,-62.9858,-6.375,0,0,0,0
15446,-63.9882,-6.375,0,0,0,0
15447,-64.9906,-6.375,0,0,0,0
15448,-65.9929,-6.375,0,0,0,0
15449,-66.9953,-6.375,0,0,0,0
15450,-67.9976,-6.375,0,0,0,0
15451,-16.8774,-7.35,0,0,0,0
15452,-17.8797,-7.35,0,0,0,0
15453,-18.8821,-7.35,0,0,0,0
15454,-19.8844,-7.35,0,0,0,0
15455,-20.8868,-7.35,0,0,0,0
15456,-21.8892,-7.35,0,0,0,0
15457,-22.8915,-7.35,0,0,0,0
15458,-23.8939,-7.35,0,0,0,0
15459,-24.8962,-7.35,0,0,0,0
15460,-25.8986,-7.35,0,0,0,0
15461,-26.9009,-7.35,0,0,0,0
15462,-27.9033,-7.35,0,0,0,0
15463,-28.9057,-7.35,0,0,0,0
15464,-29.908,-7.35,0,0,0,0
15465,-30.9104,-7.35,0,0,0,0
15466,-31.9127,-7.35,0,0,0,0
15467,-32.9151,-7.35,0,0,0,0
15468,-33.9175,-7.35,0,0,0,0
15469,-34.9198,-7.35,0,0,0,0
15470,-35.9222,-7.35,0,0,0,0
15471,-36.9245,-7.35,0,0,0,0
15472,-37.9269,-7.35,0,0,0,0
15473,-38.9292,-7.35,0,0,0,0
15474,-39.9316,-7.35,0,0,0,0
15475,-40.934,-7.35,0,0,0,0
15476,-41.9363,-7.35,0,0,0,0
15477,-42.9387,-7.35,0,0,0,0
15478,-43.941,-7.35,0,0,0,0
15479,-44.9434,-7.35,0,0,0,0
15480,-45.9458,-7.35,0,0,0,0
15481,-46.9481,-7.35,0,0,0,0
15482,-47.9505,-7.35,0,0,0,0
15483,-48.9528,-7.35,0,0,0,0
15484,-49.9552,-7.35,0,0,0,0
15485,-50.9575,-7.35,0,0,0,0
15486,-51.9599,-7.35,0,0,0,0
15487,-52.9623,-7.35,0,0,0,0
15488,-53.9646,-7.35,0,0,0,0
15489,-54.967,-7.35,0,0,0,0
15490,-55.9693,-7.35,0,0,0,0
15491,-56.9717,-7.35,0,0,0,0
15492,-57.9741,-7.35,0,0,0,0
15493,-58.9764,-7.35,0,0,0,0
15494,-59.9788,-7.35,0,0,0,0
15495,-60.9811,-7.35,0,0,0,0
15496,-61.9835,-7.35,0,0,0,0
15497,-62.9858,-7.35,0,0,0,0
15498,-63.9882,-7.35,0,0,0,0
15499,-64.9906,-7.35,0,0,0,0
15500,-65.9929,-7.35,0,0,0,0
15501,-66.9953,-7.35,0,0,0,0
15502,-67.9976,-7.35,0,0,0,0
15503,-16.8774,-8.325,0,0,0,0
15504,-17.8797,-8.325,0,0,0,0
15505,-18.8821,-8.325,0,0,0,0
15506,-19.8844,-8.325,0,0,0,0
15507,-20.8868,-8.325,0,0,0,0
15508,-21.8892,-8.325,0,0,0,0
15509,-22.8915,-8.325,0,0,0,0
15510,-23.8939,-8.325,0,0,0,0
15511,-24.8962,-8.325,0,0,0,0
15512,-25.8986,-8.325,0,0,0,0
15513,-26.9009,-8.325,0,0,0,0
15514,-27.9033,-8.325,0,0,0,0
15515,-28.9057,-8.325,0,0,0,0
15516,-29.908,-8.325,0,0,0,0
15517,-30.9104,-8.325,0,0,0,0
15518,-31.9127,-8.325,0,0,0,0
15519,-32.9151,-8.325,0,0,0,0
15520,-33.9175,-8.325,0,0,0,0
15521,-34.9198,-8.325,0,0,0,0
15522,-35.9222,-8.325,0,0,0,0
15523,-36.9245,-8.325,0,0,0,0
15524,-37.9269,-8.325,0,0,0,0
15525,-38.9292,-8.325,0,0,0,0
15526,-39.9316,-8.325,0,0,0,0
15527,-40.934,-8.325,0,0,0,0
15528,-41.9363,-8.325,0,0,0,0
15529,-42.9387,-8.325,0,0,0,0
15530,-43.941,-8.325,0,0,0,0
15531,-44.9434,-8.325,0,0,0,0
15532,-45.9458,-8.325,0,0,0,0
15533,-46.9481,-8.325,0,0,0,0
15534,-47.9505,-8.325,0,0,0,0
15535,-48.9528,-8.325,0,0,0,0
15536,-49.9552,-8.325,0,0,0,0
15537,-50.9575,-8.325,0,0,0,0
15538,-51.9599,-8.325,0,0,0,0
15539,-52.9623,-8.325,0,0,0,0
15540,-53.9646,-8.325,0,0,0,0
15541,-54.967,-8.325,0,0,0,0
15542,-55.9693,-8.325,0,0,0,0
15543,-56.9717,-8.325,0,0,0,0
15544,-57.9741,-8.325,0,0,0,0
15545,-58.9764,-8.325,0,0,0,0
15546,-59.9788,-8.325,0,0,0,0
15547,-60.9811,-8.325,0,0,0,0
15548,-61.9835,-8.325,0,0,0,0
15549,-62.9858,-8.325,0,0,0,0
15550,-63.9882,-8.325,0,0,0,0
15551,-64.9906,-8.325,0,0,0,0
15552,-65.9929,-8.325,0,0,0,0
15553,-66.9953,-8.325,0,0,0,0
15554,-67.9976,-8.325,0,0,0,0
15555,-16.8774,-9.3,0,0,0,0
15556,-17.8797,-9.3,0,0,0,0
15557,-18.8821,-9.3,0,0,0,0
15558,-19.8844,-9.3,0,0,0,0
15559,-20.8868,-9.3,0,0,0,0
15560,-21.8892,-9.3,0,0,0,0
15561,-22.8915,-9.3,0,0,0,0
15562,-23.8939,-9.3,0,0,0,0
15563,-24.8962,-9.3,0,0,0,0
15564,-25.8986,-9.3,0,0,0,0
15565,-26.9009,-9.3,0,0,0,0
15566,-27.9033,-9.3,0,0,0,0
15567,-28.9057,-9.3,0,0,0,0
15568,-29.908,-9.3,0,0,0,0
15569,-30.9104,-9.3,0,0,0,0
15570,-31.9127,-9.3,0,0,0,0
15571,-32.9151,-9.3,0,0,0,0
15572,-33.9175,-9.3,0,0,0,0
15573,-34.9198,-9.3,0,0,0,0
15574,-35.9222,-9.3,0,0,0,0
15575,-36.9245,-9.3,0,0,0,0
15576,-37.9269,-9.3,0,0,0,0
15577,-38.9292,-9.3,0,0,0,0
15578,-39.9316,-9.3,0,0,0,0
15579,-40.934,-9.3,0,0,0,0
15580,-41.9363,-9.3,0,0,0,0
15581,-42.9387,-9.3,0,0,0,0
15582,-43.941,-9.3,0,0,0,0
15583,-44.9434,-9.3,0,0,0,0
15584,-45.9458,-9.3,0,0,0,0
15585,-46.9481,-9.3,0,0,0,0
15586,-47.9505,-9.3,0,0,0,0
15587,-48.9528,-9.3,0,0,0,0
15588,-49.9552,-9.3,0,0,0,0
15589,-50.9575,-9.3,0,0,0,0
15590,-51.9599,-9.3,0,0,0,0
15591,-52.9623,-9.3,0,0,0,0
15592,-53.9646,-9.3,0,0,0,0
15593,-54.967,-9.3,0,0,0,0
15594,-55.9693,-9.3,0,0,0,0
15595,-56.9717,-9.3,0,0,0,0
15596,-57.9741,-9.3,0,0,0,0
15597,-58.9764,-9.3,0,0,0,0
15598,-59.9788,-9.3,0,0,0,0
15599,-60.9811,-9.3,0,0,0,0
15600,-61.9835,-9.3,0,0,0,0
15601,-62.9858,-9.3,0,0,0,0
15602,-63.9882,-9.3,0,0,0,0
15603,-64.9906,-9.3,0,0,0,0
15604,-65.9929,-9.3,0,0,0,0
15605,-66.9953,-9.3,0,0,0,0
15606,-67.9976,-9.3,0,0,0,0
15607,-16.8774,-10.275,0,0,0,0
15608,-17.8797,-10.275,0,0,0,0
15609,-18.8821,-10.275,0,0,0,0
15610,-19.8844,-10.275,0,0,0,0
15611,-20.8868,-10.275,0,0,0,0
15612,-21.8892,-10.275,0,0,0,0
15613,-22.8915,-10.275,0,0,0,0
15614,-23.8939,-10.275,0,0,0,0
15615,-24.8962,-10.275,0,0,0,0
15616,-25.8986,-10.275,0,0,0,0
15617,-26.9009,-10.275,0,0,0,0
15618,-27.9033,-10.275,0,0,0,0
15619,-28.9057,-10.275,0,0,0,0
15620,-29.908,-10.275,0,0,0,0
15621,-30.9104,-10.275,0,0,0,0
15622,-31.9127,-10.275,0,0,0,0
15623,-32.9151,-10.275,0,0,0,0
15624,-33.9175,-10.275,0,0,0,0
15625,-34.9198,-10.275,0,0,0,0
15626,-35.9222,-10.275,0,0,0,0
15627,-36.9245,-10.275,0,0,0,0
15628,-37.9269,-10.275,0,0,0,0
15629,-38.9292,-10.275,0,0,0,0
15630,-39.9316,-10.275,0,0,0,0
15631,-40.934,-10.275,0,0,0,0
15632,-41.9363,-10.275,0,0,0,0
15633,-42.9387,-10.275,0,0,0,0
15634,-43.941,-10.275,0,0,0,0
15635,-44.9434,-10.275,0,0,0,0
15636,-45.9458,-10.275,0,0,0,0
15637,-46.9481,-10.275,0,0,0,0
15638,-47.9505,-10.275,0,0,0,0
15639,-48.9528,-10.275,0,0,0,0
15640,-49.9552,-10.275,0,0,0,0
15641,-50.9575,-10.275,0,0,0,0
15642,-51.9599,-10.275,0,0,0,0
15643,-52.9623,-10.275,0,0,0,0
15644,-53.9646,-10.275,0,0,0,0
15645,-54.967,-10.275,0,0,0,0
15646,-55.9693,-10.275,0,0,0,0
15647,-56.9717,-10.275,0,0,0,0
15648,-57.9741,-10.275,0,0,0,0
15649,-58.9764,-10.275,0,0,0,0
15650,-59.9788,-10.275,0,0,0,0
15651,-60.9811,-10.275,0,0,0,0
15652,-61.9835,-10.275,0,0,0,0
15653,-62.9858,-10.275,0,0,0,0
15654,-63.9882,-10.275,0,0,0,0
15655,-64.9906,-10.275,0,0,0,0
15656,-65.9929,-10.275,0,0,0,0
15657,-66.9953,-10.275,0,0,0,0
15658,-67.9976,-10.275,0,0,0,0
15659,-16.8774,-11.25,0,0,0,0
15660,-17.8797,-11.25,0,0,0,0
15661,-18.8821,-11.25,0,0,0,0
15662,-19.8844,-11.25,0,0,0,0
15663,-20.8868,-11.25,0,0,0,0
15664,-21.8892,-11.25,0,0,0,0
15665,-22.8915,-11.25,0,0,0,0
15666,-23.8939,-11.25,0,0,0,0
15667,-24.8962,-11.25,0,0,0,0
15668,-25.8986,-11.25,0,0,0,0
15669,-26.9009,-11.25,0,0,0,0
15670,-27.9033,-11.25,0,0,0,0
15671,-28.9057,-11.25,0,0,0,0
15672,-29.908,-11.25,0,0,0,0
15673,-30.9104,-11.25,0,0,0,0
15674,-31.9127,-11.25,0,0,0,0
15675,-32.9151,-11.25,0,0,0,0
15676,-33.9175,-11.25,0,0,0,0
15677,-34.9198,-11.25,0,0,0,0
15678,-35.9222,-11.25,0,0,0,0
15679,-36.9245,-11.25,0,0,0,0
15680,-37.9269,-11.25,0,0,0,0
15681,-38.9292,-11.25,0,0,0,0
15682,-39.9316,-11.25,0,0,0,0
15683,-40.934,-11.25,0,0,0,0
15684,-41.9363,-11.25,0,0,0,0
15685,-42.9387,-11.25,0,0,0,0
15686,-43.941,-11.25,0,0,0,0
15687,-44.9434,-11.25,0,0,0,0
15688,-45.9458,-11.25,0,0,0,0
15689,-46.9481,-11.25,0,0,0,0
15690,-47.9505,-11.25,0,0,0,0
15691,-48.9528,-11.25,0,0,0,0
15692,-49.9552,-11.25,0,0,0,0
15693,-50.9575,-11.25,0,0,0,0
15694,-51.9599,-11.25,0,0,0,0
15695,-52.9623,-11.25,0,0,0,0
15696,-53.9646,-11.25,0,0,0,0
15697,-54.967,-11.25,0,0,0,0
15698,-55.9693,-11.25,0,0,0,0
15699,-56.9717,-11.25,0,0,0,0
15700,-57.9741,-11.25,0,0,0,0
15701,-58.9764,-11.25,0,0,0,0
15702,-59.9788,-11.25,0,0,0,0
15703,-60.9811,-11.25,0,0,0,0
15704,-61.9835,-11.25,0,0,0,0
15705,-62.9858,-11.25,0,0,0,0
15706,-63.9882,-11.25,0,0,0,0
15707,-64.9906,-11.25,0,0,0,0
15708,-65.9929,-11.25,0,0,0,0
15709,-66.9953,-11.25,0,0,0,0
15710,-67.9976,-11.25,0,0,0,0
15711,-16.8774,-12.225,0,0,0,0
15712,-17.8797,-12.225,0,0,0,0
15713,-18.8821,-12.225,0,0,0,0
15714,-19.8844,-12.225,0,0,0,0
15715,-20.8868,-12.225,0,0,0,0
15716,-21.8892,-12.225,0,0,0,0
15717,-22.8915,-12.225,0,0,0,0
15718,-23.8939,-12.225,0,0,0,0
15719,-24.8962,-12.225,0,0,0,0
15720,-25.8986,-12.225,0,0,0,0
15721,-26.9009,-12.225,0,0,0,0
15722,-27.9033,-12.225,0,0,0,0
15723,-28.9057,-12.225,0,0,0,0
15724,-29.908,-12.225,0,0,0,0
15725,-30.9104,-12.225,0,0,0,0
15726,-31.9127,-12.225,0,0,0,0
15727,-32.9151,-12.225,0,0,0,0
15728,-33.9175,-12.225,0,0,0,0
15729,-34.9198,-12.225,0,0,0,0
15730,-35.9222,-12.225,0,0,0,0
15731,-36.9245,-12.225,0,0,0,0
15732,-37.9269,-12.225,0,0,0,0
15733,-38.9292,-12.225,0,0,0,0
15734,-39.9316,-12.225,0,0,0,0
15735,-40.934,-12.225,0,0,0,0
15736,-41.9363,-12.225,0,0,0,0
15737,-42.9387,-12.225,0,0,0,0
15738,-43.941,-12.225,0,0,0,0
15739,-44.9434,-12.225,0,0,0,0
15740,-45.9458,-12.225,0,0,0,0
15741,-46.9481,-12.225,0,0,0,0
15742,-47.9505,-12.225,0,0,0,0
15743,-48.9528,-12.225,0,0,0,0
15744,-49.9552,-12.225,0,0,0,0
15745,-50.9575,-12.225,0,0,0,0
15746,-51.9599,-12.225,0,0,0,0
15747,-52.9623,-12.225,0,0,0,0
15748,-53.9646,-12.225,0,0,0,0
15749,-54.967,-12.225,0,0,0,0
15750,-55.9693,-12.225,0,0,0,0
15751,-56.9717,-12.225,0,0,0,0
15752,-57.9741,-12.225,0,0,0,0
15753,-58.9764,-12.225,0,0,0,0
15754,-59.9788,-12.225,0,0,0,0
15755,-60.9811,-12.225,0,0,0,0
15756,-61.9835,-12.225,0,0,0,0
15757,-62.9858,-12.225,0,0,0,0
15758,-63.9882,-12.225,0,0,0,0
15759,-64.9906,-12.225,0,0,0,0
15760,-65.9929,-12.225,0,0,0,0
15761,-66.9953,-12.225,0,0,0,0
15762,-67.9976,-12.225,0,0,0,0
15763,-16.8774,-13.2,0,0,0,0
15764,-17.8797,-13.2,0,0,0,0
15765,-18.8821,-13.2,0,0,0,0
15766,-19.8844,-13.2,0,0,0,0
15767,-20.8868,-13.2,0,0,0,0
15768,-21.8892,-13.2,0,0,0,0
15769,-22.8915,-13.2,0,0,0,0
15770,-23.8939,-13.2,0,0,0,0
15771,-24.8962,-13.2,0,0,0,0
15772,-25.8986,-13.2,0,0,0,0
15773,-26.9009,-13.2,0,0,0,0
15774,-27.9033,-13.2,0,0,0,0
15775,-28.9057,-13.2,0,0,0,0
15776,-29.908,-13.2,0,0,0,0
15777,-30.9104,-13.2,0,0,0,0
15778,-31.9127,-13.2,0,0,0,0
15779,-32.9151,-13.2,0,0,0,0
15780,-33.9175,-13.2,0,0,0,0
15781,-34.9198,-13.2,0,0,0,0
15782,-35.9222,-13.2,0,0,0,0
15783,-36.9245,-13.2,0,0,0,0
15784,-37.9269,-13.2,0,0,0,0
15785,-38.9292,-13.2,0,0,0,0
15786,-39.9316,-13.2,0,0,0,0
15787,-40.934,-13.2,0,0,0,0
15788,-41.9363,-13.2,0,0,0,0
15789,-42.9387,-13.2,0,0,0,0
15790,-43.941,-13.2,0,0,0,0
15791,-44.9434,-13.2,0,0,0,0
15792,-45.9458,-13.2,0,0,0,0
15793,-46.9481,-13.2,0,0,0,0
15794,-47.9505,-13.2,0,0,0,0
15795,-48.9528,-13.2,0,0,0,0
15796,-49.9552,-13.2,0,0,0,0
15797,-50.9575,-13.2,0,0,0,0
15798,-51.9599,-13.2,0,0,0,0
15799,-52.9623,-13.2,0,0,0,0
15800,-53.9646,-13.2,0,0,0,0
15801,-54.967,-13.2,0,0,0,0
15802,-55.9693,-13.2,0,0,0,0
15803,-56.9717,-13.2,0,0,0,0
15804,-57.9741,-13.2,0,0,0,0
15805,-58.9764,-13.2,0,0,0,0
15806,-59.9788,-13.2,0,0,0,0
15807,-60.9811,-13.2,0,0,0,0
15808,-61.9835,-13.2,0,0,0,0
15809,-62.9858,-13.2,0,0,0,0
15810,-63.9882,-13.2,0,0,0,0
15811,-64.9906,-13.2,0,0,0,0
15812,-65.9929,-13.2,0,0,0,0
15813,-66.9953,-13.2,0,0,0,0
15814,-67.9976,-13.2,0,0,0,0
15815,-16.8774,-14.175,0,0,0,0
15816,-17.8797,-14.175,0,0,0,0
15817,-18.8821,-14.175,0,0,0,0
15818,-19.8844,-14.175,0,0,0,0
15819,-20.8868,-14.175,0,0,0,0
15820,-21.8892,-14.175,0,0,0,0
15821,-22.8915,-14.175,0,0,0,0
15822,-23.8939,-14.175,0,0,0,0
15823,-24.8962,-14.175,0,0,0,0
15824,-25.8986,-14.175,0,0,0,0
15825,-26.9009,-14.175,0,0,0,0
15826,-27.9033,-14.175,0,0,0,0
15827,-28.9057,-14.175,0,0,0,0
15828,-29.908,-14.175,0,0,0,0
15829,-30.9104,-14.175,0,0,0,0
15830,-31.9127,-14.175,0,0,0,0
15831,-32.9151,-14.175,0,0,0,0
15832,-33.9175,-14.175,0,0,0,0
15833,-34.9198,-14.175,0,0,0,0
15834,-35.9222,-14.175,0,0,0,0
15835,-36.9245,-14.175,0,0,0,0
15836,-37.9269,-14.175,0,0,0,0
15837,-38.9292,-14.175,0,0,0,0
15838,-39.9316,-14.175,0,0,0,0
15839,-40.934,-14.175,0,0,0,0
15840,-41.9363,-14.175,0,0,0,0
15841,-42.9387,-14.175,0,0,0,0
15842,-43.941,-14.175,0,0,0,0
15843,-44.9434,-14.175,0,0,0,0
15844,-45.9458,-14.175,0,0,0,0
15845,-46.9481,-14.175,0,0,0,0
15846,-47.9505,-14.175,0,0,0,0
15847,-48.9528,-14.175,0,0,0,0
15848,-49.9552,-14.175,0,0,0,0
15849,-50.9575,-14.175,0,0,0,0
15850,-51.9599,-14.175,0,0,0,0
15851,-52.9623,-14.175,0,0,0,0
15852,-53.9646,-14.175,0,0,0,0
15853,-54.967,-14.175,0,0,0,0
15854,-55.9693,-14.175,0,0,0,0
15855,-56.9717,-14.175,0,0,0,0
15856,-57.9741,-14.175,0,0,0,0
15857,-58.9764,-14.175,0,0,0,0
15858,-59.9788,-14.175,0,0,0,0
15859,-60.9811,-14.175,0,0,0,0
15860,-61.9835,-14.175,0,0,0,0
15861,-62.9858,-14.175,0,0,0,0
15862,-63.9882,-14.175,0,0,0,0
15863,-64.9906,-14.175,0,0,0,0
15864,-65.9929,-14.175,0,0,0,0
15865,-66.9953,-14.175,0,0,0,0
15866,-67.9976,-14.175,0,0,0,0
15867,-16.8774,-15.15,0,0,0,0
15868,-17.8797,-15.15,0,0,0,0
15869,-18.8821,-15.15,0,0,0,0
15870,-19.8844,-15.15,0,0,0,0
15871,-20.8868,-15.15,0,0,0,0
15872,-21.8892,-15.15,0,0,0,0
15873,-22.8915,-15.15,0,0,0,0
15874,-23.8939,-15.15,0,0,0,0
15875,-24.8962,-15.15,0,0,0,0
15876,-25.8986,-15.15,0,0,0,0
15877,-26.9009,-15.15,0,0,0,0
15878,-27.9033,-15.15,0,0,0,0
15879,-28.9057,-15.15,0,0,0,0
15880,-29.908,-15.15,0,0,0,0
15881,-30.9104,-15.15,0,0,0,0
15882,-31.9127,-15.15,0,0,0,0
15883,-32.9151,-15.15,0,0,0,0
15884,-33.9175,-15.15,0,0,0,0
15885,-34.9198,-15.15,0,0,0,0
15886,-35.9222,-15.15,0,0,0,0
15887,-36.9245,-15.15,0,0,0,0
15888,-37.9269,-15.15,0,0,0,0
15889,-38.9292,-15.15,0,0,0,0
15890,-39.9316,-15.15,0,0,0,0
15891,-40.934,-15.15,0,0,0,0
15892,-41.9363,-15.15,0,0,0,0
15893,-42.9387,-15.15,0,0,0,0
15894,-43.941,-15.15,0,0,0,0
15895,-44.9434,-15.15,0,0,0,0
15896,-45.9458,-15.15,0,0,0,0
15897,-46.9481,-15.15,0,0,0,0
15898,-47.9505,-15.15,0,0,0,0
15899,-48.9528,-15.15,0,0,0,0
15900,-49.9552,-15.15,0,0,0,0
15901,-50.9575,-15.15,0,0,0,0
15902,-51.9599,-15.15,0,0,0,0
15903,-52.9623,-15.15,0,0,0,0
15904,-53.9646,-15.15,0,0,0,0
15905,-54.967,-15.15,0,0,0,0
15906,-55.9693,-15.15,0,0,0,0
15907,-56.9717,-15.15,0,0,0,0
15908,-57.9741,-15.15,0,0,0,0
15909,-58.9764,-15.15,0,0,0,0
15910,-59.9788,-15.15,0,0,0,0
15911,-60.9811,-15.15,0,0,0,0
15912,-61.9835,-15.15,0,0,0,0
15913,-62.9858,-15.15,0,0,0,0
15914,-63.9882,-15.15,0,0,0,0
15915,-64.9906,-15.15,0,0,0,0
15916,-65.9929,-15.15,0,0,0,0
15917,-66.9953,-15.15,0,0,0,0
15918,-67.9976,-15.15,0,0,0,0
15919,-16.8774,-16.125,0,0,0,0
15920,-17.8797,-16.125,0,0,0,0
15921,-18.8821,-16.125,0,0,0,0
15922,-19.8844,-16.125,0,0,0,0
15923,-20.8868,-16.125,0,0,0,0
15924,-21.8892,-16.125,0,0,0,0
15925,-22.8915,-16.125,0,0,0,0
15926,-23.8939,-16.125,0,0,0,0
15927,-24.8962,-16.125,0,0,0,0
15928,-25.8986,-16.125,0,0,0,0
15929,-26.9009,-16.125,0,0,0,0
15930,-27.9033,-16.125,0,0,0,0
15931,-28.9057,-16.125,0,0,0,0
15932,-29.908,-16.125,0,0,0,0
15933,-30.9104,-16.125,0,0,0,0
15934,-31.9127,-16.125,0,0,0,0
15935,-32.9151,-16.125,0,0,0,0
15936,-33.9175,-16.125,0,0,0,0
15937,-34.9198,-16.125,0,0,0,0
15938,-35.9222,-16.125,0,0,0,0
15939,-36.9245,-16.125,0,0,0,0
15940,-37.9269,-16.125,0,0,0,0
15941,-38.9292,-16.125,0,0,0,0
15942,-39.9316,-16.125,0,0,0,0
15943,-40.934,-16.125,0,0,0,0
15944,-41.9363,-16.125,0,0,0,0
15945,-42.9387,-16.125,0,0,0,0
15946,-43.941,-16.125,0,0,0,0
15947,-44.9434,-16.125,0,0,0,0
15948,-45.9458,-16.125,0,0,0,0
15949,-46.9481,-16.125,0,0,0,0
15950,-47.9505,-16.125,0,0,0,0
15951,-48.9528,-16.125,0,0,0,0
15952,-49.9552,-16.125,0,0,0,0
15953,-50.9575,-16.125,0,0,0,0
15954,-51.9599,-16.125,0,0,0,0
15955,-52.9623,-16.125,0,0,0,0
15956,-53.9646,-16.125,0,0,0,0
15957,-54.967,-16.125,0,0,0,0
15958,-55.9693,-16.125,0,0,0,0
15959,-56.9717,-16.125,0,0,0,0
15960,-57.9741,-16.125,0,0,0,0
15961,-58.9764,-16.125,0,0,0,0
15962,-59.9788,-16.125,0,0,0,0
15963,-60.9811,-16.125,0,0,0,0
15964,-61.9835,-16.125,0,0,0,0
15965,-62.9858,-16.125,0,0,0,0
15966,-63.9882,-16.125,0,0,0,0
15967,-64.9906,-16.125,0,0,0,0
15968,-65.9929,-16.125,0,0,0,0
15969,-66.9953,-16.125,0,0,0,0
15970,-67.9976,-16.125,0,0,0,0
15971,-16.8774,-17.1,0,0,0,0
15972,-17.8797,-17.1,0,0,0,0
15973,-18.8821,-17.1,0,0,0,0
15974,-19.8844,-17.1,0,0,0,0
15975,-20.8868,-17.1,0,0,0,0
15976,-21.8892,-17.1,0,0,0,0
15977,-22.8915,-17.1,0,0,0,0
15978,-23.8939,-17.1,0,0,0,0
15979,-24.8962,-17.1,0,0,0,0
15980,-25.8986,-17.1,0,0,0,0
15981,-26.9009,-17.1,0,0,0,0
15982,-27.9033,-17.1,0,0,0,0
15983,-28.9057,-17.1,0,0,0,0
15984,-29.908,-17.1,0,0,0,0
15985,-30.9104,-17.1,0,0,0,0
15986,-31.9127,-17.1,0,0,0,0
15987,-32.9151,-17.1,0,0,0,0
15988,-33.9175,-17.1,0,0,0,0
15989,-34.9198,-17.1,0,0,0,0
15990,-35.9222,-17.1,0,0,0,0
15991,-36.9245,-17.1,0,0,0,0
15992,-37.9269,-17.1,0,0,0,0
15993,-38.9292,-17.1,0,0,0,0
15994,-39.9316,-17.1,0,0,0,0
15995,-40.934,-17.1,0,0,0,0
15996,-41.9363,-17.1,0,0,0,0
15997,-42.9387,-17.1,0,0,0,0
15998,-43.941,-17.1,0,0,0,0
15999,-44.9434,-17.1,0,0,0,0
16000,-45.9458,-17.1,0,0,0,0
16001,-46.9481,-17.1,0,0,0,0
16002,-47.9505,-17.1,0,0,0,0
16003,-48.9528,-17.1,0,0,0,0
16004,-49.9552,-17.1,0,0,0,0
16005,-50.9575,-17.1,0,0,0,0
16006,-51.9599,-17.1,0,0,0,0
16007,-52.9623,-17.1,0,0,0,0
16008,-53.9646,-17.1,0,0,0,0
16009,-54.967,-17.1,0,0,0,0
16010,-55.9693,-17.1,0,0,0,0
16011,-56.9717,-17.1,0,0,0,0
16012,-57.9741,-17.1,0,0,0,0
16013,-58.9764,-17.1,0,0,0,0
16014,-59.9788,-17.1,0,0,0,0
16015,-60.9811,-17.1,0,0,0,0
16016,-61.9835,-17.1,0,0,0,0
16017,-62.9858,-17.1,0,0,0,0
16018,-63.9882,-17.1,0,0,0,0
16019,-64.9906,-17.1,0,0,0,0
16020,-65.9929,-17.1,0,0,0,0
16021,-66.9953,-17.1,0,0,0,0
16022,-67.9976,-17.1,0,0,0,0
16023,-16.8774,-18.075,0,0,0,0
16024,-17.8797,-18.075,0,0,0,0
16025,-18.8821,-18.075,0,0,0,0
16026,-19.8844,-18.075,0,0,0,0
16027,-20.8868,-18.075,0,0,0,0
16028,-21.8892,-18.075,0,0,0,0
16029,-22.8915,-18.075,0,0,0,0
16030,-23.8939,-18.075,0,0,0,0
16031,-24.8962,-18.075,0,0,0,0
16032,-25.8986,-18.075,0,0,0,0
16033,-26.9009,-18.075,0,0,0,0
16034,-27.9033,-18.075,0,0,0,0
16035,-28.9057,-18.075,0,0,0,0
16036,-29.908,-18.075,0,0,0,0
16037,-30.9104,-18.075,0,0,0,0
16038,-31.9127,-18.075,0,0,0,0
16039,-32.9151,-18.075,0,0,0,0
16040,-33.9175,-18.075,0,0,0,0
16041,-34.9198,-18.075,0,0,0,0
16042,-35.9222,-18.075,0,0,0,0
16043,-36.9245,-18.075,0,0,0,0
16044,-37.9269,-18.075,0,0,0,0
16045,-38.9292,-18.075,0,0,0,0
16046,-39.9316,-18.075,0,0,0,0
16047,-40.934,-18.075,0,0,0,0
16048,-41.9363,-18.075,0,0,0,0
16049,-42.9387,-18.075,0,0,0,0
16050,-43.941,-18.075,0,0,0,0
16051,-44.9434,-18.075,0,0,0,0
16052,-45.9458,-18.075,0,0,0,0
16053,-46.9481,-18.075,0,0,0,0
16054,-47.9505,-18.075,0,0,0,0
16055,-48.9528,-18.075,0,0,0,0
16056,-49.9552,-18.075,0,0,0,0
16057,-50.9575,-18.075,0,0,0,0
16058,-51.9599,-18.075,0,0,0,0
16059,-52.9623,-18.075,0,0,0,0
16060,-53.9646,-18.075,0,0,0,0
16061,-54.967,-18.075,0,0,0,0
16062,-55.9693,-18.075,0,0,0,0
16063,-56.9717,-18.075,0,0,0,0
16064,-57.9741,-18.075,0,0,0,0
16065,-58.9764,-18.075,0,0,0,0
16066,-59.9788,-18.075,0,0,0,0
16067,-60.9811,-18.075,0,0,0,0
16068,-61.9835,-18.075,0,0,0,0
16069,-62.9858,-18.075,0,0,0,0
16070,-63.9882,-18.075,0,0,0,0
16071,-64.9906,-18.075,0,0,0,0
16072,-65.9929,-18.075,0,0,0,0
16073,-66.9953,-18.075,0,0,0,0
16074,-67.9976,-18.075,0,0,0,0
16075,-69,-0.525,0.666667,0,0,0
16076,-69,-0.525,0.333333,0,0,0
16077,-69,-1.5,0.666667,0,0,0
16078,-69,-1.5,0.333333,0,0,0
16079,-69,-2.475,0.666667,0,0,0
16080,-69,-2.475,0.333333,0,0,0
16081,-69,-3.45,0.666667,0,0,0
16082,-69,-3.45,0.333333,0,0,0
16083,-69,-4.425,0.666667,0,0,0
16084,-69,-4.425,0.333333,0,0,0
16085,-69,-5.4,0.666667,0,0,0
16086,-69,-5.4,0.333333,0,0,0
16087,-69,-6.375,0.666667,0,0,0
16088,-69,-6.375,0.333333,0,0,0
16089,-69,-7.35,0.666667,0,0,0
16090,-69,-7.35,0.333333,0,0,0
16091,-69,-8.325,0.666667,0,0,0
16092,-69,-8.325,0.333333,0,0,0
16093,-69,-9.3,0.666667,0,0,0
16094,-69,-9.3,0.333333,0,0,0
16095,-69,-10.275,0.666667,0,0,0
16096,-69,-10.275,0.333333,0,0,0
16097,-69,-11.25,0.666667,0,0,0
16098,-69,-11.25,0.333333,0,0,0
16099,-69,-12.225,0.666667,0,0,0
16100,-69,-12.225,0.333333,0,0,0
16101,-69,-13.2,0.666667,0,0,0
16102,-69,-13.2,0.333333,0,0,0
16103,-69,-14.175,0.666667,0,0,0
16104,-69,-14.175,0.333333,0,0,0
16105,-69,-15.15,0.666667,0,0,0
16106,-69,-15.15,0.333333,0,0,0
16107,-69,-16.125,0.666667,0,0,0
16108,-69,-16.125,0.333333,0,0,0
16109,-69,-17.1,0.666667,0,0,0
16110,-69,-17.1,0.333333,0,0,0
16111,-69,-18.075,0.666667,0,0,0
16112,-69,-18.075,0.333333,0,0,0
16113,-16.8774,1.42895,0.333333,0,0,0
16114,-17.8797,1.42895,0.333333,0,0,0
16115,-18.8821,1.42895,0.333333,0,0,0
16116,-19.8844,1.42895,0.333333,0,0,0
16117,-20.8868,1.42895,0.333333,0,0,0
16118,-21.8892,1.42895,0.333333,0,0,0
16119,-22.8915,1.42895,0.333333,0,0,0
16120,-23.8939,1.42895,0.333333,0,0,0
16121,-24.8962,1.42895,0.333333,0,0,0
16122,-25.8986,1.42895,0.333333,0,0,0
16123,-26.9009,1.42895,0.333333,0,0,0
16124,-27.9033,1.42895,0.333333,0,0,0
16125,-28.9057,1.42895,0.333333,0,0,0
16126,-29.908,1.42895,0.333333,0,0,0
16127,-30.9104,1.42895,0.333333,0,0,0
16128,-31.9127,1.42895,0.333333,0,0,0
16129,-32.9151,1.42895,0.333333,0,0,0
16130,-33.9175,1.42895,0.333333,0,0,0
16131,-34.9198,1.42895,0.333333,0,0,0
16132,-35.9222,1.42895,0.333333,0,0,0
16133,-36.9245,1.42895,0.333333,0,0,0
16134,-37.9269,1.42895,0.333333,0,0,0
16135,-38.9292,1.42895,0.333333,0,0,0
16136,-39.9316,1.42895,0.333333,0,0,0
16137,-40.934,1.42895,0.333333,0,0,0
16138,-41.9363,1.42895,0.333333,0,0,0
16139,-42.9387,1.42895,0.333333,0,0,0
16140,-43.941,1.42895,0.333333,0,0,0
16141,-44.9434,1.42895,0.333333,0,0,0
16142,-45.9458,1.42895,0.333333,0,0,0
16143,-46.9481,1.42895,0.333333,0,0,0
16144,-47.9505,1.42895,0.333333,0,0,0
16145,-48.9528,1.42895,0.333333,0,0,0
16146,-49.9552,1.42895,0.333333,0,0,0
16147,-50.9575,1.42895,0.333333,0,0,0
16148,-51.9599,1.42895,0.333333,0,0,0
16149,-52.9623,1.42895,0.333333,0,0,0
16150,-53.9646,1.42895,0.333333,0,0,0
16151,-54.967,1.42895,0.333333,0,0,0
16152,-55.9693,1.42895,0.333333,0,0,0
16153,-56.9717,1.42895,0.333333,0,0,0
16154,-57.9741,1.42895,0.333333,0,0,0
16155,-58.9764,1.42895,0.333333,0,0,0
16156,-59.9788,1.42895,0.333333,0,0,0
16157,-60.9811,1.42895,0.333333,0,0,0
16158,-61.9835,1.42895,0.333333,0,0,0
16159,-62.9858,1.42895,0.333333,0,0,0
16160,-63.9882,1.42895,0.333333,0,0,0
16161,-64.9906,1.42895,0.333333,0,0,0
16162,-65.9929,1.42895,0.333333,0,0,0
16163,-66.9953,1.42895,0.333333,0,0,0
16164,-67.9976,1.42895,0.333333,0,0,0
16165,-16.8774,2.40789,0.333333,0,0,0
16166,-17.8797,2.40789,0.333333,0,0,0
16167,-18.8821,2.40789,0.333333,0,0,0
16168,-19.8844,2.40789,0.333333,0,0,0
16169,-20.8868,2.40789,0.333333,0,0,0
16170,-21.8892,2.40789,0.333333,0,0,0
16171,-22.8915,2.40789,0.333333,0,0,0
16172,-23.8939,2.40789,0.333333,0,0,0
16173,-24.8962,2.40789,0.333333,0,0,0
16174,-25.8986,2.40789,0.333333,0,0,0
16175,-26.9009,2.40789,0.333333,0,0,0
16176,-27.9033,2.40789,0.333333,0,0,0
16177,-28.9057,2.40789,0.333333,0,0,0
16178,-29.908,2.40789,0.333333,0,0,0
16179,-30.9104,2.40789,0.333333,0,0,0
16180,-31.9127,2.40789,0.333333,0,0,0
16181,-32.9151,2.40789,0.333333,0,0,0
16182,-33.9175,2.40789,0.333333,0,0,0
16183,-34.9198,2.40789,0.333333,0,0,0
16184,-35.9222,2.40789,0.333333,0,0,0
16185,-36.9245,2.40789,0.333333,0,0,0
16186,-37.9269,2.40789,0.333333,0,0,0
16187,-38.9292,2.40789,0.333333,0,0,0
16188,-39.9316,2.40789,0.333333,0,0,0
16189,-40.934,2.40789,0.333333,0,0,0
16190,-41.9363,2.40789,0.333333,0,0,0
16191,-42.9387,2.40789,0.333333,0,0,0
16192,-43.941,2.40789,0.333333,0,0,0
16193,-44.9434,2.40789,0.333333,0,0,0
16194,-45.9458,2.40789,0.333333,0,0,0
16195,-46.9481,2.40789,0.333333,0,0,0
16196,-47.9505,2.40789,0.333333,0,0,0
16197,-48.9528,2.40789,0.333333,0,0,0
16198,-49.9552,2.40789,0.333333,0,0,0
16199,-50.9575,2.40789,0.333333,0,0,0
16200,-51.9599,2.40789,0.333333,0,0,0
16201,-52.9623,2.40789,0.333333,0,0,0
16202,-53.9646,2.40789,0.333333,0,0,0
16203,-54.967,2.40789,0.333333,0,0,0
16204,-55.9693,2.40789,0.333333,0,0,0
16205,-56.9717,2.40789,0.333333,0,0,0
16206,-57.9741,2.40789,0.333333,0,0,0
16207,-58.9764,2.40789,0.333333,0,0,0
16208,-59.9788,2.40789,0.333333,0,0,0
16209,-60.9811,2.40789,0.333333,0,0,0
16210,-61.9835,2.40789,0.333333,0,0,0
16211,-62.9858,2.40789,0.333333,0,0,0
16212,-63.9882,2.40789,0.333333,0,0,0
16213,-64.9906,2.40789,0.333333,0,0,0
16214,-65.9929,2.40789,0.333333,0,0,0
16215,-66.9953,2.40789,0.333333,0,0,0
16216,-67.9976,2.40789,0.333333,0,0,0
16217,-16.8774,3.38684,0.333333,0,0,0
16218,-17.8797,3.38684,0.333333,0,0,0
16219,-18.8821,3.38684,0.333333,0,0,0
16220,-19.8844,3.38684,0.333333,0,0,0
16221,-20.8868,3.38684,0.333333,0,0,0
16222,-21.8892,3.38684,0.333333,0,0,0
16223,-22.8915,3.38684,0.333333,0,0,0
16224,-23.8939,3.38684,0.333333,0,0,0
16225,-24.8962,3.38684,0.333333,0,0,0
16226,-25.8986,3.38684,0.333333,0,0,0
16227,-26.9009,3.38684,0.333333,0,0,0
16228,-27.9033,3.38684,0.333333,0,0,0
16229,-28.9057,3.38684,0.333333,0,0,0
16230,-29.908,3.38684,0.333333,0,0,0
16231,-30.9104,3.38684,0.333333,0,0,0
16232,-31.9127,3.38684,0.333333,0,0,0
16233,-32.9151,3.38684,0.333333,0,0,0
16234,-33.9175,3.38684,0.333333,0,0,0
16235,-34.9198,3.38684,0.333333,0,0,0
16236,-35.9222,3.38684,0.333333,0,0,0
16237,-36.9245,3.38684,0.333333,0,0,0
16238,-37.9269,3.38684,0.333333,0,0,0
16239,-38.9292,3.38684,0.333333,0,0,0
16240,-39.9316,3.38684,0.333333,0,0,0
16241,-40.934,3.38684,0.333333,0,0,0
16242,-41.9363,3.38684,0.333333,0,0,0
16243,-42.9387,3.38684,0.333333,0,0,0
16244,-43.941,3.38684,0.333333,0,0,0
16245,-44.9434,3.38684,0.333333,0,0,0
16246,-45.9458,3.38684,0.333333,0,0,0
16247,-46.9481,3.38684,0.333333,0,0,0
16248,-47.9505,3.38684,0.333333,0,0,0
16249,-48.9528,3.38684,0.333333,0,0,0
16250,-49.9552,3.38684,0.333333,0,0,0
16251,-50.9575,3.38684,0.333333,0,0,0
16252,-51.9599,3.38684,0.333333,0,0,0
16253,-52.9623,3.38684,0.333333,0,0,0
16254,-53.9646,3.38684,0.333333,0,0,0
16255,-54.967,3.38684,0.333333,0,0,0
16256,-55.9693,3.38684,0.333333,0,0,0
16257,-56.9717,3.38684,0.333333,0,0,0
16258,-57.9741,3.38684,0.333333,0,0,0
16259,-58.9764,3.38684,0.333333,0,0,0
16260,-59.9788,3.38684,0.333333,0,0,0
16261,-60.9811,3.38684,0.333333,0,0,0
16262,-61.9835,3.38684,0.333333,0,0,0
16263,-62.9858,3.38684,0.333333,0,0,0
16264,-63.9882,3.38684,0.333333,0,0,0
16265,-64.9906,3.38684,0.333333,0,0,0
16266,-65.9929,3.38684,0.333333,0,0,0
16267,-66.9953,3.38684,0.333333,0,0,0
16268,-67.9976,3.38684,0.333333,0,0,0
16269,-16.8774,4.36579,0.333333,0,0,0
16270,-17.8797,4.36579,0.333333,0,0,0
16271,-18.8821,4.36579,0.333333,0,0,0
16272,-19.8844,4.36579,0.333333,0,0,0
16273,-20.8868,4.36579,0.333333,0,0,0
16274,-21.8892,4.36579,0.333333,0,0,0
16275,-22.8915,4.36579,0.333333,0,0,0
16276,-23.8939,4.36579,0.333333,0,0,0
16277,-24.8962,4.36579,0.333333,0,0,0
16278,-25.8986,4.36579,0.333333,0,0,0
16279,-26.9009,4.36579,0.333333,0,0,0
16280,-27.9033,4.36579,0.333333,0,0,0
16281,-28.9057,4.36579,0.333333,0,0,0
16282,-29.908,4.36579,0.333333,0,0,0
16283,-30.9104,4.36579,0.333333,0,0,0
16284,-31.9127,4.36579,0.333333,0,0,0
16285,-32.9151,4.36579,0.333333,0,0,0
16286,-33.9175,4.36579,0.333333,0,0,0
16287,-34.9198,4.36579,0.333333,0,0,0
16288,-35.9222,4.36579,0.333333,0,0,0
16289,-36.9245,4.36579,0.333333,0,0,0
16290,-37.9269,4.36579,0.333333,0,0,0
16291,-38.9292,4.36579,0.333333,0,0,0
16292,-39.9316,4.36579,0.333333,0,0,0
16293,-40.934,4.36579,0.333333,0,0,0
16294,-41.9363,4.36579,0.333333,0,0,0
16295,-42.9387,4.36579,0.333333,0,0,0
16296,-43.941,4.36579,0.333333,0,0,0
16297,-44.9434,4.36579,0.333333,0,0,0
16298,-45.9458,4.36579,0.333333,0,0,0
16299,-46.9481,4.36579,0.333333,0,0,0
16300,-47.9505,4.36579,0.333333,0,0,0
16301,-48.9528,4.36579,0.333333,0,0,0
16302,-49.9552,4.36579,0.333333,0,0,0
16303,-50.9575,4.36579,0.333333,0,0,0
16304,-51.9599,4.36579,0.333333,0,0,0
16305,-52.9623,4.36579,0.333333,0,0,0
16306,-53.9646,4.36579,0.333333,0,0,0
16307,-54.967,4.36579,0.333333,0,0,0
16308,-55.9693,4.36579,0.333333,0,0,0
16309,-56.9717,4.36579,0.333333,0,0,0
16310,-57.9741,4.36579,0.333333,0,0,0
16311,-58.9764,4.36579,0.333333,0,0,0
16312,-59.9788,4.36579,0.333333,0,0,0
16313,-60.9811,4.36579,0.333333,0,0,0
16314,-61.9835,4.36579,0.333333,0,0,0
16315,-62.9858,4.36579,0.333333,0,0,0
16316,-63.9882,4.36579,0.333333,0,0,0
16317,-64.9906,4.36579,0.333333,0,0,0
16318,-65.9929,4.36579,0.333333,0,0,0
16319,-66.9953,4.36579,0.333333,0,0,0
16320,-67.9976,4.36579,0.333333,0,0,0
16321,-16.8774,5.34474,0.333333,0,0,0
16322,-17.8797,5.34474,0.333333,0,0,0
16323,-18.8821,5.34474,0.333333,0,0,0
16324,-19.8844,5.34474,0.333333,0,0,0
16325,-20.8868,5.34474,0.333333,0,0,0
16326,-21.8892,5.34474,0.333333,0,0,0
16327,-22.8915,5.34474,0.333333,0,0,0
16328,-23.8939,5.34474,0.333333,0,0,0
16329,-24.8962,5.34474,0.333333,0,0,0
16330,-25.8986,5.34474,0.333333,0,0,0
16331,-26.9009,5.34474,0.333333,0,0,0
16332,-27.9033,5.34474,0.333333,0,0,0
16333,-28.9057,5.34474,0.333333,0,0,0
16334,-29.908,5.34474,0.333333,0,0,0
16335,-30.9104,5.34474,0.333333,0,0,0
16336,-31.9127,5.34474,0.333333,0,0,0
16337,-32.9151,5.34474,0.333333,0,0,0
16338,-33.9175,5.34474,0.333333,0,0,0
16339,-34.9198,5.34474,0.333333,0,0,0
16340,-35.9222,5.34474,0.333333,0,0,0
16341,-36.9245,5.34474,0.333333,0,0,0
16342,-37.9269,5.34474,0.333333,0,0,0
16343,-38.9292,5.34474,0.333333,0,0,0
16344,-39.9316,5.34474,0.333333,0,0,0
16345,-40.934,5.34474,0.333333,0,0,0
16346,-41.9363,5.34474,0.333333,0,0,0
16347,-42.9387,5.34474,0.333333,0,0,0
16348,-43.941,5.34474,0.333333,0,0,0
16349,-44.9434,5.34474,0.333333,0,0,0
16350,-45.9458,5.34474,0.333333,0,0,0
16351,-46.9481,5.34474,0.333333,0,0,0
16352,-47.9505,5.34474,0.333333,0,0,0
16353,-48.9528,5.34474,0.333333,0,0,0
16354,-49.9552,5.34474,0.333333,0,0,0
16355,-50.9575,5.34474,0.333333,0,0,0
16356,-51.9599,5.34474,0.333333,0,0,0
16357,-52.9623,5.34474,0.333333,0,0,0
16358,-53.9646,5.34474,0.333333,0,0,0
16359,-54.967,5.34474,0.333333,0,0,0
16360,-55.9693,5.34474,0.333333,0,0,0
16361,-56.9717,5.34474,0.333333,0,0,0
16362,-57.9741,5.34474,0.333333,0,0,0
16363,-58.9764,5.34474,0.333333,0,0,0
16364,-59.9788,5.34474,0.333333,0,0,0
16365,-60.9811,5.34474,0.333333,0,0,0
16366,-61.9835,5.34474,0.333333,0,0,0
16367,-62.9858,5.34474,0.333333,0,0,0
16368,-63.9882,5.34474,0.333333,0,0,0
16369,-64.9906,5.34474,0.333333,0,0,0
16370,-65.9929,5.34474,0.333333,0,0,0
16371,-66.9953,5.34474,0.333333,0,0,0
16372,-67.9976,5.34474,0.333333,0,0,0
16373,-16.8774,6.32368,0.333333,0,0,0
16374,-17.8797,6.32368,0.333333,0,0,0
16375,-18.8821,6.32368,0.333333,0,0,0
16376,-19.8844,6.32368,0.333333,0,0,0
16377,-20.8868,6.32368,0.333333,0,0,0
16378,-21.8892,6.32368,0.333333,0,0,0
16379,-22.8915,6.32368,0.333333,0,0,0
16380,-23.8939,6.32368,0.333333,0,0,0
16381,-24.8962,6.32368,0.333333,0,0,0
16382,-25.8986,6.32368,0.333333,0,0,0
16383,-26.9009,6.32368,0.333333,0,0,0
16384,-27.9033,6.32368,0.333333,0,0,0
16385,-28.9057,6.32368,0.333333,0,0,0
16386,-29.908,6.32368,0.333333,0,0,0
16387,-30.9104,6.32368,0.333333,0,0,0
16388,-31.9127,6.32368,0.333333,0,0,0
16389,-32.9151,6.32368,0.333333,0,0,0
16390,-33.9175,6.32368,0.333333,0,0,0
16391,-34.9198,6.32368,0.333333,0,0,0
16392,-35.9222,6.32368,0.333333,0,0,0
16393,-36.9245,6.32368,0.333333,0,0,0
16394,-37.9269,6.32368,0.333333,0,0,0
16395,-38.9292,6.32368,0.333333,0,0,0
16396,-39.9316,6.32368,0.333333,0,0,0
16397,-40.934,6.32368,0.333333,0,0,0
16398,-41.9363,6.32368,0.333333,0,0,0
16399,-42.9387,6.32368,0.333333,0,0,0
16400,-43.941,6.32368,0.333333,0,0,0
16401,-44.9434,6.32368,0.333333,0,0,0
16402,-45.9458,6.32368,0.333333,0,0,0
16403,-46.9481,6.32368,0.333333,0,0,0
16404,-47.9505,6.32368,0.333333,0,0,0
16405,-48.9528,6.32368,0.333333,0,0,0
16406,-49.9552,6.32368,0.333333,0,0,0
16407,-50.9575,6.32368,0.333333,0,0,0
16408,-51.9599,6.32368,0.333333,0,0,0
16409,-52.9623,6.32368,0.333333,0,0,0
16410,-53.9646,6.32368,0.333333,0,0,0
16411,-54.967,6.32368,0.333333,0,0,0
16412,-55.9693,6.32368,0.333333,0,0,0
16413,-56.9717,6.32368,0.333333,0,0,0
16414,-57.9741,6.32368,0.333333,0,0,0
16415,-58.9764,6.32368,0.333333,0,0,0
16416,-59.9788,6.32368,0.333333,0,0,0
16417,-60.9811,6.32368,0.333333,0,0,0
16418,-61.9835,6.32368,0.333333,0,0,0
16419,-62.9858,6.32368,0.333333,0,0,0
16420,-63.9882,6.32368,0.333333,0,0,0
16421,-64.9906,6.32368,0.333333,0,0,0
16422,-65.9929,6.32368,0.333333,0,0,0
16423,-66.9953,6.32368,0.333333,0,0,0
16424,-67.9976,6.32368,0.333333,0,0,0
16425,-16.8774,7.30263,0.333333,0,0,0
16426,-17.8797,7.30263,0.333333,0,0,0
16427,-18.8821,7.30263,0.333333,0,0,0
16428,-19.8844,7.30263,0.333333,0,0,0
16429,-20.8868,7.30263,0.333333,0,0,0
16430,-21.8892,7.30263,0.333333,0,0,0
16431,-22.8915,7.30263,0.333333,0,0,0
16432,-23.8939,7.30263,0.333333,0,0,0
16433,-24.8962,7.30263,0.333333,0,0,0
16434,-25.8986,7.30263,0.333333,0,0,0
16435,-26.9009,7.30263,0.333333,0,0,0
16436,-27.9033,7.30263,0.333333,0,0,0
16437,-28.9057,7.30263,0.333333,0,0,0
16438,-29.908,7.30263,0.333333,0,0,0
16439,-30.9104,7.30263,0.333333,0,0,0
16440,-31.9127,7.30263,0.333333,0,0,0
16441,-32.9151,7.30263,0.333333,0,0,0
16442,-33.9175,7.30263,0.333333,0,0,0
16443,-34.9198,7.30263,0.333333,0,0,0
16444,-35.9222,7.30263,0.333333,0,0,0
16445,-36.9245,7.30263,0.333333,0,0,0
16446,-37.9269,7.30263,0.333333,0,0,0
16447,-38.9292,7.30263,0.333333,0,0,0
16448,-39.9316,7.30263,0.333333,0,0,0
16449,-40.934,7.30263,0.333333,0,0,0
16450,-41.9363,7.30263,0.333333,0,0,0
16451,-42.9387,7.30263,0.333333,0,0,0
16452,-43.941,7.30263,0.333333,0,0,0
16453,-44.9434,7.30263,0.333333,0,0,0
16454,-45.9458,7.30263,0.333333,0,0,0
16455,-46.9481,7.30263,0.333333,0,0,0
16456,-47.9505,7.30263,0.333333,0,0,0
16457,-48.9528,7.30263,0.333333,0,0,0
16458,-49.9552,7.30263,0.333333,0,0,0
16459,-50.9575,7.30263,0.333333,0,0,0
16460,-51.9599,7.30263,0.333333,0,0,0
16461,-52.9623,7.30263,0.333333,0,0,0
16462,-53.9646,7.30263,0.333333,0,0,0
16463,-54.967,7.30263,0.333333,0,0,0
16464,-55.9693,7.30263,0.333333,0,0,0
16465,-56.9717,7.30263,0.333333,0,0,0
16466,-57.9741,7.30263,0.333333,0,0,0
16467,-58.9764,7.30263,0.333333,0,0,0
16468,-59.9788,7.30263,0.333333,0,0,0
16469,-60.9811,7.30263,0.333333,0,0,0
16470,-61.9835,7.30263,0.333333,0,0,0
16471,-62.9858,7.30263,0.333333,0,0,0
16472,-63.9882,7.30263,0.333333,0,0,0
16473,-64.9906,7.30263,0.333333,0,0,0
16474,-65.9929,7.30263,0.333333,0,0,0
16475,-66.9953,7.30263,0.333333,0,0,0
16476,-67.9976,7.30263,0.333333,0,0,0
16477,-16.8774,8.28158,0.333333,0,0,0
16478,-17.8797,8.28158,0.333333,0,0,0
16479,-18.8821,8.28158,0.333333,0,0,0
16480,-19.8844,8.28158,0.333333,0,0,0
16481,-20.8868,8.28158,0.333333,0,0,0
16482,-21.8892,8.28158,0.333333,0,0,0
16483,-22.8915,8.28158,0.333333,0,0,0
16484,-23.8939,8.28158,0.333333,0,0,0
16485,-24.8962,8.28158,0.333333,0,0,0
16486,-25.8986,8.28158,0.333333,0,0,0
16487,-26.9009,8.28158,0.333333,0,0,0
16488,-27.9033,8.28158,0.333333,0,0,0
16489,-28.9057,8.28158,0.333333,0,0,0
16490,-29.908,8.28158,0.333333,0,0,0
16491,-30.9104,8.28158,0.333333,0,0,0
16492,-31.9127,8.28158,0.333333,0,0,0
16493,-32.9151,8.28158,0.333333,0,0,0
16494,-33.9175,8.28158,0.333333,0,0,0
16495,-34.9198,8.28158,0.333333,0,0,0
16496,-35.9222,8.28158,0.333333,0,0,0
16497,-36.9245,8.28158,0.333333,0,0,0
16498,-37.9269,8.28158,0.333333,0,0,0
16499,-38.9292,8.28158,0.333333,0,0,0
16500,-39.9316,8.28158,0.333333,0,0,0
16501,-40.934,8.28158,0.333333,0,0,0
16502,-41.9363,8.28158,0.333333,0,0,0
16503,-42.9387,8.28158,0.333333,0,0,0
16504,-43.941,8.28158,0.333333,0,0,0
16505,-44.9434,8.28158,0.333333,0,0,0
16506,-45.9458,8.28158,0.333333,0,0,0
16507,-46.9481,8.28158,0.333333,0,0,0
16508,-47.9505,8.28158,0.333333,0,0,0
16509,-48.9528,8.28158,0.333333,0,0,0
16510,-49.9552,8.28158,0.333333,0,0,0
16511,-50.9575,8.28158,0.333333,0,0,0
16512,-51.9599,8.28158,0.333333,0,0,0
16513,-52.9623,8.28158,0.333333,0,0,0
16514,-53.9646,8.28158,0.333333,0,0,0
16515,-54.967,8.28158,0.333333,0,0,0
16516,-55.9693,8.28158,0.333333,0,0,0
16517,-56.9717,8.28158,0.333333,0,0,0
16518,-57.9741,8.28158,0.333333,0,0,0
16519,-58.9764,8.28158,0.333333,0,0,0
16520,-59.9788,8.28158,0.333333,0,0,0
16521,-60.9811,8.28158,0.333333,0,0,0
16522,-61.9835,8.28158,0.333333,0,0,0
16523,-62.9858,8.28158,0.333333,0,0,0
16524,-63.9882,8.28158,0.333333,0,0,0
16525,-64.9906,8.28158,0.333333,0,0,0
16526,-65.9929,8.28158,0.333333,0,0,0
16527,-66.9953,8.28158,0.333333,0,0,0
16528,-67.9976,8.28158,0.333333,0,0,0
16529,-16.8774,9.26053,0.333333,0,0,0
16530,-17.8797,9.26053,0.333333,0,0,0
16531,-18.8821,9.26053,0.333333,0,0,0
16532,-19.8844,9.26053,0.333333,0,0,0
16533,-20.8868,9.26053,0.333333,0,0,0
16534,-21.8892,9.26053,0.333333,0,0,0
16535,-22.8915,9.26053,0.333333,0,0,0
16536,-23.8939,9.26053,0.333333,0,0,0
16537,-24.8962,9.26053,0.333333,0,0,0
16538,-25.8986,9.26053,0.333333,0,0,0
16539,-26.9009,9.26053,0.333333,0,0,0
16540,-27.9033,9.26053,0.333333,0,0,0
16541,-28.9057,9.26053,0.333333,0,0,0
16542,-29.908,9.26053,0.333333,0,0,0
16543,-30.9104,9.26053,0.333333,0,0,0
16544,-31.9127,9.26053,0.333333,0,0,0
16545,-32.9151,9.26053,0.333333,0,0,0
16546,-33.9175,9.26053,0.333333,0,0,0
16547,-34.9198,9.26053,0.333333,0,0,0
16548,-35.9222,9.26053,0.333333,0,0,0
16549,-36.9245,9.26053,0.333333,0,0,0
16550,-37.9269,9.26053,0.333333,0,0,0
16551,-38.9292,9.26053,0.333333,0,0,0
16552,-39.9316,9.26053,0.333333,0,0,0
16553,-40.934,9.26053,0.333333,0,0,0
16554,-41.9363,9.26053,0.333333,0,0,0
16555,-42.9387,9.26053,0.333333,0,0,0
16556,-43.941,9.26053,0.333333,0,0,0
16557,-44.9434,9.26053,0.333333,0,0,0
16558,-45.9458,9.26053,0.333333,0,0,0
16559,-46.9481,9.26053,0.333333,0,0,0
16560,-47.9505,9.26053,0.333333,0,0,0
16561,-48.9528,9.26053,0.333333,0,0,0
16562,-49.9552,9.26053,0.333333,0,0,0
16563,-50.9575,9.26053,0.333333,0,0,0
16564,-51.9599,9.26053,0.333333,0,0,0
16565,-52.9623,9.26053,0.333333,0,0,0
16566,-53.9646,9.26053,0.333333,0,0,0
16567,-54.967,9.26053,0.333333,0,0,0
16568,-55.9693,9.26053,0.333333,0,0,0
16569,-56.9717,9.26053,0.333333,0,0,0
16570,-57.9741,9.26053,0.333333,0,0,0
16571,-58.9764,9.26053,0.333333,0,0,0
16572,-59.9788,9.26053,0.333333,0,0,0
16573,-60.9811,9.26053,0.333333,0,0,0
16574,-61.9835,9.26053,0.333333,0,0,0
16575,-62.9858,9.26053,0.333333,0,0,0
16576,-63.9882,9.26053,0.333333,0,0,0
16577,-64.9906,9.26053,0.333333,0,0,0
16578,-65.9929,9.26053,0.333333,0,0,0
16579,-66.9953,9.26053,0.333333,0,0,0
16580,-67.9976,9.26053,0.333333,0,0,0
16581,-16.8774,10.2395,0.333333,0,0,0
16582,-17.8797,10.2395,0.333333,0,0,0
16583,-18.8821,10.2395,0.333333,0,0,0
16584,-19.8844,10.2395,0.333333,0,0,0
16585,-20.8868,10.2395,0.333333,0,0,0
16586,-21.8892,10.2395,0.333333,0,0,0
16587,-22.8915,10.2395,0.333333,0,0,0
16588,-23.8939,10.2395,0.333333,0,0,0
16589,-24.8962,10.2395,0.333333,0,0,0
16590,-25.8986,10.2395,0.333333,0,0,0
16591,-26.9009,10.2395,0.333333,0,0,0
16592,-27.9033,10.2395,0.333333,0,0,0
16593,-28.9057,10.2395,0.333333,0,0,0
16594,-29.908,10.2395,0.333333,0,0,0
16595,-30.9104,10.2395,0.333333,0,0,0
16596,-31.9127,10.2395,0.333333,0,0,0
16597,-32.9151,10.2395,0.333333,0,0,0
16598,-33.9175,10.2395,0.333333,0,0,0
16599,-34.9198,10.2395,0.333333,0,0,0
16600,-35.9222,10.2395,0.333333,0,0,0
16601,-36.9245,10.2395,0.333333,0,0,0
16602,-37.9269,10.2395,0.333333,0,0,0
16603,-38.9292,10.2395,0.333333,0,0,0
16604,-39.9316,10.2395,0.333333,0,0,0
16605,-40.934,10.2395,0.333333,0,0,0
16606,-41.9363,10.2395,0.333333,0,0,0
16607,-42.9387,10.2395,0.333333,0,0,0
16608,-43.941,10.2395,0.333333,0,0,0
16609,-44.9434,10.2395,0.333333,0,0,0
16610,-45.9458,10.2395,0.333333,0,0,0
16611,-46.9481,10.2395,0.333333,0,0,0
16612,-47.9505,10.2395,0.333333,0,0,0
16613,-48.9528,10.2395,0.333333,0,0,0
16614,-49.9552,10.2395,0.333333,0,0,0
16615,-50.9575,10.2395,0.333333,0,0,0
16616,-51.9599,10.2395,0.333333,0,0,0
16617,-52.9623,10.2395,0.333333,0,0,0
16618,-53.9646,10.2395,0.333333,0,0,0
16619,-54.967,10.2395,0.333333,0,0,0
16620,-55.9693,10.2395,0.333333,0,0,0
16621,-56.9717,10.2395,0.333333,0,0,0
16622,-57.9741,10.2395,0.333333,0,0,0
16623,-58.9764,10.2395,0.333333,0,0,0
16624,-59.9788,10.2395,0.333333,0,0,0
16625,-60.9811,10.2395,0.333333,0,0,0
16626,-61.9835,10.2395,0.333333,0,0,0
16627,-62.9858,10.2395,0.333333,0,0,0
16628,-63.9882,10.2395,0.333333,0,0,0
16629,-64.9906,10.2395,0.333333,0,0,0
16630,-65.9929,10.2395,0.333333,0,0,0
16631,-66.9953,10.2395,0.333333,0,0,0
16632,-67.9976,10.2395,0.333333,0,0,0
16633,-16.8774,11.2184,0.333333,0,0,0
16634,-17.8797,11.2184,0.333333,0,0,0
16635,-18.8821,11.2184,0.333333,0,0,0
16636,-19.8844,11.2184,0.333333,0,0,0
16637,-20.8868,11.2184,0.333333,0,0,0
16638,-21.8892,11.2184,0.333333,0,0,0
16639,-22.8915,11.2184,0.333333,0,0,0
16640,-23.8939,11.2184,0.333333,0,0,0
16641,-24.8962,11.2184,0.333333,0,0,0
16642,-25.8986,11.2184,0.333333,0,0,0
16643,-26.9009,11.2184,0.333333,0,0,0
16644,-27.9033,11.2184,0.333333,0,0,0
16645,-28.9057,11.2184,0.333333,0,0,0
16646,-29.908,11.2184,0.333333,0,0,0
16647,-30.9104,11.2184,0.333333,0,0,0
16648,-31.9127,11.2184,0.333333,0,0,0
16649,-32.9151,11.2184,0.333333,0,0,0
16650,-33.9175,11.2184,0.333333,0,0,0
16651,-34.9198,11.2184,0.333333,0,0,0
16652,-35.9222,11.2184,0.333333,0,0,0
16653,-36.9245,11.2184,0.333333,0,0,0
16654,-37.9269,11.2184,0.333333,0,0,0
16655,-38.9292,11.2184,0.333333,0,0,0
16656,-39.9316,11.2184,0.333333,0,0,0
16657,-40.934,11.2184,0.333333,0,0,0
16658,-41.9363,11.2184,0.333333,0,0,0
16659,-42.9387,11.2184,0.333333,0,0,0
16660,-43.941,11.2184,0.333333,0,0,0
16661,-44.9434,11.2184,0.333333,0,0,0
16662,-45.9458,11.2184,0.333333,0,0,0
16663,-46.9481,11.2184,0.333333,0,0,0
16664,-47.9505,11.2184,0.333333,0,0,0
16665,-48.9528,11.2184,0.333333,0,0,0
16666,-49.9552,11.2184,0.333333,0,0,0
16667,-50.9575,11.2184,0.333333,0,0,0
16668,-51.9599,11.2184,0.333333,0,0,0
16669,-52.9623,11.2184,0.333333,0,0,0
16670,-53.9646,11.2184,0.333333,0,0,0
16671,-54.967,11.2184,0.333333,0,0,0
16672,-55.9693,11.2184,0.333333,0,0,0
16673,-56.9717,11.2184,0.333333,0,0,0
16674,-57.9741,11.2184,0.333333,0,0,0
16675,-58.9764,11.2184,0.333333,0,0,0
16676,-59.9788,11.2184,0.333333,0,0,0
16677,-60.9811,11.2184,0.333333,0,0,0
16678,-61.9835,11.2184,0.333333,0,0,0
16679,-62.9858,11.2184,0.333333,0,0,0
16680,-63.9882,11.2184,0.333333,0,0,0
16681,-64.9906,11.2184,0.333333,0,0,0
16682,-65.9929,11.2184,0.333333,0,0,0
16683,-66.9953,11.2184,0.333333,0,0,0
16684,-67.9976,11.2184,0.333333,0,0,0
16685,-16.8774,12.1974,0.333333,0,0,0
16686,-17.8797,12.1974,0.333333,0,0,0
16687,-18.8821,12.1974,0.333333,0,0,0
16688,-19.8844,12.1974,0.333333,0,0,0
16689,-20.8868,12.1974,0.333333,0,0,0
16690,-21.8892,12.1974,0.333333,0,0,0
16691,-22.8915,12.1974,0.333333,0,0,0
16692,-23.8939,12.1974,0.333333,0,0,0
16693,-24.8962,12.1974,0.333333,0,0,0
16694,-25.8986,12.1974,0.333333,0,0,0
16695,-26.9009,12.1974,0.333333,0,0,0
16696,-27.9033,12.1974,0.333333,0,0,0
16697,-28.9057,12.1974,0.333333,0,0,0
16698,-29.908,12.1974,0.333333,0,0,0
16699,-30.9104,12.1974,0.333333,0,0,0
16700,-31.9127,12.1974,0.333333,0,0,0
16701,-32.9151,12.1974,0.333333,0,0,0
16702,-33.9175,12.1974,0.333333,0,0,0
16703,-34.9198,12.1974,0.333333,0,0,0
16704,-35.9222,12.1974,0.333333,0,0,0
16705,-36.9245,12.1974,0.333333,0,0,0
16706,-37.9269,12.1974,0.333333,0,0,0
16707,-38.9292,12.1974,0.333333,0,0,0
16708,-39.9316,12.1974,0.333333,0,0,0
16709,-40.934,12.1974,0.333333,0,0,0
16710,-41.9363,12.1974,0.333333,0,0,0
16711,-42.9387,12.1974,0.333333,0,0,0
16712,-43.941,12.1974,0.333333,0,0,0
16713,-44.9434,12.1974,0.333333,0,0,0
16714,-45.9458,12.1974,0.333333,0,0,0
16715,-46.9481,12.1974,0.333333,0,0,0
16716,-47.9505,12.1974,0.333333,0,0,0
16717,-48.9528,12.1974,0.333333,0,0,0
16718,-49.9552,12.1974,0.333333,0,0,0
16719,-50.9575,12.1974,0.333333,0,0,0
16720,-51.9599,12.1974,0.333333,0,0,0
16721,-52.9623,12.1974,0.333333,0,0,0
16722,-53.9646,12.1974,0.333333,0,0,0
16723,-54.967,12.1974,0.333333,0,0,0
16724,-55.9693,12.1974,0.333333,0,0,0
16725,-56.9717,12.1974,0.333333,0,0,0
16726,-57.9741,12.1974,0.333333,0,0,0
16727,-58.9764,12.1974,0.333333,0,0,0
16728,-59.9788,12.1974,0.333333,0,0,0
16729,-60.9811,12.1974,0.333333,0,0,0
16730,-61.9835,12.1974,0.333333,0,0,0
16731,-62.9858,12.1974,0.333333,0,0,0
16732,-63.9882,12.1974,0.333333,0,0,0
16733,-64.9906,12.1974,0.333333,0,0,0
16734,-65.9929,12.1974,0.333333,0,0,0
16735,-66.9953,12.1974,0.333333,0,0,0
16736,-67.9976,12.1974,0.333333,0,0,0
16737,-16.8774,13.1763,0.333333,0,0,0
16738,-17.8797,13.1763,0.333333,0,0,0
16739,-18.8821,13.1763,0.333333,0,0,0
16740,-19.8844,13.1763,0.333333,0,0,0
16741,-20.8868,13.1763,0.333333,0,0,0
16742,-21.8892,13.1763,0.333333,0,0,0
16743,-22.8915,13.1763,0.333333,0,0,0
16744,-23.8939,13.1763,0.333333,0,0,0
16745,-24.8962,13.1763,0.333333,0,0,0
16746,-25.8986,13.1763,0.333333,0,0,0
16747,-26.9009,13.1763,0.333333,0,0,0
16748,-27.9033,13.1763,0.333333,0,0,0
16749,-28.9057,13.1763,0.333333,0,0,0
16750,-29.908,13.1763,0.333333,0,0,0
16751,-30.9104,13.1763,0.333333,0,0,0
16752,-31.9127,13.1763,0.333333,0,0,0
16753,-32.9151,13.1763,0.333333,0,0,0
16754,-33.9175,13.1763,0.333333,0,0,0
16755,-34.9198,13.1763,0.333333,0,0,0
16756,-35.9222,13.1763,0.333333,0,0,0
16757,-36.9245,13.1763,0.333333,0,0,0
16758,-37.9269,13.1763,0.333333,0,0,0
16759,-38.9292,13.1763,0.333333,0,0,0
16760,-39.9316,13.1763,0.333333,0,0,0
16761,-40.934,13.1763,0.333333,0,0,0
16762,-41.9363,13.1763,0.333333,0,0,0
16763,-42.9387,13.1763,0.333333,0,0,0
16764,-43.941,13.1763,0.333333,0,0,0
16765,-44.9434,13.1763,0.333333,0,0,0
16766,-45.9458,13.1763,0.333333,0,0,0
16767,-46.9481,13.1763,0.333333,0,0,0
16768,-47.9505,13.1763,0.333333,0,0,0
16769,-48.9528,13.1763,0.333333,0,0,0
16770,-49.9552,13.1763,0.333333,0,0,0
16771,-50.9575,13.1763,0.333333,0,0,0
16772,-51.9599,13.1763,0.333333,0,0,0
16773,-52.9623,13.1763,0.333333,0,0,0
16774,-53.9646,13.1763,0.333333,0,0,0
16775,-54.967,13.1763,0.333333,0,0,0
16776,-55.9693,13.1763,0.333333,0,0,0
16777,-56.9717,13.1763,0.333333,0,0,0
16778,-57.9741,13.1763,0.333333,0,0,0
16779,-58.9764,13.1763,0.333333,0,0,0
16780,-59.9788,13.1763,0.333333,0,0,0
16781,-60.9811,13.1763,0.333333,0,0,0
16782,-61.9835,13.1763,0.333333,0,0,0
16783,-62.9858,13.1763,0.333333,0,0,0
16784,-63.9882,13.1763,0.333333,0,0,0
16785,-64.9906,13.1763,0.333333,0,0,0
16786,-65.9929,13.1763,0.333333,0,0,0
16787,-66.9953,13.1763,0.333333,0,0,0
16788,-67.9976,13.1763,0.333333,0,0,0
16789,-16.8774,14.1553,0.333333,0,0,0
16790,-17.8797,14.1553,0.333333,0,0,0
16791,-18.8821,14.1553,0.333333,0,0,0
16792,-19.8844,14.1553,0.333333,0,0,0
16793,-20.8868,14.1553,0.333333,0,0,0
16794,-21.8892,14.1553,0.333333,0,0,0
16795,-22.8915,14.1553,0.333333,0,0,0
16796,-23.8939,14.1553,0.333333,0,0,0
16797,-24.8962,14.1553,0.333333,0,0,0
16798,-25.8986,14.1553,0.333333,0,0,0
16799,-26.9009,14.1553,0.333333,0,0,0
16800,-27.9033,14.1553,0.333333,0,0,0
16801,-28.9057,14.1553,0.333333,0,0,0
16802,-29.908,14.1553,0.333333,0,0,0
16803,-30.9104,14.1553,0.333333,0,0,0
16804,-31.9127,14.1553,0.333333,0,0,0
16805,-32.9151,14.1553,0.333333,0,0,0
16806,-33.9175,14.1553,0.333333,0,0,0
16807,-34.9198,14.1553,0.333333,0,0,0
16808,-35.9222,14.1553,0.333333,0,0,0
16809,-36.9245,14.1553,0.333333,0,0,0
16810,-37.9269,14.1553,0.333333,0,0,0
16811,-38.9292,14.1553,0.333333,0,0,0
16812,-39.9316,14.1553,0.333333,0,0,0
16813,-40.934,14.1553,0.333333,0,0,0
16814,-41.9363,14.1553,0.333333,0,0,0
16815,-42.9387,14.1553,0.333333,0,0,0
16816,-43.941,14.1553,0.333333,0,0,0
16817,-44.9434,14.1553,0.333333,0,0,0
16818,-45.9458,14.1553,0.333333,0,0,0
16819,-46.9481,14.1553,0.333333,0,0,0
16820,-47.9505,14.1553,0.333333,0,0,0
16821,-48.9528,14.1553,0.333333,0,0,0
16822,-49.9552,14.1553,0.333333,0,0,0
16823,-50.9575,14.1553,0.333333,0,0,0
16824,-51.9599,14.1553,0.333333,0,0,0
16825,-52.9623,14.1553,0.333333,0,0,0
16826,-53.9646,14.1553,0.333333,0,0,0
16827,-54.967,14.1553,0.333333,0,0,0
16828,-55.9693,14.1553,0.333333,0,0,0
16829,-56.9717,14.1553,0.333333,0,0,0
16830,-57.9741,14.1553,0.333333,0,0,0
16831,-58.9764,14.1553,0.333333,0,0,0
16832,-59.9788,14.1553,0.333333,0,0,0
16833,-60.9811,14.1553,0.333333,0,0,0
16834,-61.9835,14.1553,0.333333,0,0,0
16835,-62.9858,14.1553,0.333333,0,0,0
16836,-63.9882,14.1553,0.333333,0,0,0
16837,-64.9906,14.1553,0.333333,0,0,0
16838,-65.9929,14.1553,0.333333,0,0,0
16839,-66.9953,14.1553,0.333333,0,0,0
16840,-67.9976,14.1553,0.333333,0,0,0
16841,-16.8774,15.1342,0.333333,0,0,0
16842,-17.8797,15.1342,0.333333,0,0,0
16843,-18.8821,15.1342,0.333333,0,0,0
16844,-19.8844,15.1342,0.333333,0,0,0
16845,-20.8868,15.1342,0.333333,0,0,0
16846,-21.8892,15.1342,0.333333,0,0,0
16847,-22.8915,15.1342,0.333333,0,0,0
16848,-23.8939,15.1342,0.333333,0,0,0
16849,-24.8962,15.1342,0.333333,0,0,0
16850,-25.8986,15.1342,0.333333,0,0,0
16851,-26.9009,15.1342,0.333333,0,0,0
16852,-27.9033,15.1342,0.333333,0,0,0
16853,-28.9057,15.1342,0.333333,0,0,0
16854,-29.908,15.1342,0.333333,0,0,0
16855,-30.9104,15.1342,0.333333,0,0,0
16856,-31.9127,15.1342,0.333333,0,0,0
16857,-32.9151,15.1342,0.333333,0,0,0
16858,-33.9175,15.1342,0.333333,0,0,0
16859,-34.9198,15.1342,0.333333,0,0,0
16860,-35.9222,15.1342,0.333333,0,0,0
16861,-36.9245,15.1342,0.333333,0,0,0
16862,-37.9269,15.1342,0.333333,0,0,0
16863,-38.9292,15.1342,0.333333,0,0,0
16864,-39.9316,15.1342,0.333333,0,0,0
16865,-40.934,15.1342,0.333333,0,0,0
16866,-41.9363,15.1342,0.333333,0,0,0
16867,-42.9387,15.1342,0.333333,0,0,0
16868,-43.941,15.1342,0.333333,0,0,0
16869,-44.9434,15.1342,0.333333,0,0,0
16870,-45.9458,15.1342,0.333333,0,0,0
16871,-46.9481,15.1342,0.333333,0,0,0
16872,-47.9505,15.1342,0.333333,0,0,0
16873,-48.9528,15.1342,0.333333,0,0,0
16874,-49.9552,15.1342,0.333333,0,0,0
16875,-50.9575,15.1342,0.333333,0,0,0
16876,-51.9599,15.1342,0.333333,0,0,0
16877,-52.9623,15.1342,0.333333,0,0,0
16878,-53.9646,15.1342,0.333333,0,0,0
16879,-54.967,15.1342,0.333333,0,0,0
16880,-55.9693,15.1342,0.333333,0,0,0
16881,-56.9717,15.1342,0.333333,0,0,0
16882,-57.9741,15.1342,0.333333,0,0,0
16883,-58.9764,15.1342,0.333333,0,0,0
16884,-59.9788,15.1342,0.333333,0,0,0
16885,-60.9811,15.1342,0.333333,0,0,0
16886,-61.9835,15.1342,0.333333,0,0,0
16887,-62.9858,15.1342,0.333333,0,0,0
16888,-63.9882,15.1342,0.333333,0,0,0
16889,-64.9906,15.1342,0.333333,0,0,0
16890,-65.9929,15.1342,0.333333,0,0,0
16891,-66.9953,15.1342,0.333333,0,0,0
16892,-67.9976,15.1342,0.333333,0,0,0
16893,-16.8774,16.1132,0.333333,0,0,0
16894,-17.8797,16.1132,0.333333,0,0,0
16895,-18.8821,16.1132,0.333333,0,0,0
16896,-19.8844,16.1132,0.333333,0,0,0
16897,-20.8868,16.1132,0.333333,0,0,0
16898,-21.8892,16.1132,0.333333,0,0,0
16899,-22.8915,16.1132,0.333333,0,0,0
16900,-23.8939,16.1132,0.333333,0,0,0
16901,-24.8962,16.1132,0.333333,0,0,0
16902,-25.8986,16.1132,0.333333,0,0,0
16903,-26.9009,16.1132,0.333333,0,0,0
16904,-27.9033,16.1132,0.333333,0,0,0
16905,-28.9057,16.1132,0.333333,0,0,0
16906,-29.908,16.1132,0.333333,0,0,0
16907,-30.9104,16.1132,0.333333,0,0,0
16908,-31.9127,16.1132,0.333333,0,0,0
16909,-32.9151,16.1132,0.333333,0,0,0
16910,-33.9175,16.1132,0.333333,0,0,0
16911,-34.9198,16.1132,0.333333,0,0,0
16912,-35.9222,16.1132,0.333333,0,0,0
16913,-36.9245,16.1132,0.333333,0,0,0
16914,-37.9269,16.1132,0.333333,0,0,0
16915,-38.9292,16.1132,0.333333,0,0,0
16916,-39.9316,16.1132,0.333333,0,0,0
16917,-40.934,16.1132,0.333333,0,0,0
16918,-41.9363,16.1132,0.333333,0,0,0
16919,-42.9387,16.1132,0.333333,0,0,0
16920,-43.941,16.1132,0.333333,0,0,0
16921,-44.9434,16.1132,0.333333,0,0,0
16922,-45.9458,16.1132,0.333333,0,0,0
16923,-46.9481,16.1132,0.333333,0,0,0
16924,-47.9505,16.1132,0.333333,0,0,0
16925,-48.9528,16.1132,0.333333,0,0,0
16926,-49.9552,16.1132,0.333333,0,0,0
16927,-50.9575,16.1132,0.333333,0,0,0
16928,-51.9599,16.1132,0.333333,0,0,0
16929,-52.9623,16.1132,0.333333,0,0,0
16930,-53.9646,16.1132,0.333333,0,0,0
16931,-54.967,16.1132,0.333333,0,0,0
16932,-55.9693,16.1132,0.333333,0,0,0
16933,-56.9717,16.1132,0.333333,0,0,0
16934,-57.9741,16.1132,0.333333,0,0,0
16935,-58.9764,16.1132,0.333333,0,0,0
16936,-59.9788,16.1132,0.333333,0,0,0
16937,-60.9811,16.1132,0.333333,0,0,0
16938,-61.9835,16.1132,0.333333,0,0,0
16939,-62.9858,16.1132,0.333333,0,0,0
16940,-63.9882,16.1132,0.333333,0,0,0
16941,-64.9906,16.1132,0.333333,0,0,0
16942,-65.9929,16.1132,0.333333,0,0,0
16943,-66.9953,16.1132,0.333333,0,0,0
16944,-67.9976,16.1132,0.333333,0,0,0
16945,-16.8774,17.0921,0.333333,0,0,0
16946,-17.8797,17.0921,0.333333,0,0,0
16947,-18.8821,17.0921,0.333333,0,0,0
16948,-19.8844,17.0921,0.333333,0,0,0
16949,-20.8868,17.0921,0.333333,0,0,0
16950,-21.8892,17.0921,0.333333,0,0,0
16951,-22.8915,17.0921,0.333333,0,0,0
16952,-23.8939,17.0921,0.333333,0,0,0
16953,-24.8962,17.0921,0.333333,0,0,0
16954,-25.8986,17.0921,0.333333,0,0,0
16955,-26.9009,17.0921,0.333333,0,0,0
16956,-27.9033,17.0921,0.333333,0,0,0
16957,-28.9057,17.0921,0.333333,0,0,0
16958,-29.908,17.0921,0.333333,0,0,0
16959,-30.9104,17.0921,0.333333,0,0,0
16960,-31.9127,17.0921,0.333333,0,0,0
16961,-32.9151,17.0921,0.333333,0,0,0
16962,-33.9175,17.0921,0.333333,0,0,0
16963,-34.9198,17.0921,0.333333,0,0,0
16964,-35.9222,17.0921,0.333333,0,0,0
16965,-36.9245,17.0921,0.333333,0,0,0
16966,-37.9269,17.0921,0.333333,0,0,0
16967,-38.9292,17.0921,0.333333,0,0,0
16968,-39.9316,17.0921,0.333333,0,0,0
16969,-40.934,17.0921,0.333333,0,0,0
16970,-41.9363,17.0921,0.333333,0,0,0
16971,-42.9387,17.0921,0.333333,0,0,0
16972,-43.941,17.0921,0.333333,0,0,0
16973,-44.9434,17.0921,0.333333,0,0,0
16974,-45.9458,17.0921,0.333333,0,0,0
16975,-46.9481,17.0921,0.333333,0,0,0
16976,-47.9505,17.0921,0.333333,0,0,0
16977,-48.9528,17.0921,0.333333,0,0,0
16978,-49.9552,17.0921,0.333333,0,0,0
16979,-50.9575,17.0921,0.333333,0,0,0
16980,-51.9599,17.0921,0.333333,0,0,0
16981,-52.9623,17.0921,0.333333,0,0,0
16982,-53.9646,17.0921,0.333333,0,0,0
16983,-54.967,17.0921,0.333333,0,0,0
16984,-55.9693,17.0921,0.333333,0,0,0
16985,-56.9717,17.0921,0.333333,0,0,0
16986,-57.9741,17.0921,0.333333,0,0,0
16987,-58.9764,17.0921,0.333333,0,0,0
16988,-59.9788,17.0921,0.333333,0,0,0
16989,-60.9811,17.0921,0.333333,0,0,0
16990,-61.9835,17.0921,0.333333,0,0,0
16991,-62.9858,17.0921,0.333333,0,0,0
16992,-63.9882,17.0921,0.333333,0,0,0
16993,-64.9906,17.0921,0.333333,0,0,0
16994,-65.9929,17.0921,0.333333,0,0,0
16995,-66.9953,17.0921,0.333333,0,0,0
16996,-67.9976,17.0921,0.333333,0,0,0
16997,-16.8774,18.0711,0.333333,0,0,0
16998,-17.8797,18.0711,0.333333,0,0,0
16999,-18.8821,18.0711,0.333333,0,0,0
17000,-19.8844,18.0711,0.333333,0,0,0
17001,-20.8868,18.0711,0.333333,0,0,0
17002,-21.8892,18.0711,0.333333,0,0,0
17003,-22.8915,18.0711,0.333333,0,0,0
17004,-23.8939,18.0711,0.333333,0,0,0
17005,-24.8962,18.0711,0.333333,0,0,0
17006,-25.8986,18.0711,0.333333,0,0,0
17007,-26.9009,18.0711,0.333333,0,0,0
17008,-27.9033,18.0711,0.333333,0,0,0
17009,-28.9057,18.0711,0.333333,0,0,0
17010,-29.908,18.0711,0.333333,0,0,0
17011,-30.9104,18.0711,0.333333,0,0,0
17012,-31.9127,18.0711,0.333333,0,0,0
17013,-32.9151,18.0711,0.333333,0,0,0
17014,-33.9175,18.0711,0.333333,0,0,0
17015,-34.9198,18.0711,0.333333,0,0,0
17016,-35.9222,18.0711,0.333333,0,0,0
17017,-36.9245,18.0711,0.333333,0,0,0
17018,-37.9269,18.0711,0.333333,0,0,0
17019,-38.9292,18.0711,0.333333,0,0,0
17020,-39.9316,18.0711,0.333333,0,0,0
17021,-40.934,18.0711,0.333333,0,0,0
17022,-41.9363,18.0711,0.333333,0,0,0
17023,-42.9387,18.0711,0.333333,0,0,0
17024,-43.941,18.0711,0.333333,0,0,0
17025,-44.9434,18.0711,0.333333,0,0,0
17026,-45.9458,18.0711,0.333333,0,0,0
17027,-46.9481,18.0711,0.333333,0,0,0
17028,-47.9505,18.0711,0.333333,0,0,0
17029,-48.9528,18.0711,0.333333,0,0,0
17030,-49.9552,18.0711,0.333333,0,0,0
17031,-50.9575,18.0711,0.333333,0,0,0
17032,-51.9599,18.0711,0.333333,0,0,0
17033,-52.9623,18.0711,0.333333,0,0,0
17034,-53.9646,18.0711,0.333333,0,0,0
17035,-54.967,18.0711,0.333333,0,0,0
17036,-55.9693,18.0711,0.333333,0,0,0
17037,-56.9717,18.0711,0.333333,0,0,0
17038,-57.9741,18.0711,0.333333,0,0,0
17039,-58.9764,18.0711,0.333333,0,0,0
17040,-59.9788,18.0711,0.333333,0,0,0
17041,-60.9811,18.0711,0.333333,0,0,0
17042,-61.9835,18.0711,0.333333,0,0,0
17043,-62.9858,18.0711,0.333333,0,0,0
17044,-63.9882,18.0711,0.333333,0,0,0
17045,-64.9906,18.0711,0.333333,0,0,0
17046,-65.9929,18.0711,0.333333,0,0,0
17047,-66.9953,18.0711,0.333333,0,0,0
17048,-67.9976,18.0711,0.333333,0,0,0
17049,-16.8774,1.42895,0.666667,0,0,0
17050,-17.8797,1.42895,0.666667,0,0,0
17051,-18.8821,1.42895,0.666667,0,0,0
17052,-19.8844,1.42895,0.666667,0,0,0
17053,-20.8868,1.42895,0.666667,0,0,0
17054,-21.8892,1.42895,0.666667,0,0,0
17055,-22.8915,1.42895,0.666667,0,0,0
17056,-23.8939,1.42895,0.666667,0,0,0
17057,-24.8962,1.42895,0.666667,0,0,0
17058,-25.8986,1.42895,0.666667,0,0,0
17059,-26.9009,1.42895,0.666667,0,0,0
17060,-27.9033,1.42895,0.666667,0,0,0
17061,-28.9057,1.42895,0.666667,0,0,0
17062,-29.908,1.42895,0.666667,0,0,0
17063,-30.9104,1.42895,0.666667,0,0,0
17064,-31.9127,1.42895,0.666667,0,0,0
17065,-32.9151,1.42895,0.666667,0,0,0
17066,-33.9175,1.42895,0.666667,0,0,0
17067,-34.9198,1.42895,0.666667,0,0,0
17068,-35.9222,1.42895,0.666667,0,0,0
17069,-36.9245,1.42895,0.666667,0,0,0
17070,-37.9269,1.42895,0.666667,0,0,0
17071,-38.9292,1.42895,0.666667,0,0,0
17072,-39.9316,1.42895,0.666667,0,0,0
17073,-40.934,1.42895,0.666667,0,0,0
17074,-41.9363,1.42895,0.666667,0,0,0
17075,-42.9387,1.42895,0.666667,0,0,0
17076,-43.941,1.42895,0.666667,0,0,0
17077,-44.9434,1.42895,0.666667,0,0,0
17078,-45.9458,1.42895,0.666667,0,0,0
17079,-46.9481,1.42895,0.666667,0,0,0
17080,-47.9505,1.42895,0.666667,0,0,0
17081,-48.9528,1.42895,0.666667,0,0,0
17082,-49.9552,1.42895,0.666667,0,0,0
17083,-50.9575,1.42895,0.666667,0,0,0
17084,-51.9599,1.42895,0.666667,0,0,0
17085,-52.9623,1.42895,0.666667,0,0,0
17086,-53.9646,1.42895,0.666667,0,0,0
17087,-54.967,1.42895,0.666667,0,0,0
17088,-55.9693,1.42895,0.666667,0,0,0
17089,-56.9717,1.42895,0.666667,0,0,0
17090,-57.9741,1.42895,0.666667,0,0,0
17091,-58.9764,1.42895,0.666667,0,0,0
17092,-59.9788,1.42895,0.666667,0,0,0
17093,-60.9811,1.42895,0.666667,0,0,0
17094,-61.9835,1.42895,0.666667,0,0,0
17095,-62.9858,1.42895,0.666667,0,0,0
17096,-63.9882,1.42895,0.666667,0,0,0
17097,-64.9906,1.42895,0.666667,0,0,0
17098,-65.9929,1.42895,0.666667,0,0,0
17099,-66.9953,1.42895,0.666667,0,0,0
17100,-67.9976,1.42895,0.666667,0,0,0
17101,-16.8774,2.40789,0.666667,0,0,0
17102,-17.8797,2.40789,0.666667,0,0,0
17103,-18.8821,2.40789,0.666667,0,0,0
17104,-19.8844,2.40789,0.666667,0,0,0
17105,-20.8868,2.40789,0.666667,0,0,0
17106,-21.8892,2.40789,0.666667,0,0,0
17107,-22.8915,2.40789,0.666667,0,0,0
17108,-23.8939,2.40789,0.666667,0,0,0
17109,-24.8962,2.40789,0.666667,0,0,0
17110,-25.8986,2.40789,0.666667,0,0,0
17111,-26.9009,2.40789,0.666667,0,0,0
17112,-27.9033,2.40789,0.666667,0,0,0
17113,-28.9057,2.40789,0.666667,0,0,0
17114,-29.908,2.40789,0.666667,0,0,0
17115,-30.9104,2.40789,0.666667,0,0,0
17116,-31.9127,2.40789,0.666667,0,0,0
17117,-32.9151,2.40789,0.666667,0,0,0
17118,-33.9175,2.40789,0.666667,0,0,0
17119,-34.9198,2.40789,0.666667,0,0,0
17120,-35.9222,2.40789,0.666667,0,0,0
17121,-36.9245,2.40789,0.666667,0,0,0
17122,-37.9269,2.40789,0.666667,0,0,0
17123,-38.9292,2.40789,0.666667,0,0,0
17124,-39.9316,2.40789,0.666667,0,0,0
17125,-40.934,2.40789,0.666667,0,0,0
17126,-41.9363,2.40789,0.666667,0,0,0
17127,-42.9387,2.40789,0.666667,0,0,0
17128,-43.941,2.40789,0.666667,0,0,0
17129,-44.9434,2.40789,0.666667,0,0,0
17130,-45.9458,2.40789,0.666667,0,0,0
17131,-46.9481,2.40789,0.666667,0,0,0
17132,-47.9505,2.40789,0.666667,0,0,0
17133,-48.9528,2.40789,0.666667,0,0,0
17134,-49.9552,2.40789,0.666667,0,0,0
17135,-50.9575,2.40789,0.666667,0,0,0
17136,-51.9599,2.40789,0.666667,0,0,0
17137,-52.9623,2.40789,0.666667,0,0,0
17138,-53.9646,2.40789,0.666667,0,0,0
17139,-54.967,2.40789,0.666667,0,0,0
17140,-55.9693,2.40789,0.666667,0,0,0
17141,-56.9717,2.40789,0.666667,0,0,0
17142,-57.9741,2.40789,0.666667,0,0,0
17143,-58.9764,2.40789,0.666667,0,0,0
17144,-59.9788,2.40789,0.666667,0,0,0
17145,-60.9811,2.40789,0.666667,0,0,0
17146,-61.9835,2.40789,0.666667,0,0,0
17147,-62.9858,2.40789,0.666667,0,0,0
17148,-63.9882,2.40789,0.666667,0,0,0
17149,-64.9906,2.40789,0.666667,0,0,0
17150,-65.9929,2.40789,0.666667,0,0,0
17151,-66.9953,2.40789,0.666667,0,0,0
17152,-67.9976,2.40789,0.666667,0,0,0
17153,-16.8774,3.38684,0.666667,0,0,0
17154,-17.8797,3.38684,0.666667,0,0,0
17155,-18.8821,3.38684,0.666667,0,0,0
17156,-19.8844,3.38684,0.666667,0,0,0
17157,-20.8868,3.38684,0.666667,0,0,0
17158,-21.8892,3.38684,0.666667,0,0,0
17159,-22.8915,3.38684,0.666667,0,0,0
17160,-23.8939,3.38684,0.666667,0,0,0
17161,-24.8962,3.38684,0.666667,0,0,0
17162,-25.8986,3.38684,0.666667,0,0,0
17163,-26.9009,3.38684,0.666667,0,0,0
17164,-27.9033,3.38684,0.666667,0,0,0
17165,-28.9057,3.38684,0.666667,0,0,0
17166,-29.908,3.38684,0.666667,0,0,0
17167,-30.9104,3.38684,0.666667,0,0,0
17168,-31.9127,3.38684,0.666667,0,0,0
17169,-32.9151,3.38684,0.666667,0,0,0
17170,-33.9175,3.38684,0.666667,0,0,0
17171,-34.9198,3.38684,0.666667,0,0,0
17172,-35.9222,3.38684,0.666667,0,0,0
17173,-36.9245,3.38684,0.666667,0,0,0
17174,-37.9269,3.38684,0.666667,0,0,0
17175,-38.9292,3.38684,0.666667,0,0,0
17176,-39.9316,3.38684,0.666667,0,0,0
17177,-40.934,3.38684,0.666667,0,0,0
17178,-41.9363,3.38684,0.666667,0,0,0
17179,-42.9387,3.38684,0.666667,0,0,0
17180,-43.941,3.38684,0.666667,0,0,0
17181,-44.9434,3.38684,0.666667,0,0,0
17182,-45.9458,3.38684,0.666667,0,0,0
17183,-46.9481,3.38684,0.666667,0,0,0
17184,-47.9505,3.38684,0.666667,0,0,0
17185,-48.9528,3.38684,0.666667,0,0,0
17186,-49.9552,3.38684,0.666667,0,0,0
17187,-50.9575,3.38684,0.666667,0,0,0
17188,-51.9599,3.38684,0.666667,0,0,0
17189,-52.9623,3.38684,0.666667,0,0,0
17190,-53.9646,3.38684,0.666667,0,0,0
17191,-54.967,3.38684,0.666667,0,0,0
17192,-55.9693,3.38684,0.666667,0,0,0
17193,-56.9717,3.38684,0.666667,0,0,0
17194,-57.9741,3.38684,0.666667,0,0,0
17195,-58.9764,3.38684,0.666667,0,0,0
17196,-59.9788,3.38684,0.666667,0,0,0
17197,-60.9811,3.38684,0.666667,0,0,0
17198,-61.9835,3.38684,0.666667,0,0,0
17199,-62.9858,3.38684,0.666667,0,0,0
17200,-63.9882,3.38684,0.666667,0,0,0
17201,-64.9906,3.38684,0.666667,0,0,0
17202,-65.9929,3.38684,0.666667,0,0,0
17203,-66.9953,3.38684,0.666667,0,0,0
17204,-67.9976,3.38684,0.666667,0,0,0
17205,-16.8774,4.36579,0.666667,0,0,0
17206,-17.8797,4.36579,0.666667,0,0,0
17207,-18.8821,4.36579,0.666667,0,0,0
17208,-19.8844,4.36579,0.666667,0,0,0
17209,-20.8868,4.36579,0.666667,0,0,0
17210,-21.8892,4.36579,0.666667,0,0,0
17211,-22.8915,4.36579,0.666667,0,0,0
17212,-23.8939,4.36579,0.666667,0,0,0
17213,-24.8962,4.36579,0.666667,0,0,0
17214,-25.8986,4.36579,0.666667,0,0,0
17215,-26.9009,4.36579,0.666667,0,0,0
17216,-27.9033,4.36579,0.666667,0,0,0
17217,-28.9057,4.36579,0.666667,0,0,0
17218,-29.908,4.36579,0.666667,0,0,0
17219,-30.9104,4.36579,0.666667,0,0,0
17220,-31.9127,4.36579,0.666667,0,0,0
17221,-32.9151,4.36579,0.666667,0,0,0
17222,-33.9175,4.36579,0.666667,0,0,0
17223,-34.9198,4.36579,0.666667,0,0,0
17224,-35.9222,4.36579,0.666667,0,0,0
17225,-36.9245,4.36579,0.666667,0,0,0
17226,-37.9269,4.36579,0.666667,0,0,0
17227,-38.9292,4.36579,0.666667,0,0,0
17228,-39.9316,4.36579,0.666667,0,0,0
17229,-40.934,4.36579,0.666667,0,0,0
17230,-41.9363,4.36579,0.666667,0,0,0
17231,-42.9387,4.36579,0.666667,0,0,0
17232,-43.941,4.36579,0.666667,0,0,0
17233,-44.9434,4.36579,0.666667,0,0,0
17234,-45.9458,4.36579,0.666667,0,0,0
17235,-46.9481,4.36579,0.666667,0,0,0
17236,-47.9505,4.36579,0.666667,0,0,0
17237,-48.9528,4.36579,0.666667,0,0,0
17238,-49.9552,4.36579,0.666667,0,0,0
17239,-50.9575,4.36579,0.666667,0,0,0
17240,-51.9599,4.36579,0.666667,0,0,0
17241,-52.9623,4.36579,0.666667,0,0,0
17242,-53.9646,4.36579,0.666667,0,0,0
17243,-54.967,4.36579,0.666667,0,0,0
17244,-55.9693,4.36579,0.666667,0,0,0
17245,-56.9717,4.36579,0.666667,0,0,0
17246,-57.9741,4.36579,0.666667,0,0,0
17247,-58.9764,4.36579,0.666667,0,0,0
17248,-59.9788,4.36579,0.666667,0,0,0
17249,-60.9811,4.36579,0.666667,0,0,0
17250,-61.9835,4.36579,0.666667,0,0,0
17251,-62.9858,4.36579,0.666667,0,0,0
17252,-63.9882,4.36579,0.666667,0,0,0
17253,-64.9906,4.36579,0.666667,0,0,0
17254,-65.9929,4.36579,0.666667,0,0,0
17255,-66.9953,4.36579,0.666667,0,0,0
17256,-67.9976,4.36579,0.666667,0,0,0
17257,-16.8774,5.34474,0.666667,0,0,0
17258,-17.8797,5.34474,0.666667,0,0,0
17259,-18.8821,5.34474,0.666667,0,0,0
17260,-19.8844,5.34474,0.666667,0,0,0
17261,-20.8868,5.34474,0.666667,0,0,0
17262,-21.8892,5.34474,0.666667,0,0,0
17263,-22.8915,5.34474,0.666667,0,0,0
17264,-23.8939,5.34474,0.666667,0,0,0
17265,-24.8962,5.34474,0.666667,0,0,0
17266,-25.8986,5.34474,0.666667,0,0,0
17267,-26.9009,5.34474,0.666667,0,0,0
17268,-27.9033,5.34474,0.666667,0,0,0
17269,-28.9057,5.34474,0.666667,0,0,0
17270,-29.908,5.34474,0.666667,0,0,0
17271,-30.9104,5.34474,0.666667,0,0,0
17272,-31.9127,5.34474,0.666667,0,0,0
17273,-32.9151,5.34474,0.666667,0,0,0
17274,-33.9175,5.34474,0.666667,0,0,0
17275,-34.9198,5.34474,0.666667,0,0,0
17276,-35.9222,5.34474,0.666667,0,0,0
17277,-36.9245,5.34474,0.666667,0,0,0
17278,-37.9269,5.34474,0.666667,0,0,0
17279,-38.9292,5.34474,0.666667,0,0,0
17280,-39.9316,5.34474,0.666667,0,0,0
17281,-40.934,5.34474,0.666667,0,0,0
17282,-41.9363,5.34474,0.666667,0,0,0
17283,-42.9387,5.34474,0.666667,0,0,0
17284,-43.941,5.34474,0.666667,0,0,0
17285,-44.9434,5.34474,0.666667,0,0,0
17286,-45.9458,5.34474,0.666667,0,0,0
17287,-46.9481,5.34474,0.666667,0,0,0
17288,-47.9505,5.34474,0.666667,0,0,0
17289,-48.9528,5.34474,0.666667,0,0,0
17290,-49.9552,5.34474,0.666667,0,0,0
17291,-50.9575,5.34474,0.666667,0,0,0
17292,-51.9599,5.34474,0.666667,0,0,0
17293,-52.9623,5.34474,0.666667,0,0,0
17294,-53.9646,5.34474,0.666667,0,0,0
17295,-54.967,5.34474,0.666667,0,0,0
17296,-55.9693,5.34474,0.666667,0,0,0
17297,-56.9717,5.34474,0.666667,0,0,0
17298,-57.9741,5.34474,0.666667,0,0,0
17299,-58.9764,5.34474,0.666667,0,0,0
17300,-59.9788,5.34474,0.666667,0,0,0
17301,-60.9811,5.34474,0.666667,0,0,0
17302,-61.9835,5.34474,0.666667,0,0,0
17303,-62.9858,5.34474,0.666667,0,0,0
17304,-63.9882,5.34474,0.666667,0,0,0
17305,-64.9906,5.34474,0.666667,0,0,0
17306,-65.9929,5.34474,0.666667,0,0,0
17307,-66.9953,5.34474,0.666667,0,0,0
17308,-67.9976,5.34474,0.666667,0,0,0
17309,-16.8774,6.32368,0.666667,0,0,0
17310,-17.8797,6.32368,0.666667,0,0,0
17311,-18.8821,6.32368,0.666667,0,0,0
17312,-19.8844,6.32368,0.666667,0,0,0
17313,-20.8868,6.32368,0.666667,0,0,0
17314,-21.8892,6.32368,0.666667,0,0,0
17315,-22.8915,6.32368,0.666667,0,0,0
17316,-23.8939,6.32368,0.666667,0,0,0
17317,-24.8962,6.32368,0.666667,0,0,0
17318,-25.8986,6.32368,0.666667,0,0,0
17319,-26.9009,6.32368,0.666667,0,0,0
17320,-27.9033,6.32368,0.666667,0,0,0
17321,-28.9057,6.32368,0.666667,0,0,0
17322,-29.908,6.32368,0.666667,0,0,0
17323,-30.9104,6.32368,0.666667,0,0,0
17324,-31.9127,6.32368,0.666667,0,0,0
17325,-32.9151,6.32368,0.666667,0,0,0
17326,-33.9175,6.32368,0.666667,0,0,0
17327,-34.9198,6.32368,0.666667,0,0,0
17328,-35.9222,6.32368,0.666667,0,0,0
17329,-36.9245,6.32368,0.666667,0,0,0
17330,-37.9269,6.32368,0.666667,0,0,0
17331,-38.9292,6.32368,0.666667,0,0,0
17332,-39.9316,6.32368,0.666667,0,0,0
17333,-40.934,6.32368,0.666667,0,0,0
17334,-41.9363,6.32368,0.666667,0,0,0
17335,-42.9387,6.32368,0.666667,0,0,0
17336,-43.941,6.32368,0.666667,0,0,0
17337,-44.9434,6.32368,0.666667,0,0,0
17338,-45.9458,6.32368,0.666667,0,0,0
17339,-46.9481,6.32368,0.666667,0,0,0
17340,-47.9505,6.32368,0.666667,0,0,0
17341,-48.9528,6.32368,0.666667,0,0,0
17342,-49.9552,6.32368,0.666667,0,0,0
17343,-50.9575,6.32368,0.666667,0,0,0
17344,-51.9599,6.32368,0.666667,0,0,0
17345,-52.9623,6.32368,0.666667,0,0,0
17346,-53.9646,6.32368,0.666667,0,0,0
17347,-54.967,6.32368,0.666667,0,0,0
17348,-55.9693,6.32368,0.666667,0,0,0
17349,-56.9717,6.32368,0.666667,0,0,0
17350,-57.9741,6.32368,0.666667,0,0,0
17351,-58.9764,6.32368,0.666667,0,0,0
17352,-59.9788,6.32368,0.666667,0,0,0
17353,-60.9811,6.32368,0.666667,0,0,0
17354,-61.9835,6.32368,0.666667,0,0,0
17355,-62.9858,6.32368,0.666667,0,0,0
17356,-63.9882,6.32368,0.666667,0,0,0
17357,-64.9906,6.32368,0.666667,0,0,0
17358,-65.9929,6.32368,0.666667,0,0,0
17359,-66.9953,6.32368,0.666667,0,0,0
17360,-67.9976,6.32368,0.666667,0,0,0
17361,-16.8774,7.30263,0.666667,0,0,0
17362,-17.8797,7.30263,0.666667,0,0,0
17363,-18.8821,7.30263,0.666667,0,0,0
17364,-19.8844,7.30263,0.666667,0,0,0
17365,-20.8868,7.30263,0.666667,0,0,0
17366,-21.8892,7.30263,0.666667,0,0,0
17367,-22.8915,7.30263,0.666667,0,0,0
17368,-23.8939,7.30263,0.666667,0,0,0
17369,-24.8962,7.30263,0.666667,0,0,0
17370,-25.8986,7.30263,0.666667,0,0,0
17371,-26.9009,7.30263,0.666667,0,0,0
17372,-27.9033,7.30263,0.666667,0,0,0
17373,-28.9057,7.30263,0.666667,0,0,0
17374,-29.908,7.30263,0.666667,0,0,0
17375,-30.9104,7.30263,0.666667,0,0,0
17376,-31.9127,7.30263,0.666667,0,0,0
17377,-32.9151,7.30263,0.666667,0,0,0
17378,-33.9175,7.30263,0.666667,0,0,0
17379,-34.9198,7.30263,0.666667,0,0,0
17380,-35.9222,7.30263,0.666667,0,0,0
17381,-36.9245,7.30263,0.666667,0,0,0
17382,-37.9269,7.30263,0.666667,0,0,0
17383,-38.9292,7.30263,0.666667,0,0,0
17384,-39.9316,7.30263,0.666667,0,0,0
17385,-40.934,7.30263,0.666667,0,0,0
17386,-41.9363,7.30263,0.666667,0,0,0
17387,-42.9387,7.30263,0.666667,0,0,0
17388,-43.941,7.30263,0.666667,0,0,0
17389,-44.9434,7.30263,0.666667,0,0,0
17390,-45.9458,7.30263,0.666667,0,0,0
17391,-46.9481,7.30263,0.666667,0,0,0
17392,-47.9505,7.30263,0.666667,0,0,0
17393,-48.9528,7.30263,0.666667,0,0,0
17394,-49.9552,7.30263,0.666667,0,0,0
17395,-50.9575,7.30263,0.666667,0,0,0
17396,-51.9599,7.30263,0.666667,0,0,0
17397,-52.9623,7.30263,0.666667,0,0,0
17398,-53.9646,7.30263,0.666667,0,0,0
17399,-54.967,7.30263,0.666667,0,0,0
17400,-55.9693,7.30263,0.666667,0,0,0
17401,-56.9717,7.30263,0.666667,0,0,0
17402,-57.9741,7.30263,0.666667,0,0,0
17403,-58.9764,7.30263,0.666667,0,0,0
17404,-59.9788,7.30263,0.666667,0,0,0
17405,-60.9811,7.30263,0.666667,0,0,0
17406,-61.9835,7.30263,0.666667,0,0,0
17407,-62.9858,7.30263,0.666667,0,0,0
17408,-63.9882,7.30263,0.666667,0,0,0
17409,-64.9906,7.30263,0.666667,0,0,0
17410,-65.9929,7.30263,0.666667,0,0,0
17411,-66.9953,7.30263,0.666667,0,0,0
17412,-67.9976,7.30263,0.666667,0,0,0
17413,-16.8774,8.28158,0.666667,0,0,0
17414,-17.8797,8.28158,0.666667,0,0,0
17415,-18.8821,8.28158,0.666667,0,0,0
17416,-19.8844,8.28158,0.666667,0,0,0
17417,-20.8868,8.28158,0.666667,0,0,0
17418,-21.8892,8.28158,0.666667,0,0,0
17419,-22.8915,8.28158,0.666667,0,0,0
17420,-23.8939,8.28158,0.666667,0,0,0
17421,-24.8962,8.28158,0.666667,0,0,0
17422,-25.8986,8.28158,0.666667,0,0,0
17423,-26.9009,8.28158,0.666667,0,0,0
17424,-27.9033,8.28158,0.666667,0,0,0
17425,-28.9057,8.28158,0.666667,0,0,0
17426,-29.908,8.28158,0.666667,0,0,0
17427,-30.9104,8.28158,0.666667,0,0,0
17428,-31.9127,8.28158,0.666667,0,0,0
17429,-32.9151,8.28158,0.666667,0,0,0
17430,-33.9175,8.28158,0.666667,0,0,0
17431,-34.9198,8.28158,0.666667,0,0,0
17432,-35.9222,8.28158,0.666667,0,0,0
17433,-36.9245,8.28158,0.666667,0,0,0
17434,-37.9269,8.28158,0.666667,0,0,0
17435,-38.9292,8.28158,0.666667,0,0,0
17436,-39.9316,8.28158,0.666667,0,0,0
17437,-40.934,8.28158,0.666667,0,0,0
17438,-41.9363,8.28158,0.666667,0,0,0
17439,-42.9387,8.28158,0.666667,0,0,0
17440,-43.941,8.28158,0.666667,0,0,0
17441,-44.9434,8.28158,0.666667,0,0,0
17442,-45.9458,8.28158,0.666667,0,0,0
17443,-46.9481,8.28158,0.666667,0,0,0
17444,-47.9505,8.28158,0.666667,0,0,0
17445,-48.9528,8.28158,0.666667,0,0,0
17446,-49.9552,8.28158,0.666667,0,0,0
17447,-50.9575,8.28158,0.666667,0,0,0
17448,-51.9599,8.28158,0.666667,0,0,0
17449,-52.9623,8.28158,0.666667,0,0,0
17450,-53.9646,8.28158,0.666667,0,0,0
17451,-54.967,8.28158,0.666667,0,0,0
17452,-55.9693,8.28158,0.666667,0,0,0
17453,-56.9717,8.28158,0.666667,0,0,0
17454,-57.9741,8.28158,0.666667,0,0,0
17455,-58.9764,8.28158,0.666667,0,0,0
17456,-59.9788,8.28158,0.666667,0,0,0
17457,-60.9811,8.28158,0.666667,0,0,0
17458,-61.9835,8.28158,0.666667,0,0,0
17459,-62.9858,8.28158,0.666667,0,0,0
17460,-63.9882,8.28158,0.666667,0,0,0
17461,-64.9906,8.28158,0.666667,0,0,0
17462,-65.9929,8.28158,0.666667,0,0,0
17463,-66.9953,8.28158,0.666667,0,0,0
17464,-67.9976,8.28158,0.666667,0,0,0
17465,-16.8774,9.26053,0.666667,0,0,0
17466,-17.8797,9.26053,0.666667,0,0,0
17467,-18.8821,9.26053,0.666667,0,0,0
17468,-19.8844,9.26053,0.666667,0,0,0
17469,-20.8868,9.26053,0.666667,0,0,0
17470,-21.8892,9.26053,0.666667,0,0,0
17471,-22.8915,9.26053,0.666667,0,0,0
17472,-23.8939,9.26053,0.666667,0,0,0
17473,-24.8962,9.26053,0.666667,0,0,0
17474,-25.8986,9.26053,0.666667,0,0,0
17475,-26.9009,9.26053,0.666667,0,0,0
17476,-27.9033,9.26053,0.666667,0,0,0
17477,-28.9057,9.26053,0.666667,0,0,0
17478,-29.908,9.26053,0.666667,0,0,0
17479,-30.9104,9.26053,0.666667,0,0,0
17480,-31.9127,9.26053,0.666667,0,0,0
17481,-32.9151,9.26053,0.666667,0,0,0
17482,-33.9175,9.26053,0.666667,0,0,0
17483,-34.9198,9.26053,0.666667,0,0,0
17484,-35.9222,9.26053,0.666667,0,0,0
17485,-36.9245,9.26053,0.666667,0,0,0
17486,-37.9269,9.26053,0.666667,0,0,0
17487,-38.9292,9.26053,0.666667,0,0,0
17488,-39.9316,9.26053,0.666667,0,0,0
17489,-40.934,9.26053,0.666667,0,0,0
17490,-41.9363,9.26053,0.666667,0,0,0
17491,-42.9387,9.26053,0.666667,0,0,0
17492,-43.941,9.26053,0.666667,0,0,0
17493,-44.9434,9.26053,0.666667,0,0,0
17494,-45.9458,9.26053,0.666667,0,0,0
17495,-46.9481,9.26053,0.666667,0,0,0
17496,-47.9505,9.26053,0.666667,0,0,0
17497,-48.9528,9.26053,0.666667,0,0,0
17498,-49.9552,9.26053,0.666667,0,0,0
17499,-50.9575,9.26053,0.666667,0,0,0
17500,-51.9599,9.26053,0.666667,0,0,0
17501,-52.9623,9.26053,0.666667,0,0,0
17502,-53.9646,9.26053,0.666667,0,0,0
17503,-54.967,9.26053,0.666667,0,0,0
17504,-55.9693,9.26053,0.666667,0,0,0
17505,-56.9717,9.26053,0.666667,0,0,0
17506,-57.9741,9.26053,0.666667,0,0,0
17507,-58.9764,9.26053,0.666667,0,0,0
17508,-59.9788,9.26053,0.666667,0,0,0
17509,-60.9811,9.26053,0.666667,0,0,0
17510,-61.9835,9.26053,0.666667,0,0,0
17511,-62.9858,9.26053,0.666667,0,0,0
17512,-63.9882,9.26053,0.666667,0,0,0
17513,-64.9906,9.26053,0.666667,0,0,0
17514,-65.9929,9.26053,0.666667,0,0,0
17515,-66.9953,9.26053,0.666667,0,0,0
17516,-67.9976,9.26053,0.666667,0,0,0
17517,-16.8774,10.2395,0.666667,0,0,0
17518,-17.8797,10.2395,0.666667,0,0,0
17519,-18.8821,10.2395,0.666667,0,0,0
17520,-19.8844,10.2395,0.666667,0,0,0
17521,-20.8868,10.2395,0.666667,0,0,0
17522,-21.8892,10.2395,0.666667,0,0,0
17523,-22.8915,10.2395,0.666667,0,0,0
17524,-23.8939,10.2395,0.666667,0,0,0
17525,-24.8962,10.2395,0.666667,0,0,0
17526,-25.8986,10.2395,0.666667,0,0,0
17527,-26.9009,10.2395,0.666667,0,0,0
17528,-27.9033,10.2395,0.666667,0,0,0
17529,-28.9057,10.2395,0.666667,0,0,0
17530,-29.908,10.2395,0.666667,0,0,0
17531,-30.9104,10.2395,0.666667,0,0,0
17532,-31.9127,10.2395,0.666667,0,0,0
17533,-32.9151,10.2395,0.666667,0,0,0
17534,-33.9175,10.2395,0.666667,0,0,0
17535,-34.9198,10.2395,0.666667,0,0,0
17536,-35.9222,10.2395,0.666667,0,0,0
17537,-36.9245,10.2395,0.666667,0,0,0
17538,-37.9269,10.2395,0.666667,0,0,0
17539,-38.9292,10.2395,0.666667,0,0,0
17540,-39.9316,10.2395,0.666667,0,0,0
17541,-40.934,10.2395,0.666667,0,0,0
17542,-41.9363,10.2395,0.666667,0,0,0
17543,-42.9387,10.2395,0.666667,0,0,0
17544,-43.941,10.2395,0.666667,0,0,0
17545,-44.9434,10.2395,0.666667,0,0,0
17546,-45.9458,10.2395,0.666667,0,0,0
17547,-46.9481,10.2395,0.666667,0,0,0
17548,-47.9505,10.2395,0.666667,0,0,0
17549,-48.9528,10.2395,0.666667,0,0,0
17550,-49.9552,10.2395,0.666667,0,0,0
17551,-50.9575,10.2395,0.666667,0,0,0
17552,-51.9599,10.2395,0.666667,0,0,0
17553,-52.9623,10.2395,0.666667,0,0,0
17554,-53.9646,10.2395,0.666667,0,0,0
17555,-54.967,10.2395,0.666667,0,0,0
17556,-55.9693,10.2395,0.666667,0,0,0
17557,-56.9717,10.2395,0.666667,0,0,0
17558,-57.9741,10.2395,0.666667,0,0,0
17559,-58.9764,10.2395,0.666667,0,0,0
17560,-59.9788,10.2395,0.666667,0,0,0
17561,-60.9811,10.2395,0.666667,0,0,0
17562,-61.9835,10.2395,0.666667,0,0,0
17563,-62.9858,10.2395,0.666667,0,0,0
17564,-63.9882,10.2395,0.666667,0,0,0
17565,-64.9906,10.2395,0.666667,0,0,0
17566,-65.9929,10.2395,0.666667,0,0,0
17567,-66.9953,10.2395,0.666667,0,0,0
17568,-67.9976,10.2395,0.666667,0,0,0
17569,-16.8774,11.2184,0.666667,0,0,0
17570,-17.8797,11.2184,0.666667,0,0,0
17571,-18.8821,11.2184,0.666667,0,0,0
17572,-19.8844,11.2184,0.666667,0,0,0
17573,-20.8868,11.2184,0.666667,0,0,0
17574,-21.8892,11.2184,0.666667,0,0,0
17575,-22.8915,11.2184,0.666667,0,0,0
17576,-23.8939,11.2184,0.666667,0,0,0
17577,-24.8962,11.2184,0.666667,0,0,0
17578,-25.8986,11.2184,0.666667,0,0,0
17579,-26.9009,11.2184,0.666667,0,0,0
17580,-27.9033,11.2184,0.666667,0,0,0
17581,-28.9057,11.2184,0.666667,0,0,0
17582,-29.908,11.2184,0.666667,0,0,0
17583,-30.9104,11.2184,0.666667,0,0,0
17584,-31.9127,11.2184,0.666667,0,0,0
17585,-32.9151,11.2184,0.666667,0,0,0
17586,-33.9175,11.2184,0.666667,0,0,0
17587,-34.9198,11.2184,0.666667,0,0,0
17588,-35.9222,11.2184,0.666667,0,0,0
17589,-36.9245,11.2184,0.666667,0,0,0
17590,-37.9269,11.2184,0.666667,0,0,0
17591,-38.9292,11.2184,0.666667,0,0,0
17592,-39.9316,11.2184,0.666667,0,0,0
17593,-40.934,11.2184,0.666667,0,0,0
17594,-41.9363,11.2184,0.666667,0,0,0
17595,-42.9387,11.2184,0.666667,0,0,0
17596,-43.941,11.2184,0.666667,0,0,0
17597,-44.9434,11.2184,0.666667,0,0,0
17598,-45.9458,11.2184,0.666667,0,0,0
17599,-46.9481,11.2184,0.666667,0,0,0
17600,-47.9505,11.2184,0.666667,0,0,0
17601,-48.9528,11.2184,0.666667,0,0,0
17602,-49.9552,11.2184,0.666667,0,0,0
17603,-50.9575,11.2184,0.666667,0,0,0
17604,-51.9599,11.2184,0.666667,0,0,0
17605,-52.9623,11.2184,0.666667,0,0,0
17606,-53.9646,11.2184,0.666667,0,0,0
17607,-54.967,11.2184,0.666667,0,0,0
17608,-55.9693,11.2184,0.666667,0,0,0
17609,-56.9717,11.2184,0.666667,0,0,0
17610,-57.9741,11.2184,0.666667,0,0,0
17611,-58.9764,11.2184,0.666667,0,0,0
17612,-59.9788,11.2184,0.666667,0,0,0
17613,-60.9811,11.2184,0.666667,0,0,0
17614,-61.9835,11.2184,0.666667,0,0,0
17615,-62.9858,11.2184,0.666667,0,0,0
17616,-63.9882,11.2184,0.666667,0,0,0
17617,-64.9906,11.2184,0.666667,0,0,0
17618,-65.9929,11.2184,0.666667,0,0,0
17619,-66.9953,11.2184,0.666667,0,0,0
17620,-67.9976,11.2184,0.666667,0,0,0
17621,-16.8774,12.1974,0.666667,0,0,0
17622,-17.8797,12.1974,0.666667,0,0,0
17623,-18.8821,12.1974,0.666667,0,0,0
17624,-19.8844,12.1974,0.666667,0,0,0
17625,-20.8868,12.1974,0.666667,0,0,0
17626,-21.8892,12.1974,0.666667,0,0,0
17627,-22.8915,12.1974,0.666667,0,0,0
17628,-23.8939,12.1974,0.666667,0,0,0
17629,-24.8962,12.1974,0.666667,0,0,0
17630,-25.8986,12.1974,0.666667,0,0,0
17631,-26.9009,12.1974,0.666667,0,0,0
17632,-27.9033,12.1974,0.666667,0,0,0
17633,-28.9057,12.1974,0.666667,0,0,0
17634,-29.908,12.1974,0.666667,0,0,0
17635,-30.9104,12.1974,0.666667,0,0,0
17636,-31.9127,12.1974,0.666667,0,0,0
17637,-32.9151,12.1974,0.666667,0,0,0
17638,-33.9175,12.1974,0.666667,0,0,0
17639,-34.9198,12.1974,0.666667,0,0,0
17640,-35.9222,12.1974,0.666667,0,0,0
17641,-36.9245,12.1974,0.666667,0,0,0
17642,-37.9269,12.1974,0.666667,0,0,0
17643,-38.9292,12.1974,0.666667,0,0,0
17644,-39.9316,12.1974,0.666667,0,0,0
17645,-40.934,12.1974,0.666667,0,0,0
17646,-41.9363,12.1974,0.666667,0,0,0
17647,-42.9387,12.1974,0.666667,0,0,0
17648,-43.941,12.1974,0.666667,0,0,0
17649,-44.9434,12.1974,0.666667,0,0,0
17650,-45.9458,12.1974,0.666667,0,0,0
17651,-46.9481,12.1974,0.666667,0,0,0
17652,-47.9505,12.1974,0.666667,0,0,0
17653,-48.9528,12.1974,0.666667,0,0,0
17654,-49.9552,12.1974,0.666667,0,0,0
17655,-50.9575,12.1974,0.666667,0,0,0
17656,-51.9599,12.1974,0.666667,0,0,0
17657,-52.9623,12.1974,0.666667,0,0,0
17658,-53.9646,12.1974,0.666667,0,0,0
17659,-54.967,12.1974,0.666667,0,0,0
17660,-55.9693,12.1974,0.666667,0,0,0
17661,-56.9717,12.1974,0.666667,0,0,0
17662,-57.9741,12.1974,0.666667,0,0,0
17663,-58.9764,12.1974,0.666667,0,0,0
17664,-59.9788,12.1974,0.666667,0,0,0
17665,-60.9811,12.1974,0.666667,0,0,0
17666,-61.9835,12.1974,0.666667,0,0,0
17667,-62.9858,12.1974,0.666667,0,0,0
17668,-63.9882,12.1974,0.666667,0,0,0
17669,-64.9906,12.1974,0.666667,0,0,0
17670,-65.9929,12.1974,0.666667,0,0,0
17671,-66.9953,12.1974,0.666667,0,0,0
17672,-67.9976,12.1974,0.666667,0,0,0
17673,-16.8774,13.1763,0.666667,0,0,0
17674,-17.8797,13.1763,0.666667,0,0,0
17675,-18.8821,13.1763,0.666667,0,0,0
17676,-19.8844,13.1763,0.666667,0,0,0
17677,-20.8868,13.1763,0.666667,0,0,0
17678,-21.8892,13.1763,0.666667,0,0,0
17679,-22.8915,13.1763,0.666667,0,0,0
17680,-23.8939,13.1763,0.666667,0,0,0
17681,-24.8962,13.1763,0.666667,0,0,0
17682,-25.8986,13.1763,0.666667,0,0,0
17683,-26.9009,13.1763,0.666667,0,0,0
17684,-27.9033,13.1763,0.666667,0,0,0
17685,-28.9057,13.1763,0.666667,0,0,0
17686,-29.908,13.1763,0.666667,0,0,0
17687,-30.9104,13.1763,0.666667,0,0,0
17688,-31.9127,13.1763,0.666667,0,0,0
17689,-32.9151,13.1763,0.666667,0,0,0
17690,-33.9175,13.1763,0.666667,0,0,0
17691,-34.9198,13.1763,0.666667,0,0,0
17692,-35.9222,13.1763,0.666667,0,0,0
17693,-36.9245,13.1763,0.666667,0,0,0
17694,-37.9269,13.1763,0.666667,0,0,0
17695,-38.9292,13.1763,0.666667,0,0,0
17696,-39.9316,13.1763,0.666667,0,0,0
17697,-40.934,13.1763,0.666667,0,0,0
17698,-41.9363,13.1763,0.666667,0,0,0
17699,-42.9387,13.1763,0.666667,0,0,0
17700,-43.941,13.1763,0.666667,0,0,0
17701,-44.9434,13.1763,0.666667,0,0,0
17702,-45.9458,13.1763,0.666667,0,0,0
17703,-46.9481,13.1763,0.666667,0,0,0
17704,-47.9505,13.1763,0.666667,0,0,0
17705,-48.9528,13.1763,0.666667,0,0,0
17706,-49.9552,13.1763,0.666667,0,0,0
17707,-50.9575,13.1763,0.666667,0,0,0
17708,-51.9599,13.1763,0.666667,0,0,0
17709,-52.9623,13.1763,0.666667,0,0,0
17710,-53.9646,13.1763,0.666667,0,0,0
17711,-54.967,13.1763,0.666667,0,0,0
17712,-55.9693,13.1763,0.666667,0,0,0
17713,-56.9717,13.1763,0.666667,0,0,0
17714,-57.9741,13.1763,0.666667,0,0,0
17715,-58.9764,13.1763,0.666667,0,0,0
17716,-59.9788,13.1763,0.666667,0,0,0
17717,-60.9811,13.1763,0.666667,0,0,0
17718,-61.9835,13.1763,0.666667,0,0,0
17719,-62.9858,13.1763,0.666667,0,0,0
17720,-63.9882,13.1763,0.666667,0,0,0
17721,-64.9906,13.1763,0.666667,0,0,0
17722,-65.9929,13.1763,0.666667,0,0,0
17723,-66.9953,13.1763,0.666667,0,0,0
17724,-67.9976,13.1763,0.666667,0,0,0
17725,-16.8774,14.1553,0.666667,0,0,0
17726,-17.8797,14.1553,0.666667,0,0,0
17727,-18.8821,14.1553,0.666667,0,0,0
17728,-19.8844,14.1553,0.666667,0,0,0
17729,-20.8868,14.1553,0.666667,0,0,0
17730,-21.8892,14.1553,0.666667,0,0,0
17731,-22.8915,14.1553,0.666667,0,0,0
17732,-23.8939,14.1553,0.666667,0,0,0
17733,-24.8962,14.1553,0.666667,0,0,0
17734,-25.8986,14.1553,0.666667,0,0,0
17735,-26.9009,14.1553,0.666667,0,0,0
17736,-27.9033,14.1553,0.666667,0,0,0
17737,-28.9057,14.1553,0.666667,0,0,0
17738,-29.908,14.1553,0.666667,0,0,0
17739,-30.9104,14.1553,0.666667,0,0,0
17740,-31.9127,14.1553,0.666667,0,0,0
17741,-32.9151,14.1553,0.666667,0,0,0
17742,-33.9175,14.1553,0.666667,0,0,0
17743,-34.9198,14.1553,0.666667,0,0,0
17744,-35.9222,14.1553,0.666667,0,0,0
17745,-36.9245,14.1553,0.666667,0,0,0
17746,-37.9269,14.1553,0.666667,0,0,0
17747,-38.9292,14.1553,0.666667,0,0,0
17748,-39.9316,14.1553,0.666667,0,0,0
17749,-40.934,14.1553,0.666667,0,0,0
17750,-41.9363,14.1553,0.666667,0,0,0
17751,-42.9387,14.1553,0.666667,0,0,0
17752,-43.941,14.1553,0.666667,0,0,0
17753,-44.9434,14.1553,0.666667,0,0,0
17754,-45.9458,14.1553,0.666667,0,0,0
17755,-46.9481,14.1553,0.666667,0,0,0
17756,-47.9505,14.1553,0.666667,0,0,0
17757,-48.9528,14.1553,0.666667,0,0,0
17758,-49.9552,14.1553,0.666667,0,0,0
17759,-50.9575,14.1553,0.666667,0,0,0
17760,-51.9599,14.1553,0.666667,0,0,0
17761,-52.9623,14.1553,0.666667,0,0,0
17762,-53.9646,14.1553,0.666667,0,0,0
17763,-54.967,14.1553,0.666667,0,0,0
17764,-55.9693,14.1553,0.666667,0,0,0
17765,-56.9717,14.1553,0.666667,0,0,0
17766,-57.9741,14.1553,0.666667,0,0,0
17767,-58.9764,14.1553,0.666667,0,0,0
17768,-59.9788,14.1553,0.666667,0,0,0
17769,-60.9811,14.1553,0.666667,0,0,0
17770,-61.9835,14.1553,0.666667,0,0,0
17771,-62.9858,14.1553,0.666667,0,0,0
17772,-63.9882,14.1553,0.666667,0,0,0
17773,-64.9906,14.1553,0.666667,0,0,0
17774,-65.9929,14.1553,0.666667,0,0,0
17775,-66.9953,14.1553,0.666667,0,0,0
17776,-67.9976,14.1553,0.666667,0,0,0
17777,-16.8774,15.1342,0.666667,0,0,0
17778,-17.8797,15.1342,0.666667,0,0,0
17779,-18.8821,15.1342,0.666667,0,0,0
17780,-19.8844,15.1342,0.666667,0,0,0
17781,-20.8868,15.1342,0.666667,0,0,0
17782,-21.8892,15.1342,0.666667,0,0,0
17783,-22.8915,15.1342,0.666667,0,0,0
17784,-23.8939,15.1342,0.666667,0,0,0
17785,-24.8962,15.1342,0.666667,0,0,0
17786,-25.8986,15.1342,0.666667,0,0,0
17787,-26.9009,15.1342,0.666667,0,0,0
17788,-27.9033,15.1342,0.666667,0,0,0
17789,-28.9057,15.1342,0.666667,0,0,0
17790,-29.908,15.1342,0.666667,0,0,0
17791,-30.9104,15.1342,0.666667,0,0,0
17792,-31.9127,15.1342,0.666667,0,0,0
17793,-32.9151,15.1342,0.666667,0,0,0
17794,-33.9175,15.1342,0.666667,0,0,0
17795,-34.9198,15.1342,0.666667,0,0,0
17796,-35.9222,15.1342,0.666667,0,0,0
17797,-36.9245,15.1342,0.666667,0,0,0
17798,-37.9269,15.1342,0.666667,0,0,0
17799,-38.9292,15.1342,0.666667,0,0,0
17800,-39.9316,15.1342,0.666667,0,0,0
17801,-40.934,15.1342,0.666667,0,0,0
17802,-41.9363,15.1342,0.666667,0,0,0
17803,-42.9387,15.1342,0.666667,0,0,0
17804,-43.941,15.1342,0.666667,0,0,0
17805,-44.9434,15.1342,0.666667,0,0,0
17806,-45.9458,15.1342,0.666667,0,0,0
17807,-46.9481,15.1342,0.666667,0,0,0
17808,-47.9505,15.1342,0.666667,0,0,0
17809,-48.9528,15.1342,0.666667,0,0,0
17810,-49.9552,15.1342,0.666667,0,0,0
17811,-50.9575,15.1342,0.666667,0,0,0
17812,-51.9599,15.1342,0.666667,0,0,0
17813,-52.9623,15.1342,0.666667,0,0,0
17814,-53.9646,15.1342,0.666667,0,0,0
17815,-54.967,15.1342,0.666667,0,0,0
17816,-55.9693,15.1342,0.666667,0,0,0
17817,-56.9717,15.1342,0.666667,0,0,0
17818,-57.9741,15.1342,0.666667,0,0,0
17819,-58.9764,15.1342,0.666667,0,0,0
17820,-59.9788,15.1342,0.666667,0,0,0
17821,-60.9811,15.1342,0.666667,0,0,0
17822,-61.9835,15.1342,0.666667,0,0,0
17823,-62.9858,15.1342,0.666667,0,0,0
17824,-63.9882,15.1342,0.666667,0,0,0
17825,-64.9906,15.1342,0.666667,0,0,0
17826,-65.9929,15.1342,0.666667,0,0,0
17827,-66.9953,15.1342,0.666667,0,0,0
17828,-67.9976,15.1342,0.666667,0,0,0
17829,-16.8774,16.1132,0.666667,0,0,0
17830,-17.8797,16.1132,0.666667,0,0,0
17831,-18.8821,16.1132,0.666667,0,0,0
17832,-19.8844,16.1132,0.666667,0,0,0
17833,-20.8868,16.1132,0.666667,0,0,0
17834,-21.8892,16.1132,0.666667,0,0,0
17835,-22.8915,16.1132,0.666667,0,0,0
17836,-23.8939,16.1132,0.666667,0,0,0
17837,-24.8962,16.1132,0.666667,0,0,0
17838,-25.8986,16.1132,0.666667,0,0,0
17839,-26.9009,16.1132,0.666667,0,0,0
17840,-27.9033,16.1132,0.666667,0,0,0
17841,-28.9057,16.1132,0.666667,0,0,0
17842,-29.908,16.1132,0.666667,0,0,0
17843,-30.9104,16.1132,0.666667,0,0,0
17844,-31.9127,16.1132,0.666667,0,0,0
17845,-32.9151,16.1132,0.666667,0,0,0
17846,-33.9175,16.1132,0.666667,0,0,0
17847,-34.9198,16.1132,0.666667,0,0,0
17848,-35.9222,16.1132,0.666667,0,0,0
17849,-36.9245,16.1132,0.666667,0,0,0
17850,-37.9269,16.1132,0.666667,0,0,0
17851,-38.9292,16.1132,0.666667,0,0,0
17852,-39.9316,16.1132,0.666667,0,0,0
17853,-40.934,16.1132,0.666667,0,0,0
17854,-41.9363,16.1132,0.666667,0,0,0
17855,-42.9387,16.1132,0.666667,0,0,0
17856,-43.941,16.1132,0.666667,0,0,0
17857,-44.9434,16.1132,0.666667,0,0,0
17858,-45.9458,16.1132,0.666667,0,0,0
17859,-46.9481,16.1132,0.666667,0,0,0
17860,-47.9505,16.1132,0.666667,0,0,0
17861,-48.9528,16.1132,0.666667,0,0,0
17862,-49.9552,16.1132,0.666667,0,0,0
17863,-50.9575,16.1132,0.666667,0,0,0
17864,-51.9599,16.1132,0.666667,0,0,0
17865,-52.9623,16.1132,0.666667,0,0,0
17866,-53.9646,16.1132,0.666667,0,0,0
17867,-54.967,16.1132,0.666667,0,0,0
17868,-55.9693,16.1132,0.666667,0,0,0
17869,-56.9717,16.1132,0.666667,0,0,0
17870,-57.9741,16.1132,0.666667,0,0,0
17871,-58.9764,16.1132,0.666667,0,0,0
17872,-59.9788,16.1132,0.666667,0,0,0
17873,-60.9811,16.1132,0.666667,0,0,0
17874,-61.9835,16.1132,0.666667,0,0,0
17875,-62.9858,16.1132,0.666667,0,0,0
17876,-63.9882,16.1132,0.666667,0,0,0
17877,-64.9906,16.1132,0.666667,0,0,0
17878,-65.9929,16.1132,0.666667,0,0,0
17879,-66.9953,16.1132,0.666667,0,0,0
17880,-67.9976,16.1132,0.666667,0,0,0
17881,-16.8774,17.0921,0.666667,0,0,0
17882,-17.8797,17.0921,0.666667,0,0,0
17883,-18.8821,17.0921,0.666667,0,0,0
17884,-19.8844,17.0921,0.666667,0,0,0
17885,-20.8868,17.0921,0.666667,0,0,0
17886,-21.8892,17.0921,0.666667,0,0,0
17887,-22.8915,17.0921,0.666667,0,0,0
17888,-23.8939,17.0921,0.666667,0,0,0
17889,-24.8962,17.0921,0.666667,0,0,0
17890,-25.8986,17.0921,0.666667,0,0,0
17891,-26.9009,17.0921,0.666667,0,0,0
17892,-27.9033,17.0921,0.666667,0,0,0
17893,-28.9057,17.0921,0.666667,0,0,0
17894,-29.908,17.0921,0.666667,0,0,0
17895,-30.9104,17.0921,0.666667,0,0,0
17896,-31.9127,17.0921,0.666667,0,0,0
17897,-32.9151,17.0921,0.666667,0,0,0
17898,-33.9175,17.0921,0.666667,0,0,0
17899,-34.9198,17.0921,0.666667,0,0,0
17900,-35.9222,17.0921,0.666667,0,0,0
17901,-36.9245,17.0921,0.666667,0,0,0
17902,-37.9269,17.0921,0.666667,0,0,0
17903,-38.9292,17.0921,0.666667,0,0,0
17904,-39.9316,17.0921,0.666667,0,0,0
17905,-40.934,17.0921,0.666667,0,0,0
17906,-41.9363,17.0921,0.666667,0,0,0
17907,-42.9387,17.0921,0.666667,0,0,0
17908,-43.941,17.0921,0.666667,0,0,0
17909,-44.9434,17.0921,0.666667,0,0,0
17910,-45.9458,17.0921,0.666667,0,0,0
17911,-46.9481,17.0921,0.666667,0,0,0
17912,-47.9505,17.0921,0.666667,0,0,0
17913,-48.9528,17.0921,0.666667,0,0,0
17914,-49.9552,17.0921,0.666667,0,0,0
17915,-50.9575,17.0921,0.666667,0,0,0
17916,-51.9599,17.0921,0.666667,0,0,0
17917,-52.9623,17.0921,0.666667,0,0,0
17918,-53.9646,17.0921,0.666667,0,0,0
17919,-54.967,17.0921,0.666667,0,0,0
17920,-55.9693,17.0921,0.666667,0,0,0
17921,-56.9717,17.0921,0.666667,0,0,0
17922,-57.9741,17.0921,0.666667,0,0,0
17923,-58.9764,17.0921,0.666667,0,0,0
17924,-59.9788,17.0921,0.666667,0,0,0
17925,-60.9811,17.0921,0.666667,0,0,0
17926,-61.9835,17.0921,0.666667,0,0,0
17927,-62.9858,17.0921,0.666667,0,0,0
17928,-63.9882,17.0921,0.666667,0,0,0
17929,-64.9906,17.0921,0.666667,0,0,0
17930,-65.9929,17.0921,0.666667,0,0,0
17931,-66.9953,17.0921,0.666667,0,0,0
17932,-67.9976,17.0921,0.666667,0,0,0
17933,-16.8774,18.0711,0.666667,0,0,0
17934,-17.8797,18.0711,0.666667,0,0,0
17935,-18.8821,18.0711,0.666667,0,0,0
17936,-19.8844,18.0711,0.666667,0,0,0
17937,-20.8868,18.0711,0.666667,0,0,0
17938,-21.8892,18.0711,0.666667,0,0,0
17939,-22.8915,18.0711,0.666667,0,0,0
17940,-23.8939,18.0711,0.666667,0,0,0
17941,-24.8962,18.0711,0.666667,0,0,0
17942,-25.8986,18.0711,0.666667,0,0,0
17943,-26.9009,18.0711,0.666667,0,0,0
17944,-27.9033,18.0711,0.666667,0,0,0
17945,-28.9057,18.0711,0.666667,0,0,0
17946,-29.908,18.0711,0.666667,0,0,0
17947,-30.9104,18.0711,0.666667,0,0,0
17948,-31.9127,18.0711,0.666667,0,0,0
17949,-32.9151,18.0711,0.666667,0,0,0
17950,-33.9175,18.0711,0.666667,0,0,0
17951,-34.9198,18.0711,0.666667,0,0,0
17952,-35.9222,18.0711,0.666667,0,0,0
17953,-36.9245,18.0711,0.666667,0,0,0
17954,-37.9269,18.0711,0.666667,0,0,0
17955,-38.9292,18.0711,0.666667,0,0,0
17956,-39.9316,18.0711,0.666667,0,0,0
17957,-40.934,18.0711,0.666667,0,0,0
17958,-41.9363,18.0711,0.666667,0,0,0
17959,-42.9387,18.0711,0.666667,0,0,0
17960,-43.941,18.0711,0.666667,0,0,0
17961,-44.9434,18.0711,0.666667,0,0,0
17962,-45.9458,18.0711,0.666667,0,0,0
17963,-46.9481,18.0711,0.666667,0,0,0
17964,-47.9505,18.0711,0.666667,0,0,0
17965,-48.9528,18.0711,0.666667,0,0,0
17966,-49.9552,18.0711,0.666667,0,0,0
17967,-50.9575,18.0711,0.666667,0,0,0
17968,-51.9599,18.0711,0.666667,0,0,0
17969,-52.9623,18.0711,0.666667,0,0,0
17970,-53.9646,18.0711,0.666667,0,0,0
17971,-54.967,18.0711,0.666667,0,0,0
17972,-55.9693,18.0711,0.666667,0,0,0
17973,-56.9717,18.0711,0.666667,0,0,0
17974,-57.9741,18.0711,0.666667,0,0,0
17975,-58.9764,18.0711,0.666667,0,0,0
17976,-59.9788,18.0711,0.666667,0,0,0
17977,-60.9811,18.0711,0.666667,0,0,0
17978,-61.9835,18.0711,0.666667,0,0,0
17979,-62.9858,18.0711,0.666667,0,0,0
17980,-63.9882,18.0711,0.666667,0,0,0
17981,-64.9906,18.0711,0.666667,0,0,0
17982,-65.9929,18.0711,0.666667,0,0,0
17983,-66.9953,18.0711,0.666667,0,0,0
17984,-67.9976,18.0711,0.666667,0,0,0
17985,16.8774,1.42895,0.666667,0,0,0
17986,17.8797,1.42895,0.666667,0,0,0
17987,18.8821,1.42895,0.666667,0,0,0
17988,19.8844,1.42895,0.666667,0,0,0
17989,20.8868,1.42895,0.666667,0,0,0
17990,21.8892,1.42895,0.666667,0,0,0
17991,22.8915,1.42895,0.666667,0,0,0
17992,23.8939,1.42895,0.666667,0,0,0
17993,24.8962,1.42895,0.666667,0,0,0
17994,25.8986,1.42895,0.666667,0,0,0
17995,26.9009,1.42895,0.666667,0,0,0
17996,27.9033,1.42895,0.666667,0,0,0
17997,28.9057,1.42895,0.666667,0,0,0
17998,29.908,1.42895,0.666667,0,0,0
17999,30.9104,1.42895,0.666667,0,0,0
18000,31.9127,1.42895,0.666667,0,0,0
18001,32.9151,1.42895,0.666667,0,0,0
18002,33.9175,1.42895,0.666667,0,0,0
18003,34.9198,1.42895,0.666667,0,0,0
18004,35.9222,1.42895,0.666667,0,0,0
18005,36.9245,1.42895,0.666667,0,0,0
18006,37.9269,1.42895,0.666667,0,0,0
18007,38.9292,1.42895,0.666667,0,0,0
18008,39.9316,1.42895,0.666667,0,0,0
18009,40.934,1.42895,0.666667,0,0,0
18010,41.9363,1.42895,0.666667,0,0,0
18011,42.9387,1.42895,0.666667,0,0,0
18012,43.941,1.42895,0.666667,0,0,0
18013,44.9434,1.42895,0.666667,0,0,0
18014,45.9458,1.42895,0.666667,0,0,0
18015,46.9481,1.42895,0.666667,0,0,0
18016,47.9505,1.42895,0.666667,0,0,0
18017,48.9528,1.42895,0.666667,0,0,0
18018,49.9552,1.42895,0.666667,0,0,0
18019,50.9575,1.42895,0.666667,0,0,0
18020,51.9599,1.42895,0.666667,0,0,0
18021,52.9623,1.42895,0.666667,0,0,0
18022,53.9646,1.42895,0.666667,0,0,0
18023,54.967,1.42895,0.666667,0,0,0
18024,55.9693,1.42895,0.666667,0,0,0
18025,56.9717,1.42895,0.666667,0,0,0
18026,57.9741,1.42895,0.666667,0,0,0
18027,58.9764,1.42895,0.666667,0,0,0
18028,59.9788,1.42895,0.666667,0,0,0
18029,60.9811,1.42895,0.666667,0,0,0
18030,61.9835,1.42895,0.666667,0,0,0
18031,62.9858,1.42895,0.666667,0,0,0
18032,63.9882,1.42895,0.666667,0,0,0
18033,64.9906,1.42895,0.666667,0,0,0
18034,65.9929,1.42895,0.666667,0,0,0
18035,66.9953,1.42895,0.666667,0,0,0
18036,67.9976,1.42895,0.666667,0,0,0
18037,16.8774,2.40789,0.666667,0,0,0
18038,17.8797,2.40789,0.666667,0,0,0
18039,18.8821,2.40789,0.666667,0,0,0
18040,19.8844,2.40789,0.666667,0,0,0
18041,20.8868,2.40789,0.666667,0,0,0
18042,21.8892,2.40789,0.666667,0,0,0
18043,22.8915,2.40789,0.666667,0,0,0
18044,23.8939,2.40789,0.666667,0,0,0
18045,24.8962,2.40789,0.666667,0,0,0
18046,25.8986,2.40789,0.666667,0,0,0
18047,26.9009,2.40789,0.666667,0,0,0
18048,27.9033,2.40789,0.666667,0,0,0
18049,28.9057,2.40789,0.666667,0,0,0
18050,29.908,2.40789,0.666667,0,0,0
18051,30.9104,2.40789,0.666667,0,0,0
18052,31.9127,2.40789,0.666667,0,0,0
18053,32.9151,2.40789,0.666667,0,0,0
18054,33.9175,2.40789,0.666667,0,0,0
18055,34.9198,2.40789,0.666667,0,0,0
18056,35.9222,2.40789,0.666667,0,0,0
18057,36.9245,2.40789,0.666667,0,0,0
18058,37.9269,2.40789,0.666667,0,0,0
18059,38.9292,2.40789,0.666667,0,0,0
18060,39.9316,2.40789,0.666667,0,0,0
18061,40.934,2.40789,0.666667,0,0,0
18062,41.9363,2.40789,0.666667,0,0,0
18063,42.9387,2.40789,0.666667,0,0,0
18064,43.941,2.40789,0.666667,0,0,0
18065,44.9434,2.40789,0.666667,0,0,0
18066,45.9458,2.40789,0.666667,0,0,0
18067,46.9481,2.40789,0.666667,0,0,0
18068,47.9505,2.40789,0.666667,0,0,0
18069,48.9528,2.40789,0.666667,0,0,0
18070,49.9552,2.40789,0.666667,0,0,0
18071,50.9575,2.40789,0.666667,0,0,0
18072,51.9599,2.40789,0.666667,0,0,0
18073,52.9623,2.40789,0.666667,0,0,0
18074,53.9646,2.40789,0.666667,0,0,0
18075,54.967,2.40789,0.666667,0,0,0
18076,55.9693,2.40789,0.666667,0,0,0
18077,56.9717,2.40789,0.666667,0,0,0
18078,57.9741,2.40789,0.666667,0,0,0
18079,58.9764,2.40789,0.666667,0,0,0
18080,59.9788,2.40789,0.666667,0,0,0
18081,60.9811,2.40789,0.666667,0,0,0
18082,61.9835,2.40789,0.666667,0,0,0
18083,62.9858,2.40789,0.666667,0,0,0
18084,63.9882,2.40789,0.666667,0,0,0
18085,64.9906,2.40789,0.666667,0,0,0
18086,65.9929,2.40789,0.666667,0,0,0
18087,66.9953,2.40789,0.666667,0,0,0
18088,67.9976,2.40789,0.666667,0,0,0
18089,16.8774,3.38684,0.666667,0,0,0
18090,17.8797,3.38684,0.666667,0,0,0
18091,18.8821,3.38684,0.666667,0,0,0
18092,19.8844,3.38684,0.666667,0,0,0
18093,20.8868,3.38684,0.666667,0,0,0
18094,21.8892,3.38684,0.666667,0,0,0
18095,22.8915,3.38684,0.666667,0,0,0
18096,23.8939,3.38684,0.666667,0,0,0
18097,24.8962,3.38684,0.666667,0,0,0
18098,25.8986,3.38684,0.666667,0,0,0
18099,26.9009,3.38684,0.666667,0,0,0
18100,27.9033,3.38684,0.666667,0,0,0
18101,28.9057,3.38684,0.666667,0,0,0
18102,29.908,3.38684,0.666667,0,0,0
18103,30.9104,3.38684,0.666667,0,0,0
18104,31.9127,3.38684,0.666667,0,0,0
18105,32.9151,3.38684,0.666667,0,0,0
18106,33.9175,3.38684,0.666667,0,0,0
18107,34.9198,3.38684,0.666667,0,0,0
18108,35.9222,3.38684,0.666667,0,0,0
18109,36.9245,3.38684,0.666667,0,0,0
18110,37.9269,3.38684,0.666667,0,0,0
18111,38.9292,3.38684,0.666667,0,0,0
18112,39.9316,3.38684,0.666667,0,0,0
18113,40.934,3.38684,0.666667,0,0,0
18114,41.9363,3.38684,0.666667,0,0,0
18115,42.9387,3.38684,0.666667,0,0,0
18116,43.941,3.38684,0.666667,0,0,0
18117,44.9434,3.38684,0.666667,0,0,0
18118,45.9458,3.38684,0.666667,0,0,0
18119,46.9481,3.38684,0.666667,0,0,0
18120,47.9505,3.38684,0.666667,0,0,0
18121,48.9528,3.38684,0.666667,0,0,0
18122,49.9552,3.38684,0.666667,0,0,0
18123,50.9575,3.38684,0.666667,0,0,0
18124,51.9599,3.38684,0.666667,0,0,0
18125,52.9623,3.38684,0.666667,0,0,0
18126,53.9646,3.38684,0.666667,0,0,0
18127,54.967,3.38684,0.666667,0,0,0
18128,55.9693,3.38684,0.666667,0,0,0
18129,56.9717,3.38684,0.666667,0,0,0
18130,57.9741,3.38684,0.666667,0,0,0
18131,58.9764,3.38684,0.666667,0,0,0
18132,59.9788,3.38684,0.666667,0,0,0
18133,60.9811,3.38684,0.666667,0,0,0
18134,61.9835,3.38684,0.666667,0,0,0
18135,62.9858,3.38684,0.666667,0,0,0
18136,63.9882,3.38684,0.666667,0,0,0
18137,64.9906,3.38684,0.666667,0,0,0
18138,65.9929,3.38684,0.666667,0,0,0
18139,66.9953,3.38684,0.666667,0,0,0
18140,67.9976,3.38684,0.666667,0,0,0
18141,16.8774,4.36579,0.666667,0,0,0
18142,17.8797,4.36579,0.666667,0,0,0
18143,18.8821,4.36579,0.666667,0,0,0
18144,19.8844,4.36579,0.666667,0,0,0
18145,20.8868,4.36579,0.666667,0,0,0
18146,21.8892,4.36579,0.666667,0,0,0
18147,22.8915,4.36579,0.666667,0,0,0
18148,23.8939,4.36579,0.666667,0,0,0
18149,24.8962,4.36579,0.666667,0,0,0
18150,25.8986,4.36579,0.666667,0,0,0
18151,26.9009,4.36579,0.666667,0,0,0
18152,27.9033,4.36579,0.666667,0,0,0
18153,28.9057,4.36579,0.666667,0,0,0
18154,29.908,4.36579,0.666667,0,0,0
18155,30.9104,4.36579,0.666667,0,0,0
18156,31.9127,4.36579,0.666667,0,0,0
18157,32.9151,4.36579,0.666667,0,0,0
18158,33.9175,4.36579,0.666667,0,0,0
18159,34.9198,4.36579,0.666667,0,0,0
18160,35.9222,4.36579,0.666667,0,0,0
18161,36.9245,4.36579,0.666667,0,0,0
18162,37.9269,4.36579,0.666667,0,0,0
18163,38.9292,4.36579,0.666667,0,0,0
18164,39.9316,4.36579,0.666667,0,0,0
18165,40.934,4.36579,0.666667,0,0,0
18166,41.9363,4.36579,0.666667,0,0,0
18167,42.9387,4.36579,0.666667,0,0,0
18168,43.941,4.36579,0.666667,0,0,0
18169,44.9434,4.36579,0.666667,0,0,0
18170,45.9458,4.36579,0.666667,0,0,0
18171,46.9481,4.36579,0.666667,0,0,0
18172,47.9505,4.36579,0.666667,0,0,0
18173,48.9528,4.36579,0.666667,0,0,0
18174,49.9552,4.36579,0.666667,0,0,0
18175,50.9575,4.36579,0.666667,0,0,0
18176,51.9599,4.36579,0.666667,0,0,0
18177,52.9623,4.36579,0.666667,0,0,0
18178,53.9646,4.36579,0.666667,0,0,0
18179,54.967,4.36579,0.666667,0,0,0
18180,55.9693,4.36579,0.666667,0,0,0
18181,56.9717,4.36579,0.666667,0,0,0
18182,57.9741,4.36579,0.666667,0,0,0
18183,58.9764,4.36579,0.666667,0,0,0
18184,59.9788,4.36579,0.666667,0,0,0
18185,60.9811,4.36579,0.666667,0,0,0
18186,61.9835,4.36579,0.666667,0,0,0
18187,62.9858,4.36579,0.666667,0,0,0
18188,63.9882,4.36579,0.666667,0,0,0
18189,64.9906,4.36579,0.666667,0,0,0
18190,65.9929,4.36579,0.666667,0,0,0
18191,66.9953,4.36579,0.666667,0,0,0
18192,67.9976,4.36579,0.666667,0,0,0
18193,16.8774,5.34474,0.666667,0,0,0
18194,17.8797,5.34474,0.666667,0,0,0
18195,18.8821,5.34474,0.666667,0,0,0
18196,19.8844,5.34474,0.666667,0,0,0
18197,20.8868,5.34474,0.666667,0,0,0
18198,21.8892,5.34474,0.666667,0,0,0
18199,22.8915,5.34474,0.666667,0,0,0
18200,23.8939,5.34474,0.666667,0,0,0
18201,24.8962,5.34474,0.666667,0,0,0
18202,25.8986,5.34474,0.666667,0,0,0
18203,26.9009,5.34474,0.666667,0,0,0
18204,27.9033,5.34474,0.666667,0,0,0
18205,28.9057,5.34474,0.666667,0,0,0
18206,29.908,5.34474,0.666667,0,0,0
18207,30.9104,5.34474,0.666667,0,0,0
18208,31.9127,5.34474,0.666667,0,0,0
18209,32.9151,5.34474,0.666667,0,0,0
18210,33.9175,5.34474,0.666667,0,0,0
18211,34.9198,5.34474,0.666667,0,0,0
18212,35.9222,5.34474,0.666667,0,0,0
18213,36.9245,5.34474,0.666667,0,0,0
18214,37.9269,5.34474,0.666667,0,0,0
18215,38.9292,5.34474,0.666667,0,0,0
18216,39.9316,5.34474,0.666667,0,0,0
18217,40.934,5.34474,0.666667,0,0,0
18218,41.9363,5.34474,0.666667,0,0,0
18219,42.9387,5.34474,0.666667,0,0,0
18220,43.941,5.34474,0.666667,0,0,0
18221,44.9434,5.34474,0.666667,0,0,0
18222,45.9458,5.34474,0.666667,0,0,0
18223,46.9481,5.34474,0.666667,0,0,0
18224,47.9505,5.34474,0.666667,0,0,0
18225,48.9528,5.34474,0.666667,0,0,0
18226,49.9552,5.34474,0.666667,0,0,0
18227,50.9575,5.34474,0.666667,0,0,0
18228,51.9599,5.34474,0.666667,0,0,0
18229,52.9623,5.34474,0.666667,0,0,0
18230,53.9646,5.34474,0.666667,0,0,0
18231,54.967,5.34474,0.666667,0,0,0
18232,55.9693,5.34474,0.666667,0,0,0
18233,56.9717,5.34474,0.666667,0,0,0
18234,57.9741,5.34474,0.666667,0,0,0
18235,58.9764,5.34474,0.666667,0,0,0
18236,59.9788,5.34474,0.666667,0,0,0
18237,60.9811,5.34474,0.666667,0,0,0
18238,61.9835,5.34474,0.666667,0,0,0
18239,62.9858,5.34474,0.666667,0,0,0
18240,63.9882,5.34474,0.666667,0,0,0
18241,64.9906,5.34474,0.666667,0,0,0
18242,65.9929,5.34474,0.666667,0,0,0
18243,66.9953,5.34474,0.666667,0,0,0
18244,67.9976,5.34474,0.666667,0,0,0
18245,16.8774,6.32368,0.666667,0,0,0
18246,17.8797,6.32368,0.666667,0,0,0
18247,18.8821,6.32368,0.666667,0,0,0
18248,19.8844,6.32368,0.666667,0,0,0
18249,20.8868,6.32368,0.666667,0,0,0
18250,21.8892,6.32368,0.666667,0,0,0
18251,22.8915,6.32368,0.666667,0,0,0
18252,23.8939,6.32368,0.666667,0,0,0
18253,24.8962,6.32368,0.666667,0,0,0
18254,25.8986,6.32368,0.666667,0,0,0
18255,26.9009,6.32368,0.666667,0,0,0
18256,27.9033,6.32368,0.666667,0,0,0
18257,28.9057,6.32368,0.666667,0,0,0
18258,29.908,6.32368,0.666667,0,0,0
18259,30.9104,6.32368,0.666667,0,0,0
18260,31.9127,6.32368,0.666667,0,0,0
18261,32.9151,6.32368,0.666667,0,0,0
18262,33.9175,6.32368,0.666667,0,0,0
18263,34.9198,6.32368,0.666667,0,0,0
18264,35.9222,6.32368,0.666667,0,0,0
18265,36.9245,6.32368,0.666667,0,0,0
18266,37.9269,6.32368,0.666667,0,0,0
18267,38.9292,6.32368,0.666667,0,0,0
18268,39.9316,6.32368,0.666667,0,0,0
18269,40.934,6.32368,0.666667,0,0,0
18270,41.9363,6.32368,0.666667,0,0,0
18271,42.9387,6.32368,0.666667,0,0,0
18272,43.941,6.32368,0.666667,0,0,0
18273,44.9434,6.32368,0.666667,0,0,0
18274,45.9458,6.32368,0.666667,0,0,0
18275,46.9481,6.32368,0.666667,0,0,0
18276,47.9505,6.32368,0.666667,0,0,0
18277,48.9528,6.32368,0.666667,0,0,0
18278,49.9552,6.32368,0.666667,0,0,0
18279,50.9575,6.32368,0.666667,0,0,0
18280,51.9599,6.32368,0.666667,0,0,0
18281,52.9623,6.32368,0.666667,0,0,0
18282,53.9646,6.32368,0.666667,0,0,0
18283,54.967,6.32368,0.666667,0,0,0
18284,55.9693,6.32368,0.666667,0,0,0
18285,56.9717,6.32368,0.666667,0,0,0
18286,57.9741,6.32368,0.666667,0,0,0
18287,58.9764,6.32368,0.666667,0,0,0
18288,59.9788,6.32368,0.666667,0,0,0
18289,60.9811,6.32368,0.666667,0,0,0
18290,61.9835,6.32368,0.666667,0,0,0
18291,62.9858,6.32368,0.666667,0,0,0
18292,63.9882,6.32368,0.666667,0,0,0
18293,64.9906,6.32368,0.666667,0,0,0
18294,65.9929,6.32368,0.666667,0,0,0
18295,66.9953,6.32368,0.666667,0,0,0
18296,67.9976,6.32368,0.666667,0,0,0
18297,16.8774,7.30263,0.666667,0,0,0
18298,17.8797,7.30263,0.666667,0,0,0
18299,18.8821,7.30263,0.666667,0,0,0
18300,19.8844,7.30263,0.666667,0,0,0
18301,20.8868,7.30263,0.666667,0,0,0
18302,21.8892,7.30263,0.666667,0,0,0
18303,22.8915,7.30263,0.666667,0,0,0
18304,23.8939,7.30263,0.666667,0,0,0
18305,24.8962,7.30263,0.666667,0,0,0
18306,25.8986,7.30263,0.666667,0,0,0
18307,26.9009,7.30263,0.666667,0,0,0
18308,27.9033,7.30263,0.666667,0,0,0
18309,28.9057,7.30263,0.666667,0,0,0
18310,29.908,7.30263,0.666667,0,0,0
18311,30.9104,7.30263,0.666667,0,0,0
18312,31.9127,7.30263,0.666667,0,0,0
18313,32.9151,7.30263,0.666667,0,0,0
18314,33.9175,7.30263,0.666667,0,0,0
18315,34.9198,7.30263,0.666667,0,0,0
18316,35.9222,7.30263,0.666667,0,0,0
18317,36.9245,7.30263,0.666667,0,0,0
18318,37.9269,7.30263,0.666667,0,0,0
18319,38.9292,7.30263,0.666667,0,0,0
18320,39.9316,7.30263,0.666667,0,0,0
18321,40.934,7.30263,0.666667,0,0,0
18322,41.9363,7.30263,0.666667,0,0,0
18323,42.9387,7.30263,0.666667,0,0,0
18324,43.941,7.30263,0.666667,0,0,0
18325,44.9434,7.30263,0.666667,0,0,0
18326,45.9458,7.30263,0.666667,0,0,0
18327,46.9481,7.30263,0.666667,0,0,0
18328,47.9505,7.30263,0.666667,0,0,0
18329,48.9528,7.30263,0.666667,0,0,0
18330,49.9552,7.30263,0.666667,0,0,0
18331,50.9575,7.30263,0.666667,0,0,0
18332,51.9599,7.30263,0.666667,0,0,0
18333,52.9623,7.30263,0.666667,0,0,0
18334,53.9646,7.30263,0.666667,0,0,0
18335,54.967,7.30263,0.666667,0,0,0
18336,55.9693,7.30263,0.666667,0,0,0
18337,56.9717,7.30263,0.666667,0,0,0
18338,57.9741,7.30263,0.666667,0,0,0
18339,58.9764,7.30263,0.666667,0,0,0
18340,59.9788,7.30263,0.666667,0,0,0
18341,60.9811,7.30263,0.666667,0,0,0
18342,61.9835,7.30263,0.666667,0,0,0
18343,62.9858,7.30263,0.666667,0,0,0
18344,63.9882,7.30263,0.666667,0,0,0
18345,64.9906,7.30263,0.666667,0,0,0
18346,65.9929,7.30263,0.666667,0,0,0
18347,66.9953,7.30263,0.666667,0,0,0
18348,67.9976,7.30263,0.666667,0,0,0
18349,16.8774,8.28158,0.666667,0,0,0
18350,17.8797,8.28158,0.666667,0,0,0
18351,18.8821,8.28158,0.666667,0,0,0
18352,19.8844,8.28158,0.666667,0,0,0
18353,20.8868,8.28158,0.666667,0,0,0
18354,21.8892,8.28158,0.666667,0,0,0
18355,22.8915,8.28158,0.666667,0,0,0
18356,23.8939,8.28158,0.666667,0,0,0
18357,24.8962,8.28158,0.666667,0,0,0
18358,25.8986,8.28158,0.666667,0,0,0
18359,26.9009,8.28158,0.666667,0,0,0
18360,27.9033,8.28158,0.666667,0,0,0
18361,28.9057,8.28158,0.666667,0,0,0
18362,29.908,8.28158,0.666667,0,0,0
18363,30.9104,8.28158,0.666667,0,0,0
18364,31.9127,8.28158,0.666667,0,0,0
18365,32.9151,8.28158,0.666667,0,0,0
18366,33.9175,8.28158,0.666667,0,0,0
18367,34.9198,8.28158,0.666667,0,0,0
18368,35.9222,8.28158,0.666667,0,0,0
18369,36.9245,8.28158,0.666667,0,0,0
18370,37.9269,8.28158,0.666667,0,0,0
18371,38.9292,8.28158,0.666667,0,0,0
18372,39.9316,8.28158,0.666667,0,0,0
18373,40.934,8.28158,0.666667,0,0,0
18374,41.9363,8.28158,0.666667,0,0,0
18375,42.9387,8.28158,0.666667,0,0,0
18376,43.941,8.28158,0.666667,0,0,0
18377,44.9434,8.28158,0.666667,0,0,0
18378,45.9458,8.28158,0.666667,0,0,0
18379,46.9481,8.28158,0.666667,0,0,0
18380,47.9505,8.28158,0.666667,0,0,0
18381,48.9528,8.28158,0.666667,0,0,0
18382,49.9552,8.28158,0.666667,0,0,0
18383,50.9575,8.28158,0.666667,0,0,0
18384,51.9599,8.28158,0.666667,0,0,0
18385,52.9623,8.28158,0.666667,0,0,0
18386,53.9646,8.28158,0.666667,0,0,0
18387,54.967,8.28158,0.666667,0,0,0
18388,55.9693,8.28158,0.666667,0,0,0
18389,56.9717,8.28158,0.666667,0,0,0
18390,57.9741,8.28158,0.666667,0,0,0
18391,58.9764,8.28158,0.666667,0,0,0
18392,59.9788,8.28158,0.666667,0,0,0
18393,60.9811,8.28158,0.666667,0,0,0
18394,61.9835,8.28158,0.666667,0,0,0
18395,62.9858,8.28158,0.666667,0,0,0
18396,63.9882,8.28158,0.666667,0,0,0
18397,64.9906,8.28158,0.666667,0,0,0
18398,65.9929,8.28158,0.666667,0,0,0
18399,66.9953,8.28158,0.666667,0,0,0
18400,67.9976,8.28158,0.666667,0,0,0
18401,16.8774,9.26053,0.666667,0,0,0
18402,17.8797,9.26053,0.666667,0,0,0
18403,18.8821,9.26053,0.666667,0,0,0
18404,19.8844,9.26053,0.666667,0,0,0
18405,20.8868,9.26053,0.666667,0,0,0
18406,21.8892,9.26053,0.666667,0,0,0
18407,22.8915,9.26053,0.666667,0,0,0
18408,23.8939,9.26053,0.666667,0,0,0
18409,24.8962,9.26053,0.666667,0,0,0
18410,25.8986,9.26053,0.666667,0,0,0
18411,26.9009,9.26053,0.666667,0,0,0
18412,27.9033,9.26053,0.666667,0,0,0
18413,28.9057,9.26053,0.666667,0,0,0
18414,29.908,9.26053,0.666667,0,0,0
18415,30.9104,9.26053,0.666667,0,0,0
18416,31.9127,9.26053,0.666667,0,0,0
18417,32.9151,9.26053,0.666667,0,0,0
18418,33.9175,9.26053,0.666667,0,0,0
18419,34.9198,9.26053,0.666667,0,0,0
18420,35.9222,9.26053,0.666667,0,0,0
18421,36.9245,9.26053,0.666667,0,0,0
18422,37.9269,9.26053,0.666667,0,0,0
18423,38.9292,9.26053,0.666667,0,0,0
18424,39.9316,9.26053,0.666667,0,0,0
18425,40.934,9.26053,0.666667,0,0,0
18426,41.9363,9.26053,0.666667,0,0,0
18427,42.9387,9.26053,0.666667,0,0,0
18428,43.941,9.26053,0.666667,0,0,0
18429,44.9434,9.26053,0.666667,0,0,0
18430,45.9458,9.26053,0.666667,0,0,0
18431,46.9481,9.26053,0.666667,0,0,0
18432,47.9505,9.26053,0.666667,0,0,0
18433,48.9528,9.26053,0.666667,0,0,0
18434,49.9552,9.26053,0.666667,0,0,0
18435,50.9575,9.26053,0.666667,0,0,0
18436,51.9599,9.26053,0.666667,0,0,0
18437,52.9623,9.26053,0.666667,0,0,0
18438,53.9646,9.26053,0.666667,0,0,0
18439,54.967,9.26053,0.666667,0,0,0
18440,55.9693,9.26053,0.666667,0,0,0
18441,56.9717,9.26053,0.666667,0,0,0
18442,57.9741,9.26053,0.666667,0,0,0
18443,58.9764,9.26053,0.666667,0,0,0
18444,59.9788,9.26053,0.666667,0,0,0
18445,60.9811,9.26053,0.666667,0,0,0
18446,61.9835,9.26053,0.666667,0,0,0
18447,62.9858,9.26053,0.666667,0,0,0
18448,63.9882,9.26053,0.666667,0,0,0
18449,64.9906,9.26053,0.666667,0,0,0
18450,65.9929,9.26053,0.666667,0,0,0
18451,66.9953,9.26053,0.666667,0,0,0
18452,67.9976,9.26053,0.666667,0,0,0
18453,16.8774,10.2395,0.666667,0,0,0
18454,17.8797,10.2395,0.666667,0,0,0
18455,18.8821,10.2395,0.666667,0,0,0
18456,19.8844,10.2395,0.666667,0,0,0
18457,20.8868,10.2395,0.666667,0,0,0
18458,21.8892,10.2395,0.666667,0,0,0
18459,22.8915,10.2395,0.666667,0,0,0
18460,23.8939,10.2395,0.666667,0,0,0
18461,24.8962,10.2395,0.666667,0,0,0
18462,25.8986,10.2395,0.666667,0,0,0
18463,26.9009,10.2395,0.666667,0,0,0
18464,27.9033,10.2395,0.666667,0,0,0
18465,28.9057,10.2395,0.666667,0,0,0
18466,29.908,10.2395,0.666667,0,0,0
18467,30.9104,10.2395,0.666667,0,0,0
18468,31.9127,10.2395,0.666667,0,0,0
18469,32.9151,10.2395,0.666667,0,0,0
18470,33.9175,10.2395,0.666667,0,0,0
18471,34.9198,10.2395,0.666667,0,0,0
18472,35.9222,10.2395,0.666667,0,0,0
18473,36.9245,10.2395,0.666667,0,0,0
18474,37.9269,10.2395,0.666667,0,0,0
18475,38.9292,10.2395,0.666667,0,0,0
18476,39.9316,10.2395,0.666667,0,0,0
18477,40.934,10.2395,0.666667,0,0,0
18478,41.9363,10.2395,0.666667,0,0,0
18479,42.9387,10.2395,0.666667,0,0,0
18480,43.941,10.2395,0.666667,0,0,0
18481,44.9434,10.2395,0.666667,0,0,0
18482,45.9458,10.2395,0.666667,0,0,0
18483,46.9481,10.2395,0.666667,0,0,0
18484,47.9505,10.2395,0.666667,0,0,0
18485,48.9528,10.2395,0.666667,0,0,0
18486,49.9552,10.2395,0.666667,0,0,0
18487,50.9575,10.2395,0.666667,0,0,0
18488,51.9599,10.2395,0.666667,0,0,0
18489,52.9623,10.2395,0.666667,0,0,0
18490,53.9646,10.2395,0.666667,0,0,0
18491,54.967,10.2395,0.666667,0,0,0
18492,55.9693,10.2395,0.666667,0,0,0
18493,56.9717,10.2395,0.666667,0,0,0
18494,57.9741,10.2395,0.666667,0,0,0
18495,58.9764,10.2395,0.666667,0,0,0
18496,59.9788,10.2395,0.666667,0,0,0
18497,60.9811,10.2395,0.666667,0,0,0
18498,61.9835,10.2395,0.666667,0,0,0
18499,62.9858,10.2395,0.666667,0,0,0
18500,63.9882,10.2395,0.666667,0,0,0
18501,64.9906,10.2395,0.666667,0,0,0
18502,65.9929,10.2395,0.666667,0,0,0
18503,66.9953,10.2395,0.666667,0,0,0
18504,67.9976,10.2395,0.666667,0,0,0
18505,16.8774,11.2184,0.666667,0,0,0
18506,17.8797,11.2184,0.666667,0,0,0
18507,18.8821,11.2184,0.666667,0,0,0
18508,19.8844,11.2184,0.666667,0,0,0
18509,20.8868,11.2184,0.666667,0,0,0
18510,21.8892,11.2184,0.666667,0,0,0
18511,22.8915,11.2184,0.666667,0,0,0
18512,23.8939,11.2184,0.666667,0,0,0
18513,24.8962,11.2184,0.666667,0,0,0
18514,25.8986,11.2184,0.666667,0,0,0
18515,26.9009,11.2184,0.666667,0,0,0
18516,27.9033,11.2184,0.666667,0,0,0
18517,28.9057,11.2184,0.666667,0,0,0
18518,29.908,11.2184,0.666667,0,0,0
18519,30.9104,11.2184,0.666667,0,0,0
18520,31.9127,11.2184,0.666667,0,0,0
18521,32.9151,11.2184,0.666667,0,0,0
18522,33.9175,11.2184,0.666667,0,0,0
18523,34.9198,11.2184,0.666667,0,0,0
18524,35.9222,11.2184,0.666667,0,0,0
18525,36.9245,11.2184,0.666667,0,0,0
18526,37.9269,11.2184,0.666667,0,0,0
18527,38.9292,11.2184,0.666667,0,0,0
18528,39.9316,11.2184,0.666667,0,0,0
18529,40.934,11.2184,0.666667,0,0,0
18530,41.9363,11.2184,0.666667,0,0,0
18531,42.9387,11.2184,0.666667,0,0,0
18532,43.941,11.2184,0.666667,0,0,0
18533,44.9434,11.2184,0.666667,0,0,0
18534,45.9458,11.2184,0.666667,0,0,0
18535,46.9481,11.2184,0.666667,0,0,0
18536,47.9505,11.2184,0.666667,0,0,0
18537,48.9528,11.2184,0.666667,0,0,0
18538,49.9552,11.2184,0.666667,0,0,0
18539,50.9575,11.2184,0.666667,0,0,0
18540,51.9599,11.2184,0.666667,0,0,0
18541,52.9623,11.2184,0.666667,0,0,0
18542,53.9646,11.2184,0.666667,0,0,0
18543,54.967,11.2184,0.666667,0,0,0
18544,55.9693,11.2184,0.666667,0,0,0
18545,56.9717,11.2184,0.666667,0,0,0
18546,57.9741,11.2184,0.666667,0,0,0
18547,58.9764,11.2184,0.666667,0,0,0
18548,59.9788,11.2184,0.666667,0,0,0
18549,60.9811,11.2184,0.666667,0,0,0
18550,61.9835,11.2184,0.666667,0,0,0
18551,62.9858,11.2184,0.666667,0,0,0
18552,63.9882,11.2184,0.666667,0,0,0
18553,64.9906,11.2184,0.666667,0,0,0
18554,65.9929,11.2184,0.666667,0,0,0
18555,66.9953,11.2184,0.666667,0,0,0
18556,67.9976,11.2184,0.666667,0,0,0
18557,16.8774,12.1974,0.666667,0,0,0
18558,17.8797,12.1974,0.666667,0,0,0
18559,18.8821,12.1974,0.666667,0,0,0
18560,19.8844,12.1974,0.666667,0,0,0
18561,20.8868,12.1974,0.666667,0,0,0
18562,21.8892,12.1974,0.666667,0,0,0
18563,22.8915,12.1974,0.666667,0,0,0
18564,23.8939,12.1974,0.666667,0,0,0
18565,24.8962,12.1974,0.666667,0,0,0
18566,25.8986,12.1974,0.666667,0,0,0
18567,26.9009,12.1974,0.666667,0,0,0
18568,27.9033,12.1974,0.666667,0,0,0
18569,28.9057,12.1974,0.666667,0,0,0
18570,29.908,12.1974,0.666667,0,0,0
18571,30.9104,12.1974,0.666667,0,0,0
18572,31.9127,12.1974,0.666667,0,0,0
18573,32.9151,12.1974,0.666667,0,0,0
18574,33.9175,12.1974,0.666667,0,0,0
18575,34.9198,12.1974,0.666667,0,0,0
18576,35.9222,12.1974,0.666667,0,0,0
18577,36.9245,12.1974,0.666667,0,0,0
18578,37.9269,12.1974,0.666667,0,0,0
18579,38.9292,12.1974,0.666667,0,0,0
18580,39.9316,12.1974,0.666667,0,0,0
18581,40.934,12.1974,0.666667,0,0,0
18582,41.9363,12.1974,0.666667,0,0,0
18583,42.9387,12.1974,0.666667,0,0,0
18584,43.941,12.1974,0.666667,0,0,0
18585,44.9434,12.1974,0.666667,0,0,0
18586,45.9458,12.1974,0.666667,0,0,0
18587,46.9481,12.1974,0.666667,0,0,0
18588,47.9505,12.1974,0.666667,0,0,0
18589,48.9528,12.1974,0.666667,0,0,0
18590,49.9552,12.1974,0.666667,0,0,0
18591,50.9575,12.1974,0.666667,0,0,0
18592,51.9599,12.1974,0.666667,0,0,0
18593,52.9623,12.1974,0.666667,0,0,0
18594,53.9646,12.1974,0.666667,0,0,0
18595,54.967,12.1974,0.666667,0,0,0
18596,55.9693,12.1974,0.666667,0,0,0
18597,56.9717,12.1974,0.666667,0,0,0
18598,57.9741,12.1974,0.666667,0,0,0
18599,58.9764,12.1974,0.666667,0,0,0
18600,59.9788,12.1974,0.666667,0,0,0
18601,60.9811,12.1974,0.666667,0,0,0
18602,61.9835,12.1974,0.666667,0,0,0
18603,62.9858,12.1974,0.666667,0,0,0
18604,63.9882,12.1974,0.666667,0,0,0
18605,64.9906,12.1974,0.666667,0,0,0
18606,65.9929,12.1974,0.666667,0,0,0
18607,66.9953,12.1974,0.666667,0,0,0
18608,67.9976,12.1974,0.666667,0,0,0
18609,16.8774,13.1763,0.666667,0,0,0
18610,17.8797,13.1763,0.666667,0,0,0
18611,18.8821,13.1763,0.666667,0,0,0
18612,19.8844,13.1763,0.666667,0,0,0
18613,20.8868,13.1763,0.666667,0,0,0
18614,21.8892,13.1763,0.666667,0,0,0
18615,22.8915,13.1763,0.666667,0,0,0
18616,23.8939,13.1763,0.666667,0,0,0
18617,24.8962,13.1763,0.666667,0,0,0
18618,25.8986,13.1763,0.666667,0,0,0
18619,26.9009,13.1763,0.666667,0,0,0
18620,27.9033,13.1763,0.666667,0,0,0
18621,28.9057,13.1763,0.666667,0,0,0
18622,29.908,13.1763,0.666667,0,0,0
18623,30.9104,13.1763,0.666667,0,0,0
18624,31.9127,13.1763,0.666667,0,0,0
18625,32.9151,13.1763,0.666667,0,0,0
18626,33.9175,13.1763,0.666667,0,0,0
18627,34.9198,13.1763,0.666667,0,0,0
18628,35.9222,13.1763,0.666667,0,0,0
18629,36.9245,13.1763,0.666667,0,0,0
18630,37.9269,13.1763,0.666667,0,0,0
18631,38.9292,13.1763,0.666667,0,0,0
18632,39.9316,13.1763,0.666667,0,0,0
18633,40.934,13.1763,0.666667,0,0,0
18634,41.9363,13.1763,0.666667,0,0,0
18635,42.9387,13.1763,0.666667,0,0,0
18636,43.941,13.1763,0.666667,0,0,0
18637,44.9434,13.1763,0.666667,0,0,0
18638,45.9458,13.1763,0.666667,0,0,0
18639,46.9481,13.1763,0.666667,0,0,0
18640,47.9505,13.1763,0.666667,0,0,0
18641,48.9528,13.1763,0.666667,0,0,0
18642,49.9552,13.1763,0.666667,0,0,0
18643,50.9575,13.1763,0.666667,0,0,0
18644,51.9599,13.1763,0.666667,0,0,0
18645,52.9623,13.1763,0.666667,0,0,0
18646,53.9646,13.1763,0.666667,0,0,0
18647,54.967,13.1763,0.666667,0,0,0
18648,55.9693,13.1763,0.666667,0,0,0
18649,56.9717,13.1763,0.666667,0,0,0
18650,57.9741,13.1763,0.666667,0,0,0
18651,58.9764,13.1763,0.666667,0,0,0
18652,59.9788,13.1763,0.666667,0,0,0
18653,60.9811,13.1763,0.666667,0,0,0
18654,61.9835,13.1763,0.666667,0,0,0
18655,62.9858,13.1763,0.666667,0,0,0
18656,63.9882,13.1763,0.666667,0,0,0
18657,64.9906,13.1763,0.666667,0,0,0
18658,65.9929,13.1763,0.666667,0,0,0
18659,66.9953,13.1763,0.666667,0,0,0
18660,67.9976,13.1763,0.666667,0,0,0
18661,16.8774,14.1553,0.666667,0,0,0
18662,17.8797,14.1553,0.666667,0,0,0
18663,18.8821,14.1553,0.666667,0,0,0
18664,19.8844,14.1553,0.666667,0,0,0
18665,20.8868,14.1553,0.666667,0,0,0
18666,21.8892,14.1553,0.666667,0,0,0
18667,22.8915,14.1553,0.666667,0,0,0
18668,23.8939,14.1553,0.666667,0,0,0
18669,24.8962,14.1553,0.666667,0,0,0
18670,25.8986,14.1553,0.666667,0,0,0
18671,26.9009,14.1553,0.666667,0,0,0
18672,27.9033,14.1553,0.666667,0,0,0
18673,28.9057,14.1553,0.666667,0,0,0
18674,29.908,14.1553,0.666667,0,0,0
18675,30.9104,14.1553,0.666667,0,0,0
18676,31.9127,14.1553,0.666667,0,0,0
18677,32.9151,14.1553,0.666667,0,0,0
18678,33.9175,14.1553,0.666667,0,0,0
18679,34.9198,14.1553,0.666667,0,0,0
18680,35.9222,14.1553,0.666667,0,0,0
18681,36.9245,14.1553,0.666667,0,0,0
18682,37.9269,14.1553,0.666667,0,0,0
18683,38.9292,14.1553,0.666667,0,0,0
18684,39.9316,14.1553,0.666667,0,0,0
18685,40.934,14.1553,0.666667,0,0,0
18686,41.9363,14.1553,0.666667,0,0,0
18687,42.9387,14.1553,0.666667,0,0,0
18688,43.941,14.1553,0.666667,0,0,0
18689,44.9434,14.1553,0.666667,0,0,0
18690,45.9458,14.1553,0.666667,0,0,0
18691,46.9481,14.1553,0.666667,0,0,0
18692,47.9505,14.1553,0.666667,0,0,0
18693,48.9528,14.1553,0.666667,0,0,0
18694,49.9552,14.1553,0.666667,0,0,0
18695,50.9575,14.1553,0.666667,0,0,0
18696,51.9599,14.1553,0.666667,0,0,0
18697,52.9623,14.1553,0.666667,0,0,0
18698,53.9646,14.1553,0.666667,0,0,0
18699,54.967,14.1553,0.666667,0,0,0
18700,55.9693,14.1553,0.666667,0,0,0
18701,56.9717,14.1553,0.666667,0,0,0
18702,57.9741,14.1553,0.666667,0,0,0
18703,58.9764,14.1553,0.666667,0,0,0
18704,59.9788,14.1553,0.666667,0,0,0
18705,60.9811,14.1553,0.666667,0,0,0
18706,61.9835,14.1553,0.666667,0,0,0
18707,62.9858,14.1553,0.666667,0,0,0
18708,63.9882,14.1553,0.666667,0,0,0
18709,64.9906,14.1553,0.666667,0,0,0
18710,65.9929,14.1553,0.666667,0,0,0
18711,66.9953,14.1553,0.666667,0,0,0
18712,67.9976,14.1553,0.666667,0,0,0
18713,16.8774,15.1342,0.666667,0,0,0
18714,17.8797,15.1342,0.666667,0,0,0
18715,18.8821,15.1342,0.666667,0,0,0
18716,19.8844,15.1342,0.666667,0,0,0
18717,20.8868,15.1342,0.666667,0,0,0
18718,21.8892,15.1342,0.666667,0,0,0
18719,22.8915,15.1342,0.666667,0,0,0
18720,23.8939,15.1342,0.666667,0,0,0
18721,24.8962,15.1342,0.666667,0,0,0
18722,25.8986,15.1342,0.666667,0,0,0
18723,26.9009,15.1342,0.666667,0,0,0
18724,27.9033,15.1342,0.666667,0,0,0
18725,28.9057,15.1342,0.666667,0,0,0
18726,29.908,15.1342,0.666667,0,0,0
18727,30.9104,15.1342,0.666667,0,0,0
18728,31.9127,15.1342,0.666667,0,0,0
18729,32.9151,15.1342,0.666667,0,0,0
18730,33.9175,15.1342,0.666667,0,0,0
18731,34.9198,15.1342,0.666667,0,0,0
18732,35.9222,15.1342,0.666667,0,0,0
18733,36.9245,15.1342,0.666667,0,0,0
18734,37.9269,15.1342,0.666667,0,0,0
18735,38.9292,15.1342,0.666667,0,0,0
18736,39.9316,15.1342,0.666667,0,0,0
18737,40.934,15.1342,0.666667,0,0,0
18738,41.9363,15.1342,0.666667,0,0,0
18739,42.9387,15.1342,0.666667,0,0,0
18740,43.941,15.1342,0.666667,0,0,0
18741,44.9434,15.1342,0.666667,0,0,0
18742,45.9458,15.1342,0.666667,0,0,0
18743,46.9481,15.1342,0.666667,0,0,0
18744,47.9505,15.1342,0.666667,0,0,0
18745,48.9528,15.1342,0.666667,0,0,0
18746,49.9552,15.1342,0.666667,0,0,0
18747,50.9575,15.1342,0.666667,0,0,0
18748,51.9599,15.1342,0.666667,0,0,0
18749,52.9623,15.1342,0.666667,0,0,0
18750,53.9646,15.1342,0.666667,0,0,0
18751,54.967,15.1342,0.666667,0,0,0
18752,55.9693,15.1342,0.666667,0,0,0
18753,56.9717,15.1342,0.666667,0,0,0
18754,57.9741,15.1342,0.666667,0,0,0
18755,58.9764,15.1342,0.666667,0,0,0
18756,59.9788,15.1342,0.666667,0,0,0
18757,60.9811,15.1342,0.666667,0,0,0
18758,61.9835,15.1342,0.666667,0,0,0
18759,62.9858,15.1342,0.666667,0,0,0
18760,63.9882,15.1342,0.666667,0,0,0
18761,64.9906,15.1342,0.666667,0,0,0
18762,65.9929,15.1342,0.666667,0,0,0
18763,66.9953,15.1342,0.666667,0,0,0
18764,67.9976,15.1342,0.666667,0,0,0
18765,16.8774,16.1132,0.666667,0,0,0
18766,17.8797,16.1132,0.666667,0,0,0
18767,18.8821,16.1132,0.666667,0,0,0
18768,19.8844,16.1132,0.666667,0,0,0
18769,20.8868,16.1132,0.666667,0,0,0
18770,21.8892,16.1132,0.666667,0,0,0
18771,22.8915,16.1132,0.666667,0,0,0
18772,23.8939,16.1132,0.666667,0,0,0
18773,24.8962,16.1132,0.666667,0,0,0
18774,25.8986,16.1132,0.666667,0,0,0
18775,26.9009,16.1132,0.666667,0,0,0
18776,27.9033,16.1132,0.666667,0,0,0
18777,28.9057,16.1132,0.666667,0,0,0
18778,29.908,16.1132,0.666667,0,0,0
18779,30.9104,16.1132,0.666667,0,0,0
18780,31.9127,16.1132,0.666667,0,0,0
18781,32.9151,16.1132,0.666667,0,0,0
18782,33.9175,16.1132,0.666667,0,0,0
18783,34.9198,16.1132,0.666667,0,0,0
18784,35.9222,16.1132,0.666667,0,0,0
18785,36.9245,16.1132,0.666667,0,0,0
18786,37.9269,16.1132,0.666667,0,0,0
18787,38.9292,16.1132,0.666667,0,0,0
18788,39.9316,16.1132,0.666667,0,0,0
18789,40.934,16.1132,0.666667,0,0,0
18790,41.9363,16.1132,0.666667,0,0,0
18791,42.9387,16.1132,0.666667,0,0,0
18792,43.941,16.1132,0.666667,0,0,0
18793,44.9434,16.1132,0.666667,0,0,0
18794,45.9458,16.1132,0.666667,0,0,0
18795,46.9481,16.1132,0.666667,0,0,0
18796,47.9505,16.1132,0.666667,0,0,0
18797,48.9528,16.1132,0.666667,0,0,0
18798,49.9552,16.1132,0.666667,0,0,0
18799,50.9575,16.1132,0.666667,0,0,0
18800,51.9599,16.1132,0.666667,0,0,0
18801,52.9623,16.1132,0.666667,0,0,0
18802,53.9646,16.1132,0.666667,0,0,0
18803,54.967,16.1132,0.666667,0,0,0
18804,55.9693,16.1132,0.666667,0,0,0
18805,56.9717,16.1132,0.666667,0,0,0
18806,57.9741,16.1132,0.666667,0,0,0
18807,58.9764,16.1132,0.666667,0,0,0
18808,59.9788,16.1132,0.666667,0,0,0
18809,60.9811,16.1132,0.666667,0,0,0
18810,61.9835,16.1132,0.666667,0,0,0
18811,62.9858,16.1132,0.666667,0,0,0
18812,63.9882,16.1132,0.666667,0,0,0
18813,64.9906,16.1132,0.666667,0,0,0
18814,65.9929,16.1132,0.666667,0,0,0
18815,66.9953,16.1132,0.666667,0,0,0
18816,67.9976,16.1132,0.666667,0,0,0
18817,16.8774,17.0921,0.666667,0,0,0
18818,17.8797,17.0921,0.666667,0,0,0
18819,18.8821,17.0921,0.666667,0,0,0
18820,19.8844,17.0921,0.666667,0,0,0
18821,20.8868,17.0921,0.666667,0,0,0
18822,21.8892,17.0921,0.666667,0,0,0
18823,22.8915,17.0921,0.666667,0,0,0
18824,23.8939,17.0921,0.666667,0,0,0
18825,24.8962,17.0921,0.666667,0,0,0
18826,25.8986,17.0921,0.666667,0,0,0
18827,26.9009,17.0921,0.666667,0,0,0
18828,27.9033,17.0921,0.666667,0,0,0
18829,28.9057,17.0921,0.666667,0,0,0
18830,29.908,17.0921,0.666667,0,0,0
18831,30.9104,17.0921,0.666667,0,0,0
18832,31.9127,17.0921,0.666667,0,0,0
18833,32.9151,17.0921,0.666667,0,0,0
18834,33.9175,17.0921,0.666667,0,0,0
18835,34.9198,17.0921,0.666667,0,0,0
18836,35.9222,17.0921,0.666667,0,0,0
18837,36.9245,17.0921,0.666667,0,0,0
18838,37.9269,17.0921,0.666667,0,0,0
18839,38.9292,17.0921,0.666667,0,0,0
18840,39.9316,17.0921,0.666667,0,0,0
18841,40.934,17.0921,0.666667,0,0,0
18842,41.9363,17.0921,0.666667,0,0,0
18843,42.9387,17.0921,0.666667,0,0,0
18844,43.941,17.0921,0.666667,0,0,0
18845,44.9434,17.0921,0.666667,0,0,0
18846,45.9458,17.0921,0.666667,0,0,0
18847,46.9481,17.0921,0.666667,0,0,0
18848,47.9505,17.0921,0.666667,0,0,0
18849,48.9528,17.0921,0.666667,0,0,0
18850,49.9552,17.0921,0.666667,0,0,0
18851,50.9575,17.0921,0.666667,0,0,0
18852,51.9599,17.0921,0.666667,0,0,0
18853,52.9623,17.0921,0.666667,0,0,0
18854,53.9646,17.0921,0.666667,0,0,0
18855,54.967,17.0921,0.666667,0,0,0
18856,55.9693,17.0921,0.666667,0,0,0
18857,56.9717,17.0921,0.666667,0,0,0
18858,57.9741,17.0921,0.666667,0,0,0
18859,58.9764,17.0921,0.666667,0,0,0
18860,59.9788,17.0921,0.666667,0,0,0
18861,60.9811,17.0921,0.666667,0,0,0
18862,61.9835,17.0921,0.666667,0,0,0
18863,62.9858,17.0921,0.666667,0,0,0
18864,63.9882,17.0921,0.666667,0,0,0
18865,64.9906,17.0921,0.666667,0,0,0
18866,65.9929,17.0921,0.666667,0,0,0
18867,66.9953,17.0921,0.666667,0,0,0
18868,67.9976,17.0921,0.666667,0,0,0
18869,16.8774,18.0711,0.666667,0,0,0
18870,17.8797,18.0711,0.666667,0,0,0
18871,18.8821,18.0711,0.666667,0,0,0
18872,19.8844,18.0711,0.666667,0,0,0
18873,20.8868,18.0711,0.666667,0,0,0
18874,21.8892,18.0711,0.666667,0,0,0
18875,22.8915,18.0711,0.666667,0,0,0
18876,23.8939,18.0711,0.666667,0,0,0
18877,24.8962,18.0711,0.666667,0,0,0
18878,25.8986,18.0711,0.666667,0,0,0
18879,26.9009,18.0711,0.666667,0,0,0
18880,27.9033,18.0711,0.666667,0,0,0
18881,28.9057,18.0711,0.666667,0,0,0
18882,29.908,18.0711,0.666667,0,0,0
18883,30.9104,18.0711,0.666667,0,0,0
18884,31.9127,18.0711,0.666667,0,0,0
18885,32.9151,18.0711,0.666667,0,0,0
18886,33.9175,18.0711,0.666667,0,0,0
18887,34.9198,18.0711,0.666667,0,0,0
18888,35.9222,18.0711,0.666667,0,0,0
18889,36.9245,18.0711,0.666667,0,0,0
18890,37.9269,18.0711,0.666667,0,0,0
18891,38.9292,18.0711,0.666667,0,0,0
18892,39.9316,18.0711,0.666667,0,0,0
18893,40.934,18.0711,0.666667,0,0,0
18894,41.9363,18.0711,0.666667,0,0,0
18895,42.9387,18.0711,0.666667,0,0,0
18896,43.941,18.0711,0.666667,0,0,0
18897,44.9434,18.0711,0.666667,0,0,0
18898,45.9458,18.0711,0.666667,0,0,0
18899,46.9481,18.0711,0.666667,0,0,0
18900,47.9505,18.0711,0.666667,0,0,0
18901,48.9528,18.0711,0.666667,0,0,0
18902,49.9552,18.0711,0.666667,0,0,0
18903,50.9575,18.0711,0.666667,0,0,0
18904,51.9599,18.0711,0.666667,0,0,0
18905,52.9623,18.0711,0.666667,0,0,0
18906,53.9646,18.0711,0.666667,0,0,0
18907,54.967,18.0711,0.666667,0,0,0
18908,55.9693,18.0711,0.666667,0,0,0
18909,56.9717,18.0711,0.666667,0,0,0
18910,57.9741,18.0711,0.666667,0,0,0
18911,58.9764,18.0711,0.666667,0,0,0
18912,59.9788,18.0711,0.666667,0,0,0
18913,60.9811,18.0711,0.666667,0,0,0
18914,61.9835,18.0711,0.666667,0,0,0
18915,62.9858,18.0711,0.666667,0,0,0
18916,63.9882,18.0711,0.666667,0,0,0
18917,64.9906,18.0711,0.666667,0,0,0
18918,65.9929,18.0711,0.666667,0,0,0
18919,66.9953,18.0711,0.666667,0,0,0
18920,67.9976,18.0711,0.666667,0,0,0
18921,16.8774,1.42895,0.333333,0,0,0
18922,17.8797,1.42895,0.333333,0,0,0
18923,18.8821,1.42895,0.333333,0,0,0
18924,19.8844,1.42895,0.333333,0,0,0
18925,20.8868,1.42895,0.333333,0,0,0
18926,21.8892,1.42895,0.333333,0,0,0
18927,22.8915,1.42895,0.333333,0,0,0
18928,23.8939,1.42895,0.333333,0,0,0
18929,24.8962,1.42895,0.333333,0,0,0
18930,25.8986,1.42895,0.333333,0,0,0
18931,26.9009,1.42895,0.333333,0,0,0
18932,27.9033,1.42895,0.333333,0,0,0
18933,28.9057,1.42895,0.333333,0,0,0
18934,29.908,1.42895,0.333333,0,0,0
18935,30.9104,1.42895,0.333333,0,0,0
18936,31.9127,1.42895,0.333333,0,0,0
18937,32.9151,1.42895,0.333333,0,0,0
18938,33.9175,1.42895,0.333333,0,0,0
18939,34.9198,1.42895,0.333333,0,0,0
18940,35.9222,1.42895,0.333333,0,0,0
18941,36.9245,1.42895,0.333333,0,0,0
18942,37.9269,1.42895,0.333333,0,0,0
18943,38.9292,1.42895,0.333333,0,0,0
18944,39.9316,1.42895,0.333333,0,0,0
18945,40.934,1.42895,0.333333,0,0,0
18946,41.9363,1.42895,0.333333,0,0,0
18947,42.9387,1.42895,0.333333,0,0,0
18948,43.941,1.42895,0.333333,0,0,0
18949,44.9434,1.42895,0.333333,0,0,0
18950,45.9458,1.42895,0.333333,0,0,0
18951,46.9481,1.42895,0.333333,0,0,0
18952,47.9505,1.42895,0.333333,0,0,0
18953,48.9528,1.42895,0.333333,0,0,0
18954,49.9552,1.42895,0.333333,0,0,0
18955,50.9575,1.42895,0.333333,0,0,0
18956,51.9599,1.42895,0.333333,0,0,0
18957,52.9623,1.42895,0.333333,0,0,0
18958,53.9646,1.42895,0.333333,0,0,0
18959,54.967,1.42895,0.333333,0,0,0
18960,55.9693,1.42895,0.333333,0,0,0
18961,56.9717,1.42895,0.333333,0,0,0
18962,57.9741,1.42895,0.333333,0,0,0
18963,58.9764,1.42895,0.333333,0,0,0
18964,59.9788,1.42895,0.333333,0,0,0
18965,60.9811,1.42895,0.333333,0,0,0
18966,61.9835,1.42895,0.333333,0,0,0
18967,62.9858,1.42895,0.333333,0,0,0
18968,63.9882,1.42895,0.333333,0,0,0
18969,64.9906,1.42895,0.333333,0,0,0
18970,65.9929,1.42895,0.333333,0,0,0
18971,66.9953,1.42895,0.333333,0,0,0
18972,67.9976,1.42895,0.333333,0,0,0
18973,16.8774,2.40789,0.333333,0,0,0
18974,17.8797,2.40789,0.333333,0,0,0
18975,18.8821,2.40789,0.333333,0,0,0
18976,19.8844,2.40789,0.333333,0,0,0
18977,20.8868,2.40789,0.333333,0,0,0
18978,21.8892,2.40789,0.333333,0,0,0
18979,22.8915,2.40789,0.333333,0,0,0
18980,23.8939,2.40789,0.333333,0,0,0
18981,24.8962,2.40789,0.333333,0,0,0
18982,25.8986,2.40789,0.333333,0,0,0
18983,26.9009,2.40789,0.333333,0,0,0
18984,27.9033,2.40789,0.333333,0,0,0
18985,28.9057,2.40789,0.333333,0,0,0
18986,29.908,2.40789,0.333333,0,0,0
18987,30.9104,2.40789,0.333333,0,0,0
18988,31.9127,2.40789,0.333333,0,0,0
18989,32.9151,2.40789,0.333333,0,0,0
18990,33.9175,2.40789,0.333333,0,0,0
18991,34.9198,2.40789,0.333333,0,0,0
18992,35.9222,2.40789,0.333333,0,0,0
18993,36.9245,2.40789,0.333333,0,0,0
18994,37.9269,2.40789,0.333333,0,0,0
18995,38.9292,2.40789,0.333333,0,0,0
18996,39.9316,2.40789,0.333333,0,0,0
18997,40.934,2.40789,0.333333,0,0,0
18998,41.9363,2.40789,0.333333,0,0,0
18999,42.9387,2.40789,0.333333,0,0,0
19000,43.941,2.40789,0.333333,0,0,0
19001,44.9434,2.40789,0.333333,0,0,0
19002,45.9458,2.40789,0.333333,0,0,0
19003,46.9481,2.40789,0.333333,0,0,0
19004,47.9505,2.40789,0.333333,0,0,0
19005,48.9528,2.40789,0.333333,0,0,0
19006,49.9552,2.40789,0.333333,0,0,0
19007,50.9575,2.40789,0.333333,0,0,0
19008,51.9599,2.40789,0.333333,0,0,0
19009,52.9623,2.40789,0.333333,0,0,0
19010,53.9646,2.40789,0.333333,0,0,0
19011,54.967,2.40789,0.333333,0,0,0
19012,55.9693,2.40789,0.333333,0,0,0
19013,56.9717,2.40789,0.333333,0,0,0
19014,57.9741,2.40789,0.333333,0,0,0
19015,58.9764,2.40789,0.333333,0,0,0
19016,59.9788,2.40789,0.333333,0,0,0
19017,60.9811,2.40789,0.333333,0,0,0
19018,61.9835,2.40789,0.333333,0,0,0
19019,62.9858,2.40789,0.333333,0,0,0
19020,63.9882,2.40789,0.333333,0,0,0
19021,64.9906,2.40789,0.333333,0,0,0
19022,65.9929,2.40789,0.333333,0,0,0
19023,66.9953,2.40789,0.333333,0,0,0
19024,67.9976,2.40789,0.333333,0,0,0
19025,16.8774,3.38684,0.333333,0,0,0
19026,17.8797,3.38684,0.333333,0,0,0
19027,18.8821,3.38684,0.333333,0,0,0
19028,19.8844,3.38684,0.333333,0,0,0
19029,20.8868,3.38684,0.333333,0,0,0
19030,21.8892,3.38684,0.333333,0,0,0
19031,22.8915,3.38684,0.333333,0,0,0
19032,23.8939,3.38684,0.333333,0,0,0
19033,24.8962,3.38684,0.333333,0,0,0
19034,25.8986,3.38684,0.333333,0,0,0
19035,26.9009,3.38684,0.333333,0,0,0
19036,27.9033,3.38684,0.333333,0,0,0
19037,28.9057,3.38684,0.333333,0,0,0
19038,29.908,3.38684,0.333333,0,0,0
19039,30.9104,3.38684,0.333333,0,0,0
19040,31.9127,3.38684,0.333333,0,0,0
19041,32.9151,3.38684,0.333333,0,0,0
19042,33.9175,3.38684,0.333333,0,0,0
19043,34.9198,3.38684,0.333333,0,0,0
19044,35.9222,3.38684,0.333333,0,0,0
19045,36.9245,3.38684,0.333333,0,0,0
19046,37.9269,3.38684,0.333333,0,0,0
19047,38.9292,3.38684,0.333333,0,0,0
19048,39.9316,3.38684,0.333333,0,0,0
19049,40.934,3.38684,0.333333,0,0,0
19050,41.9363,3.38684,0.333333,0,0,0
19051,42.9387,3.38684,0.333333,0,0,0
19052,43.941,3.38684,0.333333,0,0,0
19053,44.9434,3.38684,0.333333,0,0,0
19054,45.9458,3.38684,0.333333,0,0,0
19055,46.9481,3.38684,0.333333,0,0,0
19056,47.9505,3.38684,0.333333,0,0,0
19057,48.9528,3.38684,0.333333,0,0,0
19058,49.9552,3.38684,0.333333,0,0,0
19059,50.9575,3.38684,0.333333,0,0,0
19060,51.9599,3.38684,0.333333,0,0,0
19061,52.9623,3.38684,0.333333,0,0,0
19062,53.9646,3.38684,0.333333,0,0,0
19063,54.967,3.38684,0.333333,0,0,0
19064,55.9693,3.38684,0.333333,0,0,0
19065,56.9717,3.38684,0.333333,0,0,0
19066,57.9741,3.38684,0.333333,0,0,0
19067,58.9764,3.38684,0.333333,0,0,0
19068,59.9788,3.38684,0.333333,0,0,0
19069,60.9811,3.38684,0.333333,0,0,0
19070,61.9835,3.38684,0.333333,0,0,0
19071,62.9858,3.38684,0.333333,0,0,0
19072,63.9882,3.38684,0.333333,0,0,0
19073,64.9906,3.38684,0.333333,0,0,0
19074,65.9929,3.38684,0.333333,0,0,0
19075,66.9953,3.38684,0.333333,0,0,0
19076,67.9976,3.38684,0.333333,0,0,0
19077,16.8774,4.36579,0.333333,0,0,0
19078,17.8797,4.36579,0.333333,0,0,0
19079,18.8821,4.36579,0.333333,0,0,0
19080,19.8844,4.36579,0.333333,0,0,0
19081,20.8868,4.36579,0.333333,0,0,0
19082,21.8892,4.36579,0.333333,0,0,0
19083,22.8915,4.36579,0.333333,0,0,0
19084,23.8939,4.36579,0.333333,0,0,0
19085,24.8962,4.36579,0.333333,0,0,0
19086,25.8986,4.36579,0.333333,0,0,0
19087,26.9009,4.36579,0.333333,0,0,0
19088,27.9033,4.36579,0.333333,0,0,0
19089,28.9057,4.36579,0.333333,0,0,0
19090,29.908,4.36579,0.333333,0,0,0
19091,30.9104,4.36579,0.333333,0,0,0
19092,31.9127,4.36579,0.333333,0,0,0
19093,32.9151,4.36579,0.333333,0,0,0
19094,33.9175,4.36579,0.333333,0,0,0
19095,34.9198,4.36579,0.333333,0,0,0
19096,35.9222,4.36579,0.333333,0,0,0
19097,36.9245,4.36579,0.333333,0,0,0
19098,37.9269,4.36579,0.333333,0,0,0
19099,38.9292,4.36579,0.333333,0,0,0
19100,39.9316,4.36579,0.333333,0,0,0
19101,40.934,4.36579,0.333333,0,0,0
19102,41.9363,4.36579,0.333333,0,0,0
19103,42.9387,4.36579,0.333333,0,0,0
19104,43.941,4.36579,0.333333,0,0,0
19105,44.9434,4.36579,0.333333,0,0,0
19106,45.9458,4.36579,0.333333,0,0,0
19107,46.9481,4.36579,0.333333,0,0,0
19108,47.9505,4.36579,0.333333,0,0,0
19109,48.9528,4.36579,0.333333,0,0,0
19110,49.9552,4.36579,0.333333,0,0,0
19111,50.9575,4.36579,0.333333,0,0,0
19112,51.9599,4.36579,0.333333,0,0,0
19113,52.9623,4.36579,0.333333,0,0,0
19114,53.9646,4.36579,0.333333,0,0,0
19115,54.967,4.36579,0.333333,0,0,0
19116,55.9693,4.36579,0.333333,0,0,0
19117,56.9717,4.36579,0.333333,0,0,0
19118,57.9741,4.36579,0.333333,0,0,0
19119,58.9764,4.36579,0.333333,0,0,0
19120,59.9788,4.36579,0.333333,0,0,0
19121,60.9811,4.36579,0.333333,0,0,0
19122,61.9835,4.36579,0.333333,0,0,0
19123,62.9858,4.36579,0.333333,0,0,0
19124,63.9882,4.36579,0.333333,0,0,0
19125,64.9906,4.36579,0.333333,0,0,0
19126,65.9929,4.36579,0.333333,0,0,0
19127,66.9953,4.36579,0.333333,0,0,0
19128,67.9976,4.36579,0.333333,0,0,0
19129,16.8774,5.34474,0.333333,0,0,0
19130,17.8797,5.34474,0.333333,0,0,0
19131,18.8821,5.34474,0.333333,0,0,0
19132,19.8844,5.34474,0.333333,0,0,0
19133,20.8868,5.34474,0.333333,0,0,0
19134,21.8892,5.34474,0.333333,0,0,0
19135,22.8915,5.34474,0.333333,0,0,0
19136,23.8939,5.34474,0.333333,0,0,0
19137,24.8962,5.34474,0.333333,0,0,0
19138,25.8986,5.34474,0.333333,0,0,0
19139,26.9009,5.34474,0.333333,0,0,0
19140,27.9033,5.34474,0.333333,0,0,0
19141,28.9057,5.34474,0.333333,0,0,0
19142,29.908,5.34474,0.333333,0,0,0
19143,30.9104,5.34474,0.333333,0,0,0
19144,31.9127,5.34474,0.333333,0,0,0
19145,32.9151,5.34474,0.333333,0,0,0
19146,33.9175,5.34474,0.333333,0,0,0
19147,34.9198,5.34474,0.333333,0,0,0
19148,35.9222,5.34474,0.333333,0,0,0
19149,36.9245,5.34474,0.333333,0,0,0
19150,37.9269,5.34474,0.333333,0,0,0
19151,38.9292,5.34474,0.333333,0,0,0
19152,39.9316,5.34474,0.333333,0,0,0
19153,40.934,5.34474,0.333333,0,0,0
19154,41.9363,5.34474,0.333333,0,0,0
19155,42.9387,5.34474,0.333333,0,0,0
19156,43.941,5.34474,0.333333,0,0,0
19157,44.9434,5.34474,0.333333,0,0,0
19158,45.9458,5.34474,0.333333,0,0,0
19159,46.9481,5.34474,0.333333,0,0,0
19160,47.9505,5.34474,0.333333,0,0,0
19161,48.9528,5.34474,0.333333,0,0,0
19162,49.9552,5.34474,0.333333,0,0,0
19163,50.9575,5.34474,0.333333,0,0,0
19164,51.9599,5.34474,0.333333,0,0,0
19165,52.9623,5.34474,0.333333,0,0,0
19166,53.9646,5.34474,0.333333,0,0,0
19167,54.967,5.34474,0.333333,0,0,0
19168,55.9693,5.34474,0.333333,0,0,0
19169,56.9717,5.34474,0.333333,0,0,0
19170,57.9741,5.34474,0.333333,0,0,0
19171,58.9764,5.34474,0.333333,0,0,0
19172,59.9788,5.34474,0.333333,0,0,0
19173,60.9811,5.34474,0.333333,0,0,0
19174,61.9835,5.34474,0.333333,0,0,0
19175,62.9858,5.34474,0.333333,0,0,0
19176,63.9882,5.34474,0.333333,0,0,0
19177,64.9906,5.34474,0.333333,0,0,0
19178,65.9929,5.34474,0.333333,0,0,0
19179,66.9953,5.34474,0.333333,0,0,0
19180,67.9976,5.34474,0.333333,0,0,0
19181,16.8774,6.32368,0.333333,0,0,0
19182,17.8797,6.32368,0.333333,0,0,0
19183,18.8821,6.32368,0.333333,0,0,0
19184,19.8844,6.32368,0.333333,0,0,0
19185,20.8868,6.32368,0.333333,0,0,0
19186,21.8892,6.32368,0.333333,0,0,0
19187,22.8915,6.32368,0.333333,0,0,0
19188,23.8939,6.32368,0.333333,0,0,0
19189,24.8962,6.32368,0.333333,0,0,0
19190,25.8986,6.32368,0.333333,0,0,0
19191,26.9009,6.32368,0.333333,0,0,0
19192,27.9033,6.32368,0.333333,0,0,0
19193,28.9057,6.32368,0.333333,0,0,0
19194,29.908,6.32368,0.333333,0,0,0
19195,30.9104,6.32368,0.333333,0,0,0
19196,31.9127,6.32368,0.333333,0,0,0
19197,32.9151,6.32368,0.333333,0,0,0
19198,33.9175,6.32368,0.333333,0,0,0
19199,34.9198,6.32368,0.333333,0,0,0
19200,35.9222,6.32368,0.333333,0,0,0
19201,36.9245,6.32368,0.333333,0,0,0
19202,37.9269,6.32368,0.333333,0,0,0
19203,38.9292,6.32368,0.333333,0,0,0
19204,39.9316,6.32368,0.333333,0,0,0
19205,40.934,6.32368,0.333333,0,0,0
19206,41.9363,6.32368,0.333333,0,0,0
19207,42.9387,6.32368,0.333333,0,0,0
19208,43.941,6.32368,0.333333,0,0,0
19209,44.9434,6.32368,0.333333,0,0,0
19210,45.9458,6.32368,0.333333,0,0,0
19211,46.9481,6.32368,0.333333,0,0,0
19212,47.9505,6.32368,0.333333,0,0,0
19213,48.9528,6.32368,0.333333,0,0,0
19214,49.9552,6.32368,0.333333,0,0,0
19215,50.9575,6.32368,0.333333,0,0,0
19216,51.9599,6.32368,0.333333,0,0,0
19217,52.9623,6.32368,0.333333,0,0,0
19218,53.9646,6.32368,0.333333,0,0,0
19219,54.967,6.32368,0.333333,0,0,0
19220,55.9693,6.32368,0.333333,0,0,0
19221,56.9717,6.32368,0.333333,0,0,0
19222,57.9741,6.32368,0.333333,0,0,0
19223,58.9764,6.32368,0.333333,0,0,0
19224,59.9788,6.32368,0.333333,0,0,0
19225,60.9811,6.32368,0.333333,0,0,0
19226,61.9835,6.32368,0.333333,0,0,0
19227,62.9858,6.32368,0.333333,0,0,0
19228,63.9882,6.32368,0.333333,0,0,0
19229,64.9906,6.32368,0.333333,0,0,0
19230,65.9929,6.32368,0.333333,0,0,0
19231,66.9953,6.32368,0.333333,0,0,0
19232,67.9976,6.32368,0.333333,0,0,0
19233,16.8774,7.30263,0.333333,0,0,0
19234,17.8797,7.30263,0.333333,0,0,0
19235,18.8821,7.30263,0.333333,0,0,0
19236,19.8844,7.30263,0.333333,0,0,0
19237,20.8868,7.30263,0.333333,0,0,0
19238,21.8892,7.30263,0.333333,0,0,0
19239,22.8915,7.30263,0.333333,0,0,0
19240,23.8939,7.30263,0.333333,0,0,0
19241,24.8962,7.30263,0.333333,0,0,0
19242,25.8986,7.30263,0.333333,0,0,0
19243,26.9009,7.30263,0.333333,0,0,0
19244,27.9033,7.30263,0.333333,0,0,0
19245,28.9057,7.30263,0.333333,0,0,0
19246,29.908,7.30263,0.333333,0,0,0
19247,30.9104,7.30263,0.333333,0,0,0
19248,31.9127,7.30263,0.333333,0,0,0
19249,32.9151,7.30263,0.333333,0,0,0
19250,33.9175,7.30263,0.333333,0,0,0
19251,34.9198,7.30263,0.333333,0,0,0
19252,35.9222,7.30263,0.333333,0,0,0
19253,36.9245,7.30263,0.333333,0,0,0
19254,37.9269,7.30263,0.333333,0,0,0
19255,38.9292,7.30263,0.333333,0,0,0
19256,39.9316,7.30263,0.333333,0,0,0
19257,40.934,7.30263,0.333333,0,0,0
19258,41.9363,7.30263,0.333333,0,0,0
19259,42.9387,7.30263,0.333333,0,0,0
19260,43.941,7.30263,0.333333,0,0,0
19261,44.9434,7.30263,0.333333,0,0,0
19262,45.9458,7.30263,0.333333,0,0,0
19263,46.9481,7.30263,0.333333,0,0,0
19264,47.9505,7.30263,0.333333,0,0,0
19265,48.9528,7.30263,0.333333,0,0,0
19266,49.9552,7.30263,0.333333,0,0,0
19267,50.9575,7.30263,0.333333,0,0,0
19268,51.9599,7.30263,0.333333,0,0,0
19269,52.9623,7.30263,0.333333,0,0,0
19270,53.9646,7.30263,0.333333,0,0,0
19271,54.967,7.30263,0.333333,0,0,0
19272,55.9693,7.30263,0.333333,0,0,0
19273,56.9717,7.30263,0.333333,0,0,0
19274,57.9741,7.30263,0.333333,0,0,0
19275,58.9764,7.30263,0.333333,0,0,0
19276,59.9788,7.30263,0.333333,0,0,0
19277,60.9811,7.30263,0.333333,0,0,0
19278,61.9835,7.30263,0.333333,0,0,0
19279,62.9858,7.30263,0.333333,0,0,0
19280,63.9882,7.30263,0.333333,0,0,0
19281,64.9906,7.30263,0.333333,0,0,0
19282,65.9929,7.30263,0.333333,0,0,0
19283,66.9953,7.30263,0.333333,0,0,0
19284,67.9976,7.30263,0.333333,0,0,0
19285,16.8774,8.28158,0.333333,0,0,0
19286,17.8797,8.28158,0.333333,0,0,0
19287,18.8821,8.28158,0.333333,0,0,0
19288,19.8844,8.28158,0.333333,0,0,0
19289,20.8868,8.28158,0.333333,0,0,0
19290,21.8892,8.28158,0.333333,0,0,0
19291,22.8915,8.28158,0.333333,0,0,0
19292,23.8939,8.28158,0.333333,0,0,0
19293,24.8962,8.28158,0.333333,0,0,0
19294,25.8986,8.28158,0.333333,0,0,0
19295,26.9009,8.28158,0.333333,0,0,0
19296,27.9033,8.28158,0.333333,0,0,0
19297,28.9057,8.28158,0.333333,0,0,0
19298,29.908,8.28158,0.333333,0,0,0
19299,30.9104,8.28158,0.333333,0,0,0
19300,31.9127,8.28158,0.333333,0,0,0
19301,32.9151,8.28158,0.333333,0,0,0
19302,33.9175,8.28158,0.333333,0,0,0
19303,34.9198,8.28158,0.333333,0,0,0
19304,35.9222,8.28158,0.333333,0,0,0
19305,36.9245,8.28158,0.333333,0,0,0
19306,37.9269,8.28158,0.333333,0,0,0
19307,38.9292,8.28158,0.333333,0,0,0
19308,39.9316,8.28158,0.333333,0,0,0
19309,40.934,8.28158,0.333333,0,0,0
19310,41.9363,8.28158,0.333333,0,0,0
19311,42.9387,8.28158,0.333333,0,0,0
19312,43.941,8.28158,0.333333,0,0,0
19313,44.9434,8.28158,0.333333,0,0,0
19314,45.9458,8.28158,0.333333,0,0,0
19315,46.9481,8.28158,0.333333,0,0,0
19316,47.9505,8.28158,0.333333,0,0,0
19317,48.9528,8.28158,0.333333,0,0,0
19318,49.9552,8.28158,0.333333,0,0,0
19319,50.9575,8.28158,0.333333,0,0,0
19320,51.9599,8.28158,0.333333,0,0,0
19321,52.9623,8.28158,0.333333,0,0,0
19322,53.9646,8.28158,0.333333,0,0,0
19323,54.967,8.28158,0.333333,0,0,0
19324,55.9693,8.28158,0.333333,0,0,0
19325,56.9717,8.28158,0.333333,0,0,0
19326,57.9741,8.28158,0.333333,0,0,0
19327,58.9764,8.28158,0.333333,0,0,0
19328,59.9788,8.28158,0.333333,0,0,0
19329,60.9811,8.28158,0.333333,0,0,0
19330,61.9835,8.28158,0.333333,0,0,0
19331,62.9858,8.28158,0.333333,0,0,0
19332,63.9882,8.28158,0.333333,0,0,0
19333,64.9906,8.28158,0.333333,0,0,0
19334,65.9929,8.28158,0.333333,0,0,0
19335,66.9953,8.28158,0.333333,0,0,0
19336,67.9976,8.28158,0.333333,0,0,0
19337,16.8774,9.26053,0.333333,0,0,0
19338,17.8797,9.26053,0.333333,0,0,0
19339,18.8821,9.26053,0.333333,0,0,0
19340,19.8844,9.26053,0.333333,0,0,0
19341,20.8868,9.26053,0.333333,0,0,0
19342,21.8892,9.26053,0.333333,0,0,0
19343,22.8915,9.26053,0.333333,0,0,0
19344,23.8939,9.26053,0.333333,0,0,0
19345,24.8962,9.26053,0.333333,0,0,0
19346,25.8986,9.26053,0.333333,0,0,0
19347,26.9009,9.26053,0.333333,0,0,0
19348,27.9033,9.26053,0.333333,0,0,0
19349,28.9057,9.26053,0.333333,0,0,0
19350,29.908,9.26053,0.333333,0,0,0
19351,30.9104,9.26053,0.333333,0,0,0
19352,31.9127,9.26053,0.333333,0,0,0
19353,32.9151,9.26053,0.333333,0,0,0
19354,33.9175,9.26053,0.333333,0,0,0
19355,34.9198,9.26053,0.333333,0,0,0
19356,35.9222,9.26053,0.333333,0,0,0
19357,36.9245,9.26053,0.333333,0,0,0
19358,37.9269,9.26053,0.333333,0,0,0
19359,38.9292,9.26053,0.333333,0,0,0
19360,39.9316,9.26053,0.333333,0,0,0
19361,40.934,9.26053,0.333333,0,0,0
19362,41.9363,9.26053,0.333333,0,0,0
19363,42.9387,9.26053,0.333333,0,0,0
19364,43.941,9.26053,0.333333,0,0,0
19365,44.9434,9.26053,0.333333,0,0,0
19366,45.9458,9.26053,0.333333,0,0,0
19367,46.9481,9.26053,0.333333,0,0,0
19368,47.9505,9.26053,0.333333,0,0,0
19369,48.9528,9.26053,0.333333,0,0,0
19370,49.9552,9.26053,0.333333,0,0,0
19371,50.9575,9.26053,0.333333,0,0,0
19372,51.9599,9.26053,0.333333,0,0,0
19373,52.9623,9.26053,0.333333,0,0,0
19374,53.9646,9.26053,0.333333,0,0,0
19375,54.967,9.26053,0.333333,0,0,0
19376,55.9693,9.26053,0.333333,0,0,0
19377,56.9717,9.26053,0.333333,0,0,0
19378,57.9741,9.26053,0.333333,0,0,0
19379,58.9764,9.26053,0.333333,0,0,0
19380,59.9788,9.26053,0.333333,0,0,0
19381,60.9811,9.26053,0.333333,0,0,0
19382,61.9835,9.26053,0.333333,0,0,0
19383,62.9858,9.26053,0.333333,0,0,0
19384,63.9882,9.26053,0.333333,0,0,0
19385,64.9906,9.26053,0.333333,0,0,0
19386,65.9929,9.26053,0.333333,0,0,0
19387,66.9953,9.26053,0.333333,0,0,0
19388,67.9976,9.26053,0.333333,0,0,0
19389,16.8774,10.2395,0.333333,0,0,0
19390,17.8797,10.2395,0.333333,0,0,0
19391,18.8821,10.2395,0.333333,0,0,0
19392,19.8844,10.2395,0.333333,0,0,0
19393,20.8868,10.2395,0.333333,0,0,0
19394,21.8892,10.2395,0.333333,0,0,0
19395,22.8915,10.2395,0.333333,0,0,0
19396,23.8939,10.2395,0.333333,0,0,0
19397,24.8962,10.2395,0.333333,0,0,0
19398,25.8986,10.2395,0.333333,0,0,0
19399,26.9009,10.2395,0.333333,0,0,0
19400,27.9033,10.2395,0.333333,0,0,0
19401,28.9057,10.2395,0.333333,0,0,0
19402,29.908,10.2395,0.333333,0,0,0
19403,30.9104,10.2395,0.333333,0,0,0
19404,31.9127,10.2395,0.333333,0,0,0
19405,32.9151,10.2395,0.333333,0,0,0
19406,33.9175,10.2395,0.333333,0,0,0
19407,34.9198,10.2395,0.333333,0,0,0
19408,35.9222,10.2395,0.333333,0,0,0
19409,36.9245,10.2395,0.333333,0,0,0
19410,37.9269,10.2395,0.333333,0,0,0
19411,38.9292,10.2395,0.333333,0,0,0
19412,39.9316,10.2395,0.333333,0,0,0
19413,40.934,10.2395,0.333333,0,0,0
19414,41.9363,10.2395,0.333333,0,0,0
19415,42.9387,10.2395,0.333333,0,0,0
19416,43.941,10.2395,0.333333,0,0,0
19417,44.9434,10.2395,0.333333,0,0,0
19418,45.9458,10.2395,0.333333,0,0,0
19419,46.9481,10.2395,0.333333,0,0,0
19420,47.9505,10.2395,0.333333,0,0,0
19421,48.9528,10.2395,0.333333,0,0,0
19422,49.9552,10.2395,0.333333,0,0,0
19423,50.9575,10.2395,0.333333,0,0,0
19424,51.9599,10.2395,0.333333,0,0,0
19425,52.9623,10.2395,0.333333,0,0,0
19426,53.9646,10.2395,0.333333,0,0,0
19427,54.967,10.2395,0.333333,0,0,0
19428,55.9693,10.2395,0.333333,0,0,0
19429,56.9717,10.2395,0.333333,0,0,0
19430,57.9741,10.2395,0.333333,0,0,0
19431,58.9764,10.2395,0.333333,0,0,0
19432,59.9788,10.2395,0.333333,0,0,0
19433,60.9811,10.2395,0.333333,0,0,0
19434,61.9835,10.2395,0.333333,0,0,0
19435,62.9858,10.2395,0.333333,0,0,0
19436,63.9882,10.2395,0.333333,0,0,0
19437,64.9906,10.2395,0.333333,0,0,0
19438,65.9929,10.2395,0.333333,0,0,0
19439,66.9953,10.2395,0.333333,0,0,0
19440,67.9976,10.2395,0.333333,0,0,0
19441,16.8774,11.2184,0.333333,0,0,0
19442,17.8797,11.2184,0.333333,0,0,0
19443,18.8821,11.2184,0.333333,0,0,0
19444,19.8844,11.2184,0.333333,0,0,0
19445,20.8868,11.2184,0.333333,0,0,0
19446,21.8892,11.2184,0.333333,0,0,0
19447,22.8915,11.2184,0.333333,0,0,0
19448,23.8939,11.2184,0.333333,0,0,0
19449,24.8962,11.2184,0.333333,0,0,0
19450,25.8986,11.2184,0.333333,0,0,0
19451,26.9009,11.2184,0.333333,0,0,0
19452,27.9033,11.2184,0.333333,0,0,0
19453,28.9057,11.2184,0.333333,0,0,0
19454,29.908,11.2184,0.333333,0,0,0
19455,30.9104,11.2184,0.333333,0,0,0
19456,31.9127,11.2184,0.333333,0,0,0
19457,32.9151,11.2184,0.333333,0,0,0
19458,33.9175,11.2184,0.333333,0,0,0
19459,34.9198,11.2184,0.333333,0,0,0
19460,35.9222,11.2184,0.333333,0,0,0
19461,36.9245,11.2184,0.333333,0,0,0
19462,37.9269,11.2184,0.333333,0,0,0
19463,38.9292,11.2184,0.333333,0,0,0
19464,39.9316,11.2184,0.333333,0,0,0
19465,40.934,11.2184,0.333333,0,0,0
19466,41.9363,11.2184,0.333333,0,0,0
19467,42.9387,11.2184,0.333333,0,0,0
19468,43.941,11.2184,0.333333,0,0,0
19469,44.9434,11.2184,0.333333,0,0,0
19470,45.9458,11.2184,0.333333,0,0,0
19471,46.9481,11.2184,0.333333,0,0,0
19472,47.9505,11.2184,0.333333,0,0,0
19473,48.9528,11.2184,0.333333,0,0,0
19474,49.9552,11.2184,0.333333,0,0,0
19475,50.9575,11.2184,0.333333,0,0,0
19476,51.9599,11.2184,0.333333,0,0,0
19477,52.9623,11.2184,0.333333,0,0,0
19478,53.9646,11.2184,0.333333,0,0,0
19479,54.967,11.2184,0.333333,0,0,0
19480,55.9693,11.2184,0.333333,0,0,0
19481,56.9717,11.2184,0.333333,0,0,0
19482,57.9741,11.2184,0.333333,0,0,0
19483,58.9764,11.2184,0.333333,0,0,0
19484,59.9788,11.2184,0.333333,0,0,0
19485,60.9811,11.2184,0.333333,0,0,0
19486,61.9835,11.2184,0.333333,0,0,0
19487,62.9858,11.2184,0.333333,0,0,0
19488,63.9882,11.2184,0.333333,0,0,0
19489,64.9906,11.2184,0.333333,0,0,0
19490,65.9929,11.2184,0.333333,0,0,0
19491,66.9953,11.2184,0.333333,0,0,0
19492,67.9976,11.2184,0.333333,0,0,0
19493,16.8774,12.1974,0.333333,0,0,0
19494,17.8797,12.1974,0.333333,0,0,0
19495,18.8821,12.1974,0.333333,0,0,0
19496,19.8844,12.1974,0.333333,0,0,0
19497,20.8868,12.1974,0.333333,0,0,0
19498,21.8892,12.1974,0.333333,0,0,0
19499,22.8915,12.1974,0.333333,0,0,0
19500,23.8939,12.1974,0.333333,0,0,0
19501,24.8962,12.1974,0.333333,0,0,0
19502,25.8986,12.1974,0.333333,0,0,0
19503,26.9009,12.1974,0.333333,0,0,0
19504,27.9033,12.1974,0.333333,0,0,0
19505,28.9057,12.1974,0.333333,0,0,0
19506,29.908,12.1974,0.333333,0,0,0
19507,30.9104,12.1974,0.333333,0,0,0
19508,31.9127,12.1974,0.333333,0,0,0
19509,32.9151,12.1974,0.333333,0,0,0
19510,33.9175,12.1974,0.333333,0,0,0
19511,34.9198,12.1974,0.333333,0,0,0
19512,35.9222,12.1974,0.333333,0,0,0
19513,36.9245,12.1974,0.333333,0,0,0
19514,37.9269,12.1974,0.333333,0,0,0
19515,38.9292,12.1974,0.333333,0,0,0
19516,39.9316,12.1974,0.333333,0,0,0
19517,40.934,12.1974,0.333333,0,0,0
19518,41.9363,12.1974,0.333333,0,0,0
19519,42.9387,12.1974,0.333333,0,0,0
19520,43.941,12.1974,0.333333,0,0,0
19521,44.9434,12.1974,0.333333,0,0,0
19522,45.9458,12.1974,0.333333,0,0,0
19523,46.9481,12.1974,0.333333,0,0,0
19524,47.9505,12.1974,0.333333,0,0,0
19525,48.9528,12.1974,0.333333,0,0,0
19526,49.9552,12.1974,0.333333,0,0,0
19527,50.9575,12.1974,0.333333,0,0,0
19528,51.9599,12.1974,0.333333,0,0,0
19529,52.9623,12.1974,0.333333,0,0,0
19530,53.9646,12.1974,0.333333,0,0,0
19531,54.967,12.1974,0.333333,0,0,0
19532,55.9693,12.1974,0.333333,0,0,0
19533,56.9717,12.1974,0.333333,0,0,0
19534,57.9741,12.1974,0.333333,0,0,0
19535,58.9764,12.1974,0.333333,0,0,0
19536,59.9788,12.1974,0.333333,0,0,0
19537,60.9811,12.1974,0.333333,0,0,0
19538,61.9835,12.1974,0.333333,0,0,0
19539,62.9858,12.1974,0.333333,0,0,0
19540,63.9882,12.1974,0.333333,0,0,0
19541,64.9906,12.1974,0.333333,0,0,0
19542,65.9929,12.1974,0.333333,0,0,0
19543,66.9953,12.1974,0.333333,0,0,0
19544,67.9976,12.1974,0.333333,0,0,0
19545,16.8774,13.1763,0.333333,0,0,0
19546,17.8797,13.1763,0.333333,0,0,0
19547,18.8821,13.1763,0.333333,0,0,0
19548,19.8844,13.1763,0.333333,0,0,0
19549,20.8868,13.1763,0.333333,0,0,0
19550,21.8892,13.1763,0.333333,0,0,0
19551,22.8915,13.1763,0.333333,0,0,0
19552,23.8939,13.1763,0.333333,0,0,0
19553,24.8962,13.1763,0.333333,0,0,0
19554,25.8986,13.1763,0.333333,0,0,0
19555,26.9009,13.1763,0.333333,0,0,0
19556,27.9033,13.1763,0.333333,0,0,0
19557,28.9057,13.1763,0.333333,0,0,0
19558,29.908,13.1763,0.333333,0,0,0
19559,30.9104,13.1763,0.333333,0,0,0
19560,31.9127,13.1763,0.333333,0,0,0
19561,32.9151,13.1763,0.333333,0,0,0
19562,33.9175,13.1763,0.333333,0,0,0
19563,34.9198,13.1763,0.333333,0,0,0
19564,35.9222,13.1763,0.333333,0,0,0
19565,36.9245,13.1763,0.333333,0,0,0
19566,37.9269,13.1763,0.333333,0,0,0
19567,38.9292,13.1763,0.333333,0,0,0
19568,39.9316,13.1763,0.333333,0,0,0
19569,40.934,13.1763,0.333333,0,0,0
19570,41.9363,13.1763,0.333333,0,0,0
19571,42.9387,13.1763,0.333333,0,0,0
19572,43.941,13.1763,0.333333,0,0,0
19573,44.9434,13.1763,0.333333,0,0,0
19574,45.9458,13.1763,0.333333,0,0,0
19575,46.9481,13.1763,0.333333,0,0,0
19576,47.9505,13.1763,0.333333,0,0,0
19577,48.9528,13.1763,0.333333,0,0,0
19578,49.9552,13.1763,0.333333,0,0,0
19579,50.9575,13.1763,0.333333,0,0,0
19580,51.9599,13.1763,0.333333,0,0,0
19581,52.9623,13.1763,0.333333,0,0,0
19582,53.9646,13.1763,0.333333,0,0,0
19583,54.967,13.1763,0.333333,0,0,0
19584,55.9693,13.1763,0.333333,0,0,0
19585,56.9717,13.1763,0.333333,0,0,0
19586,57.9741,13.1763,0.333333,0,0,0
19587,58.9764,13.1763,0.333333,0,0,0
19588,59.9788,13.1763,0.333333,0,0,0
19589,60.9811,13.1763,0.333333,0,0,0
19590,61.9835,13.1763,0.333333,0,0,0
19591,62.9858,13.1763,0.333333,0,0,0
19592,63.9882,13.1763,0.333333,0,0,0
19593,64.9906,13.1763,0.333333,0,0,0
19594,65.9929,13.1763,0.333333,0,0,0
19595,66.9953,13.1763,0.333333,0,0,0
19596,67.9976,13.1763,0.333333,0,0,0
19597,16.8774,14.1553,0.333333,0,0,0
19598,17.8797,14.1553,0.333333,0,0,0
19599,18.8821,14.1553,0.333333,0,0,0
19600,19.8844,14.1553,0.333333,0,0,0
19601,20.8868,14.1553,0.333333,0,0,0
19602,21.8892,14.1553,0.333333,0,0,0
19603,22.8915,14.1553,0.333333,0,0,0
19604,23.8939,14.1553,0.333333,0,0,0
19605,24.8962,14.1553,0.333333,0,0,0
19606,25.8986,14.1553,0.333333,0,0,0
19607,26.9009,14.1553,0.333333,0,0,0
19608,27.9033,14.1553,0.333333,0,0,0
19609,28.9057,14.1553,0.333333,0,0,0
19610,29.908,14.1553,0.333333,0,0,0
19611,30.9104,14.1553,0.333333,0,0,0
19612,31.9127,14.1553,0.333333,0,0,0
19613,32.9151,14.1553,0.333333,0,0,0
19614,33.9175,14.1553,0.333333,0,0,0
19615,34.9198,14.1553,0.333333,0,0,0
19616,35.9222,14.1553,0.333333,0,0,0
19617,36.9245,14.1553,0.333333,0,0,0
19618,37.9269,14.1553,0.333333,0,0,0
19619,38.9292,14.1553,0.333333,0,0,0
19620,39.9316,14.1553,0.333333,0,0,0
19621,40.934,14.1553,0.333333,0,0,0
19622,41.9363,14.1553,0.333333,0,0,0
19623,42.9387,14.1553,0.333333,0,0,0
19624,43.941,14.1553,0.333333,0,0,0
19625,44.9434,14.1553,0.333333,0,0,0
19626,45.9458,14.1553,0.333333,0,0,0
19627,46.9481,14.1553,0.333333,0,0,0
19628,47.9505,14.1553,0.333333,0,0,0
19629,48.9528,14.1553,0.333333,0,0,0
19630,49.9552,14.1553,0.333333,0,0,0
19631,50.9575,14.1553,0.333333,0,0,0
19632,51.9599,14.1553,0.333333,0,0,0
19633,52.9623,14.1553,0.333333,0,0,0
19634,53.9646,14.1553,0.333333,0,0,0
19635,54.967,14.1553,0.333333,0,0,0
19636,55.9693,14.1553,0.333333,0,0,0
19637,56.9717,14.1553,0.333333,0,0,0
19638,57.9741,14.1553,0.333333,0,0,0
19639,58.9764,14.1553,0.333333,0,0,0
19640,59.9788,14.1553,0.333333,0,0,0
19641,60.9811,14.1553,0.333333,0,0,0
19642,61.9835,14.1553,0.333333,0,0,0
19643,62.9858,14.1553,0.333333,0,0,0
19644,63.9882,14.1553,0.333333,0,0,0
19645,64.9906,14.1553,0.333333,0,0,0
19646,65.9929,14.1553,0.333333,0,0,0
19647,66.9953,14.1553,0.333333,0,0,0
19648,67.9976,14.1553,0.333333,0,0,0
19649,16.8774,15.1342,0.333333,0,0,0
19650,17.8797,15.1342,0.333333,0,0,0
19651,18.8821,15.1342,0.333333,0,0,0
19652,19.8844,15.1342,0.333333,0,0,0
19653,20.8868,15.1342,0.333333,0,0,0
19654,21.8892,15.1342,0.333333,0,0,0
19655,22.8915,15.1342,0.333333,0,0,0
19656,23.8939,15.1342,0.333333,0,0,0
19657,24.8962,15.1342,0.333333,0,0,0
19658,25.8986,15.1342,0.333333,0,0,0
19659,26.9009,15.1342,0.333333,0,0,0
19660,27.9033,15.1342,0.333333,0,0,0
19661,28.9057,15.1342,0.333333,0,0,0
19662,29.908,15.1342,0.333333,0,0,0
19663,30.9104,15.1342,0.333333,0,0,0
19664,31.9127,15.1342,0.333333,0,0,0
19665,32.9151,15.1342,0.333333,0,0,0
19666,33.9175,15.1342,0.333333,0,0,0
19667,34.9198,15.1342,0.333333,0,0,0
19668,35.9222,15.1342,0.333333,0,0,0
19669,36.9245,15.1342,0.333333,0,0,0
19670,37.9269,15.1342,0.333333,0,0,0
19671,38.9292,15.1342,0.333333,0,0,0
19672,39.9316,15.1342,0.333333,0,0,0
19673,40.934,15.1342,0.333333,0,0,0
19674,41.9363,15.1342,0.333333,0,0,0
19675,42.9387,15.1342,0.333333,0,0,0
19676,43.941,15.1342,0.333333,0,0,0
19677,44.9434,15.1342,0.333333,0,0,0
19678,45.9458,15.1342,0.333333,0,0,0
19679,46.9481,15.1342,0.333333,0,0,0
19680,47.9505,15.1342,0.333333,0,0,0
19681,48.9528,15.1342,0.333333,0,0,0
19682,49.9552,15.1342,0.333333,0,0,0
19683,50.9575,15.1342,0.333333,0,0,0
19684,51.9599,15.1342,0.333333,0,0,0
19685,52.9623,15.1342,0.333333,0,0,0
19686,53.9646,15.1342,0.333333,0,0,0
19687,54.967,15.1342,0.333333,0,0,0
19688,55.9693,15.1342,0.333333,0,0,0
19689,56.9717,15.1342,0.333333,0,0,0
19690,57.9741,15.1342,0.333333,0,0,0
19691,58.9764,15.1342,0.333333,0,0,0
19692,59.9788,15.1342,0.333333,0,0,0
19693,60.9811,15.1342,0.333333,0,0,0
19694,61.9835,15.1342,0.333333,0,0,0
19695,62.9858,15.1342,0.333333,0,0,0
19696,63.9882,15.1342,0.333333,0,0,0
19697,64.9906,15.1342,0.333333,0,0,0
19698,65.9929,15.1342,0.333333,0,0,0
19699,66.9953,15.1342,0.333333,0,0,0
19700,67.9976,15.1342,0.333333,0,0,0
19701,16.8774,16.1132,0.333333,0,0,0
19702,17.8797,16.1132,0.333333,0,0,0
19703,18.8821,16.1132,0.333333,0,0,0
19704,19.8844,16.1132,0.333333,0,0,0
19705,20.8868,16.1132,0.333333,0,0,0
19706,21.8892,16.1132,0.333333,0,0,0
19707,22.8915,16.1132,0.333333,0,0,0
19708,23.8939,16.1132,0.333333,0,0,0
19709,24.8962,16.1132,0.333333,0,0,0
19710,25.8986,16.1132,0.333333,0,0,0
19711,26.9009,16.1132,0.333333,0,0,0
19712,27.9033,16.1132,0.333333,0,0,0
19713,28.9057,16.1132,0.333333,0,0,0
19714,29.908,16.1132,0.333333,0,0,0
19715,30.9104,16.1132,0.333333,0,0,0
19716,31.9127,16.1132,0.333333,0,0,0
19717,32.9151,16.1132,0.333333,0,0,0
19718,33.9175,16.1132,0.333333,0,0,0
19719,34.9198,16.1132,0.333333,0,0,0
19720,35.9222,16.1132,0.333333,0,0,0
19721,36.9245,16.1132,0.333333,0,0,0
19722,37.9269,16.1132,0.333333,0,0,0
19723,38.9292,16.1132,0.333333,0,0,0
19724,39.9316,16.1132,0.333333,0,0,0
19725,40.934,16.1132,0.333333,0,0,0
19726,41.9363,16.1132,0.333333,0,0,0
19727,42.9387,16.1132,0.333333,0,0,0
19728,43.941,16.1132,0.333333,0,0,0
19729,44.9434,16.1132,0.333333,0,0,0
19730,45.9458,16.1132,0.333333,0,0,0
19731,46.9481,16.1132,0.333333,0,0,0
19732,47.9505,16.1132,0.333333,0,0,0
19733,48.9528,16.1132,0.333333,0,0,0
19734,49.9552,16.1132,0.333333,0,0,0
19735,50.9575,16.1132,0.333333,0,0,0
19736,51.9599,16.1132,0.333333,0,0,0
19737,52.9623,16.1132,0.333333,0,0,0
19738,53.9646,16.1132,0.333333,0,0,0
19739,54.967,16.1132,0.333333,0,0,0
19740,55.9693,16.1132,0.333333,0,0,0
19741,56.9717,16.1132,0.333333,0,0,0
19742,57.9741,16.1132,0.333333,0,0,0
19743,58.9764,16.1132,0.333333,0,0,0
19744,59.9788,16.1132,0.333333,0,0,0
19745,60.9811,16.1132,0.333333,0,0,0
19746,61.9835,16.1132,0.333333,0,0,0
19747,62.9858,16.1132,0.333333,0,0,0
19748,63.9882,16.1132,0.333333,0,0,0
19749,64.9906,16.1132,0.333333,0,0,0
19750,65.9929,16.1132,0.333333,0,0,0
19751,66.9953,16.1132,0.333333,0,0,0
19752,67.9976,16.1132,0.333333,0,0,0
19753,16.8774,17.0921,0.333333,0,0,0
19754,17.8797,17.0921,0.333333,0,0,0
19755,18.8821,17.0921,0.333333,0,0,0
19756,19.8844,17.0921,0.333333,0,0,0
19757,20.8868,17.0921,0.333333,0,0,0
19758,21.8892,17.0921,0.333333,0,0,0
19759,22.8915,17.0921,0.333333,0,0,0
19760,23.8939,17.0921,0.333333,0,0,0
19761,24.8962,17.0921,0.333333,0,0,0
19762,25.8986,17.0921,0.333333,0,0,0
19763,26.9009,17.0921,0.333333,0,0,0
19764,27.9033,17.0921,0.333333,0,0,0
19765,28.9057,17.0921,0.333333,0,0,0
19766,29.908,17.0921,0.333333,0,0,0
19767,30.9104,17.0921,0.333333,0,0,0
19768,31.9127,17.0921,0.333333,0,0,0
19769,32.9151,17.0921,0.333333,0,0,0
19770,33.9175,17.0921,0.333333,0,0,0
19771,34.9198,17.0921,0.333333,0,0,0
19772,35.9222,17.0921,0.333333,0,0,0
19773,36.9245,17.0921,0.333333,0,0,0
19774,37.9269,17.0921,0.333333,0,0,0
19775,38.9292,17.0921,0.333333,0,0,0
19776,39.9316,17.0921,0.333333,0,0,0
19777,40.934,17.0921,0.333333,0,0,0
19778,41.9363,17.0921,0.333333,0,0,0
19779,42.9387,17.0921,0.333333,0,0,0
19780,43.941,17.0921,0.333333,0,0,0
19781,44.9434,17.0921,0.333333,0,0,0
19782,45.9458,17.0921,0.333333,0,0,0
19783,46.9481,17.0921,0.333333,0,0,0
19784,47.9505,17.0921,0.333333,0,0,0
19785,48.9528,17.0921,0.333333,0,0,0
19786,49.9552,17.0921,0.333333,0,0,0
19787,50.9575,17.0921,0.333333,0,0,0
19788,51.9599,17.0921,0.333333,0,0,0
19789,52.9623,17.0921,0.333333,0,0,0
19790,53.9646,17.0921,0.333333,0,0,0
19791,54.967,17.0921,0.333333,0,0,0
19792,55.9693,17.0921,0.333333,0,0,0
19793,56.9717,17.0921,0.333333,0,0,0
19794,57.9741,17.0921,0.333333,0,0,0
19795,58.9764,17.0921,0.333333,0,0,0
19796,59.9788,17.0921,0.333333,0,0,0
19797,60.9811,17.0921,0.333333,0,0,0
19798,61.9835,17.0921,0.333333,0,0,0
19799,62.9858,17.0921,0.333333,0,0,0
19800,63.9882,17.0921,0.333333,0,0,0
19801,64.9906,17.0921,0.333333,0,0,0
19802,65.9929,17.0921,0.333333,0,0,0
19803,66.9953,17.0921,0.333333,0,0,0
19804,67.9976,17.0921,0.333333,0,0,0
19805,16.8774,18.0711,0.333333,0,0,0
19806,17.8797,18.0711,0.333333,0,0,0
19807,18.8821,18.0711,0.333333,0,0,0
19808,19.8844,18.0711,0.333333,0,0,0
19809,20.8868,18.0711,0.333333,0,0,0
19810,21.8892,18.0711,0.333333,0,0,0
19811,22.8915,18.0711,0.333333,0,0,0
19812,23.8939,18.0711,0.333333,0,0,0
19813,24.8962,18.0711,0.333333,0,0,0
19814,25.8986,18.0711,0.333333,0,0,0
19815,26.9009,18.0711,0.333333,0,0,0
19816,27.9033,18.0711,0.333333,0,0,0
19817,28.9057,18.0711,0.333333,0,0,0
19818,29.908,18.0711,0.333333,0,0,0
19819,30.9104,18.0711,0.333333,0,0,0
19820,31.9127,18.0711,0.333333,0,0,0
19821,32.9151,18.0711,0.333333,0,0,0
19822,33.9175,18.0711,0.333333,0,0,0
19823,34.9198,18.0711,0.333333,0,0,0
19824,35.9222,18.0711,0.333333,0,0,0
19825,36.9245,18.0711,0.333333,0,0,0
19826,37.9269,18.0711,0.333333,0,0,0
19827,38.9292,18.0711,0.333333,0,0,0
19828,39.9316,18.0711,0.333333,0,0,0
19829,40.934,18.0711,0.333333,0,0,0
19830,41.9363,18.0711,0.333333,0,0,0
19831,42.9387,18.0711,0.333333,0,0,0
19832,43.941,18.0711,0.333333,0,0,0
19833,44.9434,18.0711,0.333333,0,0,0
19834,45.9458,18.0711,0.333333,0,0,0
19835,46.9481,18.0711,0.333333,0,0,0
19836,47.9505,18.0711,0.333333,0,0,0
19837,48.9528,18.0711,0.333333,0,0,0
19838,49.9552,18.0711,0.333333,0,0,0
19839,50.9575,18.0711,0.333333,0,0,0
19840,51.9599,18.0711,0.333333,0,0,0
19841,52.9623,18.0711,0.333333,0,0,0
19842,53.9646,18.0711,0.333333,0,0,0
19843,54.967,18.0711,0.333333,0,0,0
19844,55.9693,18.0711,0.333333,0,0,0
19845,56.9717,18.0711,0.333333,0,0,0
19846,57.9741,18.0711,0.333333,0,0,0
19847,58.9764,18.0711,0.333333,0,0,0
19848,59.9788,18.0711,0.333333,0,0,0
19849,60.9811,18.0711,0.333333,0,0,0
19850,61.9835,18.0711,0.333333,0,0,0
19851,62.9858,18.0711,0.333333,0,0,0
19852,63.9882,18.0711,0.333333,0,0,0
19853,64.9906,18.0711,0.333333,0,0,0
19854,65.9929,18.0711,0.333333,0,0,0
19855,66.9953,18.0711,0.333333,0,0,0
19856,67.9976,18.0711,0.333333,0,0,0
19857,2.59915,-16.0527,0.333333,0,0,0
19858,2.59915,-16.0527,0.666667,0,0,0
19859,2.45362,-15.9322,0.333333,0,0,0
19860,2.45362,-15.9322,0.666667,0,0,0
19861,2.30251,-15.8188,0.333333,0,0,0
19862,2.30251,-15.8188,0.666667,0,0,0
19863,2.14616,-15.7127,0.333333,0,0,0
19864,2.14616,-15.7127,0.666667,0,0,0
19865,1.98492,-15.6142,0.333333,0,0,0
19866,1.98492,-15.6142,0.666667,0,0,0
19867,1.81916,-15.5234,0.333333,0,0,0
19868,1.81916,-15.5234,0.666667,0,0,0
19869,1.64926,-15.4407,0.333333,0,0,0
19870,1.64926,-15.4407,0.666667,0,0,0
19871,1.47561,-15.3662,0.333333,0,0,0
19872,1.47561,-15.3662,0.666667,0,0,0
19873,1.29859,-15.3,0.333333,0,0,0
19874,1.29859,-15.3,0.666667,0,0,0
19875,1.11862,-15.2424,0.333333,0,0,0
19876,1.11862,-15.2424,0.666667,0,0,0
19877,0.936104,-15.1934,0.333333,0,0,0
19878,0.936104,-15.1934,0.666667,0,0,0
19879,0.751454,-15.1531,0.333333,0,0,0
19880,0.751454,-15.1531,0.666667,0,0,0
19881,0.565093,-15.1217,0.333333,0,0,0
19882,0.565093,-15.1217,0.666667,0,0,0
19883,0.377445,-15.0993,0.333333,0,0,0
19884,0.377445,-15.0993,0.666667,0,0,0
19885,0.188938,-15.0858,0.333333,0,0,0
19886,0.188938,-15.0858,0.666667,0,0,0
19887,3.0661,-15.4078,0.333333,0,0,0
19888,3.0661,-15.4078,0.666667,0,0,0
19889,2.89304,-15.2687,0.333333,0,0,0
19890,2.89304,-15.2687,0.666667,0,0,0
19891,2.71367,-15.1377,0.333333,0,0,0
19892,2.71367,-15.1377,0.666667,0,0,0
19893,2.52838,-15.0153,0.333333,0,0,0
19894,2.52838,-15.0153,0.666667,0,0,0
19895,2.33756,-14.9016,0.333333,0,0,0
19896,2.33756,-14.9016,0.666667,0,0,0
19897,2.14164,-14.797,0.333333,0,0,0
19898,2.14164,-14.797,0.666667,0,0,0
19899,1.94104,-14.7016,0.333333,0,0,0
19900,1.94104,-14.7016,0.666667,0,0,0
19901,1.7362,-14.6157,0.333333,0,0,0
19902,1.7362,-14.6157,0.666667,0,0,0
19903,1.52756,-14.5395,0.333333,0,0,0
19904,1.52756,-14.5395,0.666667,0,0,0
19905,1.31559,-14.4731,0.333333,0,0,0
19906,1.31559,-14.4731,0.666667,0,0,0
19907,1.10075,-14.4166,0.333333,0,0,0
19908,1.10075,-14.4166,0.666667,0,0,0
19909,0.883497,-14.3703,0.333333,0,0,0
19910,0.883497,-14.3703,0.666667,0,0,0
19911,0.664317,-14.3341,0.333333,0,0,0
19912,0.664317,-14.3341,0.666667,0,0,0
19913,0.443686,-14.3082,0.333333,0,0,0
19914,0.443686,-14.3082,0.666667,0,0,0
19915,0.222086,-14.2927,0.333333,0,0,0
19916,0.222086,-14.2927,0.666667,0,0,0
19917,3.53304,-14.763,0.333333,0,0,0
19918,3.53304,-14.763,0.666667,0,0,0
19919,3.33247,-14.6052,0.333333,0,0,0
19920,3.33247,-14.6052,0.666667,0,0,0
19921,3.12484,-14.4567,0.333333,0,0,0
19922,3.12484,-14.4567,0.666667,0,0,0
19923,2.9106,-14.3179,0.333333,0,0,0
19924,2.9106,-14.3179,0.666667,0,0,0
19925,2.6902,-14.1891,0.333333,0,0,0
19926,2.6902,-14.1891,0.666667,0,0,0
19927,2.46412,-14.0705,0.333333,0,0,0
19928,2.46412,-14.0705,0.666667,0,0,0
19929,2.23281,-13.9625,0.333333,0,0,0
19930,2.23281,-13.9625,0.666667,0,0,0
19931,1.99678,-13.8653,0.333333,0,0,0
19932,1.99678,-13.8653,0.666667,0,0,0
19933,1.75653,-13.7789,0.333333,0,0,0
19934,1.75653,-13.7789,0.666667,0,0,0
19935,1.51256,-13.7038,0.333333,0,0,0
19936,1.51256,-13.7038,0.666667,0,0,0
19937,1.26539,-13.6399,0.333333,0,0,0
19938,1.26539,-13.6399,0.666667,0,0,0
19939,1.01554,-13.5874,0.333333,0,0,0
19940,1.01554,-13.5874,0.666667,0,0,0
19941,0.763541,-13.5465,0.333333,0,0,0
19942,0.763541,-13.5465,0.666667,0,0,0
19943,0.509927,-13.5172,0.333333,0,0,0
19944,0.509927,-13.5172,0.666667,0,0,0
19945,0.255233,-13.4996,0.333333,0,0,0
19946,0.255233,-13.4996,0.666667,0,0,0
19947,3.99999,-14.1182,0.333333,0,0,0
19948,3.99999,-14.1182,0.666667,0,0,0
19949,3.77189,-13.9416,0.333333,0,0,0
19950,3.77189,-13.9416,0.666667,0,0,0
19951,3.53601,-13.7756,0.333333,0,0,0
19952,3.53601,-13.7756,0.666667,0,0,0
19953,3.29282,-13.6205,0.333333,0,0,0
19954,3.29282,-13.6205,0.666667,0,0,0
19955,3.04285,-13.4765,0.333333,0,0,0
19956,3.04285,-13.4765,0.666667,0,0,0
19957,2.78659,-13.3441,0.333333,0,0,0
19958,2.78659,-13.3441,0.666667,0,0,0
19959,2.52459,-13.2234,0.333333,0,0,0
19960,2.52459,-13.2234,0.666667,0,0,0
19961,2.25737,-13.1148,0.333333,0,0,0
19962,2.25737,-13.1148,0.666667,0,0,0
19963,1.9855,-13.0184,0.333333,0,0,0
19964,1.9855,-13.0184,0.666667,0,0,0
19965,1.70953,-12.9344,0.333333,0,0,0
19966,1.70953,-12.9344,0.666667,0,0,0
19967,1.43003,-12.8631,0.333333,0,0,0
19968,1.43003,-12.8631,0.666667,0,0,0
19969,1.14758,-12.8046,0.333333,0,0,0
19970,1.14758,-12.8046,0.666667,0,0,0
19971,0.862765,-12.7589,0.333333,0,0,0
19972,0.862765,-12.7589,0.666667,0,0,0
19973,0.576167,-12.7262,0.333333,0,0,0
19974,0.576167,-12.7262,0.666667,0,0,0
19975,0.288381,-12.7066,0.333333,0,0,0
19976,0.288381,-12.7066,0.666667,0,0,0
19977,4.233,-13.7964,0.333333,0,0,0
19978,4.233,-13.7964,0.666667,0,0,0
19979,3.99123,-13.6105,0.333333,0,0,0
19980,3.99123,-13.6105,0.666667,0,0,0
19981,3.74129,-13.4356,0.333333,0,0,0
19982,3.74129,-13.4356,0.666667,0,0,0
19983,3.48371,-13.2722,0.333333,0,0,0
19984,3.48371,-13.2722,0.666667,0,0,0
19985,3.219,-13.1207,0.333333,0,0,0
19986,3.219,-13.1207,0.666667,0,0,0
19987,2.94771,-12.9812,0.333333,0,0,0
19988,2.94771,-12.9812,0.666667,0,0,0
19989,2.67039,-12.8542,0.333333,0,0,0
19990,2.67039,-12.8542,0.666667,0,0,0
19991,2.38761,-12.7398,0.333333,0,0,0
19992,2.38761,-12.7398,0.666667,0,0,0
19993,2.09995,-12.6383,0.333333,0,0,0
19994,2.09995,-12.6383,0.666667,0,0,0
19995,1.808,-12.5499,0.333333,0,0,0
19996,1.808,-12.5499,0.666667,0,0,0
19997,1.51235,-12.4748,0.333333,0,0,0
19998,1.51235,-12.4748,0.666667,0,0,0
19999,1.21361,-12.4132,0.333333,0,0,0
20000,1.21361,-12.4132,0.666667,0,0,0
20001,0.912384,-12.3651,0.333333,0,0,0
20002,0.912384,-12.3651,0.666667,0,0,0
20003,0.609295,-12.3307,0.333333,0,0,0
20004,0.609295,-12.3307,0.666667,0,0,0
20005,0.304959,-12.31,0.333333,0,0,0
20006,0.304959,-12.31,0.666667,0,0,0
20007,4.46602,-13.4747,0.333333,0,0,0
20008,4.46602,-13.4747,0.666667,0,0,0
20009,4.21057,-13.2793,0.333333,0,0,0
20010,4.21057,-13.2793,0.666667,0,0,0
20011,3.94658,-13.0956,0.333333,0,0,0
20012,3.94658,-13.0956,0.666667,0,0,0
20013,3.67459,-12.924,0.333333,0,0,0
20014,3.67459,-12.924,0.666667,0,0,0
20015,3.39515,-12.7648,0.333333,0,0,0
20016,3.39515,-12.7648,0.666667,0,0,0
20017,3.10883,-12.6183,0.333333,0,0,0
20018,3.10883,-12.6183,0.666667,0,0,0
20019,2.8162,-12.4849,0.333333,0,0,0
20020,2.8162,-12.4849,0.666667,0,0,0
20021,2.51786,-12.3648,0.333333,0,0,0
20022,2.51786,-12.3648,0.666667,0,0,0
20023,2.21441,-12.2582,0.333333,0,0,0
20024,2.21441,-12.2582,0.666667,0,0,0
20025,1.90647,-12.1654,0.333333,0,0,0
20026,1.90647,-12.1654,0.666667,0,0,0
20027,1.59467,-12.0865,0.333333,0,0,0
20028,1.59467,-12.0865,0.666667,0,0,0
20029,1.27963,-12.0218,0.333333,0,0,0
20030,1.27963,-12.0218,0.666667,0,0,0
20031,0.962004,-11.9713,0.333333,0,0,0
20032,0.962004,-11.9713,0.666667,0,0,0
20033,0.642422,-11.9352,0.333333,0,0,0
20034,0.642422,-11.9352,0.666667,0,0,0
20035,0.321537,-11.9135,0.333333,0,0,0
20036,0.321537,-11.9135,0.666667,0,0,0
20037,4.69903,-13.1529,0.333333,0,0,0
20038,4.69903,-13.1529,0.666667,0,0,0
20039,4.42991,-12.9481,0.333333,0,0,0
20040,4.42991,-12.9481,0.666667,0,0,0
20041,4.15187,-12.7556,0.333333,0,0,0
20042,4.15187,-12.7556,0.666667,0,0,0
20043,3.86548,-12.5757,0.333333,0,0,0
20044,3.86548,-12.5757,0.666667,0,0,0
20045,3.5713,-12.4089,0.333333,0,0,0
20046,3.5713,-12.4089,0.666667,0,0,0
20047,3.26994,-12.2554,0.333333,0,0,0
20048,3.26994,-12.2554,0.666667,0,0,0
20049,2.962,-12.1156,0.333333,0,0,0
20050,2.962,-12.1156,0.666667,0,0,0
20051,2.6481,-11.9897,0.333333,0,0,0
20052,2.6481,-11.9897,0.666667,0,0,0
20053,2.32887,-11.8781,0.333333,0,0,0
20054,2.32887,-11.8781,0.666667,0,0,0
20055,2.00495,-11.7809,0.333333,0,0,0
20056,2.00495,-11.7809,0.666667,0,0,0
20057,1.67699,-11.6983,0.333333,0,0,0
20058,1.67699,-11.6983,0.666667,0,0,0
20059,1.34566,-11.6304,0.333333,0,0,0
20060,1.34566,-11.6304,0.666667,0,0,0
20061,1.01162,-11.5776,0.333333,0,0,0
20062,1.01162,-11.5776,0.666667,0,0,0
20063,0.675549,-11.5397,0.333333,0,0,0
20064,0.675549,-11.5397,0.666667,0,0,0
20065,0.338115,-11.517,0.333333,0,0,0
20066,0.338115,-11.517,0.666667,0,0,0
20067,4.93204,-12.8312,0.333333,0,0,0
20068,4.93204,-12.8312,0.666667,0,0,0
20069,4.64925,-12.617,0.333333,0,0,0
20070,4.64925,-12.617,0.666667,0,0,0
20071,4.35716,-12.4156,0.333333,0,0,0
20072,4.35716,-12.4156,0.666667,0,0,0
20073,4.05636,-12.2275,0.333333,0,0,0
20074,4.05636,-12.2275,0.666667,0,0,0
20075,3.74746,-12.053,0.333333,0,0,0
20076,3.74746,-12.053,0.666667,0,0,0
20077,3.43106,-11.8925,0.333333,0,0,0
20078,3.43106,-11.8925,0.666667,0,0,0
20079,3.10781,-11.7463,0.333333,0,0,0
20080,3.10781,-11.7463,0.666667,0,0,0
20081,2.77834,-11.6147,0.333333,0,0,0
20082,2.77834,-11.6147,0.666667,0,0,0
20083,2.44332,-11.498,0.333333,0,0,0
20084,2.44332,-11.498,0.666667,0,0,0
20085,2.10342,-11.3963,0.333333,0,0,0
20086,2.10342,-11.3963,0.666667,0,0,0
20087,1.75931,-11.31,0.333333,0,0,0
20088,1.75931,-11.31,0.666667,0,0,0
20089,1.41169,-11.2391,0.333333,0,0,0
20090,1.41169,-11.2391,0.666667,0,0,0
20091,1.06124,-11.1838,0.333333,0,0,0
20092,1.06124,-11.1838,0.666667,0,0,0
20093,0.708676,-11.1442,0.333333,0,0,0
20094,0.708676,-11.1442,0.666667,0,0,0
20095,0.354692,-11.1204,0.333333,0,0,0
20096,0.354692,-11.1204,0.666667,0,0,0
20097,5.16505,-12.5094,0.333333,0,0,0
20098,5.16505,-12.5094,0.666667,0,0,0
20099,4.86859,-12.2858,0.333333,0,0,0
20100,4.86859,-12.2858,0.666667,0,0,0
20101,4.56245,-12.0756,0.333333,0,0,0
20102,4.56245,-12.0756,0.666667,0,0,0
20103,4.24725,-11.8792,0.333333,0,0,0
20104,4.24725,-11.8792,0.666667,0,0,0
20105,3.92361,-11.6971,0.333333,0,0,0
20106,3.92361,-11.6971,0.666667,0,0,0
20107,3.59218,-11.5296,0.333333,0,0,0
20108,3.59218,-11.5296,0.666667,0,0,0
20109,3.25361,-11.3771,0.333333,0,0,0
20110,3.25361,-11.3771,0.666667,0,0,0
20111,2.90858,-11.2397,0.333333,0,0,0
20112,2.90858,-11.2397,0.666667,0,0,0
20113,2.55778,-11.1179,0.333333,0,0,0
20114,2.55778,-11.1179,0.666667,0,0,0
20115,2.20189,-11.0118,0.333333,0,0,0
20116,2.20189,-11.0118,0.666667,0,0,0
20117,1.84163,-10.9217,0.333333,0,0,0
20118,1.84163,-10.9217,0.666667,0,0,0
20119,1.47772,-10.8477,0.333333,0,0,0
20120,1.47772,-10.8477,0.666667,0,0,0
20121,1.11086,-10.79,0.333333,0,0,0
20122,1.11086,-10.79,0.666667,0,0,0
20123,0.741803,-10.7487,0.333333,0,0,0
20124,0.741803,-10.7487,0.666667,0,0,0
20125,0.37127,-10.7239,0.333333,0,0,0
20126,0.37127,-10.7239,0.666667,0,0,0
20127,5.39807,-12.1877,0.333333,0,0,0
20128,5.39807,-12.1877,0.666667,0,0,0
20129,5.08792,-11.9546,0.333333,0,0,0
20130,5.08792,-11.9546,0.666667,0,0,0
20131,4.76773,-11.7356,0.333333,0,0,0
20132,4.76773,-11.7356,0.666667,0,0,0
20133,4.43813,-11.531,0.333333,0,0,0
20134,4.43813,-11.531,0.666667,0,0,0
20135,4.09976,-11.3413,0.333333,0,0,0
20136,4.09976,-11.3413,0.666667,0,0,0
20137,3.75329,-11.1667,0.333333,0,0,0
20138,3.75329,-11.1667,0.666667,0,0,0
20139,3.39942,-11.0078,0.333333,0,0,0
20140,3.39942,-11.0078,0.666667,0,0,0
20141,3.03883,-10.8647,0.333333,0,0,0
20142,3.03883,-10.8647,0.666667,0,0,0
20143,2.67223,-10.7378,0.333333,0,0,0
20144,2.67223,-10.7378,0.666667,0,0,0
20145,2.30037,-10.6273,0.333333,0,0,0
20146,2.30037,-10.6273,0.666667,0,0,0
20147,1.92395,-10.5334,0.333333,0,0,0
20148,1.92395,-10.5334,0.666667,0,0,0
20149,1.54374,-10.4563,0.333333,0,0,0
20150,1.54374,-10.4563,0.666667,0,0,0
20151,1.16048,-10.3962,0.333333,0,0,0
20152,1.16048,-10.3962,0.666667,0,0,0
20153,0.77493,-10.3532,0.333333,0,0,0
20154,0.77493,-10.3532,0.666667,0,0,0
20155,0.387848,-10.3274,0.333333,0,0,0
20156,0.387848,-10.3274,0.666667,0,0,0
20157,5.63108,-11.8659,0.333333,0,0,0
20158,5.63108,-11.8659,0.666667,0,0,0
20159,5.30726,-11.6234,0.333333,0,0,0
20160,5.30726,-11.6234,0.666667,0,0,0
20161,4.97302,-11.3956,0.333333,0,0,0
20162,4.97302,-11.3956,0.666667,0,0,0
20163,4.62901,-11.1828,0.333333,0,0,0
20164,4.62901,-11.1828,0.666667,0,0,0
20165,4.27591,-10.9854,0.333333,0,0,0
20166,4.27591,-10.9854,0.666667,0,0,0
20167,3.91441,-10.8038,0.333333,0,0,0
20168,3.91441,-10.8038,0.666667,0,0,0
20169,3.54522,-10.6385,0.333333,0,0,0
20170,3.54522,-10.6385,0.666667,0,0,0
20171,3.16907,-10.4897,0.333333,0,0,0
20172,3.16907,-10.4897,0.666667,0,0,0
20173,2.78669,-10.3577,0.333333,0,0,0
20174,2.78669,-10.3577,0.666667,0,0,0
20175,2.39884,-10.2427,0.333333,0,0,0
20176,2.39884,-10.2427,0.666667,0,0,0
20177,2.00627,-10.1451,0.333333,0,0,0
20178,2.00627,-10.1451,0.666667,0,0,0
20179,1.60977,-10.0649,0.333333,0,0,0
20180,1.60977,-10.0649,0.666667,0,0,0
20181,1.2101,-10.0024,0.333333,0,0,0
20182,1.2101,-10.0024,0.666667,0,0,0
20183,0.808057,-9.95771,0.333333,0,0,0
20184,0.808057,-9.95771,0.666667,0,0,0
20185,0.404426,-9.93084,0.333333,0,0,0
20186,0.404426,-9.93084,0.666667,0,0,0
20187,5.86409,-11.5441,0.333333,0,0,0
20188,5.86409,-11.5441,0.666667,0,0,0
20189,5.5266,-11.2923,0.333333,0,0,0
20190,5.5266,-11.2923,0.666667,0,0,0
20191,5.17831,-11.0556,0.333333,0,0,0
20192,5.17831,-11.0556,0.666667,0,0,0
20193,4.8199,-10.8345,0.333333,0,0,0
20194,4.8199,-10.8345,0.666667,0,0,0
20195,4.45206,-10.6295,0.333333,0,0,0
20196,4.45206,-10.6295,0.666667,0,0,0
20197,4.07553,-10.441,0.333333,0,0,0
20198,4.07553,-10.441,0.666667,0,0,0
20199,3.69103,-10.2692,0.333333,0,0,0
20200,3.69103,-10.2692,0.666667,0,0,0
20201,3.29931,-10.1147,0.333333,0,0,0
20202,3.29931,-10.1147,0.666667,0,0,0
20203,2.90115,-9.97757,0.333333,0,0,0
20204,2.90115,-9.97757,0.666667,0,0,0
20205,2.49731,-9.85821,0.333333,0,0,0
20206,2.49731,-9.85821,0.666667,0,0,0
20207,2.08859,-9.75681,0.333333,0,0,0
20208,2.08859,-9.75681,0.666667,0,0,0
20209,1.6758,-9.67358,0.333333,0,0,0
20210,1.6758,-9.67358,0.666667,0,0,0
20211,1.25972,-9.60867,0.333333,0,0,0
20212,1.25972,-9.60867,0.666667,0,0,0
20213,0.841184,-9.56222,0.333333,0,0,0
20214,0.841184,-9.56222,0.666667,0,0,0
20215,0.421004,-9.53431,0.333333,0,0,0
20216,0.421004,-9.53431,0.666667,0,0,0
20217,6.09699,-11.2225,0.333333,0,0,0
20218,6.09699,-11.2225,0.666667,0,0,0
20219,5.74585,-10.9612,0.333333,0,0,0
20220,5.74585,-10.9612,0.666667,0,0,0
20221,5.38352,-10.7157,0.333333,0,0,0
20222,5.38352,-10.7157,0.666667,0,0,0
20223,5.01072,-10.4864,0.333333,0,0,0
20224,5.01072,-10.4864,0.666667,0,0,0
20225,4.62817,-10.2737,0.333333,0,0,0
20226,4.62817,-10.2737,0.666667,0,0,0
20227,4.23661,-10.0781,0.333333,0,0,0
20228,4.23661,-10.0781,0.666667,0,0,0
20229,3.83681,-9.90002,0.333333,0,0,0
20230,3.83681,-9.90002,0.666667,0,0,0
20231,3.42954,-9.73971,0.333333,0,0,0
20232,3.42954,-9.73971,0.666667,0,0,0
20233,3.01559,-9.59751,0.333333,0,0,0
20234,3.01559,-9.59751,0.666667,0,0,0
20235,2.59578,-9.47371,0.333333,0,0,0
20236,2.59578,-9.47371,0.666667,0,0,0
20237,2.17091,-9.36854,0.333333,0,0,0
20238,2.17091,-9.36854,0.666667,0,0,0
20239,1.74182,-9.28222,0.333333,0,0,0
20240,1.74182,-9.28222,0.666667,0,0,0
20241,1.30934,-9.2149,0.333333,0,0,0
20242,1.30934,-9.2149,0.666667,0,0,0
20243,0.874312,-9.16672,0.333333,0,0,0
20244,0.874312,-9.16672,0.666667,0,0,0
20245,0.437582,-9.13778,0.333333,0,0,0
20246,0.437582,-9.13778,0.666667,0,0,0
20247,6.32989,-10.9009,0.333333,0,0,0
20248,6.32989,-10.9009,0.666667,0,0,0
20249,5.96509,-10.6302,0.333333,0,0,0
20250,5.96509,-10.6302,0.666667,0,0,0
20251,5.58874,-10.3758,0.333333,0,0,0
20252,5.58874,-10.3758,0.666667,0,0,0
20253,5.20155,-10.1383,0.333333,0,0,0
20254,5.20155,-10.1383,0.666667,0,0,0
20255,4.80428,-9.91794,0.333333,0,0,0
20256,4.80428,-9.91794,0.666667,0,0,0
20257,4.3977,-9.71533,0.333333,0,0,0
20258,4.3977,-9.71533,0.666667,0,0,0
20259,3.98259,-9.53082,0.333333,0,0,0
20260,3.98259,-9.53082,0.666667,0,0,0
20261,3.55977,-9.36475,0.333333,0,0,0
20262,3.55977,-9.36475,0.666667,0,0,0
20263,3.13004,-9.21745,0.333333,0,0,0
20264,3.13004,-9.21745,0.666667,0,0,0
20265,2.69425,-9.08921,0.333333,0,0,0
20266,2.69425,-9.08921,0.666667,0,0,0
20267,2.25323,-8.98028,0.333333,0,0,0
20268,2.25323,-8.98028,0.666667,0,0,0
20269,1.80785,-8.89086,0.333333,0,0,0
20270,1.80785,-8.89086,0.666667,0,0,0
20271,1.35896,-8.82113,0.333333,0,0,0
20272,1.35896,-8.82113,0.666667,0,0,0
20273,0.90744,-8.77123,0.333333,0,0,0
20274,0.90744,-8.77123,0.666667,0,0,0
20275,0.45416,-8.74125,0.333333,0,0,0
20276,0.45416,-8.74125,0.666667,0,0,0
20277,6.56278,-10.5793,0.333333,0,0,0
20278,6.56278,-10.5793,0.666667,0,0,0
20279,6.18434,-10.2992,0.333333,0,0,0
20280,6.18434,-10.2992,0.666667,0,0,0
20281,5.79395,-10.036,0.333333,0,0,0
20282,5.79395,-10.036,0.666667,0,0,0
20283,5.39238,-9.79012,0.333333,0,0,0
20284,5.39238,-9.79012,0.666667,0,0,0
20285,4.98039,-9.56216,0.333333,0,0,0
20286,4.98039,-9.56216,0.666667,0,0,0
20287,4.55878,-9.35252,0.333333,0,0,0
20288,4.55878,-9.35252,0.666667,0,0,0
20289,4.12837,-9.16161,0.333333,0,0,0
20290,4.12837,-9.16161,0.666667,0,0,0
20291,3.68999,-8.98979,0.333333,0,0,0
20292,3.68999,-8.98979,0.666667,0,0,0
20293,3.24449,-8.83739,0.333333,0,0,0
20294,3.24449,-8.83739,0.666667,0,0,0
20295,2.79271,-8.70471,0.333333,0,0,0
20296,2.79271,-8.70471,0.666667,0,0,0
20297,2.33555,-8.59201,0.333333,0,0,0
20298,2.33555,-8.59201,0.666667,0,0,0
20299,1.87388,-8.4995,0.333333,0,0,0
20300,1.87388,-8.4995,0.666667,0,0,0
20301,1.40858,-8.42736,0.333333,0,0,0
20302,1.40858,-8.42736,0.666667,0,0,0
20303,0.940568,-8.37574,0.333333,0,0,0
20304,0.940568,-8.37574,0.666667,0,0,0
20305,0.470739,-8.34472,0.333333,0,0,0
20306,0.470739,-8.34472,0.666667,0,0,0
20307,6.79568,-10.2577,0.333333,0,0,0
20308,6.79568,-10.2577,0.666667,0,0,0
20309,6.40358,-9.96817,0.333333,0,0,0
20310,6.40358,-9.96817,0.666667,0,0,0
20311,5.99917,-9.69608,0.333333,0,0,0
20312,5.99917,-9.69608,0.666667,0,0,0
20313,5.5832,-9.44199,0.333333,0,0,0
20314,5.5832,-9.44199,0.666667,0,0,0
20315,5.1565,-9.20638,0.333333,0,0,0
20316,5.1565,-9.20638,0.666667,0,0,0
20317,4.71987,-8.98971,0.333333,0,0,0
20318,4.71987,-8.98971,0.666667,0,0,0
20319,4.27416,-8.7924,0.333333,0,0,0
20320,4.27416,-8.7924,0.666667,0,0,0
20321,3.82022,-8.61483,0.333333,0,0,0
20322,3.82022,-8.61483,0.666667,0,0,0
20323,3.35893,-8.45733,0.333333,0,0,0
20324,3.35893,-8.45733,0.666667,0,0,0
20325,2.89118,-8.32021,0.333333,0,0,0
20326,2.89118,-8.32021,0.666667,0,0,0
20327,2.41787,-8.20374,0.333333,0,0,0
20328,2.41787,-8.20374,0.666667,0,0,0
20329,1.9399,-8.10814,0.333333,0,0,0
20330,1.9399,-8.10814,0.666667,0,0,0
20331,1.4582,-8.03359,0.333333,0,0,0
20332,1.4582,-8.03359,0.666667,0,0,0
20333,0.973696,-7.98024,0.333333,0,0,0
20334,0.973696,-7.98024,0.666667,0,0,0
20335,0.487317,-7.94819,0.333333,0,0,0
20336,0.487317,-7.94819,0.666667,0,0,0
20337,7.02858,-9.93614,0.333333,0,0,0
20338,7.02858,-9.93614,0.666667,0,0,0
20339,6.62283,-9.63715,0.333333,0,0,0
20340,6.62283,-9.63715,0.666667,0,0,0
20341,6.20438,-9.35621,0.333333,0,0,0
20342,6.20438,-9.35621,0.666667,0,0,0
20343,5.77403,-9.09386,0.333333,0,0,0
20344,5.77403,-9.09386,0.666667,0,0,0
20345,5.3326,-8.8506,0.333333,0,0,0
20346,5.3326,-8.8506,0.666667,0,0,0
20347,4.88095,-8.6269,0.333333,0,0,0
20348,4.88095,-8.6269,0.666667,0,0,0
20349,4.41994,-8.42319,0.333333,0,0,0
20350,4.41994,-8.42319,0.666667,0,0,0
20351,3.95045,-8.23987,0.333333,0,0,0
20352,3.95045,-8.23987,0.666667,0,0,0
20353,3.47338,-8.07727,0.333333,0,0,0
20354,3.47338,-8.07727,0.666667,0,0,0
20355,2.98965,-7.93572,0.333333,0,0,0
20356,2.98965,-7.93572,0.666667,0,0,0
20357,2.50019,-7.81548,0.333333,0,0,0
20358,2.50019,-7.81548,0.666667,0,0,0
20359,2.00593,-7.71678,0.333333,0,0,0
20360,2.00593,-7.71678,0.666667,0,0,0
20361,1.50782,-7.63983,0.333333,0,0,0
20362,1.50782,-7.63983,0.666667,0,0,0
20363,1.00682,-7.58475,0.333333,0,0,0
20364,1.00682,-7.58475,0.666667,0,0,0
20365,0.503895,-7.55166,0.333333,0,0,0
20366,0.503895,-7.55166,0.666667,0,0,0
20367,7.26147,-9.61454,0.333333,0,0,0
20368,7.26147,-9.61454,0.666667,0,0,0
20369,6.84207,-9.30612,0.333333,0,0,0
20370,6.84207,-9.30612,0.666667,0,0,0
20371,6.40959,-9.01633,0.333333,0,0,0
20372,6.40959,-9.01633,0.666667,0,0,0
20373,5.96485,-8.74572,0.333333,0,0,0
20374,5.96485,-8.74572,0.666667,0,0,0
20375,5.50871,-8.49482,0.333333,0,0,0
20376,5.50871,-8.49482,0.666667,0,0,0
20377,5.04204,-8.26409,0.333333,0,0,0
20378,5.04204,-8.26409,0.666667,0,0,0
20379,4.56572,-8.05399,0.333333,0,0,0
20380,4.56572,-8.05399,0.666667,0,0,0
20381,4.08067,-7.8649,0.333333,0,0,0
20382,4.08067,-7.8649,0.666667,0,0,0
20383,3.58783,-7.69721,0.333333,0,0,0
20384,3.58783,-7.69721,0.666667,0,0,0
20385,3.08812,-7.55122,0.333333,0,0,0
20386,3.08812,-7.55122,0.666667,0,0,0
20387,2.58251,-7.42721,0.333333,0,0,0
20388,2.58251,-7.42721,0.666667,0,0,0
20389,2.07195,-7.32543,0.333333,0,0,0
20390,2.07195,-7.32543,0.666667,0,0,0
20391,1.55744,-7.24606,0.333333,0,0,0
20392,1.55744,-7.24606,0.666667,0,0,0
20393,1.03995,-7.18926,0.333333,0,0,0
20394,1.03995,-7.18926,0.666667,0,0,0
20395,0.520474,-7.15513,0.333333,0,0,0
20396,0.520474,-7.15513,0.666667,0,0,0
20397,7.49437,-9.29294,0.333333,0,0,0
20398,7.49437,-9.29294,0.666667,0,0,0
20399,7.06132,-8.9751,0.333333,0,0,0
20400,7.06132,-8.9751,0.666667,0,0,0
20401,6.61481,-8.67646,0.333333,0,0,0
20402,6.61481,-8.67646,0.666667,0,0,0
20403,6.15568,-8.39759,0.333333,0,0,0
20404,6.15568,-8.39759,0.666667,0,0,0
20405,5.68482,-8.13904,0.333333,0,0,0
20406,5.68482,-8.13904,0.666667,0,0,0
20407,5.20312,-7.90128,0.333333,0,0,0
20408,5.20312,-7.90128,0.666667,0,0,0
20409,4.7115,-7.68478,0.333333,0,0,0
20410,4.7115,-7.68478,0.666667,0,0,0
20411,4.2109,-7.48994,0.333333,0,0,0
20412,4.2109,-7.48994,0.666667,0,0,0
20413,3.70227,-7.31715,0.333333,0,0,0
20414,3.70227,-7.31715,0.666667,0,0,0
20415,3.18659,-7.16672,0.333333,0,0,0
20416,3.18659,-7.16672,0.666667,0,0,0
20417,2.66482,-7.03894,0.333333,0,0,0
20418,2.66482,-7.03894,0.666667,0,0,0
20419,2.13798,-6.93407,0.333333,0,0,0
20420,2.13798,-6.93407,0.666667,0,0,0
20421,1.60706,-6.85229,0.333333,0,0,0
20422,1.60706,-6.85229,0.666667,0,0,0
20423,1.07308,-6.79376,0.333333,0,0,0
20424,1.07308,-6.79376,0.666667,0,0,0
20425,0.537052,-6.7586,0.333333,0,0,0
20426,0.537052,-6.7586,0.666667,0,0,0
20427,7.72727,-8.97134,0.333333,0,0,0
20428,7.72727,-8.97134,0.666667,0,0,0
20429,7.28057,-8.64407,0.333333,0,0,0
20430,7.28057,-8.64407,0.666667,0,0,0
20431,6.82002,-8.33658,0.333333,0,0,0
20432,6.82002,-8.33658,0.666667,0,0,0
20433,6.34651,-8.04946,0.333333,0,0,0
20434,6.34651,-8.04946,0.666667,0,0,0
20435,5.86093,-7.78326,0.333333,0,0,0
20436,5.86093,-7.78326,0.666667,0,0,0
20437,5.36421,-7.53847,0.333333,0,0,0
20438,5.36421,-7.53847,0.666667,0,0,0
20439,4.85729,-7.31557,0.333333,0,0,0
20440,4.85729,-7.31557,0.666667,0,0,0
20441,4.34113,-7.11498,0.333333,0,0,0
20442,4.34113,-7.11498,0.666667,0,0,0
20443,3.81672,-6.93709,0.333333,0,0,0
20444,3.81672,-6.93709,0.666667,0,0,0
20445,3.28505,-6.78222,0.333333,0,0,0
20446,3.28505,-6.78222,0.666667,0,0,0
20447,2.74714,-6.65068,0.333333,0,0,0
20448,2.74714,-6.65068,0.666667,0,0,0
20449,2.20401,-6.54271,0.333333,0,0,0
20450,2.20401,-6.54271,0.666667,0,0,0
20451,1.65668,-6.45852,0.333333,0,0,0
20452,1.65668,-6.45852,0.666667,0,0,0
20453,1.10621,-6.39827,0.333333,0,0,0
20454,1.10621,-6.39827,0.666667,0,0,0
20455,0.55363,-6.36207,0.333333,0,0,0
20456,0.55363,-6.36207,0.666667,0,0,0
20457,8.32357,-8.18623,0.333333,0,0,0
20458,8.32357,-8.18623,0.666667,0,0,0
20459,7.8314,-7.88623,0.333333,0,0,0
20460,7.8314,-7.88623,0.666667,0,0,0
20461,7.32655,-7.60437,0.333333,0,0,0
20462,7.32655,-7.60437,0.666667,0,0,0
20463,6.80982,-7.34117,0.333333,0,0,0
20464,6.80982,-7.34117,0.666667,0,0,0
20465,6.28202,-7.09715,0.333333,0,0,0
20466,6.28202,-7.09715,0.666667,0,0,0
20467,5.74401,-6.87277,0.333333,0,0,0
20468,5.74401,-6.87277,0.666667,0,0,0
20469,5.19665,-6.66844,0.333333,0,0,0
20470,5.19665,-6.66844,0.666667,0,0,0
20471,4.64083,-6.48457,0.333333,0,0,0
20472,4.64083,-6.48457,0.666667,0,0,0
20473,4.07744,-6.3215,0.333333,0,0,0
20474,4.07744,-6.3215,0.666667,0,0,0
20475,3.50739,-6.17954,0.333333,0,0,0
20476,3.50739,-6.17954,0.666667,0,0,0
20477,2.93163,-6.05895,0.333333,0,0,0
20478,2.93163,-6.05895,0.666667,0,0,0
20479,2.35107,-5.95998,0.333333,0,0,0
20480,2.35107,-5.95998,0.666667,0,0,0
20481,1.76667,-5.88281,0.333333,0,0,0
20482,1.76667,-5.88281,0.666667,0,0,0
20483,1.17939,-5.82758,0.333333,0,0,0
20484,1.17939,-5.82758,0.666667,0,0,0
20485,0.590177,-5.7944,0.333333,0,0,0
20486,0.590177,-5.7944,0.666667,0,0,0
20487,8.91986,-7.40112,0.333333,0,0,0
20488,8.91986,-7.40112,0.666667,0,0,0
20489,8.38224,-7.12839,0.333333,0,0,0
20490,8.38224,-7.12839,0.666667,0,0,0
20491,7.83309,-6.87215,0.333333,0,0,0
20492,7.83309,-6.87215,0.666667,0,0,0
20493,7.27313,-6.63288,0.333333,0,0,0
20494,7.27313,-6.63288,0.666667,0,0,0
20495,6.70312,-6.41105,0.333333,0,0,0
20496,6.70312,-6.41105,0.666667,0,0,0
20497,6.12382,-6.20706,0.333333,0,0,0
20498,6.12382,-6.20706,0.666667,0,0,0
20499,5.53602,-6.02131,0.333333,0,0,0
20500,5.53602,-6.02131,0.666667,0,0,0
20501,4.94052,-5.85415,0.333333,0,0,0
20502,4.94052,-5.85415,0.666667,0,0,0
20503,4.33815,-5.70591,0.333333,0,0,0
20504,4.33815,-5.70591,0.666667,0,0,0
20505,3.72973,-5.57685,0.333333,0,0,0
20506,3.72973,-5.57685,0.666667,0,0,0
20507,3.11611,-5.46723,0.333333,0,0,0
20508,3.11611,-5.46723,0.666667,0,0,0
20509,2.49813,-5.37726,0.333333,0,0,0
20510,2.49813,-5.37726,0.666667,0,0,0
20511,1.87666,-5.3071,0.333333,0,0,0
20512,1.87666,-5.3071,0.666667,0,0,0
20513,1.25257,-5.25689,0.333333,0,0,0
20514,1.25257,-5.25689,0.666667,0,0,0
20515,0.626723,-5.22673,0.333333,0,0,0
20516,0.626723,-5.22673,0.666667,0,0,0
20517,9.51616,-6.61601,0.333333,0,0,0
20518,9.51616,-6.61601,0.666667,0,0,0
20519,8.93308,-6.37055,0.333333,0,0,0
20520,8.93308,-6.37055,0.666667,0,0,0
20521,8.33962,-6.13994,0.333333,0,0,0
20522,8.33962,-6.13994,0.666667,0,0,0
20523,7.73644,-5.9246,0.333333,0,0,0
20524,7.73644,-5.9246,0.666667,0,0,0
20525,7.12421,-5.72494,0.333333,0,0,0
20526,7.12421,-5.72494,0.666667,0,0,0
20527,6.50362,-5.54135,0.333333,0,0,0
20528,6.50362,-5.54135,0.666667,0,0,0
20529,5.87539,-5.37418,0.333333,0,0,0
20530,5.87539,-5.37418,0.666667,0,0,0
20531,5.24022,-5.22374,0.333333,0,0,0
20532,5.24022,-5.22374,0.666667,0,0,0
20533,4.59887,-5.09032,0.333333,0,0,0
20534,4.59887,-5.09032,0.666667,0,0,0
20535,3.95207,-4.97416,0.333333,0,0,0
20536,3.95207,-4.97416,0.666667,0,0,0
20537,3.30059,-4.87551,0.333333,0,0,0
20538,3.30059,-4.87551,0.666667,0,0,0
20539,2.64519,-4.79453,0.333333,0,0,0
20540,2.64519,-4.79453,0.666667,0,0,0
20541,1.98665,-4.73139,0.333333,0,0,0
20542,1.98665,-4.73139,0.666667,0,0,0
20543,1.32575,-4.6862,0.333333,0,0,0
20544,1.32575,-4.6862,0.666667,0,0,0
20545,0.66327,-4.65905,0.333333,0,0,0
20546,0.66327,-4.65905,0.666667,0,0,0
20547,10.1125,-5.8309,0.333333,0,0,0
20548,10.1125,-5.8309,0.666667,0,0,0
20549,9.48392,-5.61271,0.333333,0,0,0
20550,9.48392,-5.61271,0.666667,0,0,0
20551,8.84616,-5.40772,0.333333,0,0,0
20552,8.84616,-5.40772,0.666667,0,0,0
20553,8.19975,-5.21631,0.333333,0,0,0
20554,8.19975,-5.21631,0.666667,0,0,0
20555,7.54531,-5.03884,0.333333,0,0,0
20556,7.54531,-5.03884,0.666667,0,0,0
20557,6.88343,-4.87565,0.333333,0,0,0
20558,6.88343,-4.87565,0.666667,0,0,0
20559,6.21475,-4.72705,0.333333,0,0,0
20560,6.21475,-4.72705,0.666667,0,0,0
20561,5.53992,-4.59332,0.333333,0,0,0
20562,5.53992,-4.59332,0.666667,0,0,0
20563,4.85958,-4.47472,0.333333,0,0,0
20564,4.85958,-4.47472,0.666667,0,0,0
20565,4.17441,-4.37148,0.333333,0,0,0
20566,4.17441,-4.37148,0.666667,0,0,0
20567,3.48507,-4.28378,0.333333,0,0,0
20568,3.48507,-4.28378,0.666667,0,0,0
20569,2.79226,-4.21181,0.333333,0,0,0
20570,2.79226,-4.21181,0.666667,0,0,0
20571,2.09664,-4.15568,0.333333,0,0,0
20572,2.09664,-4.15568,0.666667,0,0,0
20573,1.39893,-4.11551,0.333333,0,0,0
20574,1.39893,-4.11551,0.666667,0,0,0
20575,0.699816,-4.09138,0.333333,0,0,0
20576,0.699816,-4.09138,0.666667,0,0,0
20577,10.7087,-5.04578,0.333333,0,0,0
20578,10.7087,-5.04578,0.666667,0,0,0
20579,10.0348,-4.85487,0.333333,0,0,0
20580,10.0348,-4.85487,0.666667,0,0,0
20581,9.35269,-4.67551,0.333333,0,0,0
20582,9.35269,-4.67551,0.666667,0,0,0
20583,8.66307,-4.50802,0.333333,0,0,0
20584,8.66307,-4.50802,0.666667,0,0,0
20585,7.9664,-4.35273,0.333333,0,0,0
20586,7.9664,-4.35273,0.666667,0,0,0
20587,7.26323,-4.20994,0.333333,0,0,0
20588,7.26323,-4.20994,0.666667,0,0,0
20589,6.55412,-4.07992,0.333333,0,0,0
20590,6.55412,-4.07992,0.666667,0,0,0
20591,5.83962,-3.96291,0.333333,0,0,0
20592,5.83962,-3.96291,0.666667,0,0,0
20593,5.1203,-3.85913,0.333333,0,0,0
20594,5.1203,-3.85913,0.666667,0,0,0
20595,4.39675,-3.7688,0.333333,0,0,0
20596,4.39675,-3.7688,0.666667,0,0,0
20597,3.66956,-3.69206,0.333333,0,0,0
20598,3.66956,-3.69206,0.666667,0,0,0
20599,2.93932,-3.62908,0.333333,0,0,0
20600,2.93932,-3.62908,0.666667,0,0,0
20601,2.20663,-3.57997,0.333333,0,0,0
20602,2.20663,-3.57997,0.666667,0,0,0
20603,1.47211,-3.54482,0.333333,0,0,0
20604,1.47211,-3.54482,0.666667,0,0,0
20605,0.736363,-3.52371,0.333333,0,0,0
20606,0.736363,-3.52371,0.666667,0,0,0
20607,11.305,-4.26067,0.333333,0,0,0
20608,11.305,-4.26067,0.666667,0,0,0
20609,10.5856,-4.09704,0.333333,0,0,0
20610,10.5856,-4.09704,0.666667,0,0,0
20611,9.85923,-3.94329,0.333333,0,0,0
20612,9.85923,-3.94329,0.666667,0,0,0
20613,9.12638,-3.79973,0.333333,0,0,0
20614,9.12638,-3.79973,0.666667,0,0,0
20615,8.3875,-3.66663,0.333333,0,0,0
20616,8.3875,-3.66663,0.666667,0,0,0
20617,7.64304,-3.54424,0.333333,0,0,0
20618,7.64304,-3.54424,0.666667,0,0,0
20619,6.89349,-3.43279,0.333333,0,0,0
20620,6.89349,-3.43279,0.666667,0,0,0
20621,6.13931,-3.33249,0.333333,0,0,0
20622,6.13931,-3.33249,0.666667,0,0,0
20623,5.38102,-3.24354,0.333333,0,0,0
20624,5.38102,-3.24354,0.666667,0,0,0
20625,4.61909,-3.16611,0.333333,0,0,0
20626,4.61909,-3.16611,0.666667,0,0,0
20627,3.85404,-3.10034,0.333333,0,0,0
20628,3.85404,-3.10034,0.666667,0,0,0
20629,3.08638,-3.04635,0.333333,0,0,0
20630,3.08638,-3.04635,0.666667,0,0,0
20631,2.31662,-3.00426,0.333333,0,0,0
20632,2.31662,-3.00426,0.666667,0,0,0
20633,1.54529,-2.97413,0.333333,0,0,0
20634,1.54529,-2.97413,0.666667,0,0,0
20635,0.772909,-2.95604,0.333333,0,0,0
20636,0.772909,-2.95604,0.666667,0,0,0
20637,11.9013,-3.47556,0.333333,0,0,0
20638,11.9013,-3.47556,0.666667,0,0,0
20639,11.1364,-3.3392,0.333333,0,0,0
20640,11.1364,-3.3392,0.666667,0,0,0
20641,10.3658,-3.21108,0.333333,0,0,0
20642,10.3658,-3.21108,0.666667,0,0,0
20643,9.58969,-3.09144,0.333333,0,0,0
20644,9.58969,-3.09144,0.666667,0,0,0
20645,8.80859,-2.98052,0.333333,0,0,0
20646,8.80859,-2.98052,0.666667,0,0,0
20647,8.02285,-2.87853,0.333333,0,0,0
20648,8.02285,-2.87853,0.666667,0,0,0
20649,7.23285,-2.78566,0.333333,0,0,0
20650,7.23285,-2.78566,0.666667,0,0,0
20651,6.43901,-2.70208,0.333333,0,0,0
20652,6.43901,-2.70208,0.666667,0,0,0
20653,5.64173,-2.62795,0.333333,0,0,0
20654,5.64173,-2.62795,0.666667,0,0,0
20655,4.84143,-2.56343,0.333333,0,0,0
20656,4.84143,-2.56343,0.666667,0,0,0
20657,4.03852,-2.50862,0.333333,0,0,0
20658,4.03852,-2.50862,0.666667,0,0,0
20659,3.23344,-2.46363,0.333333,0,0,0
20660,3.23344,-2.46363,0.666667,0,0,0
20661,2.42661,-2.42855,0.333333,0,0,0
20662,2.42661,-2.42855,0.666667,0,0,0
20663,1.61847,-2.40345,0.333333,0,0,0
20664,1.61847,-2.40345,0.666667,0,0,0
20665,0.809455,-2.38836,0.333333,0,0,0
20666,0.809455,-2.38836,0.666667,0,0,0
20667,12.4976,-2.69045,0.333333,0,0,0
20668,12.4976,-2.69045,0.666667,0,0,0
20669,11.6873,-2.58136,0.333333,0,0,0
20670,11.6873,-2.58136,0.666667,0,0,0
20671,10.8723,-2.47886,0.333333,0,0,0
20672,10.8723,-2.47886,0.666667,0,0,0
20673,10.053,-2.38315,0.333333,0,0,0
20674,10.053,-2.38315,0.666667,0,0,0
20675,9.22968,-2.29442,0.333333,0,0,0
20676,9.22968,-2.29442,0.666667,0,0,0
20677,8.40265,-2.21282,0.333333,0,0,0
20678,8.40265,-2.21282,0.666667,0,0,0
20679,7.57222,-2.13852,0.333333,0,0,0
20680,7.57222,-2.13852,0.666667,0,0,0
20681,6.73871,-2.07166,0.333333,0,0,0
20682,6.73871,-2.07166,0.666667,0,0,0
20683,5.90245,-2.01236,0.333333,0,0,0
20684,5.90245,-2.01236,0.666667,0,0,0
20685,5.06377,-1.96074,0.333333,0,0,0
20686,5.06377,-1.96074,0.666667,0,0,0
20687,4.22301,-1.91689,0.333333,0,0,0
20688,4.22301,-1.91689,0.666667,0,0,0
20689,3.3805,-1.8809,0.333333,0,0,0
20690,3.3805,-1.8809,0.666667,0,0,0
20691,2.5366,-1.85284,0.333333,0,0,0
20692,2.5366,-1.85284,0.666667,0,0,0
20693,1.69165,-1.83276,0.333333,0,0,0
20694,1.69165,-1.83276,0.666667,0,0,0
20695,0.846002,-1.82069,0.333333,0,0,0
20696,0.846002,-1.82069,0.666667,0,0,0
20697,13.0939,-1.90534,0.333333,0,0,0
20698,13.0939,-1.90534,0.666667,0,0,0
20699,12.2381,-1.82352,0.333333,0,0,0
20700,12.2381,-1.82352,0.666667,0,0,0
20701,11.3788,-1.74665,0.333333,0,0,0
20702,11.3788,-1.74665,0.666667,0,0,0
20703,10.5163,-1.67487,0.333333,0,0,0
20704,10.5163,-1.67487,0.666667,0,0,0
20705,9.65078,-1.60831,0.333333,0,0,0
20706,9.65078,-1.60831,0.666667,0,0,0
20707,8.78246,-1.54712,0.333333,0,0,0
20708,8.78246,-1.54712,0.666667,0,0,0
20709,7.91159,-1.49139,0.333333,0,0,0
20710,7.91159,-1.49139,0.666667,0,0,0
20711,7.03841,-1.44125,0.333333,0,0,0
20712,7.03841,-1.44125,0.666667,0,0,0
20713,6.16316,-1.39677,0.333333,0,0,0
20714,6.16316,-1.39677,0.666667,0,0,0
20715,5.28611,-1.35806,0.333333,0,0,0
20716,5.28611,-1.35806,0.666667,0,0,0
20717,4.40749,-1.32517,0.333333,0,0,0
20718,4.40749,-1.32517,0.666667,0,0,0
20719,3.52756,-1.29818,0.333333,0,0,0
20720,3.52756,-1.29818,0.666667,0,0,0
20721,2.64659,-1.27713,0.333333,0,0,0
20722,2.64659,-1.27713,0.666667,0,0,0
20723,1.76483,-1.26207,0.333333,0,0,0
20724,1.76483,-1.26207,0.666667,0,0,0
20725,0.882548,-1.25302,0.333333,0,0,0
20726,0.882548,-1.25302,0.666667,0,0,0
20727,13.6902,-1.12022,0.333333,0,0,0
20728,13.6902,-1.12022,0.666667,0,0,0
20729,12.7889,-1.06568,0.333333,0,0,0
20730,12.7889,-1.06568,0.666667,0,0,0
20731,11.8854,-1.01443,0.333333,0,0,0
20732,11.8854,-1.01443,0.666667,0,0,0
20733,10.9796,-0.966577,0.333333,0,0,0
20734,10.9796,-0.966577,0.666667,0,0,0
20735,10.0719,-0.922209,0.333333,0,0,0
20736,10.0719,-0.922209,0.666667,0,0,0
20737,9.16226,-0.881412,0.333333,0,0,0
20738,9.16226,-0.881412,0.666667,0,0,0
20739,8.25095,-0.844262,0.333333,0,0,0
20740,8.25095,-0.844262,0.666667,0,0,0
20741,7.3381,-0.810831,0.333333,0,0,0
20742,7.3381,-0.810831,0.666667,0,0,0
20743,6.42388,-0.781181,0.333333,0,0,0
20744,6.42388,-0.781181,0.666667,0,0,0
20745,5.50845,-0.75537,0.333333,0,0,0
20746,5.50845,-0.75537,0.666667,0,0,0
20747,4.59197,-0.733446,0.333333,0,0,0
20748,4.59197,-0.733446,0.666667,0,0,0
20749,3.67463,-0.715451,0.333333,0,0,0
20750,3.67463,-0.715451,0.666667,0,0,0
20751,2.75658,-0.70142,0.333333,0,0,0
20752,2.75658,-0.70142,0.666667,0,0,0
20753,1.83801,-0.691378,0.333333,0,0,0
20754,1.83801,-0.691378,0.666667,0,0,0
20755,0.919095,-0.685345,0.333333,0,0,0
20756,0.919095,-0.685345,0.666667,0,0,0
20757,14.2865,-0.335112,0.333333,0,0,0
20758,14.2865,-0.335112,0.666667,0,0,0
20759,13.3398,-0.307839,0.333333,0,0,0
20760,13.3398,-0.307839,0.666667,0,0,0
20761,12.3919,-0.282215,0.333333,0,0,0
20762,12.3919,-0.282215,0.666667,0,0,0
20763,11.4429,-0.258289,0.333333,0,0,0
20764,11.4429,-0.258289,0.666667,0,0,0
20765,10.493,-0.236105,0.333333,0,0,0
20766,10.493,-0.236105,0.666667,0,0,0
20767,9.54207,-0.215706,0.333333,0,0,0
20768,9.54207,-0.215706,0.666667,0,0,0
20769,8.59032,-0.197131,0.333333,0,0,0
20770,8.59032,-0.197131,0.666667,0,0,0
20771,7.6378,-0.180415,0.333333,0,0,0
20772,7.6378,-0.180415,0.666667,0,0,0
20773,6.6846,-0.165591,0.333333,0,0,0
20774,6.6846,-0.165591,0.666667,0,0,0
20775,5.73079,-0.152685,0.333333,0,0,0
20776,5.73079,-0.152685,0.666667,0,0,0
20777,4.77645,-0.141723,0.333333,0,0,0
20778,4.77645,-0.141723,0.666667,0,0,0
20779,3.82169,-0.132726,0.333333,0,0,0
20780,3.82169,-0.132726,0.666667,0,0,0
20781,2.86657,-0.12571,0.333333,0,0,0
20782,2.86657,-0.12571,0.666667,0,0,0
20783,1.91119,-0.120689,0.333333,0,0,0
20784,1.91119,-0.120689,0.666667,0,0,0
20785,0.955641,-0.117673,0.333333,0,0,0
20786,0.955641,-0.117673,0.666667,0,0,0
20787,-0.955641,-0.117673,0.666667,0,0,0
20788,-1.91119,-0.120689,0.666667,0,0,0
20789,-2.86657,-0.12571,0.666667,0,0,0
20790,-3.82169,-0.132726,0.666667,0,0,0
20791,-4.77645,-0.141723,0.666667,0,0,0
20792,-5.73079,-0.152685,0.666667,0,0,0
20793,-6.6846,-0.165591,0.666667,0,0,0
20794,-7.6378,-0.180415,0.666667,0,0,0
20795,-8.59032,-0.197131,0.666667,0,0,0
20796,-9.54207,-0.215706,0.666667,0,0,0
20797,-10.493,-0.236105,0.666667,0,0,0
20798,-11.4429,-0.258289,0.666667,0,0,0
20799,-12.3919,-0.282215,0.666667,0,0,0
20800,-13.3398,-0.307839,0.666667,0,0,0
20801,-14.2865,-0.335112,0.666667,0,0,0
20802,-0.919095,-0.685345,0.666667,0,0,0
20803,-1.83801,-0.691378,0.666667,0,0,0
20804,-2.75658,-0.70142,0.666667,0,0,0
20805,-3.67463,-0.715451,0.666667,0,0,0
20806,-4.59197,-0.733446,0.666667,0,0,0
20807,-5.50845,-0.75537,0.666667,0,0,0
20808,-6.42388,-0.781181,0.666667,0,0,0
20809,-7.3381,-0.810831,0.666667,0,0,0
20810,-8.25095,-0.844262,0.666667,0,0,0
20811,-9.16226,-0.881412,0.666667,0,0,0
20812,-10.0719,-0.922209,0.666667,0,0,0
20813,-10.9796,-0.966577,0.666667,0,0,0
20814,-11.8854,-1.01443,0.666667,0,0,0
20815,-12.7889,-1.06568,0.666667,0,0,0
20816,-13.6902,-1.12022,0.666667,0,0,0
20817,-0.882548,-1.25302,0.666667,0,0,0
20818,-1.76483,-1.26207,0.666667,0,0,0
20819,-2.64659,-1.27713,0.666667,0,0,0
20820,-3.52756,-1.29818,0.666667,0,0,0
20821,-4.40749,-1.32517,0.666667,0,0,0
20822,-5.28611,-1.35806,0.666667,0,0,0
20823,-6.16316,-1.39677,0.666667,0,0,0
20824,-7.03841,-1.44125,0.666667,0,0,0
20825,-7.91159,-1.49139,0.666667,0,0,0
20826,-8.78246,-1.54712,0.666667,0,0,0
20827,-9.65078,-1.60831,0.666667,0,0,0
20828,-10.5163,-1.67487,0.666667,0,0,0
20829,-11.3788,-1.74665,0.666667,0,0,0
20830,-12.2381,-1.82352,0.666667,0,0,0
20831,-13.0939,-1.90534,0.666667,0,0,0
20832,-0.846002,-1.82069,0.666667,0,0,0
20833,-1.69165,-1.83276,0.666667,0,0,0
20834,-2.5366,-1.85284,0.666667,0,0,0
20835,-3.3805,-1.8809,0.666667,0,0,0
20836,-4.22301,-1.91689,0.666667,0,0,0
20837,-5.06377,-1.96074,0.666667,0,0,0
20838,-5.90245,-2.01236,0.666667,0,0,0
20839,-6.73871,-2.07166,0.666667,0,0,0
20840,-7.57222,-2.13852,0.666667,0,0,0
20841,-8.40265,-2.21282,0.666667,0,0,0
20842,-9.22968,-2.29442,0.666667,0,0,0
20843,-10.053,-2.38315,0.666667,0,0,0
20844,-10.8723,-2.47886,0.666667,0,0,0
20845,-11.6873,-2.58136,0.666667,0,0,0
20846,-12.4976,-2.69045,0.666667,0,0,0
20847,-0.809455,-2.38836,0.666667,0,0,0
20848,-1.61847,-2.40345,0.666667,0,0,0
20849,-2.42661,-2.42855,0.666667,0,0,0
20850,-3.23344,-2.46363,0.666667,0,0,0
20851,-4.03852,-2.50862,0.666667,0,0,0
20852,-4.84143,-2.56343,0.666667,0,0,0
20853,-5.64173,-2.62795,0.666667,0,0,0
20854,-6.43901,-2.70208,0.666667,0,0,0
20855,-7.23285,-2.78566,0.666667,0,0,0
20856,-8.02285,-2.87853,0.666667,0,0,0
20857,-8.80859,-2.98052,0.666667,0,0,0
20858,-9.58969,-3.09144,0.666667,0,0,0
20859,-10.3658,-3.21108,0.666667,0,0,0
20860,-11.1364,-3.3392,0.666667,0,0,0
20861,-11.9013,-3.47556,0.666667,0,0,0
20862,-0.772909,-2.95604,0.666667,0,0,0
20863,-1.54529,-2.97413,0.666667,0,0,0
20864,-2.31662,-3.00426,0.666667,0,0,0
20865,-3.08638,-3.04635,0.666667,0,0,0
20866,-3.85404,-3.10034,0.666667,0,0,0
20867,-4.61909,-3.16611,0.666667,0,0,0
20868,-5.38102,-3.24354,0.666667,0,0,0
20869,-6.13931,-3.33249,0.666667,0,0,0
20870,-6.89349,-3.43279,0.666667,0,0,0
20871,-7.64304,-3.54424,0.666667,0,0,0
20872,-8.3875,-3.66663,0.666667,0,0,0
20873,-9.12638,-3.79973,0.666667,0,0,0
20874,-9.85923,-3.94329,0.666667,0,0,0
20875,-10.5856,-4.09704,0.666667,0,0,0
20876,-11.305,-4.26067,0.666667,0,0,0
20877,-0.736363,-3.52371,0.666667,0,0,0
20878,-1.47211,-3.54482,0.666667,0,0,0
20879,-2.20663,-3.57997,0.666667,0,0,0
20880,-2.93932,-3.62908,0.666667,0,0,0
20881,-3.66956,-3.69206,0.666667,0,0,0
20882,-4.39675,-3.7688,0.666667,0,0,0
20883,-5.1203,-3.85913,0.666667,0,0,0
20884,-5.83962,-3.96291,0.666667,0,0,0
20885,-6.55412,-4.07992,0.666667,0,0,0
20886,-7.26323,-4.20994,0.666667,0,0,0
20887,-7.9664,-4.35273,0.666667,0,0,0
20888,-8.66307,-4.50802,0.666667,0,0,0
20889,-9.35269,-4.67551,0.666667,0,0,0
20890,-10.0348,-4.85487,0.666667,0,0,0
20891,-10.7087,-5.04578,0.666667,0,0,0
20892,-0.699816,-4.09138,0.666667,0,0,0
20893,-1.39893,-4.11551,0.666667,0,0,0
20894,-2.09664,-4.15568,0.666667,0,0,0
20895,-2.79226,-4.21181,0.666667,0,0,0
20896,-3.48507,-4.28378,0.666667,0,0,0
20897,-4.17441,-4.37148,0.666667,0,0,0
20898,-4.85958,-4.47472,0.666667,0,0,0
20899,-5.53992,-4.59332,0.666667,0,0,0
20900,-6.21475,-4.72705,0.666667,0,0,0
20901,-6.88343,-4.87565,0.666667,0,0,0
20902,-7.54531,-5.03884,0.666667,0,0,0
20903,-8.19975,-5.21631,0.666667,0,0,0
20904,-8.84616,-5.40772,0.666667,0,0,0
20905,-9.48392,-5.61271,0.666667,0,0,0
20906,-10.1125,-5.8309,0.666667,0,0,0
20907,-0.66327,-4.65905,0.666667,0,0,0
20908,-1.32575,-4.6862,0.666667,0,0,0
20909,-1.98665,-4.73139,0.666667,0,0,0
20910,-2.64519,-4.79453,0.666667,0,0,0
20911,-3.30059,-4.87551,0.666667,0,0,0
20912,-3.95207,-4.97416,0.666667,0,0,0
20913,-4.59887,-5.09032,0.666667,0,0,0
20914,-5.24022,-5.22374,0.666667,0,0,0
20915,-5.87539,-5.37418,0.666667,0,0,0
20916,-6.50362,-5.54135,0.666667,0,0,0
20917,-7.12421,-5.72494,0.666667,0,0,0
20918,-7.73644,-5.9246,0.666667,0,0,0
20919,-8.33962,-6.13994,0.666667,0,0,0
20920,-8.93308,-6.37055,0.666667,0,0,0
20921,-9.51616,-6.61601,0.666667,0,0,0
20922,-0.626723,-5.22673,0.666667,0,0,0
20923,-1.25257,-5.25689,0.666667,0,0,0
20924,-1.87666,-5.3071,0.666667,0,0,0
20925,-2.49813,-5.37726,0.666667,0,0,0
20926,-3.11611,-5.46723,0.666667,0,0,0
20927,-3.72973,-5.57685,0.666667,0,0,0
20928,-4.33815,-5.70591,0.666667,0,0,0
20929,-4.94052,-5.85415,0.666667,0,0,0
20930,-5.53602,-6.02131,0.666667,0,0,0
20931,-6.12382,-6.20706,0.666667,0,0,0
20932,-6.70312,-6.41105,0.666667,0,0,0
20933,-7.27313,-6.63288,0.666667,0,0,0
20934,-7.83309,-6.87215,0.666667,0,0,0
20935,-8.38224,-7.12839,0.666667,0,0,0
20936,-8.91986,-7.40112,0.666667,0,0,0
20937,-0.590177,-5.7944,0.666667,0,0,0
20938,-1.17939,-5.82758,0.666667,0,0,0
20939,-1.76667,-5.88281,0.666667,0,0,0
20940,-2.35107,-5.95998,0.666667,0,0,0
20941,-2.93163,-6.05895,0.666667,0,0,0
20942,-3.50739,-6.17954,0.666667,0,0,0
20943,-4.07744,-6.3215,0.666667,0,0,0
20944,-4.64083,-6.48457,0.666667,0,0,0
20945,-5.19665,-6.66844,0.666667,0,0,0
20946,-5.74401,-6.87277,0.666667,0,0,0
20947,-6.28202,-7.09715,0.666667,0,0,0
20948,-6.80982,-7.34117,0.666667,0,0,0
20949,-7.32655,-7.60437,0.666667,0,0,0
20950,-7.8314,-7.88623,0.666667,0,0,0
20951,-8.32357,-8.18623,0.666667,0,0,0
20952,-0.55363,-6.36207,0.666667,0,0,0
20953,-1.10621,-6.39827,0.666667,0,0,0
20954,-1.65668,-6.45852,0.666667,0,0,0
20955,-2.20401,-6.54271,0.666667,0,0,0
20956,-2.74714,-6.65068,0.666667,0,0,0
20957,-3.28505,-6.78222,0.666667,0,0,0
20958,-3.81672,-6.93709,0.666667,0,0,0
20959,-4.34113,-7.11498,0.666667,0,0,0
20960,-4.85729,-7.31557,0.666667,0,0,0
20961,-5.36421,-7.53847,0.666667,0,0,0
20962,-5.86093,-7.78326,0.666667,0,0,0
20963,-6.34651,-8.04946,0.666667,0,0,0
20964,-6.82002,-8.33658,0.666667,0,0,0
20965,-7.28057,-8.64407,0.666667,0,0,0
20966,-7.72727,-8.97134,0.666667,0,0,0
20967,-0.537052,-6.7586,0.666667,0,0,0
20968,-1.07308,-6.79376,0.666667,0,0,0
20969,-1.60706,-6.85229,0.666667,0,0,0
20970,-2.13798,-6.93407,0.666667,0,0,0
20971,-2.66482,-7.03894,0.666667,0,0,0
20972,-3.18659,-7.16672,0.666667,0,0,0
20973,-3.70227,-7.31715,0.666667,0,0,0
20974,-4.2109,-7.48994,0.666667,0,0,0
20975,-4.7115,-7.68478,0.666667,0,0,0
20976,-5.20312,-7.90128,0.666667,0,0,0
20977,-5.68482,-8.13904,0.666667,0,0,0
20978,-6.15568,-8.39759,0.666667,0,0,0
20979,-6.61481,-8.67646,0.666667,0,0,0
20980,-7.06132,-8.9751,0.666667,0,0,0
20981,-7.49437,-9.29294,0.666667,0,0,0
20982,-0.520474,-7.15513,0.666667,0,0,0
20983,-1.03995,-7.18926,0.666667,0,0,0
20984,-1.55744,-7.24606,0.666667,0,0,0
20985,-2.07195,-7.32543,0.666667,0,0,0
20986,-2.58251,-7.42721,0.666667,0,0,0
20987,-3.08812,-7.55122,0.666667,0,0,0
20988,-3.58783,-7.69721,0.666667,0,0,0
20989,-4.08067,-7.8649,0.666667,0,0,0
20990,-4.56572,-8.05399,0.666667,0,0,0
20991,-5.04204,-8.26409,0.666667,0,0,0
20992,-5.50871,-8.49482,0.666667,0,0,0
20993,-5.96485,-8.74572,0.666667,0,0,0
20994,-6.40959,-9.01633,0.666667,0,0,0
20995,-6.84207,-9.30612,0.666667,0,0,0
20996,-7.26147,-9.61454,0.666667,0,0,0
20997,-0.503895,-7.55166,0.666667,0,0,0
20998,-1.00682,-7.58475,0.666667,0,0,0
20999,-1.50782,-7.63983,0.666667,0,0,0
21000,-2.00593,-7.71678,0.666667,0,0,0
21001,-2.50019,-7.81548,0.666667,0,0,0
21002,-2.98965,-7.93572,0.666667,0,0,0
21003,-3.47338,-8.07727,0.666667,0,0,0
21004,-3.95045,-8.23987,0.666667,0,0,0
21005,-4.41994,-8.42319,0.666667,0,0,0
21006,-4.88095,-8.6269,0.666667,0,0,0
21007,-5.3326,-8.8506,0.666667,0,0,0
21008,-5.77403,-9.09386,0.666667,0,0,0
21009,-6.20438,-9.35621,0.666667,0,0,0
21010,-6.62283,-9.63715,0.666667,0,0,0
21011,-7.02858,-9.93614,0.666667,0,0,0
21012,-0.487317,-7.94819,0.666667,0,0,0
21013,-0.973696,-7.98024,0.666667,0,0,0
21014,-1.4582,-8.03359,0.666667,0,0,0
21015,-1.9399,-8.10814,0.666667,0,0,0
21016,-2.41787,-8.20374,0.666667,0,0,0
21017,-2.89118,-8.32021,0.666667,0,0,0
21018,-3.35893,-8.45733,0.666667,0,0,0
21019,-3.82022,-8.61483,0.666667,0,0,0
21020,-4.27416,-8.7924,0.666667,0,0,0
21021,-4.71987,-8.98971,0.666667,0,0,0
21022,-5.1565,-9.20638,0.666667,0,0,0
21023,-5.5832,-9.44199,0.666667,0,0,0
21024,-5.99917,-9.69608,0.666667,0,0,0
21025,-6.40358,-9.96817,0.666667,0,0,0
21026,-6.79568,-10.2577,0.666667,0,0,0
21027,-0.470739,-8.34472,0.666667,0,0,0
21028,-0.940568,-8.37574,0.666667,0,0,0
21029,-1.40858,-8.42736,0.666667,0,0,0
21030,-1.87388,-8.4995,0.666667,0,0,0
21031,-2.33555,-8.59201,0.666667,0,0,0
21032,-2.79271,-8.70471,0.666667,0,0,0
21033,-3.24449,-8.83739,0.666667,0,0,0
21034,-3.68999,-8.98979,0.666667,0,0,0
21035,-4.12837,-9.16161,0.666667,0,0,0
21036,-4.55878,-9.35252,0.666667,0,0,0
21037,-4.98039,-9.56216,0.666667,0,0,0
21038,-5.39238,-9.79012,0.666667,0,0,0
21039,-5.79395,-10.036,0.666667,0,0,0
21040,-6.18434,-10.2992,0.666667,0,0,0
21041,-6.56278,-10.5793,0.666667,0,0,0
21042,-0.45416,-8.74125,0.666667,0,0,0
21043,-0.90744,-8.77123,0.666667,0,0,0
21044,-1.35896,-8.82113,0.666667,0,0,0
21045,-1.80785,-8.89086,0.666667,0,0,0
21046,-2.25323,-8.98028,0.666667,0,0,0
21047,-2.69425,-9.08921,0.666667,0,0,0
21048,-3.13004,-9.21745,0.666667,0,0,0
21049,-3.55977,-9.36475,0.666667,0,0,0
21050,-3.98259,-9.53082,0.666667,0,0,0
21051,-4.3977,-9.71533,0.666667,0,0,0
21052,-4.80428,-9.91794,0.666667,0,0,0
21053,-5.20155,-10.1383,0.666667,0,0,0
21054,-5.58874,-10.3758,0.666667,0,0,0
21055,-5.96509,-10.6302,0.666667,0,0,0
21056,-6.32989,-10.9009,0.666667,0,0,0
21057,-0.437582,-9.13778,0.666667,0,0,0
21058,-0.874312,-9.16672,0.666667,0,0,0
21059,-1.30934,-9.2149,0.666667,0,0,0
21060,-1.74182,-9.28222,0.666667,0,0,0
21061,-2.17091,-9.36854,0.666667,0,0,0
21062,-2.59578,-9.47371,0.666667,0,0,0
21063,-3.01559,-9.59751,0.666667,0,0,0
21064,-3.42954,-9.73971,0.666667,0,0,0
21065,-3.83681,-9.90002,0.666667,0,0,0
21066,-4.23661,-10.0781,0.666667,0,0,0
21067,-4.62817,-10.2737,0.666667,0,0,0
21068,-5.01072,-10.4864,0.666667,0,0,0
21069,-5.38352,-10.7157,0.666667,0,0,0
21070,-5.74585,-10.9612,0.666667,0,0,0
21071,-6.09699,-11.2225,0.666667,0,0,0
21072,-0.421004,-9.53431,0.666667,0,0,0
21073,-0.841184,-9.56222,0.666667,0,0,0
21074,-1.25972,-9.60867,0.666667,0,0,0
21075,-1.6758,-9.67358,0.666667,0,0,0
21076,-2.08859,-9.75681,0.666667,0,0,0
21077,-2.49731,-9.85821,0.666667,0,0,0
21078,-2.90115,-9.97757,0.666667,0,0,0
21079,-3.29931,-10.1147,0.666667,0,0,0
21080,-3.69103,-10.2692,0.666667,0,0,0
21081,-4.07553,-10.441,0.666667,0,0,0
21082,-4.45206,-10.6295,0.666667,0,0,0
21083,-4.8199,-10.8345,0.666667,0,0,0
21084,-5.17831,-11.0556,0.666667,0,0,0
21085,-5.5266,-11.2923,0.666667,0,0,0
21086,-5.86409,-11.5441,0.666667,0,0,0
21087,-0.404426,-9.93084,0.666667,0,0,0
21088,-0.808057,-9.95771,0.666667,0,0,0
21089,-1.2101,-10.0024,0.666667,0,0,0
21090,-1.60977,-10.0649,0.666667,0,0,0
21091,-2.00627,-10.1451,0.666667,0,0,0
21092,-2.39884,-10.2427,0.666667,0,0,0
21093,-2.78669,-10.3577,0.666667,0,0,0
21094,-3.16907,-10.4897,0.666667,0,0,0
21095,-3.54522,-10.6385,0.666667,0,0,0
21096,-3.91441,-10.8038,0.666667,0,0,0
21097,-4.27591,-10.9854,0.666667,0,0,0
21098,-4.62901,-11.1828,0.666667,0,0,0
21099,-4.97302,-11.3956,0.666667,0,0,0
21100,-5.30726,-11.6234,0.666667,0,0,0
21101,-5.63108,-11.8659,0.666667,0,0,0
21102,-0.387848,-10.3274,0.666667,0,0,0
21103,-0.77493,-10.3532,0.666667,0,0,0
21104,-1.16048,-10.3962,0.666667,0,0,0
21105,-1.54374,-10.4563,0.666667,0,0,0
21106,-1.92395,-10.5334,0.666667,0,0,0
21107,-2.30037,-10.6273,0.666667,0,0,0
21108,-2.67223,-10.7378,0.666667,0,0,0
21109,-3.03883,-10.8647,0.666667,0,0,0
21110,-3.39942,-11.0078,0.666667,0,0,0
21111,-3.75329,-11.1667,0.666667,0,0,0
21112,-4.09976,-11.3413,0.666667,0,0,0
21113,-4.43813,-11.531,0.666667,0,0,0
21114,-4.76773,-11.7356,0.666667,0,0,0
21115,-5.08792,-11.9546,0.666667,0,0,0
21116,-5.39807,-12.1877,0.666667,0,0,0
21117,-0.37127,-10.7239,0.666667,0,0,0
21118,-0.741803,-10.7487,0.666667,0,0,0
21119,-1.11086,-10.79,0.666667,0,0,0
21120,-1.47772,-10.8477,0.666667,0,0,0
21121,-1.84163,-10.9217,0.666667,0,0,0
21122,-2.20189,-11.0118,0.666667,0,0,0
21123,-2.55778,-11.1179,0.666667,0,0,0
21124,-2.90858,-11.2397,0.666667,0,0,0
21125,-3.25361,-11.3771,0.666667,0,0,0
21126,-3.59218,-11.5296,0.666667,0,0,0
21127,-3.92361,-11.6971,0.666667,0,0,0
21128,-4.24725,-11.8792,0.666667,0,0,0
21129,-4.56245,-12.0756,0.666667,0,0,0
21130,-4.86859,-12.2858,0.666667,0,0,0
21131,-5.16505,-12.5094,0.666667,0,0,0
21132,-0.354692,-11.1204,0.666667,0,0,0
21133,-0.708676,-11.1442,0.666667,0,0,0
21134,-1.06124,-11.1838,0.666667,0,0,0
21135,-1.41169,-11.2391,0.666667,0,0,0
21136,-1.75931,-11.31,0.666667,0,0,0
21137,-2.10342,-11.3963,0.666667,0,0,0
21138,-2.44332,-11.498,0.666667,0,0,0
21139,-2.77834,-11.6147,0.666667,0,0,0
21140,-3.10781,-11.7463,0.666667,0,0,0
21141,-3.43106,-11.8925,0.666667,0,0,0
21142,-3.74746,-12.053,0.666667,0,0,0
21143,-4.05636,-12.2275,0.666667,0,0,0
21144,-4.35716,-12.4156,0.666667,0,0,0
21145,-4.64925,-12.617,0.666667,0,0,0
21146,-4.93204,-12.8312,0.666667,0,0,0
21147,-0.338115,-11.517,0.666667,0,0,0
21148,-0.675549,-11.5397,0.666667,0,0,0
21149,-1.01162,-11.5776,0.666667,0,0,0
21150,-1.34566,-11.6304,0.666667,0,0,0
21151,-1.67699,-11.6983,0.666667,0,0,0
21152,-2.00495,-11.7809,0.666667,0,0,0
21153,-2.32887,-11.8781,0.666667,0,0,0
21154,-2.6481,-11.9897,0.666667,0,0,0
21155,-2.962,-12.1156,0.666667,0,0,0
21156,-3.26994,-12.2554,0.666667,0,0,0
21157,-3.5713,-12.4089,0.666667,0,0,0
21158,-3.86548,-12.5757,0.666667,0,0,0
21159,-4.15187,-12.7556,0.666667,0,0,0
21160,-4.42991,-12.9481,0.666667,0,0,0
21161,-4.69903,-13.1529,0.666667,0,0,0
21162,-0.321537,-11.9135,0.666667,0,0,0
21163,-0.642422,-11.9352,0.666667,0,0,0
21164,-0.962004,-11.9713,0.666667,0,0,0
21165,-1.27963,-12.0218,0.666667,0,0,0
21166,-1.59467,-12.0865,0.666667,0,0,0
21167,-1.90647,-12.1654,0.666667,0,0,0
21168,-2.21441,-12.2582,0.666667,0,0,0
21169,-2.51786,-12.3648,0.666667,0,0,0
21170,-2.8162,-12.4849,0.666667,0,0,0
21171,-3.10883,-12.6183,0.666667,0,0,0
21172,-3.39515,-12.7648,0.666667,0,0,0
21173,-3.67459,-12.924,0.666667,0,0,0
21174,-3.94658,-13.0956,0.666667,0,0,0
21175,-4.21057,-13.2793,0.666667,0,0,0
21176,-4.46602,-13.4747,0.666667,0,0,0
21177,-0.304959,-12.31,0.666667,0,0,0
21178,-0.609295,-12.3307,0.666667,0,0,0
21179,-0.912384,-12.3651,0.666667,0,0,0
21180,-1.21361,-12.4132,0.666667,0,0,0
21181,-1.51235,-12.4748,0.666667,0,0,0
21182,-1.808,-12.5499,0.666667,0,0,0
21183,-2.09995,-12.6383,0.666667,0,0,0
21184,-2.38761,-12.7398,0.666667,0,0,0
21185,-2.67039,-12.8542,0.666667,0,0,0
21186,-2.94771,-12.9812,0.666667,0,0,0
21187,-3.219,-13.1207,0.666667,0,0,0
21188,-3.48371,-13.2722,0.666667,0,0,0
21189,-3.74129,-13.4356,0.666667,0,0,0
21190,-3.99123,-13.6105,0.666667,0,0,0
21191,-4.233,-13.7964,0.666667,0,0,0
21192,-0.288381,-12.7066,0.666667,0,0,0
21193,-0.576167,-12.7262,0.666667,0,0,0
21194,-0.862765,-12.7589,0.666667,0,0,0
21195,-1.14758,-12.8046,0.666667,0,0,0
21196,-1.43003,-12.8631,0.666667,0,0,0
21197,-1.70953,-12.9344,0.666667,0,0,0
21198,-1.9855,-13.0184,0.666667,0,0,0
21199,-2.25737,-13.1148,0.666667,0,0,0
21200,-2.52459,-13.2234,0.666667,0,0,0
21201,-2.78659,-13.3441,0.666667,0,0,0
21202,-3.04285,-13.4765,0.666667,0,0,0
21203,-3.29282,-13.6205,0.666667,0,0,0
21204,-3.53601,-13.7756,0.666667,0,0,0
21205,-3.77189,-13.9416,0.666667,0,0,0
21206,-3.99999,-14.1182,0.666667,0,0,0
21207,-0.255233,-13.4996,0.666667,0,0,0
21208,-0.509927,-13.5172,0.666667,0,0,0
21209,-0.763541,-13.5465,0.666667,0,0,0
21210,-1.01554,-13.5874,0.666667,0,0,0
21211,-1.26539,-13.6399,0.666667,0,0,0
21212,-1.51256,-13.7038,0.666667,0,0,0
21213,-1.75653,-13.7789,0.666667,0,0,0
21214,-1.99678,-13.8653,0.666667,0,0,0
21215,-2.23281,-13.9625,0.666667,0,0,0
21216,-2.46412,-14.0705,0.666667,0,0,0
21217,-2.6902,-14.1891,0.666667,0,0,0
21218,-2.9106,-14.3179,0.666667,0,0,0
21219,-3.12484,-14.4567,0.666667,0,0,0
21220,-3.33247,-14.6052,0.666667,0,0,0
21221,-3.53304,-14.763,0.666667,0,0,0
21222,-0.222086,-14.2927,0.666667,0,0,0
21223,-0.443686,-14.3082,0.666667,0,0,0
21224,-0.664317,-14.3341,0.666667,0,0,0
21225,-0.883497,-14.3703,0.666667,0,0,0
21226,-1.10075,-14.4166,0.666667,0,0,0
21227,-1.31559,-14.4731,0.666667,0,0,0
21228,-1.52756,-14.5395,0.666667,0,0,0
21229,-1.7362,-14.6157,0.666667,0,0,0
21230,-1.94104,-14.7016,0.666667,0,0,0
21231,-2.14164,-14.797,0.666667,0,0,0
21232,-2.33756,-14.9016,0.666667,0,0,0
21233,-2.52838,-15.0153,0.666667,0,0,0
21234,-2.71367,-15.1377,0.666667,0,0,0
21235,-2.89304,-15.2687,0.666667,0,0,0
21236,-3.0661,-15.4078,0.666667,0,0,0
21237,-0.188938,-15.0858,0.666667,0,0,0
21238,-0.377445,-15.0993,0.666667,0,0,0
21239,-0.565093,-15.1217,0.666667,0,0,0
21240,-0.751454,-15.1531,0.666667,0,0,0
21241,-0.936104,-15.1934,0.666667,0,0,0
21242,-1.11862,-15.2424,0.666667,0,0,0
21243,-1.29859,-15.3,0.666667,0,0,0
21244,-1.47561,-15.3662,0.666667,0,0,0
21245,-1.64926,-15.4407,0.666667,0,0,0
21246,-1.81916,-15.5234,0.666667,0,0,0
21247,-1.98492,-15.6142,0.666667,0,0,0
21248,-2.14616,-15.7127,0.666667,0,0,0
21249,-2.30251,-15.8188,0.666667,0,0,0
21250,-2.45362,-15.9322,0.666667,0,0,0
21251,-2.59915,-16.0527,0.666667,0,0,0
21252,-0.955641,-0.117673,0.333333,0,0,0
21253,-1.91119,-0.120689,0.333333,0,0,0
21254,-2.86657,-0.12571,0.333333,0,0,0
21255,-3.82169,-0.132726,0.333333,0,0,0
21256,-4.77645,-0.141723,0.333333,0,0,0
21257,-5.73079,-0.152685,0.333333,0,0,0
21258,-6.6846,-0.165591,0.333333,0,0,0
21259,-7.6378,-0.180415,0.333333,0,0,0
21260,-8.59032,-0.197131,0.333333,0,0,0
21261,-9.54207,-0.215706,0.333333,0,0,0
21262,-10.493,-0.236105,0.333333,0,0,0
21263,-11.4429,-0.258289,0.333333,0,0,0
21264,-12.3919,-0.282215,0.333333,0,0,0
21265,-13.3398,-0.307839,0.333333,0,0,0
21266,-14.2865,-0.335112,0.333333,0,0,0
21267,-0.919095,-0.685345,0.333333,0,0,0
21268,-1.83801,-0.691378,0.333333,0,0,0
21269,-2.75658,-0.70142,0.333333,0,0,0
21270,-3.67463,-0.715451,0.333333,0,0,0
21271,-4.59197,-0.733446,0.333333,0,0,0
21272,-5.50845,-0.75537,0.333333,0,0,0
21273,-6.42388,-0.781181,0.333333,0,0,0
21274,-7.3381,-0.810831,0.333333,0,0,0
21275,-8.25095,-0.844262,0.333333,0,0,0
21276,-9.16226,-0.881412,0.333333,0,0,0
21277,-10.0719,-0.922209,0.333333,0,0,0
21278,-10.9796,-0.966577,0.333333,0,0,0
21279,-11.8854,-1.01443,0.333333,0,0,0
21280,-12.7889,-1.06568,0.333333,0,0,0
21281,-13.6902,-1.12022,0.333333,0,0,0
21282,-0.882548,-1.25302,0.333333,0,0,0
21283,-1.76483,-1.26207,0.333333,0,0,0
21284,-2.64659,-1.27713,0.333333,0,0,0
21285,-3.52756,-1.29818,0.333333,0,0,0
21286,-4.40749,-1.32517,0.333333,0,0,0
21287,-5.28611,-1.35806,0.333333,0,0,0
21288,-6.16316,-1.39677,0.333333,0,0,0
21289,-7.03841,-1.44125,0.333333,0,0,0
21290,-7.91159,-1.49139,0.333333,0,0,0
21291,-8.78246,-1.54712,0.333333,0,0,0
21292,-9.65078,-1.60831,0.333333,0,0,0
21293,-10.5163,-1.67487,0.333333,0,0,0
21294,-11.3788,-1.74665,0.333333,0,0,0
21295,-12.2381,-1.82352,0.333333,0,0,0
21296,-13.0939,-1.90534,0.333333,0,0,0
21297,-0.846002,-1.82069,0.333333,0,0,0
21298,-1.69165,-1.83276,0.333333,0,0,0
21299,-2.5366,-1.85284,0.333333,0,0,0
21300,-3.3805,-1.8809,0.333333,0,0,0
21301,-4.22301,-1.91689,0.333333,0,0,0
21302,-5.06377,-1.96074,0.333333,0,0,0
21303,-5.90245,-2.01236,0.333333,0,0,0
21304,-6.73871,-2.07166,0.333333,0,0,0
21305,-7.57222,-2.13852,0.333333,0,0,0
21306,-8.40265,-2.21282,0.333333,0,0,0
21307,-9.22968,-2.29442,0.333333,0,0,0
21308,-10.053,-2.38315,0.333333,0,0,0
21309,-10.8723,-2.47886,0.333333,0,0,0
21310,-11.6873,-2.58136,0.333333,0,0,0
21311,-12.4976,-2.69045,0.333333,0,0,0
21312,-0.809455,-2.38836,0.333333,0,0,0
21313,-1.61847,-2.40345,0.333333,0,0,0
21314,-2.42661,-2.42855,0.333333,0,0,0
21315,-3.23344,-2.46363,0.333333,0,0,0
21316,-4.03852,-2.50862,0.333333,0,0,0
21317,-4.84143,-2.56343,0.333333,0,0,0
21318,-5.64173,-2.62795,0.333333,0,0,0
21319,-6.43901,-2.70208,0.333333,0,0,0
21320,-7.23285,-2.78566,0.333333,0,0,0
21321,-8.02285,-2.87853,0.333333,0,0,0
21322,-8.80859,-2.98052,0.333333,0,0,0
21323,-9.58969,-3.09144,0.333333,0,0,0
21324,-10.3658,-3.21108,0.333333,0,0,0
21325,-11.1364,-3.3392,0.333333,0,0,0
21326,-11.9013,-3.47556,0.333333,0,0,0
21327,-0.772909,-2.95604,0.333333,0,0,0
21328,-1.54529,-2.97413,0.333333,0,0,0
21329,-2.31662,-3.00426,0.333333,0,0,0
21330,-3.08638,-3.04635,0.333333,0,0,0
21331,-3.85404,-3.10034,0.333333,0,0,0
21332,-4.61909,-3.16611,0.333333,0,0,0
21333,-5.38102,-3.24354,0.333333,0,0,0
21334,-6.13931,-3.33249,0.333333,0,0,0
21335,-6.89349,-3.43279,0.333333,0,0,0
21336,-7.64304,-3.54424,0.333333,0,0,0
21337,-8.3875,-3.66663,0.333333,0,0,0
21338,-9.12638,-3.79973,0.333333,0,0,0
21339,-9.85923,-3.94329,0.333333,0,0,0
21340,-10.5856,-4.09704,0.333333,0,0,0
21341,-11.305,-4.26067,0.333333,0,0,0
21342,-0.736363,-3.52371,0.333333,0,0,0
21343,-1.47211,-3.54482,0.333333,0,0,0
21344,-2.20663,-3.57997,0.333333,0,0,0
21345,-2.93932,-3.62908,0.333333,0,0,0
21346,-3.66956,-3.69206,0.333333,0,0,0
21347,-4.39675,-3.7688,0.333333,0,0,0
21348,-5.1203,-3.85913,0.333333,0,0,0
21349,-5.83962,-3.96291,0.333333,0,0,0
21350,-6.55412,-4.07992,0.333333,0,0,0
21351,-7.26323,-4.20994,0.333333,0,0,0
21352,-7.9664,-4.35273,0.333333,0,0,0
21353,-8.66307,-4.50802,0.333333,0,0,0
21354,-9.35269,-4.67551,0.333333,0,0,0
21355,-10.0348,-4.85487,0.333333,0,0,0
21356,-10.7087,-5.04578,0.333333,0,0,0
21357,-0.699816,-4.09138,0.333333,0,0,0
21358,-1.39893,-4.11551,0.333333,0,0,0
21359,-2.09664,-4.15568,0.333333,0,0,0
21360,-2.79226,-4.21181,0.333333,0,0,0
21361,-3.48507,-4.28378,0.333333,0,0,0
21362,-4.17441,-4.37148,0.333333,0,0,0
21363,-4.85958,-4.47472,0.333333,0,0,0
21364,-5.53992,-4.59332,0.333333,0,0,0
21365,-6.21475,-4.72705,0.333333,0,0,0
21366,-6.88343,-4.87565,0.333333,0,0,0
21367,-7.54531,-5.03884,0.333333,0,0,0
21368,-8.19975,-5.21631,0.333333,0,0,0
21369,-8.84616,-5.40772,0.333333,0,0,0
21370,-9.48392,-5.61271,0.333333,0,0,0
21371,-10.1125,-5.8309,0.333333,0,0,0
21372,-0.66327,-4.65905,0.333333,0,0,0
21373,-1.32575,-4.6862,0.333333,0,0,0
21374,-1.98665,-4.73139,0.333333,0,0,0
21375,-2.64519,-4.79453,0.333333,0,0,0
21376,-3.30059,-4.87551,0.333333,0,0,0
21377,-3.95207,-4.97416,0.333333,0,0,0
21378,-4.59887,-5.09032,0.333333,0,0,0
21379,-5.24022,-5.22374,0.333333,0,0,0
21380,-5.87539,-5.37418,0.333333,0,0,0
21381,-6.50362,-5.54135,0.333333,0,0,0
21382,-7.12421,-5.72494,0.333333,0,0,0
21383,-7.73644,-5.9246,0.333333,0,0,0
21384,-8.33962,-6.13994,0.333333,0,0,0
21385,-8.93308,-6.37055,0.333333,0,0,0
21386,-9.51616,-6.61601,0.333333,0,0,0
21387,-0.626723,-5.22673,0.333333,0,0,0
21388,-1.25257,-5.25689,0.333333,0,0,0
21389,-1.87666,-5.3071,0.333333,0,0,0
21390,-2.49813,-5.37726,0.333333,0,0,0
21391,-3.11611,-5.46723,0.333333,0,0,0
21392,-3.72973,-5.57685,0.333333,0,0,0
21393,-4.33815,-5.70591,0.333333,0,0,0
21394,-4.94052,-5.85415,0.333333,0,0,0
21395,-5.53602,-6.02131,0.333333,0,0,0
21396,-6.12382,-6.20706,0.333333,0,0,0
21397,-6.70312,-6.41105,0.333333,0,0,0
21398,-7.27313,-6.63288,0.333333,0,0,0
21399,-7.83309,-6.87215,0.333333,0,0,0
21400,-8.38224,-7.12839,0.333333,0,0,0
21401,-8.91986,-7.40112,0.333333,0,0,0
21402,-0.590177,-5.7944,0.333333,0,0,0
21403,-1.17939,-5.82758,0.333333,0,0,0
21404,-1.76667,-5.88281,0.333333,0,0,0
21405,-2.35107,-5.95998,0.333333,0,0,0
21406,-2.93163,-6.05895,0.333333,0,0,0
21407,-3.50739,-6.17954,0.333333,0,0,0
21408,-4.07744,-6.3215,0.333333,0,0,0
21409,-4.64083,-6.48457,0.333333,0,0,0
21410,-5.19665,-6.66844,0.333333,0,0,0
21411,-5.74401,-6.87277,0.333333,0,0,0
21412,-6.28202,-7.09715,0.333333,0,0,0
21413,-6.80982,-7.34117,0.333333,0,0,0
21414,-7.32655,-7.60437,0.333333,0,0,0
21415,-7.8314,-7.88623,0.333333,0,0,0
21416,-8.32357,-8.18623,0.333333,0,0,0
21417,-0.55363,-6.36207,0.333333,0,0,0
21418,-1.10621,-6.39827,0.333333,0,0,0
21419,-1.65668,-6.45852,0.333333,0,0,0
21420,-2.20401,-6.54271,0.333333,0,0,0
21421,-2.74714,-6.65068,0.333333,0,0,0
21422,-3.28505,-6.78222,0.333333,0,0,0
21423,-3.81672,-6.93709,0.333333,0,0,0
21424,-4.34113,-7.11498,0.333333,0,0,0
21425,-4.85729,-7.31557,0.333333,0,0,0
21426,-5.36421,-7.53847,0.333333,0,0,0
21427,-5.86093,-7.78326,0.333333,0,0,0
21428,-6.34651,-8.04946,0.333333,0,0,0
21429,-6.82002,-8.33658,0.333333,0,0,0
21430,-7.28057,-8.64407,0.333333,0,0,0
21431,-7.72727,-8.97134,0.333333,0,0,0
21432,-0.537052,-6.7586,0.333333,0,0,0
21433,-1.07308,-6.79376,0.333333,0,0,0
21434,-1.60706,-6.85229,0.333333,0,0,0
21435,-2.13798,-6.93407,0.333333,0,0,0
21436,-2.66482,-7.03894,0.333333,0,0,0
21437,-3.18659,-7.16672,0.333333,0,0,0
21438,-3.70227,-7.31715,0.333333,0,0,0
21439,-4.2109,-7.48994,0.333333,0,0,0
21440,-4.7115,-7.68478,0.333333,0,0,0
21441,-5.20312,-7.90128,0.333333,0,0,0
21442,-5.68482,-8.13904,0.333333,0,0,0
21443,-6.15568,-8.39759,0.333333,0,0,0
21444,-6.61481,-8.67646,0.333333,0,0,0
21445,-7.06132,-8.9751,0.333333,0,0,0
21446,-7.49437,-9.29294,0.333333,0,0,0
21447,-0.520474,-7.15513,0.333333,0,0,0
21448,-1.03995,-7.18926,0.333333,0,0,0
21449,-1.55744,-7.24606,0.333333,0,0,0
21450,-2.07195,-7.32543,0.333333,0,0,0
21451,-2.58251,-7.42721,0.333333,0,0,0
21452,-3.08812,-7.55122,0.333333,0,0,0
21453,-3.58783,-7.69721,0.333333,0,0,0
21454,-4.08067,-7.8649,0.333333,0,0,0
21455,-4.56572,-8.05399,0.333333,0,0,0
21456,-5.04204,-8.26409,0.333333,0,0,0
21457,-5.50871,-8.49482,0.333333,0,0,0
21458,-5.96485,-8.74572,0.333333,0,0,0
21459,-6.40959,-9.01633,0.333333,0,0,0
21460,-6.84207,-9.30612,0.333333,0,0,0
21461,-7.26147,-9.61454,0.333333,0,0,0
21462,-0.503895,-7.55166,0.333333,0,0,0
21463,-1.00682,-7.58475,0.333333,0,0,0
21464,-1.50782,-7.63983,0.333333,0,0,0
21465,-2.00593,-7.71678,0.333333,0,0,0
21466,-2.50019,-7.81548,0.333333,0,0,0
21467,-2.98965,-7.93572,0.333333,0,0,0
21468,-3.47338,-8.07727,0.333333,0,0,0
21469,-3.95045,-8.23987,0.333333,0,0,0
21470,-4.41994,-8.42319,0.333333,0,0,0
21471,-4.88095,-8.6269,0.333333,0,0,0
21472,-5.3326,-8.8506,0.333333,0,0,0
21473,-5.77403,-9.09386,0.333333,0,0,0
21474,-6.20438,-9.35621,0.333333,0,0,0
21475,-6.62283,-9.63715,0.333333,0,0,0
21476,-7.02858,-9.93614,0.333333,0,0,0
21477,-0.487317,-7.94819,0.333333,0,0,0
21478,-0.973696,-7.98024,0.333333,0,0,0
21479,-1.4582,-8.03359,0.333333,0,0,0
21480,-1.9399,-8.10814,0.333333,0,0,0
21481,-2.41787,-8.20374,0.333333,0,0,0
21482,-2.89118,-8.32021,0.333333,0,0,0
21483,-3.35893,-8.45733,0.333333,0,0,0
21484,-3.82022,-8.61483,0.333333,0,0,0
21485,-4.27416,-8.7924,0.333333,0,0,0
21486,-4.71987,-8.98971,0.333333,0,0,0
21487,-5.1565,-9.20638,0.333333,0,0,0
21488,-5.5832,-9.44199,0.333333,0,0,0
21489,-5.99917,-9.69608,0.333333,0,0,0
21490,-6.40358,-9.96817,0.333333,0,0,0
21491,-6.79568,-10.2577,0.333333,0,0,0
21492,-0.470739,-8.34472,0.333333,0,0,0
21493,-0.940568,-8.37574,0.333333,0,0,0
21494,-1.40858,-8.42736,0.333333,0,0,0
21495,-1.87388,-8.4995,0.333333,0,0,0
21496,-2.33555,-8.59201,0.333333,0,0,0
21497,-2.79271,-8.70471,0.333333,0,0,0
21498,-3.24449,-8.83739,0.333333,0,0,0
21499,-3.68999,-8.98979,0.333333,0,0,0
21500,-4.12837,-9.16161,0.333333,0,0,0
21501,-4.55878,-9.35252,0.333333,0,0,0
21502,-4.98039,-9.56216,0.333333,0,0,0
21503,-5.39238,-9.79012,0.333333,0,0,0
21504,-5.79395,-10.036,0.333333,0,0,0
21505,-6.18434,-10.2992,0.333333,0,0,0
21506,-6.56278,-10.5793,0.333333,0,0,0
21507,-0.45416,-8.74125,0.333333,0,0,0
21508,-0.90744,-8.77123,0.333333,0,0,0
21509,-1.35896,-8.82113,0.333333,0,0,0
21510,-1.80785,-8.89086,0.333333,0,0,0
21511,-2.25323,-8.98028,0.333333,0,0,0
21512,-2.69425,-9.08921,0.333333,0,0,0
21513,-3.13004,-9.21745,0.333333,0,0,0
21514,-3.55977,-9.36475,0.333333,0,0,0
21515,-3.98259,-9.53082,0.333333,0,0,0
21516,-4.3977,-9.71533,0.333333,0,0,0
21517,-4.80428,-9.91794,0.333333,0,0,0
21518,-5.20155,-10.1383,0.333333,0,0,0
21519,-5.58874,-10.3758,0.333333,0,0,0
21520,-5.96509,-10.6302,0.333333,0,0,0
21521,-6.32989,-10.9009,0.333333,0,0,0
21522,-0.437582,-9.13778,0.333333,0,0,0
21523,-0.874312,-9.16672,0.333333,0,0,0
21524,-1.30934,-9.2149,0.333333,0,0,0
21525,-1.74182,-9.28222,0.333333,0,0,0
21526,-2.17091,-9.36854,0.333333,0,0,0
21527,-2.59578,-9.47371,0.333333,0,0,0
21528,-3.01559,-9.59751,0.333333,0,0,0
21529,-3.42954,-9.73971,0.333333,0,0,0
21530,-3.83681,-9.90002,0.333333,0,0,0
21531,-4.23661,-10.0781,0.333333,0,0,0
21532,-4.62817,-10.2737,0.333333,0,0,0
21533,-5.01072,-10.4864,0.333333,0,0,0
21534,-5.38352,-10.7157,0.333333,0,0,0
21535,-5.74585,-10.9612,0.333333,0,0,0
21536,-6.09699,-11.2225,0.333333,0,0,0
21537,-0.421004,-9.53431,0.333333,0,0,0
21538,-0.841184,-9.56222,0.333333,0,0,0
21539,-1.25972,-9.60867,0.333333,0,0,0
21540,-1.6758,-9.67358,0.333333,0,0,0
21541,-2.08859,-9.75681,0.333333,0,0,0
21542,-2.49731,-9.85821,0.333333,0,0,0
21543,-2.90115,-9.97757,0.333333,0,0,0
21544,-3.29931,-10.1147,0.333333,0,0,0
21545,-3.69103,-10.2692,0.333333,0,0,0
21546,-4.07553,-10.441,0.333333,0,0,0
21547,-4.45206,-10.6295,0.333333,0,0,0
21548,-4.8199,-10.8345,0.333333,0,0,0
21549,-5.17831,-11.0556,0.333333,0,0,0
21550,-5.5266,-11.2923,0.333333,0,0,0
21551,-5.86409,-11.5441,0.333333,0,0,0
21552,-0.404426,-9.93084,0.333333,0,0,0
21553,-0.808057,-9.95771,0.333333,0,0,0
21554,-1.2101,-10.0024,0.333333,0,0,0
21555,-1.60977,-10.0649,0.333333,0,0,0
21556,-2.00627,-10.1451,0.333333,0,0,0
21557,-2.39884,-10.2427,0.333333,0,0,0
21558,-2.78669,-10.3577,0.333333,0,0,0
21559,-3.16907,-10.4897,0.333333,0,0,0
21560,-3.54522,-10.6385,0.333333,0,0,0
21561,-3.91441,-10.8038,0.333333,0,0,0
21562,-4.27591,-10.9854,0.333333,0,0,0
21563,-4.62901,-11.1828,0.333333,0,0,0
21564,-4.97302,-11.3956,0.333333,0,0,0
21565,-5.30726,-11.6234,0.333333,0,0,0
21566,-5.63108,-11.8659,0.333333,0,0,0
21567,-0.387848,-10.3274,0.333333,0,0,0
21568,-0.77493,-10.3532,0.333333,0,0,0
21569,-1.16048,-10.3962,0.333333,0,0,0
21570,-1.54374,-10.4563,0.333333,0,0,0
21571,-1.92395,-10.5334,0.333333,0,0,0
21572,-2.30037,-10.6273,0.333333,0,0,0
21573,-2.67223,-10.7378,0.333333,0,0,0
21574,-3.03883,-10.8647,0.333333,0,0,0
21575,-3.39942,-11.0078,0.333333,0,0,0
21576,-3.75329,-11.1667,0.333333,0,0,0
21577,-4.09976,-11.3413,0.333333,0,0,0
21578,-4.43813,-11.531,0.333333,0,0,0
21579,-4.76773,-11.7356,0.333333,0,0,0
21580,-5.08792,-11.9546,0.333333,0,0,0
21581,-5.39807,-12.1877,0.333333,0,0,0
21582,-0.37127,-10.7239,0.333333,0,0,0
21583,-0.741803,-10.7487,0.333333,0,0,0
21584,-1.11086,-10.79,0.333333,0,0,0
21585,-1.47772,-10.8477,0.333333,0,0,0
21586,-1.84163,-10.9217,0.333333,0,0,0
21587,-2.20189,-11.0118,0.333333,0,0,0
21588,-2.55778,-11.1179,0.333333,0,0,0
21589,-2.90858,-11.2397,0.333333,0,0,0
21590,-3.25361,-11.3771,0.333333,0,0,0
21591,-3.59218,-11.5296,0.333333,0,0,0
21592,-3.92361,-11.6971,0.333333,0,0,0
21593,-4.24725,-11.8792,0.333333,0,0,0
21594,-4.56245,-12.0756,0.333333,0,0,0
21595,-4.86859,-12.2858,0.333333,0,0,0
21596,-5.16505,-12.5094,0.333333,0,0,0
21597,-0.354692,-11.1204,0.333333,0,0,0
21598,-0.708676,-11.1442,0.333333,0,0,0
21599,-1.06124,-11.1838,0.333333,0,0,0
21600,-1.41169,-11.2391,0.333333,0,0,0
21601,-1.75931,-11.31,0.333333,0,0,0
21602,-2.10342,-11.3963,0.333333,0,0,0
21603,-2.44332,-11.498,0.333333,0,0,0
21604,-2.77834,-11.6147,0.333333,0,0,0
21605,-3.10781,-11.7463,0.333333,0,0,0
21606,-3.43106,-11.8925,0.333333,0,0,0
21607,-3.74746,-12.053,0.333333,0,0,0
21608,-4.05636,-12.2275,0.333333,0,0,0
21609,-4.35716,-12.4156,0.333333,0,0,0
21610,-4.64925,-12.617,0.333333,0,0,0
21611,-4.93204,-12.8312,0.333333,0,0,0
21612,-0.338115,-11.517,0.333333,0,0,0
21613,-0.675549,-11.5397,0.333333,0,0,0
21614,-1.01162,-11.5776,0.333333,0,0,0
21615,-1.34566,-11.6304,0.333333,0,0,0
21616,-1.67699,-11.6983,0.333333,0,0,0
21617,-2.00495,-11.7809,0.333333,0,0,0
21618,-2.32887,-11.8781,0.333333,0,0,0
21619,-2.6481,-11.9897,0.333333,0,0,0
21620,-2.962,-12.1156,0.333333,0,0,0
21621,-3.26994,-12.2554,0.333333,0,0,0
21622,-3.5713,-12.4089,0.333333,0,0,0
21623,-3.86548,-12.5757,0.333333,0,0,0
21624,-4.15187,-12.7556,0.333333,0,0,0
21625,-4.42991,-12.9481,0.333333,0,0,0
21626,-4.69903,-13.1529,0.333333,0,0,0
21627,-0.321537,-11.9135,0.333333,0,0,0
21628,-0.642422,-11.9352,0.333333,0,0,0
21629,-0.962004,-11.9713,0.333333,0,0,0
21630,-1.27963,-12.0218,0.333333,0,0,0
21631,-1.59467,-12.0865,0.333333,0,0,0
21632,-1.90647,-12.1654,0.333333,0,0,0
21633,-2.21441,-12.2582,0.333333,0,0,0
21634,-2.51786,-12.3648,0.333333,0,0,0
21635,-2.8162,-12.4849,0.333333,0,0,0
21636,-3.10883,-12.6183,0.333333,0,0,0
21637,-3.39515,-12.7648,0.333333,0,0,0
21638,-3.67459,-12.924,0.333333,0,0,0
21639,-3.94658,-13.0956,0.333333,0,0,0
21640,-4.21057,-13.2793,0.333333,0,0,0
21641,-4.46602,-13.4747,0.333333,0,0,0
21642,-0.304959,-12.31,0.333333,0,0,0
21643,-0.609295,-12.3307,0.333333,0,0,0
21644,-0.912384,-12.3651,0.333333,0,0,0
21645,-1.21361,-12.4132,0.333333,0,0,0
21646,-1.51235,-12.4748,0.333333,0,0,0
21647,-1.808,-12.5499,0.333333,0,0,0
21648,-2.09995,-12.6383,0.333333,0,0,0
21649,-2.38761,-12.7398,0.333333,0,0,0
21650,-2.67039,-12.8542,0.333333,0,0,0
21651,-2.94771,-12.9812,0.333333,0,0,0
21652,-3.219,-13.1207,0.333333,0,0,0
21653,-3.48371,-13.2722,0.333333,0,0,0
21654,-3.74129,-13.4356,0.333333,0,0,0
21655,-3.99123,-13.6105,0.333333,0,0,0
21656,-4.233,-13.7964,0.333333,0,0,0
21657,-0.288381,-12.7066,0.333333,0,0,0
21658,-0.576167,-12.7262,0.333333,0,0,0
21659,-0.862765,-12.7589,0.333333,0,0,0
21660,-1.14758,-12.8046,0.333333,0,0,0
21661,-1.43003,-12.8631,0.333333,0,0,0
21662,-1.70953,-12.9344,0.333333,0,0,0
21663,-1.9855,-13.0184,0.333333,0,0,0
21664,-2.25737,-13.1148,0.333333,0,0,0
21665,-2.52459,-13.2234,0.333333,0,0,0
21666,-2.78659,-13.3441,0.333333,0,0,0
21667,-3.04285,-13.4765,0.333333,0,0,0
21668,-3.29282,-13.6205,0.333333,0,0,0
21669,-3.53601,-13.7756,0.333333,0,0,0
21670,-3.77189,-13.9416,0.333333,0,0,0
21671,-3.99999,-14.1182,0.333333,0,0,0
21672,-0.255233,-13.4996,0.333333,0,0,0
21673,-0.509927,-13.5172,0.333333,0,0,0
21674,-0.763541,-13.5465,0.333333,0,0,0
21675,-1.01554,-13.5874,0.333333,0,0,0
21676,-1.26539,-13.6399,0.333333,0,0,0
21677,-1.51256,-13.7038,0.333333,0,0,0
21678,-1.75653,-13.7789,0.333333,0,0,0
21679,-1.99678,-13.8653,0.333333,0,0,0
21680,-2.23281,-13.9625,0.333333,0,0,0
21681,-2.46412,-14.0705,0.333333,0,0,0
21682,-2.6902,-14.1891,0.333333,0,0,0
21683,-2.9106,-14.3179,0.333333,0,0,0
21684,-3.12484,-14.4567,0.333333,0,0,0
21685,-3.33247,-14.6052,0.333333,0,0,0
21686,-3.53304,-14.763,0.333333,0,0,0
21687,-0.222086,-14.2927,0.333333,0,0,0
21688,-0.443686,-14.3082,0.333333,0,0,0
21689,-0.664317,-14.3341,0.333333,0,0,0
21690,-0.883497,-14.3703,0.333333,0,0,0
21691,-1.10075,-14.4166,0.333333,0,0,0
21692,-1.31559,-14.4731,0.333333,0,0,0
21693,-1.52756,-14.5395,0.333333,0,0,0
21694,-1.7362,-14.6157,0.333333,0,0,0
21695,-1.94104,-14.7016,0.333333,0,0,0
21696,-2.14164,-14.797,0.333333,0,0,0
21697,-2.33756,-14.9016,0.333333,0,0,0
21698,-2.52838,-15.0153,0.333333,0,0,0
21699,-2.71367,-15.1377,0.333333,0,0,0
21700,-2.89304,-15.2687,0.333333,0,0,0
21701,-3.0661,-15.4078,0.333333,0,0,0
21702,-0.188938,-15.0858,0.333333,0,0,0
21703,-0.377445,-15.0993,0.333333,0,0,0
21704,-0.565093,-15.1217,0.333333,0,0,0
21705,-0.751454,-15.1531,0.333333,0,0,0
21706,-0.936104,-15.1934,0.333333,0,0,0
21707,-1.11862,-15.2424,0.333333,0,0,0
21708,-1.29859,-15.3,0.333333,0,0,0
21709,-1.47561,-15.3662,0.333333,0,0,0
21710,-1.64926,-15.4407,0.333333,0,0,0
21711,-1.81916,-15.5234,0.333333,0,0,0
21712,-1.98492,-15.6142,0.333333,0,0,0
21713,-2.14616,-15.7127,0.333333,0,0,0
21714,-2.30251,-15.8188,0.333333,0,0,0
21715,-2.45362,-15.9322,0.333333,0,0,0
21716,-2.59915,-16.0527,0.333333,0,0,0
21717,2.85267,-16.2929,0.666667,0,0,0
21718,2.85267,-16.2929,0.333333,0,0,0
21719,3.37386,-15.691,0.666667,0,0,0
21720,3.37386,-15.691,0.333333,0,0,0
21721,3.89505,-15.0891,0.666667,0,0,0
21722,3.89505,-15.0891,0.333333,0,0,0
21723,4.41624,-14.4872,0.666667,0,0,0
21724,4.41624,-14.4872,0.333333,0,0,0
21725,4.67631,-14.1869,0.666667,0,0,0
21726,4.67631,-14.1869,0.333333,0,0,0
21727,4.93637,-13.8865,0.666667,0,0,0
21728,4.93637,-13.8865,0.333333,0,0,0
21729,5.19644,-13.5862,0.666667,0,0,0
21730,5.19644,-13.5862,0.333333,0,0,0
21731,5.45651,-13.2859,0.666667,0,0,0
21732,5.45651,-13.2859,0.333333,0,0,0
21733,5.71657,-12.9855,0.666667,0,0,0
21734,5.71657,-12.9855,0.333333,0,0,0
21735,5.97664,-12.6852,0.666667,0,0,0
21736,5.97664,-12.6852,0.333333,0,0,0
21737,6.2367,-12.3849,0.666667,0,0,0
21738,6.2367,-12.3849,0.333333,0,0,0
21739,6.49677,-12.0845,0.666667,0,0,0
21740,6.49677,-12.0845,0.333333,0,0,0
21741,6.7567,-11.7844,0.666667,0,0,0
21742,6.7567,-11.7844,0.333333,0,0,0
21743,7.01663,-11.4842,0.666667,0,0,0
21744,7.01663,-11.4842,0.333333,0,0,0
21745,7.27656,-11.184,0.666667,0,0,0
21746,7.27656,-11.184,0.333333,0,0,0
21747,7.5365,-10.8838,0.666667,0,0,0
21748,7.5365,-10.8838,0.333333,0,0,0
21749,7.79643,-10.5837,0.666667,0,0,0
21750,7.79643,-10.5837,0.333333,0,0,0
21751,8.05636,-10.2835,0.666667,0,0,0
21752,8.05636,-10.2835,0.333333,0,0,0
21753,8.3163,-9.9833,0.666667,0,0,0
21754,8.3163,-9.9833,0.333333,0,0,0
21755,8.57623,-9.68313,0.666667,0,0,0
21756,8.57623,-9.68313,0.333333,0,0,0
21757,9.18446,-8.91995,0.666667,0,0,0
21758,9.18446,-8.91995,0.333333,0,0,0
21759,9.79269,-8.15677,0.666667,0,0,0
21760,9.79269,-8.15677,0.333333,0,0,0
21761,10.4009,-7.3936,0.666667,0,0,0
21762,10.4009,-7.3936,0.333333,0,0,0
21763,11.0092,-6.63042,0.666667,0,0,0
21764,11.0092,-6.63042,0.333333,0,0,0
21765,11.6174,-5.86724,0.666667,0,0,0
21766,11.6174,-5.86724,0.333333,0,0,0
21767,12.2256,-5.10406,0.666667,0,0,0
21768,12.2256,-5.10406,0.333333,0,0,0
21769,12.8338,-4.34089,0.666667,0,0,0
21770,12.8338,-4.34089,0.333333,0,0,0
21771,13.4421,-3.57771,0.666667,0,0,0
21772,13.4421,-3.57771,0.333333,0,0,0
21773,14.0503,-2.81453,0.666667,0,0,0
21774,14.0503,-2.81453,0.333333,0,0,0
21775,14.6585,-2.05135,0.666667,0,0,0
21776,14.6585,-2.05135,0.333333,0,0,0
21777,15.2668,-1.28818,0.666667,0,0,0
21778,15.2668,-1.28818,0.333333,0,0,0
21779,2.96191,-16.4104,0.666667,0,0,0
21780,2.96191,-16.4104,0.333333,0,0,0
21781,3.50954,-15.8328,0.666667,0,0,0
21782,3.50954,-15.8328,0.333333,0,0,0
21783,4.05716,-15.2552,0.666667,0,0,0
21784,4.05716,-15.2552,0.333333,0,0,0
21785,4.60479,-14.6775,0.666667,0,0,0
21786,4.60479,-14.6775,0.333333,0,0,0
21787,4.8781,-14.3893,0.666667,0,0,0
21788,4.8781,-14.3893,0.333333,0,0,0
21789,5.15142,-14.101,0.666667,0,0,0
21790,5.15142,-14.101,0.333333,0,0,0
21791,5.42473,-13.8127,0.666667,0,0,0
21792,5.42473,-13.8127,0.333333,0,0,0
21793,5.69805,-13.5245,0.666667,0,0,0
21794,5.69805,-13.5245,0.333333,0,0,0
21795,5.97136,-13.2362,0.666667,0,0,0
21796,5.97136,-13.2362,0.333333,0,0,0
21797,6.24468,-12.9479,0.666667,0,0,0
21798,6.24468,-12.9479,0.333333,0,0,0
21799,6.51799,-12.6597,0.666667,0,0,0
21800,6.51799,-12.6597,0.333333,0,0,0
21801,6.79131,-12.3714,0.666667,0,0,0
21802,6.79131,-12.3714,0.333333,0,0,0
21803,7.0645,-12.0833,0.666667,0,0,0
21804,7.0645,-12.0833,0.333333,0,0,0
21805,7.33769,-11.7951,0.666667,0,0,0
21806,7.33769,-11.7951,0.333333,0,0,0
21807,7.61088,-11.507,0.666667,0,0,0
21808,7.61088,-11.507,0.333333,0,0,0
21809,7.88407,-11.2189,0.666667,0,0,0
21810,7.88407,-11.2189,0.333333,0,0,0
21811,8.15726,-10.9307,0.666667,0,0,0
21812,8.15726,-10.9307,0.333333,0,0,0
21813,8.43045,-10.6426,0.666667,0,0,0
21814,8.43045,-10.6426,0.333333,0,0,0
21815,8.70364,-10.3545,0.666667,0,0,0
21816,8.70364,-10.3545,0.333333,0,0,0
21817,8.97683,-10.0663,0.666667,0,0,0
21818,8.97683,-10.0663,0.333333,0,0,0
21819,9.55168,-9.35246,0.666667,0,0,0
21820,9.55168,-9.35246,0.333333,0,0,0
21821,10.1265,-8.6386,0.666667,0,0,0
21822,10.1265,-8.6386,0.333333,0,0,0
21823,10.7014,-7.92474,0.666667,0,0,0
21824,10.7014,-7.92474,0.333333,0,0,0
21825,11.2762,-7.21088,0.666667,0,0,0
21826,11.2762,-7.21088,0.333333,0,0,0
21827,11.8511,-6.49702,0.666667,0,0,0
21828,11.8511,-6.49702,0.333333,0,0,0
21829,12.4259,-5.78316,0.666667,0,0,0
21830,12.4259,-5.78316,0.333333,0,0,0
21831,13.0008,-5.0693,0.666667,0,0,0
21832,13.0008,-5.0693,0.333333,0,0,0
21833,13.5756,-4.35544,0.666667,0,0,0
21834,13.5756,-4.35544,0.333333,0,0,0
21835,14.1505,-3.64158,0.666667,0,0,0
21836,14.1505,-3.64158,0.333333,0,0,0
21837,14.7253,-2.92772,0.666667,0,0,0
21838,14.7253,-2.92772,0.333333,0,0,0
21839,15.3002,-2.21386,0.666667,0,0,0
21840,15.3002,-2.21386,0.333333,0,0,0
21841,3.06632,-16.5322,0.666667,0,0,0
21842,3.06632,-16.5322,0.333333,0,0,0
21843,3.63926,-15.98,0.666667,0,0,0
21844,3.63926,-15.98,0.333333,0,0,0
21845,4.2122,-15.4278,0.666667,0,0,0
21846,4.2122,-15.4278,0.333333,0,0,0
21847,4.78513,-14.8757,0.666667,0,0,0
21848,4.78513,-14.8757,0.333333,0,0,0
21849,5.07114,-14.6001,0.666667,0,0,0
21850,5.07114,-14.6001,0.333333,0,0,0
21851,5.35715,-14.3244,0.666667,0,0,0
21852,5.35715,-14.3244,0.333333,0,0,0
21853,5.64316,-14.0488,0.666667,0,0,0
21854,5.64316,-14.0488,0.333333,0,0,0
21855,5.92917,-13.7732,0.666667,0,0,0
21856,5.92917,-13.7732,0.333333,0,0,0
21857,6.21517,-13.4976,0.666667,0,0,0
21858,6.21517,-13.4976,0.333333,0,0,0
21859,6.50118,-13.2219,0.666667,0,0,0
21860,6.50118,-13.2219,0.333333,0,0,0
21861,6.78719,-12.9463,0.666667,0,0,0
21862,6.78719,-12.9463,0.333333,0,0,0
21863,7.0732,-12.6707,0.666667,0,0,0
21864,7.0732,-12.6707,0.333333,0,0,0
21865,7.35909,-12.3952,0.666667,0,0,0
21866,7.35909,-12.3952,0.333333,0,0,0
21867,7.64498,-12.1197,0.666667,0,0,0
21868,7.64498,-12.1197,0.333333,0,0,0
21869,7.93087,-11.8442,0.666667,0,0,0
21870,7.93087,-11.8442,0.333333,0,0,0
21871,8.21676,-11.5687,0.666667,0,0,0
21872,8.21676,-11.5687,0.333333,0,0,0
21873,8.50266,-11.2932,0.666667,0,0,0
21874,8.50266,-11.2932,0.333333,0,0,0
21875,8.78855,-11.0177,0.666667,0,0,0
21876,8.78855,-11.0177,0.333333,0,0,0
21877,9.07444,-10.7421,0.666667,0,0,0
21878,9.07444,-10.7421,0.333333,0,0,0
21879,9.36033,-10.4666,0.666667,0,0,0
21880,9.36033,-10.4666,0.333333,0,0,0
21881,9.90322,-9.80066,0.666667,0,0,0
21882,9.90322,-9.80066,0.333333,0,0,0
21883,10.4461,-9.1347,0.666667,0,0,0
21884,10.4461,-9.1347,0.333333,0,0,0
21885,10.989,-8.46873,0.666667,0,0,0
21886,10.989,-8.46873,0.333333,0,0,0
21887,11.5319,-7.80276,0.666667,0,0,0
21888,11.5319,-7.80276,0.333333,0,0,0
21889,12.0748,-7.13679,0.666667,0,0,0
21890,12.0748,-7.13679,0.333333,0,0,0
21891,12.6177,-6.47082,0.666667,0,0,0
21892,12.6177,-6.47082,0.333333,0,0,0
21893,13.1606,-5.80485,0.666667,0,0,0
21894,13.1606,-5.80485,0.333333,0,0,0
21895,13.7034,-5.13888,0.666667,0,0,0
21896,13.7034,-5.13888,0.333333,0,0,0
21897,14.2463,-4.47291,0.666667,0,0,0
21898,14.2463,-4.47291,0.333333,0,0,0
21899,14.7892,-3.80694,0.666667,0,0,0
21900,14.7892,-3.80694,0.333333,0,0,0
21901,15.3321,-3.14097,0.666667,0,0,0
21902,15.3321,-3.14097,0.333333,0,0,0
21903,3.16571,-16.6581,0.666667,0,0,0
21904,3.16571,-16.6581,0.333333,0,0,0
21905,3.76279,-16.1325,0.666667,0,0,0
21906,3.76279,-16.1325,0.333333,0,0,0
21907,4.35988,-15.6069,0.666667,0,0,0
21908,4.35988,-15.6069,0.333333,0,0,0
21909,4.95696,-15.0812,0.666667,0,0,0
21910,4.95696,-15.0812,0.333333,0,0,0
21911,5.25508,-14.8188,0.666667,0,0,0
21912,5.25508,-14.8188,0.333333,0,0,0
21913,5.5532,-14.5564,0.666667,0,0,0
21914,5.5532,-14.5564,0.333333,0,0,0
21915,5.85132,-14.294,0.666667,0,0,0
21916,5.85132,-14.294,0.333333,0,0,0
21917,6.14943,-14.0316,0.666667,0,0,0
21918,6.14943,-14.0316,0.333333,0,0,0
21919,6.44755,-13.7691,0.666667,0,0,0
21920,6.44755,-13.7691,0.333333,0,0,0
21921,6.74567,-13.5067,0.666667,0,0,0
21922,6.74567,-13.5067,0.333333,0,0,0
21923,7.04379,-13.2443,0.666667,0,0,0
21924,7.04379,-13.2443,0.333333,0,0,0
21925,7.34191,-12.9819,0.666667,0,0,0
21926,7.34191,-12.9819,0.333333,0,0,0
21927,7.63992,-12.7196,0.666667,0,0,0
21928,7.63992,-12.7196,0.333333,0,0,0
21929,7.93793,-12.4572,0.666667,0,0,0
21930,7.93793,-12.4572,0.333333,0,0,0
21931,8.23594,-12.1949,0.666667,0,0,0
21932,8.23594,-12.1949,0.333333,0,0,0
21933,8.53395,-11.9326,0.666667,0,0,0
21934,8.53395,-11.9326,0.333333,0,0,0
21935,8.83196,-11.6703,0.666667,0,0,0
21936,8.83196,-11.6703,0.333333,0,0,0
21937,9.12998,-11.4079,0.666667,0,0,0
21938,9.12998,-11.4079,0.333333,0,0,0
21939,9.42799,-11.1456,0.666667,0,0,0
21940,9.42799,-11.1456,0.333333,0,0,0
21941,9.726,-10.8833,0.666667,0,0,0
21942,9.726,-10.8833,0.333333,0,0,0
21943,10.2384,-10.2639,0.666667,0,0,0
21944,10.2384,-10.2639,0.333333,0,0,0
21945,10.7508,-9.64442,0.666667,0,0,0
21946,10.7508,-9.64442,0.333333,0,0,0
21947,11.2632,-9.02498,0.666667,0,0,0
21948,11.2632,-9.02498,0.333333,0,0,0
21949,11.7757,-8.40553,0.666667,0,0,0
21950,11.7757,-8.40553,0.333333,0,0,0
21951,12.2881,-7.78609,0.666667,0,0,0
21952,12.2881,-7.78609,0.333333,0,0,0
21953,12.8005,-7.16665,0.666667,0,0,0
21954,12.8005,-7.16665,0.333333,0,0,0
21955,13.3129,-6.54721,0.666667,0,0,0
21956,13.3129,-6.54721,0.333333,0,0,0
21957,13.8253,-5.92777,0.666667,0,0,0
21958,13.8253,-5.92777,0.333333,0,0,0
21959,14.3377,-5.30833,0.666667,0,0,0
21960,14.3377,-5.30833,0.333333,0,0,0
21961,14.8502,-4.68888,0.666667,0,0,0
21962,14.8502,-4.68888,0.333333,0,0,0
21963,15.3626,-4.06944,0.666667,0,0,0
21964,15.3626,-4.06944,0.333333,0,0,0
21965,3.25993,-16.788,0.666667,0,0,0
21966,3.25993,-16.788,0.333333,0,0,0
21967,3.87994,-16.29,0.666667,0,0,0
21968,3.87994,-16.29,0.333333,0,0,0
21969,4.49995,-15.7919,0.666667,0,0,0
21970,4.49995,-15.7919,0.333333,0,0,0
21971,5.11996,-15.2939,0.666667,0,0,0
21972,5.11996,-15.2939,0.333333,0,0,0
21973,5.42959,-15.0452,0.666667,0,0,0
21974,5.42959,-15.0452,0.333333,0,0,0
21975,5.73921,-14.7965,0.666667,0,0,0
21976,5.73921,-14.7965,0.333333,0,0,0
21977,6.04883,-14.5478,0.666667,0,0,0
21978,6.04883,-14.5478,0.333333,0,0,0
21979,6.35845,-14.2991,0.666667,0,0,0
21980,6.35845,-14.2991,0.333333,0,0,0
21981,6.66807,-14.0504,0.666667,0,0,0
21982,6.66807,-14.0504,0.333333,0,0,0
21983,6.97769,-13.8018,0.666667,0,0,0
21984,6.97769,-13.8018,0.333333,0,0,0
21985,7.28731,-13.5531,0.666667,0,0,0
21986,7.28731,-13.5531,0.333333,0,0,0
21987,7.59694,-13.3044,0.666667,0,0,0
21988,7.59694,-13.3044,0.333333,0,0,0
21989,7.90646,-13.0558,0.666667,0,0,0
21990,7.90646,-13.0558,0.333333,0,0,0
21991,8.21598,-12.8072,0.666667,0,0,0
21992,8.21598,-12.8072,0.333333,0,0,0
21993,8.52551,-12.5586,0.666667,0,0,0
21994,8.52551,-12.5586,0.333333,0,0,0
21995,8.83503,-12.31,0.666667,0,0,0
21996,8.83503,-12.31,0.333333,0,0,0
21997,9.14456,-12.0613,0.666667,0,0,0
21998,9.14456,-12.0613,0.333333,0,0,0
21999,9.45408,-11.8127,0.666667,0,0,0
22000,9.45408,-11.8127,0.333333,0,0,0
22001,9.76361,-11.5641,0.666667,0,0,0
22002,9.76361,-11.5641,0.333333,0,0,0
22003,10.0731,-11.3155,0.666667,0,0,0
22004,10.0731,-11.3155,0.333333,0,0,0
22005,10.5566,-10.7413,0.666667,0,0,0
22006,10.5566,-10.7413,0.333333,0,0,0
22007,11.0401,-10.1671,0.666667,0,0,0
22008,11.0401,-10.1671,0.333333,0,0,0
22009,11.5236,-9.5929,0.666667,0,0,0
22010,11.5236,-9.5929,0.333333,0,0,0
22011,12.0071,-9.01869,0.666667,0,0,0
22012,12.0071,-9.01869,0.333333,0,0,0
22013,12.4906,-8.44448,0.666667,0,0,0
22014,12.4906,-8.44448,0.333333,0,0,0
22015,12.9741,-7.87027,0.666667,0,0,0
22016,12.9741,-7.87027,0.333333,0,0,0
22017,13.4576,-7.29605,0.666667,0,0,0
22018,13.4576,-7.29605,0.333333,0,0,0
22019,13.941,-6.72184,0.666667,0,0,0
22020,13.941,-6.72184,0.333333,0,0,0
22021,14.4245,-6.14763,0.666667,0,0,0
22022,14.4245,-6.14763,0.333333,0,0,0
22023,14.908,-5.57342,0.666667,0,0,0
22024,14.908,-5.57342,0.333333,0,0,0
22025,15.3915,-4.99921,0.666667,0,0,0
22026,15.3915,-4.99921,0.333333,0,0,0
22027,3.34881,-16.9216,0.666667,0,0,0
22028,3.34881,-16.9216,0.333333,0,0,0
22029,3.99049,-16.4521,0.666667,0,0,0
22030,3.99049,-16.4521,0.333333,0,0,0
22031,4.63217,-15.9827,0.666667,0,0,0
22032,4.63217,-15.9827,0.333333,0,0,0
22033,5.27385,-15.5132,0.666667,0,0,0
22034,5.27385,-15.5132,0.333333,0,0,0
22035,5.59435,-15.2787,0.666667,0,0,0
22036,5.59435,-15.2787,0.333333,0,0,0
22037,5.91484,-15.0443,0.666667,0,0,0
22038,5.91484,-15.0443,0.333333,0,0,0
22039,6.23534,-14.8098,0.666667,0,0,0
22040,6.23534,-14.8098,0.333333,0,0,0
22041,6.55583,-14.5754,0.666667,0,0,0
22042,6.55583,-14.5754,0.333333,0,0,0
22043,6.87633,-14.3409,0.666667,0,0,0
22044,6.87633,-14.3409,0.333333,0,0,0
22045,7.19682,-14.1065,0.666667,0,0,0
22046,7.19682,-14.1065,0.333333,0,0,0
22047,7.51732,-13.872,0.666667,0,0,0
22048,7.51732,-13.872,0.333333,0,0,0
22049,7.83781,-13.6376,0.666667,0,0,0
22050,7.83781,-13.6376,0.333333,0,0,0
22051,8.15822,-13.4032,0.666667,0,0,0
22052,8.15822,-13.4032,0.333333,0,0,0
22053,8.47863,-13.1688,0.666667,0,0,0
22054,8.47863,-13.1688,0.333333,0,0,0
22055,8.79903,-12.9344,0.666667,0,0,0
22056,8.79903,-12.9344,0.333333,0,0,0
22057,9.11944,-12.7,0.666667,0,0,0
22058,9.11944,-12.7,0.333333,0,0,0
22059,9.43985,-12.4657,0.666667,0,0,0
22060,9.43985,-12.4657,0.333333,0,0,0
22061,9.76026,-12.2313,0.666667,0,0,0
22062,9.76026,-12.2313,0.333333,0,0,0
22063,10.0807,-11.9969,0.666667,0,0,0
22064,10.0807,-11.9969,0.333333,0,0,0
22065,10.4011,-11.7625,0.666667,0,0,0
22066,10.4011,-11.7625,0.333333,0,0,0
22067,10.8572,-11.2323,0.666667,0,0,0
22068,10.8572,-11.2323,0.333333,0,0,0
22069,11.3134,-10.7021,0.666667,0,0,0
22070,11.3134,-10.7021,0.333333,0,0,0
22071,11.7696,-10.1719,0.666667,0,0,0
22072,11.7696,-10.1719,0.333333,0,0,0
22073,12.2257,-9.64166,0.666667,0,0,0
22074,12.2257,-9.64166,0.333333,0,0,0
22075,12.6819,-9.11146,0.666667,0,0,0
22076,12.6819,-9.11146,0.333333,0,0,0
22077,13.138,-8.58125,0.666667,0,0,0
22078,13.138,-8.58125,0.333333,0,0,0
22079,13.5942,-8.05104,0.666667,0,0,0
22080,13.5942,-8.05104,0.333333,0,0,0
22081,14.0504,-7.52083,0.666667,0,0,0
22082,14.0504,-7.52083,0.333333,0,0,0
22083,14.5065,-6.99062,0.666667,0,0,0
22084,14.5065,-6.99062,0.333333,0,0,0
22085,14.9627,-6.46042,0.666667,0,0,0
22086,14.9627,-6.46042,0.333333,0,0,0
22087,15.4188,-5.93021,0.666667,0,0,0
22088,15.4188,-5.93021,0.333333,0,0,0
22089,3.43222,-17.0587,0.666667,0,0,0
22090,3.43222,-17.0587,0.333333,0,0,0
22091,4.09426,-16.6187,0.666667,0,0,0
22092,4.09426,-16.6187,0.333333,0,0,0
22093,4.75631,-16.1788,0.666667,0,0,0
22094,4.75631,-16.1788,0.333333,0,0,0
22095,5.41835,-15.7388,0.666667,0,0,0
22096,5.41835,-15.7388,0.333333,0,0,0
22097,5.74907,-15.5191,0.666667,0,0,0
22098,5.74907,-15.5191,0.333333,0,0,0
22099,6.07978,-15.2993,0.666667,0,0,0
22100,6.07978,-15.2993,0.333333,0,0,0
22101,6.4105,-15.0796,0.666667,0,0,0
22102,6.4105,-15.0796,0.333333,0,0,0
22103,6.74122,-14.8598,0.666667,0,0,0
22104,6.74122,-14.8598,0.333333,0,0,0
22105,7.07193,-14.6401,0.666667,0,0,0
22106,7.07193,-14.6401,0.333333,0,0,0
22107,7.40265,-14.4203,0.666667,0,0,0
22108,7.40265,-14.4203,0.333333,0,0,0
22109,7.73337,-14.2006,0.666667,0,0,0
22110,7.73337,-14.2006,0.333333,0,0,0
22111,8.06408,-13.9809,0.666667,0,0,0
22112,8.06408,-13.9809,0.333333,0,0,0
22113,8.39472,-13.7612,0.666667,0,0,0
22114,8.39472,-13.7612,0.333333,0,0,0
22115,8.72536,-13.5415,0.666667,0,0,0
22116,8.72536,-13.5415,0.333333,0,0,0
22117,9.056,-13.3218,0.666667,0,0,0
22118,9.056,-13.3218,0.333333,0,0,0
22119,9.38664,-13.1021,0.666667,0,0,0
22120,9.38664,-13.1021,0.333333,0,0,0
22121,9.71728,-12.8824,0.666667,0,0,0
22122,9.71728,-12.8824,0.333333,0,0,0
22123,10.0479,-12.6627,0.666667,0,0,0
22124,10.0479,-12.6627,0.333333,0,0,0
22125,10.3786,-12.443,0.666667,0,0,0
22126,10.3786,-12.443,0.333333,0,0,0
22127,10.7092,-12.2233,0.666667,0,0,0
22128,10.7092,-12.2233,0.333333,0,0,0
22129,11.1397,-11.736,0.666667,0,0,0
22130,11.1397,-11.736,0.333333,0,0,0
22131,11.5702,-11.2486,0.666667,0,0,0
22132,11.5702,-11.2486,0.333333,0,0,0
22133,12.0006,-10.7613,0.666667,0,0,0
22134,12.0006,-10.7613,0.333333,0,0,0
22135,12.4311,-10.2739,0.666667,0,0,0
22136,12.4311,-10.2739,0.333333,0,0,0
22137,12.8616,-9.78654,0.666667,0,0,0
22138,12.8616,-9.78654,0.333333,0,0,0
22139,13.2921,-9.29917,0.666667,0,0,0
22140,13.2921,-9.29917,0.333333,0,0,0
22141,13.7226,-8.81181,0.666667,0,0,0
22142,13.7226,-8.81181,0.333333,0,0,0
22143,14.1531,-8.32445,0.666667,0,0,0
22144,14.1531,-8.32445,0.333333,0,0,0
22145,14.5835,-7.83709,0.666667,0,0,0
22146,14.5835,-7.83709,0.333333,0,0,0
22147,15.014,-7.34972,0.666667,0,0,0
22148,15.014,-7.34972,0.333333,0,0,0
22149,15.4445,-6.86236,0.666667,0,0,0
22150,15.4445,-6.86236,0.333333,0,0,0
22151,3.51001,-17.199,0.666667,0,0,0
22152,3.51001,-17.199,0.333333,0,0,0
22153,4.19108,-16.7895,0.666667,0,0,0
22154,4.19108,-16.7895,0.333333,0,0,0
22155,4.87214,-16.3799,0.666667,0,0,0
22156,4.87214,-16.3799,0.333333,0,0,0
22157,5.55321,-15.9703,0.666667,0,0,0
22158,5.55321,-15.9703,0.333333,0,0,0
22159,5.89347,-15.7657,0.666667,0,0,0
22160,5.89347,-15.7657,0.333333,0,0,0
22161,6.23374,-15.5611,0.666667,0,0,0
22162,6.23374,-15.5611,0.333333,0,0,0
22163,6.574,-15.3565,0.666667,0,0,0
22164,6.574,-15.3565,0.333333,0,0,0
22165,6.91427,-15.152,0.666667,0,0,0
22166,6.91427,-15.152,0.333333,0,0,0
22167,7.25453,-14.9474,0.666667,0,0,0
22168,7.25453,-14.9474,0.333333,0,0,0
22169,7.5948,-14.7428,0.666667,0,0,0
22170,7.5948,-14.7428,0.333333,0,0,0
22171,7.93506,-14.5382,0.666667,0,0,0
22172,7.93506,-14.5382,0.333333,0,0,0
22173,8.27533,-14.3336,0.666667,0,0,0
22174,8.27533,-14.3336,0.333333,0,0,0
22175,8.61553,-14.129,0.666667,0,0,0
22176,8.61553,-14.129,0.333333,0,0,0
22177,8.95572,-13.9245,0.666667,0,0,0
22178,8.95572,-13.9245,0.333333,0,0,0
22179,9.29592,-13.7199,0.666667,0,0,0
22180,9.29592,-13.7199,0.333333,0,0,0
22181,9.63612,-13.5154,0.666667,0,0,0
22182,9.63612,-13.5154,0.333333,0,0,0
22183,9.97632,-13.3108,0.666667,0,0,0
22184,9.97632,-13.3108,0.333333,0,0,0
22185,10.3165,-13.1063,0.666667,0,0,0
22186,10.3165,-13.1063,0.333333,0,0,0
22187,10.6567,-12.9018,0.666667,0,0,0
22188,10.6567,-12.9018,0.333333,0,0,0
22189,10.9969,-12.6972,0.666667,0,0,0
22190,10.9969,-12.6972,0.333333,0,0,0
22191,11.4034,-12.2516,0.666667,0,0,0
22192,11.4034,-12.2516,0.333333,0,0,0
22193,11.8099,-11.806,0.666667,0,0,0
22194,11.8099,-11.806,0.333333,0,0,0
22195,12.2164,-11.3604,0.666667,0,0,0
22196,12.2164,-11.3604,0.333333,0,0,0
22197,12.6229,-10.9148,0.666667,0,0,0
22198,12.6229,-10.9148,0.333333,0,0,0
22199,13.0294,-10.4692,0.666667,0,0,0
22200,13.0294,-10.4692,0.333333,0,0,0
22201,13.436,-10.0236,0.666667,0,0,0
22202,13.436,-10.0236,0.333333,0,0,0
22203,13.8425,-9.578,0.666667,0,0,0
22204,13.8425,-9.578,0.333333,0,0,0
22205,14.249,-9.1324,0.666667,0,0,0
22206,14.249,-9.1324,0.333333,0,0,0
22207,14.6555,-8.6868,0.666667,0,0,0
22208,14.6555,-8.6868,0.333333,0,0,0
22209,15.062,-8.2412,0.666667,0,0,0
22210,15.062,-8.2412,0.333333,0,0,0
22211,15.4685,-7.7956,0.666667,0,0,0
22212,15.4685,-7.7956,0.333333,0,0,0
22213,3.58206,-17.3424,0.666667,0,0,0
22214,3.58206,-17.3424,0.333333,0,0,0
22215,4.28076,-16.964,0.666667,0,0,0
22216,4.28076,-16.964,0.333333,0,0,0
22217,4.97947,-16.5857,0.666667,0,0,0
22218,4.97947,-16.5857,0.333333,0,0,0
22219,5.67817,-16.2073,0.666667,0,0,0
22220,5.67817,-16.2073,0.333333,0,0,0
22221,6.0273,-16.0183,0.666667,0,0,0
22222,6.0273,-16.0183,0.333333,0,0,0
22223,6.37642,-15.8293,0.666667,0,0,0
22224,6.37642,-15.8293,0.333333,0,0,0
22225,6.72554,-15.6402,0.666667,0,0,0
22226,6.72554,-15.6402,0.333333,0,0,0
22227,7.07467,-15.4512,0.666667,0,0,0
22228,7.07467,-15.4512,0.333333,0,0,0
22229,7.42379,-15.2622,0.666667,0,0,0
22230,7.42379,-15.2622,0.333333,0,0,0
22231,7.77291,-15.0732,0.666667,0,0,0
22232,7.77291,-15.0732,0.333333,0,0,0
22233,8.12203,-14.8841,0.666667,0,0,0
22234,8.12203,-14.8841,0.333333,0,0,0
22235,8.47116,-14.6951,0.666667,0,0,0
22236,8.47116,-14.6951,0.333333,0,0,0
22237,8.82022,-14.5061,0.666667,0,0,0
22238,8.82022,-14.5061,0.333333,0,0,0
22239,9.16928,-14.3171,0.666667,0,0,0
22240,9.16928,-14.3171,0.333333,0,0,0
22241,9.51835,-14.1281,0.666667,0,0,0
22242,9.51835,-14.1281,0.333333,0,0,0
22243,9.86741,-13.9391,0.666667,0,0,0
22244,9.86741,-13.9391,0.333333,0,0,0
22245,10.2165,-13.7501,0.666667,0,0,0
22246,10.2165,-13.7501,0.333333,0,0,0
22247,10.5655,-13.5612,0.666667,0,0,0
22248,10.5655,-13.5612,0.333333,0,0,0
22249,10.9146,-13.3722,0.666667,0,0,0
22250,10.9146,-13.3722,0.333333,0,0,0
22251,11.2637,-13.1832,0.666667,0,0,0
22252,11.2637,-13.1832,0.333333,0,0,0
22253,11.6479,-12.7783,0.666667,0,0,0
22254,11.6479,-12.7783,0.333333,0,0,0
22255,12.0322,-12.3735,0.666667,0,0,0
22256,12.0322,-12.3735,0.333333,0,0,0
22257,12.4165,-11.9686,0.666667,0,0,0
22258,12.4165,-11.9686,0.333333,0,0,0
22259,12.8008,-11.5638,0.666667,0,0,0
22260,12.8008,-11.5638,0.333333,0,0,0
22261,13.1851,-11.1589,0.666667,0,0,0
22262,13.1851,-11.1589,0.333333,0,0,0
22263,13.5693,-10.7541,0.666667,0,0,0
22264,13.5693,-10.7541,0.333333,0,0,0
22265,13.9536,-10.3492,0.666667,0,0,0
22266,13.9536,-10.3492,0.333333,0,0,0
22267,14.3379,-9.94439,0.666667,0,0,0
22268,14.3379,-9.94439,0.333333,0,0,0
22269,14.7222,-9.53954,0.666667,0,0,0
22270,14.7222,-9.53954,0.333333,0,0,0
22271,15.1064,-9.1347,0.666667,0,0,0
22272,15.1064,-9.1347,0.333333,0,0,0
22273,15.4907,-8.72985,0.666667,0,0,0
22274,15.4907,-8.72985,0.333333,0,0,0
22275,3.64825,-17.4886,0.666667,0,0,0
22276,3.64825,-17.4886,0.333333,0,0,0
22277,4.36318,-17.1422,0.666667,0,0,0
22278,4.36318,-17.1422,0.333333,0,0,0
22279,5.0781,-16.7958,0.666667,0,0,0
22280,5.0781,-16.7958,0.333333,0,0,0
22281,5.79303,-16.4494,0.666667,0,0,0
22282,5.79303,-16.4494,0.333333,0,0,0
22283,6.1503,-16.2763,0.666667,0,0,0
22284,6.1503,-16.2763,0.333333,0,0,0
22285,6.50758,-16.1032,0.666667,0,0,0
22286,6.50758,-16.1032,0.333333,0,0,0
22287,6.86485,-15.9301,0.666667,0,0,0
22288,6.86485,-15.9301,0.333333,0,0,0
22289,7.22212,-15.7571,0.666667,0,0,0
22290,7.22212,-15.7571,0.333333,0,0,0
22291,7.57939,-15.584,0.666667,0,0,0
22292,7.57939,-15.584,0.333333,0,0,0
22293,7.93666,-15.4109,0.666667,0,0,0
22294,7.93666,-15.4109,0.333333,0,0,0
22295,8.29393,-15.2378,0.666667,0,0,0
22296,8.29393,-15.2378,0.333333,0,0,0
22297,8.6512,-15.0647,0.666667,0,0,0
22298,8.6512,-15.0647,0.333333,0,0,0
22299,9.00842,-14.8917,0.666667,0,0,0
22300,9.00842,-14.8917,0.333333,0,0,0
22301,9.36564,-14.7186,0.666667,0,0,0
22302,9.36564,-14.7186,0.333333,0,0,0
22303,9.72286,-14.5456,0.666667,0,0,0
22304,9.72286,-14.5456,0.333333,0,0,0
22305,10.0801,-14.3725,0.666667,0,0,0
22306,10.0801,-14.3725,0.333333,0,0,0
22307,10.4373,-14.1995,0.666667,0,0,0
22308,10.4373,-14.1995,0.333333,0,0,0
22309,10.7945,-14.0264,0.666667,0,0,0
22310,10.7945,-14.0264,0.333333,0,0,0
22311,11.1518,-13.8534,0.666667,0,0,0
22312,11.1518,-13.8534,0.333333,0,0,0
22313,11.509,-13.6803,0.666667,0,0,0
22314,11.509,-13.6803,0.333333,0,0,0
22315,11.8728,-13.3153,0.666667,0,0,0
22316,11.8728,-13.3153,0.333333,0,0,0
22317,12.2366,-12.9503,0.666667,0,0,0
22318,12.2366,-12.9503,0.333333,0,0,0
22319,12.6005,-12.5852,0.666667,0,0,0
22320,12.6005,-12.5852,0.333333,0,0,0
22321,12.9643,-12.2202,0.666667,0,0,0
22322,12.9643,-12.2202,0.333333,0,0,0
22323,13.3282,-11.8552,0.666667,0,0,0
22324,13.3282,-11.8552,0.333333,0,0,0
22325,13.692,-11.4902,0.666667,0,0,0
22326,13.692,-11.4902,0.333333,0,0,0
22327,14.0558,-11.1251,0.666667,0,0,0
22328,14.0558,-11.1251,0.333333,0,0,0
22329,14.4197,-10.7601,0.666667,0,0,0
22330,14.4197,-10.7601,0.333333,0,0,0
22331,14.7835,-10.3951,0.666667,0,0,0
22332,14.7835,-10.3951,0.333333,0,0,0
22333,15.1473,-10.0301,0.666667,0,0,0
22334,15.1473,-10.0301,0.333333,0,0,0
22335,15.5112,-9.66503,0.666667,0,0,0
22336,15.5112,-9.66503,0.333333,0,0,0
22337,3.70846,-17.6373,0.666667,0,0,0
22338,3.70846,-17.6373,0.333333,0,0,0
22339,4.43817,-17.3236,0.666667,0,0,0
22340,4.43817,-17.3236,0.333333,0,0,0
22341,5.16787,-17.0098,0.666667,0,0,0
22342,5.16787,-17.0098,0.333333,0,0,0
22343,5.89758,-16.6961,0.666667,0,0,0
22344,5.89758,-16.6961,0.333333,0,0,0
22345,6.26227,-16.5393,0.666667,0,0,0
22346,6.26227,-16.5393,0.333333,0,0,0
22347,6.62697,-16.3825,0.666667,0,0,0
22348,6.62697,-16.3825,0.333333,0,0,0
22349,6.99166,-16.2257,0.666667,0,0,0
22350,6.99166,-16.2257,0.333333,0,0,0
22351,7.35635,-16.0689,0.666667,0,0,0
22352,7.35635,-16.0689,0.333333,0,0,0
22353,7.72105,-15.9121,0.666667,0,0,0
22354,7.72105,-15.9121,0.333333,0,0,0
22355,8.08574,-15.7554,0.666667,0,0,0
22356,8.08574,-15.7554,0.333333,0,0,0
22357,8.45043,-15.5986,0.666667,0,0,0
22358,8.45043,-15.5986,0.333333,0,0,0
22359,8.81512,-15.4418,0.666667,0,0,0
22360,8.81512,-15.4418,0.333333,0,0,0
22361,9.17978,-15.285,0.666667,0,0,0
22362,9.17978,-15.285,0.333333,0,0,0
22363,9.54443,-15.1283,0.666667,0,0,0
22364,9.54443,-15.1283,0.333333,0,0,0
22365,9.90908,-14.9715,0.666667,0,0,0
22366,9.90908,-14.9715,0.333333,0,0,0
22367,10.2737,-14.8147,0.666667,0,0,0
22368,10.2737,-14.8147,0.333333,0,0,0
22369,10.6384,-14.658,0.666667,0,0,0
22370,10.6384,-14.658,0.333333,0,0,0
22371,11.003,-14.5012,0.666667,0,0,0
22372,11.003,-14.5012,0.333333,0,0,0
22373,11.3677,-14.3444,0.666667,0,0,0
22374,11.3677,-14.3444,0.333333,0,0,0
22375,11.7323,-14.1877,0.666667,0,0,0
22376,11.7323,-14.1877,0.333333,0,0,0
22377,12.0776,-13.8616,0.666667,0,0,0
22378,12.0776,-13.8616,0.333333,0,0,0
22379,12.4228,-13.5356,0.666667,0,0,0
22380,12.4228,-13.5356,0.333333,0,0,0
22381,12.768,-13.2095,0.666667,0,0,0
22382,12.768,-13.2095,0.333333,0,0,0
22383,13.1132,-12.8835,0.666667,0,0,0
22384,13.1132,-12.8835,0.333333,0,0,0
22385,13.4585,-12.5574,0.666667,0,0,0
22386,13.4585,-12.5574,0.333333,0,0,0
22387,13.8037,-12.2313,0.666667,0,0,0
22388,13.8037,-12.2313,0.333333,0,0,0
22389,14.1489,-11.9053,0.666667,0,0,0
22390,14.1489,-11.9053,0.333333,0,0,0
22391,14.4941,-11.5792,0.666667,0,0,0
22392,14.4941,-11.5792,0.333333,0,0,0
22393,14.8393,-11.2532,0.666667,0,0,0
22394,14.8393,-11.2532,0.333333,0,0,0
22395,15.1846,-10.9271,0.666667,0,0,0
22396,15.1846,-10.9271,0.333333,0,0,0
22397,15.5298,-10.6011,0.666667,0,0,0
22398,15.5298,-10.6011,0.333333,0,0,0
22399,3.76261,-17.7884,0.666667,0,0,0
22400,3.76261,-17.7884,0.333333,0,0,0
22401,4.50562,-17.5079,0.666667,0,0,0
22402,4.50562,-17.5079,0.333333,0,0,0
22403,5.24862,-17.2274,0.666667,0,0,0
22404,5.24862,-17.2274,0.333333,0,0,0
22405,5.99163,-16.9469,0.666667,0,0,0
22406,5.99163,-16.9469,0.333333,0,0,0
22407,6.363,-16.8068,0.666667,0,0,0
22408,6.363,-16.8068,0.333333,0,0,0
22409,6.73438,-16.6666,0.666667,0,0,0
22410,6.73438,-16.6666,0.333333,0,0,0
22411,7.10575,-16.5264,0.666667,0,0,0
22412,7.10575,-16.5264,0.333333,0,0,0
22413,7.47713,-16.3862,0.666667,0,0,0
22414,7.47713,-16.3862,0.333333,0,0,0
22415,7.8485,-16.2461,0.666667,0,0,0
22416,7.8485,-16.2461,0.333333,0,0,0
22417,8.21988,-16.1059,0.666667,0,0,0
22418,8.21988,-16.1059,0.333333,0,0,0
22419,8.59125,-15.9657,0.666667,0,0,0
22420,8.59125,-15.9657,0.333333,0,0,0
22421,8.96262,-15.8256,0.666667,0,0,0
22422,8.96262,-15.8256,0.333333,0,0,0
22423,9.33397,-15.6854,0.666667,0,0,0
22424,9.33397,-15.6854,0.333333,0,0,0
22425,9.70531,-15.5453,0.666667,0,0,0
22426,9.70531,-15.5453,0.333333,0,0,0
22427,10.0767,-15.4051,0.666667,0,0,0
22428,10.0767,-15.4051,0.333333,0,0,0
22429,10.448,-15.2649,0.666667,0,0,0
22430,10.448,-15.2649,0.333333,0,0,0
22431,10.8193,-15.1248,0.666667,0,0,0
22432,10.8193,-15.1248,0.333333,0,0,0
22433,11.1907,-14.9846,0.666667,0,0,0
22434,11.1907,-14.9846,0.333333,0,0,0
22435,11.562,-14.8445,0.666667,0,0,0
22436,11.562,-14.8445,0.333333,0,0,0
22437,11.9334,-14.7043,0.666667,0,0,0
22438,11.9334,-14.7043,0.333333,0,0,0
22439,12.2618,-14.4165,0.666667,0,0,0
22440,12.2618,-14.4165,0.333333,0,0,0
22441,12.5903,-14.1286,0.666667,0,0,0
22442,12.5903,-14.1286,0.333333,0,0,0
22443,12.9188,-13.8407,0.666667,0,0,0
22444,12.9188,-13.8407,0.333333,0,0,0
22445,13.2472,-13.5529,0.666667,0,0,0
22446,13.2472,-13.5529,0.333333,0,0,0
22447,13.5757,-13.265,0.666667,0,0,0
22448,13.5757,-13.265,0.333333,0,0,0
22449,13.9042,-12.9772,0.666667,0,0,0
22450,13.9042,-12.9772,0.333333,0,0,0
22451,14.2326,-12.6893,0.666667,0,0,0
22452,14.2326,-12.6893,0.333333,0,0,0
22453,14.5611,-12.4014,0.666667,0,0,0
22454,14.5611,-12.4014,0.333333,0,0,0
22455,14.8896,-12.1136,0.666667,0,0,0
22456,14.8896,-12.1136,0.333333,0,0,0
22457,15.2181,-11.8257,0.666667,0,0,0
22458,15.2181,-11.8257,0.333333,0,0,0
22459,15.5465,-11.5379,0.666667,0,0,0
22460,15.5465,-11.5379,0.333333,0,0,0
22461,3.8106,-17.9415,0.666667,0,0,0
22462,3.8106,-17.9415,0.333333,0,0,0
22463,4.5654,-17.6949,0.666667,0,0,0
22464,4.5654,-17.6949,0.333333,0,0,0
22465,5.32021,-17.4482,0.666667,0,0,0
22466,5.32021,-17.4482,0.333333,0,0,0
22467,6.07501,-17.2015,0.666667,0,0,0
22468,6.07501,-17.2015,0.333333,0,0,0
22469,6.45231,-17.0783,0.666667,0,0,0
22470,6.45231,-17.0783,0.333333,0,0,0
22471,6.82961,-16.955,0.666667,0,0,0
22472,6.82961,-16.955,0.333333,0,0,0
22473,7.20691,-16.8317,0.666667,0,0,0
22474,7.20691,-16.8317,0.333333,0,0,0
22475,7.58422,-16.7085,0.666667,0,0,0
22476,7.58422,-16.7085,0.333333,0,0,0
22477,7.96152,-16.5852,0.666667,0,0,0
22478,7.96152,-16.5852,0.333333,0,0,0
22479,8.33882,-16.4619,0.666667,0,0,0
22480,8.33882,-16.4619,0.333333,0,0,0
22481,8.71612,-16.3386,0.666667,0,0,0
22482,8.71612,-16.3386,0.333333,0,0,0
22483,9.09343,-16.2153,0.666667,0,0,0
22484,9.09343,-16.2153,0.333333,0,0,0
22485,9.4707,-16.0921,0.666667,0,0,0
22486,9.4707,-16.0921,0.333333,0,0,0
22487,9.84798,-15.9688,0.666667,0,0,0
22488,9.84798,-15.9688,0.333333,0,0,0
22489,10.2253,-15.8456,0.666667,0,0,0
22490,10.2253,-15.8456,0.333333,0,0,0
22491,10.6025,-15.7223,0.666667,0,0,0
22492,10.6025,-15.7223,0.333333,0,0,0
22493,10.9798,-15.599,0.666667,0,0,0
22494,10.9798,-15.599,0.333333,0,0,0
22495,11.3571,-15.4758,0.666667,0,0,0
22496,11.3571,-15.4758,0.333333,0,0,0
22497,11.7344,-15.3525,0.666667,0,0,0
22498,11.7344,-15.3525,0.333333,0,0,0
22499,12.1116,-15.2292,0.666667,0,0,0
22500,12.1116,-15.2292,0.333333,0,0,0
22501,12.4253,-14.9789,0.666667,0,0,0
22502,12.4253,-14.9789,0.333333,0,0,0
22503,12.7389,-14.7285,0.666667,0,0,0
22504,12.7389,-14.7285,0.333333,0,0,0
22505,13.0525,-14.4782,0.666667,0,0,0
22506,13.0525,-14.4782,0.333333,0,0,0
22507,13.3661,-14.2278,0.666667,0,0,0
22508,13.3661,-14.2278,0.333333,0,0,0
22509,13.6797,-13.9775,0.666667,0,0,0
22510,13.6797,-13.9775,0.333333,0,0,0
22511,13.9933,-13.7271,0.666667,0,0,0
22512,13.9933,-13.7271,0.333333,0,0,0
22513,14.3069,-13.4768,0.666667,0,0,0
22514,14.3069,-13.4768,0.333333,0,0,0
22515,14.6205,-13.2264,0.666667,0,0,0
22516,14.6205,-13.2264,0.333333,0,0,0
22517,14.9342,-12.9761,0.666667,0,0,0
22518,14.9342,-12.9761,0.333333,0,0,0
22519,15.2478,-12.7257,0.666667,0,0,0
22520,15.2478,-12.7257,0.333333,0,0,0
22521,15.5614,-12.4754,0.666667,0,0,0
22522,15.5614,-12.4754,0.333333,0,0,0
22523,3.85235,-18.0965,0.666667,0,0,0
22524,3.85235,-18.0965,0.333333,0,0,0
22525,4.61742,-17.8841,0.666667,0,0,0
22526,4.61742,-17.8841,0.333333,0,0,0
22527,5.3825,-17.6718,0.666667,0,0,0
22528,5.3825,-17.6718,0.333333,0,0,0
22529,6.14757,-17.4595,0.666667,0,0,0
22530,6.14757,-17.4595,0.333333,0,0,0
22531,6.53004,-17.3533,0.666667,0,0,0
22532,6.53004,-17.3533,0.333333,0,0,0
22533,6.9125,-17.2472,0.666667,0,0,0
22534,6.9125,-17.2472,0.333333,0,0,0
22535,7.29497,-17.1411,0.666667,0,0,0
22536,7.29497,-17.1411,0.333333,0,0,0
22537,7.67743,-17.0349,0.666667,0,0,0
22538,7.67743,-17.0349,0.333333,0,0,0
22539,8.05989,-16.9288,0.666667,0,0,0
22540,8.05989,-16.9288,0.333333,0,0,0
22541,8.44236,-16.8227,0.666667,0,0,0
22542,8.44236,-16.8227,0.333333,0,0,0
22543,8.82482,-16.7165,0.666667,0,0,0
22544,8.82482,-16.7165,0.333333,0,0,0
22545,9.20728,-16.6104,0.666667,0,0,0
22546,9.20728,-16.6104,0.333333,0,0,0
22547,9.58973,-16.5043,0.666667,0,0,0
22548,9.58973,-16.5043,0.333333,0,0,0
22549,9.97217,-16.3982,0.666667,0,0,0
22550,9.97217,-16.3982,0.333333,0,0,0
22551,10.3546,-16.2921,0.666667,0,0,0
22552,10.3546,-16.2921,0.333333,0,0,0
22553,10.7371,-16.1859,0.666667,0,0,0
22554,10.7371,-16.1859,0.333333,0,0,0
22555,11.1195,-16.0798,0.666667,0,0,0
22556,11.1195,-16.0798,0.333333,0,0,0
22557,11.502,-15.9737,0.666667,0,0,0
22558,11.502,-15.9737,0.333333,0,0,0
22559,11.8844,-15.8676,0.666667,0,0,0
22560,11.8844,-15.8676,0.333333,0,0,0
22561,12.2668,-15.7614,0.666667,0,0,0
22562,12.2668,-15.7614,0.333333,0,0,0
22563,12.5675,-15.548,0.666667,0,0,0
22564,12.5675,-15.548,0.333333,0,0,0
22565,12.8682,-15.3345,0.666667,0,0,0
22566,12.8682,-15.3345,0.333333,0,0,0
22567,13.1689,-15.1211,0.666667,0,0,0
22568,13.1689,-15.1211,0.333333,0,0,0
22569,13.4696,-14.9076,0.666667,0,0,0
22570,13.4696,-14.9076,0.333333,0,0,0
22571,13.7702,-14.6942,0.666667,0,0,0
22572,13.7702,-14.6942,0.333333,0,0,0
22573,14.0709,-14.4807,0.666667,0,0,0
22574,14.0709,-14.4807,0.333333,0,0,0
22575,14.3716,-14.2673,0.666667,0,0,0
22576,14.3716,-14.2673,0.333333,0,0,0
22577,14.6723,-14.0538,0.666667,0,0,0
22578,14.6723,-14.0538,0.333333,0,0,0
22579,14.973,-13.8404,0.666667,0,0,0
22580,14.973,-13.8404,0.333333,0,0,0
22581,15.2736,-13.6269,0.666667,0,0,0
22582,15.2736,-13.6269,0.333333,0,0,0
22583,15.5743,-13.4135,0.666667,0,0,0
22584,15.5743,-13.4135,0.333333,0,0,0
22585,3.88779,-18.253,0.666667,0,0,0
22586,3.88779,-18.253,0.333333,0,0,0
22587,4.6616,-18.0754,0.666667,0,0,0
22588,4.6616,-18.0754,0.333333,0,0,0
22589,5.4354,-17.8978,0.666667,0,0,0
22590,5.4354,-17.8978,0.333333,0,0,0
22591,6.2092,-17.7202,0.666667,0,0,0
22592,6.2092,-17.7202,0.333333,0,0,0
22593,6.59605,-17.6314,0.666667,0,0,0
22594,6.59605,-17.6314,0.333333,0,0,0
22595,6.98289,-17.5427,0.666667,0,0,0
22596,6.98289,-17.5427,0.333333,0,0,0
22597,7.36974,-17.4539,0.666667,0,0,0
22598,7.36974,-17.4539,0.333333,0,0,0
22599,7.75659,-17.3651,0.666667,0,0,0
22600,7.75659,-17.3651,0.333333,0,0,0
22601,8.14344,-17.2763,0.666667,0,0,0
22602,8.14344,-17.2763,0.333333,0,0,0
22603,8.53029,-17.1876,0.666667,0,0,0
22604,8.53029,-17.1876,0.333333,0,0,0
22605,8.91714,-17.0988,0.666667,0,0,0
22606,8.91714,-17.0988,0.333333,0,0,0
22607,9.30399,-17.01,0.666667,0,0,0
22608,9.30399,-17.01,0.333333,0,0,0
22609,9.69082,-16.9213,0.666667,0,0,0
22610,9.69082,-16.9213,0.333333,0,0,0
22611,10.0777,-16.8325,0.666667,0,0,0
22612,10.0777,-16.8325,0.333333,0,0,0
22613,10.4645,-16.7437,0.666667,0,0,0
22614,10.4645,-16.7437,0.333333,0,0,0
22615,10.8513,-16.655,0.666667,0,0,0
22616,10.8513,-16.655,0.333333,0,0,0
22617,11.2382,-16.5662,0.666667,0,0,0
22618,11.2382,-16.5662,0.333333,0,0,0
22619,11.625,-16.4774,0.666667,0,0,0
22620,11.625,-16.4774,0.333333,0,0,0
22621,12.0118,-16.3887,0.666667,0,0,0
22622,12.0118,-16.3887,0.333333,0,0,0
22623,12.3987,-16.2999,0.666667,0,0,0
22624,12.3987,-16.2999,0.333333,0,0,0
22625,12.6884,-16.1228,0.666667,0,0,0
22626,12.6884,-16.1228,0.333333,0,0,0
22627,12.9781,-15.9458,0.666667,0,0,0
22628,12.9781,-15.9458,0.333333,0,0,0
22629,13.2678,-15.7687,0.666667,0,0,0
22630,13.2678,-15.7687,0.333333,0,0,0
22631,13.5574,-15.5916,0.666667,0,0,0
22632,13.5574,-15.5916,0.333333,0,0,0
22633,13.8471,-15.4145,0.666667,0,0,0
22634,13.8471,-15.4145,0.333333,0,0,0
22635,14.1368,-15.2375,0.666667,0,0,0
22636,14.1368,-15.2375,0.333333,0,0,0
22637,14.4265,-15.0604,0.666667,0,0,0
22638,14.4265,-15.0604,0.333333,0,0,0
22639,14.7162,-14.8833,0.666667,0,0,0
22640,14.7162,-14.8833,0.333333,0,0,0
22641,15.0059,-14.7062,0.666667,0,0,0
22642,15.0059,-14.7062,0.333333,0,0,0
22643,15.2956,-14.5292,0.666667,0,0,0
22644,15.2956,-14.5292,0.333333,0,0,0
22645,15.5853,-14.3521,0.666667,0,0,0
22646,15.5853,-14.3521,0.333333,0,0,0
22647,3.91687,-18.4108,0.666667,0,0,0
22648,3.91687,-18.4108,0.333333,0,0,0
22649,4.69784,-18.2683,0.666667,0,0,0
22650,4.69784,-18.2683,0.333333,0,0,0
22651,5.4788,-18.1258,0.666667,0,0,0
22652,5.4788,-18.1258,0.333333,0,0,0
22653,6.25977,-17.9833,0.666667,0,0,0
22654,6.25977,-17.9833,0.333333,0,0,0
22655,6.65021,-17.9121,0.666667,0,0,0
22656,6.65021,-17.9121,0.333333,0,0,0
22657,7.04066,-17.8408,0.666667,0,0,0
22658,7.04066,-17.8408,0.333333,0,0,0
22659,7.43111,-17.7696,0.666667,0,0,0
22660,7.43111,-17.7696,0.333333,0,0,0
22661,7.82156,-17.6984,0.666667,0,0,0
22662,7.82156,-17.6984,0.333333,0,0,0
22663,8.21201,-17.6271,0.666667,0,0,0
22664,8.21201,-17.6271,0.333333,0,0,0
22665,8.60246,-17.5559,0.666667,0,0,0
22666,8.60246,-17.5559,0.333333,0,0,0
22667,8.9929,-17.4847,0.666667,0,0,0
22668,8.9929,-17.4847,0.333333,0,0,0
22669,9.38335,-17.4134,0.666667,0,0,0
22670,9.38335,-17.4134,0.333333,0,0,0
22671,9.77379,-17.3422,0.666667,0,0,0
22672,9.77379,-17.3422,0.333333,0,0,0
22673,10.1642,-17.271,0.666667,0,0,0
22674,10.1642,-17.271,0.333333,0,0,0
22675,10.5547,-17.1998,0.666667,0,0,0
22676,10.5547,-17.1998,0.333333,0,0,0
22677,10.9451,-17.1285,0.666667,0,0,0
22678,10.9451,-17.1285,0.333333,0,0,0
22679,11.3356,-17.0573,0.666667,0,0,0
22680,11.3356,-17.0573,0.333333,0,0,0
22681,11.726,-16.9861,0.666667,0,0,0
22682,11.726,-16.9861,0.333333,0,0,0
22683,12.1164,-16.9148,0.666667,0,0,0
22684,12.1164,-16.9148,0.333333,0,0,0
22685,12.5069,-16.8436,0.666667,0,0,0
22686,12.5069,-16.8436,0.333333,0,0,0
22687,12.7875,-16.7025,0.666667,0,0,0
22688,12.7875,-16.7025,0.333333,0,0,0
22689,13.0682,-16.5613,0.666667,0,0,0
22690,13.0682,-16.5613,0.333333,0,0,0
22691,13.3489,-16.4202,0.666667,0,0,0
22692,13.3489,-16.4202,0.333333,0,0,0
22693,13.6296,-16.2791,0.666667,0,0,0
22694,13.6296,-16.2791,0.333333,0,0,0
22695,13.9103,-16.1379,0.666667,0,0,0
22696,13.9103,-16.1379,0.333333,0,0,0
22697,14.1909,-15.9968,0.666667,0,0,0
22698,14.1909,-15.9968,0.333333,0,0,0
22699,14.4716,-15.8557,0.666667,0,0,0
22700,14.4716,-15.8557,0.333333,0,0,0
22701,14.7523,-15.7145,0.666667,0,0,0
22702,14.7523,-15.7145,0.333333,0,0,0
22703,15.033,-15.5734,0.666667,0,0,0
22704,15.033,-15.5734,0.333333,0,0,0
22705,15.3136,-15.4323,0.666667,0,0,0
22706,15.3136,-15.4323,0.333333,0,0,0
22707,15.5943,-15.2911,0.666667,0,0,0
22708,15.5943,-15.2911,0.333333,0,0,0
22709,3.93954,-18.5697,0.666667,0,0,0
22710,3.93954,-18.5697,0.333333,0,0,0
22711,4.72609,-18.4626,0.666667,0,0,0
22712,4.72609,-18.4626,0.333333,0,0,0
22713,5.51264,-18.3554,0.666667,0,0,0
22714,5.51264,-18.3554,0.333333,0,0,0
22715,6.29919,-18.2483,0.666667,0,0,0
22716,6.29919,-18.2483,0.333333,0,0,0
22717,6.69245,-18.1948,0.666667,0,0,0
22718,6.69245,-18.1948,0.333333,0,0,0
22719,7.0857,-18.1412,0.666667,0,0,0
22720,7.0857,-18.1412,0.333333,0,0,0
22721,7.47896,-18.0877,0.666667,0,0,0
22722,7.47896,-18.0877,0.333333,0,0,0
22723,7.87221,-18.0341,0.666667,0,0,0
22724,7.87221,-18.0341,0.333333,0,0,0
22725,8.26547,-17.9806,0.666667,0,0,0
22726,8.26547,-17.9806,0.333333,0,0,0
22727,8.65872,-17.927,0.666667,0,0,0
22728,8.65872,-17.927,0.333333,0,0,0
22729,9.05198,-17.8735,0.666667,0,0,0
22730,9.05198,-17.8735,0.333333,0,0,0
22731,9.44524,-17.8199,0.666667,0,0,0
22732,9.44524,-17.8199,0.333333,0,0,0
22733,9.83849,-17.7664,0.666667,0,0,0
22734,9.83849,-17.7664,0.333333,0,0,0
22735,10.2317,-17.7128,0.666667,0,0,0
22736,10.2317,-17.7128,0.333333,0,0,0
22737,10.625,-17.6593,0.666667,0,0,0
22738,10.625,-17.6593,0.333333,0,0,0
22739,11.0182,-17.6057,0.666667,0,0,0
22740,11.0182,-17.6057,0.333333,0,0,0
22741,11.4115,-17.5522,0.666667,0,0,0
22742,11.4115,-17.5522,0.333333,0,0,0
22743,11.8047,-17.4986,0.666667,0,0,0
22744,11.8047,-17.4986,0.333333,0,0,0
22745,12.198,-17.4451,0.666667,0,0,0
22746,12.198,-17.4451,0.333333,0,0,0
22747,12.5912,-17.3915,0.666667,0,0,0
22748,12.5912,-17.3915,0.333333,0,0,0
22749,12.8649,-17.286,0.666667,0,0,0
22750,12.8649,-17.286,0.333333,0,0,0
22751,13.1385,-17.1804,0.666667,0,0,0
22752,13.1385,-17.1804,0.333333,0,0,0
22753,13.4122,-17.0749,0.666667,0,0,0
22754,13.4122,-17.0749,0.333333,0,0,0
22755,13.6858,-16.9693,0.666667,0,0,0
22756,13.6858,-16.9693,0.333333,0,0,0
22757,13.9595,-16.8638,0.666667,0,0,0
22758,13.9595,-16.8638,0.333333,0,0,0
22759,14.2331,-16.7583,0.666667,0,0,0
22760,14.2331,-16.7583,0.333333,0,0,0
22761,14.5068,-16.6527,0.666667,0,0,0
22762,14.5068,-16.6527,0.333333,0,0,0
22763,14.7804,-16.5472,0.666667,0,0,0
22764,14.7804,-16.5472,0.333333,0,0,0
22765,15.0541,-16.4416,0.666667,0,0,0
22766,15.0541,-16.4416,0.333333,0,0,0
22767,15.3277,-16.3361,0.666667,0,0,0
22768,15.3277,-16.3361,0.333333,0,0,0
22769,15.6014,-16.2305,0.666667,0,0,0
22770,15.6014,-16.2305,0.333333,0,0,0
22771,3.95576,-18.7294,0.666667,0,0,0
22772,3.95576,-18.7294,0.333333,0,0,0
22773,4.74631,-18.6578,0.666667,0,0,0
22774,4.74631,-18.6578,0.333333,0,0,0
22775,5.53685,-18.5863,0.666667,0,0,0
22776,5.53685,-18.5863,0.333333,0,0,0
22777,6.3274,-18.5147,0.666667,0,0,0
22778,6.3274,-18.5147,0.333333,0,0,0
22779,6.72267,-18.479,0.666667,0,0,0
22780,6.72267,-18.479,0.333333,0,0,0
22781,7.11793,-18.4432,0.666667,0,0,0
22782,7.11793,-18.4432,0.333333,0,0,0
22783,7.5132,-18.4075,0.666667,0,0,0
22784,7.5132,-18.4075,0.333333,0,0,0
22785,7.90846,-18.3717,0.666667,0,0,0
22786,7.90846,-18.3717,0.333333,0,0,0
22787,8.30373,-18.3359,0.666667,0,0,0
22788,8.30373,-18.3359,0.333333,0,0,0
22789,8.69899,-18.3002,0.666667,0,0,0
22790,8.69899,-18.3002,0.333333,0,0,0
22791,9.09426,-18.2644,0.666667,0,0,0
22792,9.09426,-18.2644,0.333333,0,0,0
22793,9.48952,-18.2287,0.666667,0,0,0
22794,9.48952,-18.2287,0.333333,0,0,0
22795,9.88478,-18.1929,0.666667,0,0,0
22796,9.88478,-18.1929,0.333333,0,0,0
22797,10.28,-18.1571,0.666667,0,0,0
22798,10.28,-18.1571,0.333333,0,0,0
22799,10.6753,-18.1214,0.666667,0,0,0
22800,10.6753,-18.1214,0.333333,0,0,0
22801,11.0706,-18.0856,0.666667,0,0,0
22802,11.0706,-18.0856,0.333333,0,0,0
22803,11.4658,-18.0499,0.666667,0,0,0
22804,11.4658,-18.0499,0.333333,0,0,0
22805,11.8611,-18.0141,0.666667,0,0,0
22806,11.8611,-18.0141,0.333333,0,0,0
22807,12.2564,-17.9783,0.666667,0,0,0
22808,12.2564,-17.9783,0.333333,0,0,0
22809,12.6516,-17.9426,0.666667,0,0,0
22810,12.6516,-17.9426,0.333333,0,0,0
22811,12.9202,-17.8724,0.666667,0,0,0
22812,12.9202,-17.8724,0.333333,0,0,0
22813,13.1889,-17.8022,0.666667,0,0,0
22814,13.1889,-17.8022,0.333333,0,0,0
22815,13.4575,-17.7319,0.666667,0,0,0
22816,13.4575,-17.7319,0.333333,0,0,0
22817,13.7261,-17.6617,0.666667,0,0,0
22818,13.7261,-17.6617,0.333333,0,0,0
22819,13.9947,-17.5915,0.666667,0,0,0
22820,13.9947,-17.5915,0.333333,0,0,0
22821,14.2633,-17.5213,0.666667,0,0,0
22822,14.2633,-17.5213,0.333333,0,0,0
22823,14.5319,-17.4511,0.666667,0,0,0
22824,14.5319,-17.4511,0.333333,0,0,0
22825,14.8005,-17.3809,0.666667,0,0,0
22826,14.8005,-17.3809,0.333333,0,0,0
22827,15.0692,-17.3106,0.666667,0,0,0
22828,15.0692,-17.3106,0.333333,0,0,0
22829,15.3378,-17.2404,0.666667,0,0,0
22830,15.3378,-17.2404,0.333333,0,0,0
22831,15.6064,-17.1702,0.666667,0,0,0
22832,15.6064,-17.1702,0.333333,0,0,0
22833,3.9655,-18.8895,0.666667,0,0,0
22834,3.9655,-18.8895,0.333333,0,0,0
22835,4.75845,-18.8537,0.666667,0,0,0
22836,4.75845,-18.8537,0.333333,0,0,0
22837,5.5514,-18.8179,0.666667,0,0,0
22838,5.5514,-18.8179,0.333333,0,0,0
22839,6.34435,-18.7821,0.666667,0,0,0
22840,6.34435,-18.7821,0.333333,0,0,0
22841,6.74082,-18.7642,0.666667,0,0,0
22842,6.74082,-18.7642,0.333333,0,0,0
22843,7.13729,-18.7463,0.666667,0,0,0
22844,7.13729,-18.7463,0.333333,0,0,0
22845,7.53376,-18.7284,0.666667,0,0,0
22846,7.53376,-18.7284,0.333333,0,0,0
22847,7.93024,-18.7105,0.666667,0,0,0
22848,7.93024,-18.7105,0.333333,0,0,0
22849,8.32671,-18.6926,0.666667,0,0,0
22850,8.32671,-18.6926,0.333333,0,0,0
22851,8.72318,-18.6747,0.666667,0,0,0
22852,8.72318,-18.6747,0.333333,0,0,0
22853,9.11965,-18.6568,0.666667,0,0,0
22854,9.11965,-18.6568,0.333333,0,0,0
22855,9.51613,-18.6389,0.666667,0,0,0
22856,9.51613,-18.6389,0.333333,0,0,0
22857,9.9126,-18.621,0.666667,0,0,0
22858,9.9126,-18.621,0.333333,0,0,0
22859,10.3091,-18.6032,0.666667,0,0,0
22860,10.3091,-18.6032,0.333333,0,0,0
22861,10.7055,-18.5853,0.666667,0,0,0
22862,10.7055,-18.5853,0.333333,0,0,0
22863,11.102,-18.5674,0.666667,0,0,0
22864,11.102,-18.5674,0.333333,0,0,0
22865,11.4985,-18.5495,0.666667,0,0,0
22866,11.4985,-18.5495,0.333333,0,0,0
22867,11.895,-18.5316,0.666667,0,0,0
22868,11.895,-18.5316,0.333333,0,0,0
22869,12.2914,-18.5137,0.666667,0,0,0
22870,12.2914,-18.5137,0.333333,0,0,0
22871,12.6879,-18.4958,0.666667,0,0,0
22872,12.6879,-18.4958,0.333333,0,0,0
22873,12.9535,-18.4607,0.666667,0,0,0
22874,12.9535,-18.4607,0.333333,0,0,0
22875,13.2191,-18.4256,0.666667,0,0,0
22876,13.2191,-18.4256,0.333333,0,0,0
22877,13.4847,-18.3906,0.666667,0,0,0
22878,13.4847,-18.3906,0.333333,0,0,0
22879,13.7503,-18.3555,0.666667,0,0,0
22880,13.7503,-18.3555,0.333333,0,0,0
22881,14.0159,-18.3204,0.666667,0,0,0
22882,14.0159,-18.3204,0.333333,0,0,0
22883,14.2815,-18.2854,0.666667,0,0,0
22884,14.2815,-18.2854,0.333333,0,0,0
22885,14.547,-18.2503,0.666667,0,0,0
22886,14.547,-18.2503,0.333333,0,0,0
22887,14.8126,-18.2153,0.666667,0,0,0
22888,14.8126,-18.2153,0.333333,0,0,0
22889,15.0782,-18.1802,0.666667,0,0,0
22890,15.0782,-18.1802,0.333333,0,0,0
22891,15.3438,-18.1451,0.666667,0,0,0
22892,15.3438,-18.1451,0.333333,0,0,0
22893,15.6094,-18.1101,0.666667,0,0,0
22894,15.6094,-18.1101,0.333333,0,0,0
22895,14.8828,18.0711,0.666667,0,0,0
22896,14.8828,18.0711,0.333333,0,0,0
22897,13.8906,18.0711,0.666667,0,0,0
22898,13.8906,18.0711,0.333333,0,0,0
22899,12.8984,18.0711,0.666667,0,0,0
22900,12.8984,18.0711,0.333333,0,0,0
22901,11.9062,18.0711,0.666667,0,0,0
22902,11.9062,18.0711,0.333333,0,0,0
22903,10.9141,18.0711,0.666667,0,0,0
22904,10.9141,18.0711,0.333333,0,0,0
22905,9.92188,18.0711,0.666667,0,0,0
22906,9.92188,18.0711,0.333333,0,0,0
22907,8.92969,18.0711,0.666667,0,0,0
22908,8.92969,18.0711,0.333333,0,0,0
22909,7.9375,18.0711,0.666667,0,0,0
22910,7.9375,18.0711,0.333333,0,0,0
22911,6.94531,18.0711,0.666667,0,0,0
22912,6.94531,18.0711,0.333333,0,0,0
22913,5.95312,18.0711,0.666667,0,0,0
22914,5.95312,18.0711,0.333333,0,0,0
22915,4.96094,18.0711,0.666667,0,0,0
22916,4.96094,18.0711,0.333333,0,0,0
22917,3.96875,18.0711,0.666667,0,0,0
22918,3.96875,18.0711,0.333333,0,0,0
22919,2.97656,18.0711,0.666667,0,0,0
22920,2.97656,18.0711,0.333333,0,0,0
22921,1.98438,18.0711,0.666667,0,0,0
22922,1.98438,18.0711,0.333333,0,0,0
22923,0.992188,18.0711,0.666667,0,0,0
22924,0.992188,18.0711,0.333333,0,0,0
22925,14.8828,17.0921,0.666667,0,0,0
22926,14.8828,17.0921,0.333333,0,0,0
22927,13.8906,17.0921,0.666667,0,0,0
22928,13.8906,17.0921,0.333333,0,0,0
22929,12.8984,17.0921,0.666667,0,0,0
22930,12.8984,17.0921,0.333333,0,0,0
22931,11.9062,17.0921,0.666667,0,0,0
22932,11.9062,17.0921,0.333333,0,0,0
22933,10.9141,17.0921,0.666667,0,0,0
22934,10.9141,17.0921,0.333333,0,0,0
22935,9.92188,17.0921,0.666667,0,0,0
22936,9.92188,17.0921,0.333333,0,0,0
22937,8.92969,17.0921,0.666667,0,0,0
22938,8.92969,17.0921,0.333333,0,0,0
22939,7.9375,17.0921,0.666667,0,0,0
22940,7.9375,17.0921,0.333333,0,0,0
22941,6.94531,17.0921,0.666667,0,0,0
22942,6.94531,17.0921,0.333333,0,0,0
22943,5.95312,17.0921,0.666667,0,0,0
22944,5.95312,17.0921,0.333333,0,0,0
22945,4.96094,17.0921,0.666667,0,0,0
22946,4.96094,17.0921,0.333333,0,0,0
22947,3.96875,17.0921,0.666667,0,0,0
22948,3.96875,17.0921,0.333333,0,0,0
22949,2.97656,17.0921,0.666667,0,0,0
22950,2.97656,17.0921,0.333333,0,0,0
22951,1.98438,17.0921,0.666667,0,0,0
22952,1.98438,17.0921,0.333333,0,0,0
22953,0.992188,17.0921,0.666667,0,0,0
22954,0.992188,17.0921,0.333333,0,0,0
22955,14.8828,16.1132,0.666667,0,0,0
22956,14.8828,16.1132,0.333333,0,0,0
22957,13.8906,16.1132,0.666667,0,0,0
22958,13.8906,16.1132,0.333333,0,0,0
22959,12.8984,16.1132,0.666667,0,0,0
22960,12.8984,16.1132,0.333333,0,0,0
22961,11.9062,16.1132,0.666667,0,0,0
22962,11.9062,16.1132,0.333333,0,0,0
22963,10.9141,16.1132,0.666667,0,0,0
22964,10.9141,16.1132,0.333333,0,0,0
22965,9.92188,16.1132,0.666667,0,0,0
22966,9.92188,16.1132,0.333333,0,0,0
22967,8.92969,16.1132,0.666667,0,0,0
22968,8.92969,16.1132,0.333333,0,0,0
22969,7.9375,16.1132,0.666667,0,0,0
22970,7.9375,16.1132,0.333333,0,0,0
22971,6.94531,16.1132,0.666667,0,0,0
22972,6.94531,16.1132,0.333333,0,0,0
22973,5.95312,16.1132,0.666667,0,0,0
22974,5.95312,16.1132,0.333333,0,0,0
22975,4.96094,16.1132,0.666667,0,0,0
22976,4.96094,16.1132,0.333333,0,0,0
22977,3.96875,16.1132,0.666667,0,0,0
22978,3.96875,16.1132,0.333333,0,0,0
22979,2.97656,16.1132,0.666667,0,0,0
22980,2.97656,16.1132,0.333333,0,0,0
22981,1.98438,16.1132,0.666667,0,0,0
22982,1.98438,16.1132,0.333333,0,0,0
22983,0.992188,16.1132,0.666667,0,0,0
22984,0.992188,16.1132,0.333333,0,0,0
22985,14.8828,15.1342,0.666667,0,0,0
22986,14.8828,15.1342,0.333333,0,0,0
22987,13.8906,15.1342,0.666667,0,0,0
22988,13.8906,15.1342,0.333333,0,0,0
22989,12.8984,15.1342,0.666667,0,0,0
22990,12.8984,15.1342,0.333333,0,0,0
22991,11.9062,15.1342,0.666667,0,0,0
22992,11.9062,15.1342,0.333333,0,0,0
22993,10.9141,15.1342,0.666667,0,0,0
22994,10.9141,15.1342,0.333333,0,0,0
22995,9.92188,15.1342,0.666667,0,0,0
22996,9.92188,15.1342,0.333333,0,0,0
22997,8.92969,15.1342,0.666667,0,0,0
22998,8.92969,15.1342,0.333333,0,0,0
22999,7.9375,15.1342,0.666667,0,0,0
23000,7.9375,15.1342,0.333333,0,0,0
23001,6.94531,15.1342,0.666667,0,0,0
23002,6.94531,15.1342,0.333333,0,0,0
23003,5.95312,15.1342,0.666667,0,0,0
23004,5.95312,15.1342,0.333333,0,0,0
23005,4.96094,15.1342,0.666667,0,0,0
23006,4.96094,15.1342,0.333333,0,0,0
23007,3.96875,15.1342,0.666667,0,0,0
23008,3.96875,15.1342,0.333333,0,0,0
23009,2.97656,15.1342,0.666667,0,0,0
23010,2.97656,15.1342,0.333333,0,0,0
23011,1.98438,15.1342,0.666667,0,0,0
23012,1.98438,15.1342,0.333333,0,0,0
23013,0.992188,15.1342,0.666667,0,0,0
23014,0.992188,15.1342,0.333333,0,0,0
23015,14.8828,14.1553,0.666667,0,0,0
23016,14.8828,14.1553,0.333333,0,0,0
23017,13.8906,14.1553,0.666667,0,0,0
23018,13.8906,14.1553,0.333333,0,0,0
23019,12.8984,14.1553,0.666667,0,0,0
23020,12.8984,14.1553,0.333333,0,0,0
23021,11.9062,14.1553,0.666667,0,0,0
23022,11.9062,14.1553,0.333333,0,0,0
23023,10.9141,14.1553,0.666667,0,0,0
23024,10.9141,14.1553,0.333333,0,0,0
23025,9.92188,14.1553,0.666667,0,0,0
23026,9.92188,14.1553,0.333333,0,0,0
23027,8.92969,14.1553,0.666667,0,0,0
23028,8.92969,14.1553,0.333333,0,0,0
23029,7.9375,14.1553,0.666667,0,0,0
23030,7.9375,14.1553,0.333333,0,0,0
23031,6.94531,14.1553,0.666667,0,0,0
23032,6.94531,14.1553,0.333333,0,0,0
23033,5.95312,14.1553,0.666667,0,0,0
23034,5.95312,14.1553,0.333333,0,0,0
23035,4.96094,14.1553,0.666667,0,0,0
23036,4.96094,14.1553,0.333333,0,0,0
23037,3.96875,14.1553,0.666667,0,0,0
23038,3.96875,14.1553,0.333333,0,0,0
23039,2.97656,14.1553,0.666667,0,0,0
23040,2.97656,14.1553,0.333333,0,0,0
23041,1.98438,14.1553,0.666667,0,0,0
23042,1.98438,14.1553,0.333333,0,0,0
23043,0.992188,14.1553,0.666667,0,0,0
23044,0.992188,14.1553,0.333333,0,0,0
23045,14.8828,13.1763,0.666667,0,0,0
23046,14.8828,13.1763,0.333333,0,0,0
23047,13.8906,13.1763,0.666667,0,0,0
23048,13.8906,13.1763,0.333333,0,0,0
23049,12.8984,13.1763,0.666667,0,0,0
23050,12.8984,13.1763,0.333333,0,0,0
23051,11.9062,13.1763,0.666667,0,0,0
23052,11.9062,13.1763,0.333333,0,0,0
23053,10.9141,13.1763,0.666667,0,0,0
23054,10.9141,13.1763,0.333333,0,0,0
23055,9.92188,13.1763,0.666667,0,0,0
23056,9.92188,13.1763,0.333333,0,0,0
23057,8.92969,13.1763,0.666667,0,0,0
23058,8.92969,13.1763,0.333333,0,0,0
23059,7.9375,13.1763,0.666667,0,0,0
23060,7.9375,13.1763,0.333333,0,0,0
23061,6.94531,13.1763,0.666667,0,0,0
23062,6.94531,13.1763,0.333333,0,0,0
23063,5.95312,13.1763,0.666667,0,0,0
23064,5.95312,13.1763,0.333333,0,0,0
23065,4.96094,13.1763,0.666667,0,0,0
23066,4.96094,13.1763,0.333333,0,0,0
23067,3.96875,13.1763,0.666667,0,0,0
23068,3.96875,13.1763,0.333333,0,0,0
23069,2.97656,13.1763,0.666667,0,0,0
23070,2.97656,13.1763,0.333333,0,0,0
23071,1.98438,13.1763,0.666667,0,0,0
23072,1.98438,13.1763,0.333333,0,0,0
23073,0.992188,13.1763,0.666667,0,0,0
23074,0.992188,13.1763,0.333333,0,0,0
23075,14.8828,12.1974,0.666667,0,0,0
23076,14.8828,12.1974,0.333333,0,0,0
23077,13.8906,12.1974,0.666667,0,0,0
23078,13.8906,12.1974,0.333333,0,0,0
23079,12.8984,12.1974,0.666667,0,0,0
23080,12.8984,12.1974,0.333333,0,0,0
23081,11.9062,12.1974,0.666667,0,0,0
23082,11.9062,12.1974,0.333333,0,0,0
23083,10.9141,12.1974,0.666667,0,0,0
23084,10.9141,12.1974,0.333333,0,0,0
23085,9.92188,12.1974,0.666667,0,0,0
23086,9.92188,12.1974,0.333333,0,0,0
23087,8.92969,12.1974,0.666667,0,0,0
23088,8.92969,12.1974,0.333333,0,0,0
23089,7.9375,12.1974,0.666667,0,0,0
23090,7.9375,12.1974,0.333333,0,0,0
23091,6.94531,12.1974,0.666667,0,0,0
23092,6.94531,12.1974,0.333333,0,0,0
23093,5.95312,12.1974,0.666667,0,0,0
23094,5.95312,12.1974,0.333333,0,0,0
23095,4.96094,12.1974,0.666667,0,0,0
23096,4.96094,12.1974,0.333333,0,0,0
23097,3.96875,12.1974,0.666667,0,0,0
23098,3.96875,12.1974,0.333333,0,0,0
23099,2.97656,12.1974,0.666667,0,0,0
23100,2.97656,12.1974,0.333333,0,0,0
23101,1.98438,12.1974,0.666667,0,0,0
23102,1.98438,12.1974,0.333333,0,0,0
23103,0.992188,12.1974,0.666667,0,0,0
23104,0.992188,12.1974,0.333333,0,0,0
23105,14.8828,11.2184,0.666667,0,0,0
23106,14.8828,11.2184,0.333333,0,0,0
23107,13.8906,11.2184,0.666667,0,0,0
23108,13.8906,11.2184,0.333333,0,0,0
23109,12.8984,11.2184,0.666667,0,0,0
23110,12.8984,11.2184,0.333333,0,0,0
23111,11.9062,11.2184,0.666667,0,0,0
23112,11.9062,11.2184,0.333333,0,0,0
23113,10.9141,11.2184,0.666667,0,0,0
23114,10.9141,11.2184,0.333333,0,0,0
23115,9.92188,11.2184,0.666667,0,0,0
23116,9.92188,11.2184,0.333333,0,0,0
23117,8.92969,11.2184,0.666667,0,0,0
23118,8.92969,11.2184,0.333333,0,0,0
23119,7.9375,11.2184,0.666667,0,0,0
23120,7.9375,11.2184,0.333333,0,0,0
23121,6.94531,11.2184,0.666667,0,0,0
23122,6.94531,11.2184,0.333333,0,0,0
23123,5.95312,11.2184,0.666667,0,0,0
23124,5.95312,11.2184,0.333333,0,0,0
23125,4.96094,11.2184,0.666667,0,0,0
23126,4.96094,11.2184,0.333333,0,0,0
23127,3.96875,11.2184,0.666667,0,0,0
23128,3.96875,11.2184,0.333333,0,0,0
23129,2.97656,11.2184,0.666667,0,0,0
23130,2.97656,11.2184,0.333333,0,0,0
23131,1.98438,11.2184,0.666667,0,0,0
23132,1.98438,11.2184,0.333333,0,0,0
23133,0.992188,11.2184,0.666667,0,0,0
23134,0.992188,11.2184,0.333333,0,0,0
23135,14.8828,10.2395,0.666667,0,0,0
23136,14.8828,10.2395,0.333333,0,0,0
23137,13.8906,10.2395,0.666667,0,0,0
23138,13.8906,10.2395,0.333333,0,0,0
23139,12.8984,10.2395,0.666667,0,0,0
23140,12.8984,10.2395,0.333333,0,0,0
23141,11.9062,10.2395,0.666667,0,0,0
23142,11.9062,10.2395,0.333333,0,0,0
23143,10.9141,10.2395,0.666667,0,0,0
23144,10.9141,10.2395,0.333333,0,0,0
23145,9.92188,10.2395,0.666667,0,0,0
23146,9.92188,10.2395,0.333333,0,0,0
23147,8.92969,10.2395,0.666667,0,0,0
23148,8.92969,10.2395,0.333333,0,0,0
23149,7.9375,10.2395,0.666667,0,0,0
23150,7.9375,10.2395,0.333333,0,0,0
23151,6.94531,10.2395,0.666667,0,0,0
23152,6.94531,10.2395,0.333333,0,0,0
23153,5.95312,10.2395,0.666667,0,0,0
23154,5.95312,10.2395,0.333333,0,0,0
23155,4.96094,10.2395,0.666667,0,0,0
23156,4.96094,10.2395,0.333333,0,0,0
23157,3.96875,10.2395,0.666667,0,0,0
23158,3.96875,10.2395,0.333333,0,0,0
23159,2.97656,10.2395,0.666667,0,0,0
23160,2.97656,10.2395,0.333333,0,0,0
23161,1.98438,10.2395,0.666667,0,0,0
23162,1.98438,10.2395,0.333333,0,0,0
23163,0.992188,10.2395,0.666667,0,0,0
23164,0.992188,10.2395,0.333333,0,0,0
23165,14.8828,9.26053,0.666667,0,0,0
23166,14.8828,9.26053,0.333333,0,0,0
23167,13.8906,9.26053,0.666667,0,0,0
23168,13.8906,9.26053,0.333333,0,0,0
23169,12.8984,9.26053,0.666667,0,0,0
23170,12.8984,9.26053,0.333333,0,0,0
23171,11.9062,9.26053,0.666667,0,0,0
23172,11.9062,9.26053,0.333333,0,0,0
23173,10.9141,9.26053,0.666667,0,0,0
23174,10.9141,9.26053,0.333333,0,0,0
23175,9.92188,9.26053,0.666667,0,0,0
23176,9.92188,9.26053,0.333333,0,0,0
23177,8.92969,9.26053,0.666667,0,0,0
23178,8.92969,9.26053,0.333333,0,0,0
23179,7.9375,9.26053,0.666667,0,0,0
23180,7.9375,9.26053,0.333333,0,0,0
23181,6.94531,9.26053,0.666667,0,0,0
23182,6.94531,9.26053,0.333333,0,0,0
23183,5.95312,9.26053,0.666667,0,0,0
23184,5.95312,9.26053,0.333333,0,0,0
23185,4.96094,9.26053,0.666667,0,0,0
23186,4.96094,9.26053,0.333333,0,0,0
23187,3.96875,9.26053,0.666667,0,0,0
23188,3.96875,9.26053,0.333333,0,0,0
23189,2.97656,9.26053,0.666667,0,0,0
23190,2.97656,9.26053,0.333333,0,0,0
23191,1.98438,9.26053,0.666667,0,0,0
23192,1.98438,9.26053,0.333333,0,0,0
23193,0.992188,9.26053,0.666667,0,0,0
23194,0.992188,9.26053,0.333333,0,0,0
23195,14.8828,8.28158,0.666667,0,0,0
23196,14.8828,8.28158,0.333333,0,0,0
23197,13.8906,8.28158,0.666667,0,0,0
23198,13.8906,8.28158,0.333333,0,0,0
23199,12.8984,8.28158,0.666667,0,0,0
23200,12.8984,8.28158,0.333333,0,0,0
23201,11.9062,8.28158,0.666667,0,0,0
23202,11.9062,8.28158,0.333333,0,0,0
23203,10.9141,8.28158,0.666667,0,0,0
23204,10.9141,8.28158,0.333333,0,0,0
23205,9.92188,8.28158,0.666667,0,0,0
23206,9.92188,8.28158,0.333333,0,0,0
23207,8.92969,8.28158,0.666667,0,0,0
23208,8.92969,8.28158,0.333333,0,0,0
23209,7.9375,8.28158,0.666667,0,0,0
23210,7.9375,8.28158,0.333333,0,0,0
23211,6.94531,8.28158,0.666667,0,0,0
23212,6.94531,8.28158,0.333333,0,0,0
23213,5.95312,8.28158,0.666667,0,0,0
23214,5.95312,8.28158,0.333333,0,0,0
23215,4.96094,8.28158,0.666667,0,0,0
23216,4.96094,8.28158,0.333333,0,0,0
23217,3.96875,8.28158,0.666667,0,0,0
23218,3.96875,8.28158,0.333333,0,0,0
23219,2.97656,8.28158,0.666667,0,0,0
23220,2.97656,8.28158,0.333333,0,0,0
23221,1.98438,8.28158,0.666667,0,0,0
23222,1.98438,8.28158,0.333333,0,0,0
23223,0.992188,8.28158,0.666667,0,0,0
23224,0.992188,8.28158,0.333333,0,0,0
23225,14.8828,7.30263,0.666667,0,0,0
23226,14.8828,7.30263,0.333333,0,0,0
23227,13.8906,7.30263,0.666667,0,0,0
23228,13.8906,7.30263,0.333333,0,0,0
23229,12.8984,7.30263,0.666667,0,0,0
23230,12.8984,7.30263,0.333333,0,0,0
23231,11.9062,7.30263,0.666667,0,0,0
23232,11.9062,7.30263,0.333333,0,0,0
23233,10.9141,7.30263,0.666667,0,0,0
23234,10.9141,7.30263,0.333333,0,0,0
23235,9.92188,7.30263,0.666667,0,0,0
23236,9.92188,7.30263,0.333333,0,0,0
23237,8.92969,7.30263,0.666667,0,0,0
23238,8.92969,7.30263,0.333333,0,0,0
23239,7.9375,7.30263,0.666667,0,0,0
23240,7.9375,7.30263,0.333333,0,0,0
23241,6.94531,7.30263,0.666667,0,0,0
23242,6.94531,7.30263,0.333333,0,0,0
23243,5.95312,7.30263,0.666667,0,0,0
23244,5.95312,7.30263,0.333333,0,0,0
23245,4.96094,7.30263,0.666667,0,0,0
23246,4.96094,7.30263,0.333333,0,0,0
23247,3.96875,7.30263,0.666667,0,0,0
23248,3.96875,7.30263,0.333333,0,0,0
23249,2.97656,7.30263,0.666667,0,0,0
23250,2.97656,7.30263,0.333333,0,0,0
23251,1.98438,7.30263,0.666667,0,0,0
23252,1.98438,7.30263,0.333333,0,0,0
23253,0.992188,7.30263,0.666667,0,0,0
23254,0.992188,7.30263,0.333333,0,0,0
23255,14.8828,6.32368,0.666667,0,0,0
23256,14.8828,6.32368,0.333333,0,0,0
23257,13.8906,6.32368,0.666667,0,0,0
23258,13.8906,6.32368,0.333333,0,0,0
23259,12.8984,6.32368,0.666667,0,0,0
23260,12.8984,6.32368,0.333333,0,0,0
23261,11.9062,6.32368,0.666667,0,0,0
23262,11.9062,6.32368,0.333333,0,0,0
23263,10.9141,6.32368,0.666667,0,0,0
23264,10.9141,6.32368,0.333333,0,0,0
23265,9.92188,6.32368,0.666667,0,0,0
23266,9.92188,6.32368,0.333333,0,0,0
23267,8.92969,6.32368,0.666667,0,0,0
23268,8.92969,6.32368,0.333333,0,0,0
23269,7.9375,6.32368,0.666667,0,0,0
23270,7.9375,6.32368,0.333333,0,0,0
23271,6.94531,6.32368,0.666667,0,0,0
23272,6.94531,6.32368,0.333333,0,0,0
23273,5.95312,6.32368,0.666667,0,0,0
23274,5.95312,6.32368,0.333333,0,0,0
23275,4.96094,6.32368,0.666667,0,0,0
23276,4.96094,6.32368,0.333333,0,0,0
23277,3.96875,6.32368,0.666667,0,0,0
23278,3.96875,6.32368,0.333333,0,0,0
23279,2.97656,6.32368,0.666667,0,0,0
23280,2.97656,6.32368,0.333333,0,0,0
23281,1.98438,6.32368,0.666667,0,0,0
23282,1.98438,6.32368,0.333333,0,0,0
23283,0.992188,6.32368,0.666667,0,0,0
23284,0.992188,6.32368,0.333333,0,0,0
23285,14.8828,5.34474,0.666667,0,0,0
23286,14.8828,5.34474,0.333333,0,0,0
23287,13.8906,5.34474,0.666667,0,0,0
23288,13.8906,5.34474,0.333333,0,0,0
23289,12.8984,5.34474,0.666667,0,0,0
23290,12.8984,5.34474,0.333333,0,0,0
23291,11.9062,5.34474,0.666667,0,0,0
23292,11.9062,5.34474,0.333333,0,0,0
23293,10.9141,5.34474,0.666667,0,0,0
23294,10.9141,5.34474,0.333333,0,0,0
23295,9.92188,5.34474,0.666667,0,0,0
23296,9.92188,5.34474,0.333333,0,0,0
23297,8.92969,5.34474,0.666667,0,0,0
23298,8.92969,5.34474,0.333333,0,0,0
23299,7.9375,5.34474,0.666667,0,0,0
23300,7.9375,5.34474,0.333333,0,0,0
23301,6.94531,5.34474,0.666667,0,0,0
23302,6.94531,5.34474,0.333333,0,0,0
23303,5.95312,5.34474,0.666667,0,0,0
23304,5.95312,5.34474,0.333333,0,0,0
23305,4.96094,5.34474,0.666667,0,0,0
23306,4.96094,5.34474,0.333333,0,0,0
23307,3.96875,5.34474,0.666667,0,0,0
23308,3.96875,5.34474,0.333333,0,0,0
23309,2.97656,5.34474,0.666667,0,0,0
23310,2.97656,5.34474,0.333333,0,0,0
23311,1.98438,5.34474,0.666667,0,0,0
23312,1.98438,5.34474,0.333333,0,0,0
23313,0.992188,5.34474,0.666667,0,0,0
23314,0.992188,5.34474,0.333333,0,0,0
23315,14.8828,4.36579,0.666667,0,0,0
23316,14.8828,4.36579,0.333333,0,0,0
23317,13.8906,4.36579,0.666667,0,0,0
23318,13.8906,4.36579,0.333333,0,0,0
23319,12.8984,4.36579,0.666667,0,0,0
23320,12.8984,4.36579,0.333333,0,0,0
23321,11.9062,4.36579,0.666667,0,0,0
23322,11.9062,4.36579,0.333333,0,0,0
23323,10.9141,4.36579,0.666667,0,0,0
23324,10.9141,4.36579,0.333333,0,0,0
23325,9.92188,4.36579,0.666667,0,0,0
23326,9.92188,4.36579,0.333333,0,0,0
23327,8.92969,4.36579,0.666667,0,0,0
23328,8.92969,4.36579,0.333333,0,0,0
23329,7.9375,4.36579,0.666667,0,0,0
23330,7.9375,4.36579,0.333333,0,0,0
23331,6.94531,4.36579,0.666667,0,0,0
23332,6.94531,4.36579,0.333333,0,0,0
23333,5.95312,4.36579,0.666667,0,0,0
23334,5.95312,4.36579,0.333333,0,0,0
23335,4.96094,4.36579,0.666667,0,0,0
23336,4.96094,4.36579,0.333333,0,0,0
23337,3.96875,4.36579,0.666667,0,0,0
23338,3.96875,4.36579,0.333333,0,0,0
23339,2.97656,4.36579,0.666667,0,0,0
23340,2.97656,4.36579,0.333333,0,0,0
23341,1.98438,4.36579,0.666667,0,0,0
23342,1.98438,4.36579,0.333333,0,0,0
23343,0.992188,4.36579,0.666667,0,0,0
23344,0.992188,4.36579,0.333333,0,0,0
23345,14.8828,3.38684,0.666667,0,0,0
23346,14.8828,3.38684,0.333333,0,0,0
23347,13.8906,3.38684,0.666667,0,0,0
23348,13.8906,3.38684,0.333333,0,0,0
23349,12.8984,3.38684,0.666667,0,0,0
23350,12.8984,3.38684,0.333333,0,0,0
23351,11.9062,3.38684,0.666667,0,0,0
23352,11.9062,3.38684,0.333333,0,0,0
23353,10.9141,3.38684,0.666667,0,0,0
23354,10.9141,3.38684,0.333333,0,0,0
23355,9.92188,3.38684,0.666667,0,0,0
23356,9.92188,3.38684,0.333333,0,0,0
23357,8.92969,3.38684,0.666667,0,0,0
23358,8.92969,3.38684,0.333333,0,0,0
23359,7.9375,3.38684,0.666667,0,0,0
23360,7.9375,3.38684,0.333333,0,0,0
23361,6.94531,3.38684,0.666667,0,0,0
23362,6.94531,3.38684,0.333333,0,0,0
23363,5.95312,3.38684,0.666667,0,0,0
23364,5.95312,3.38684,0.333333,0,0,0
23365,4.96094,3.38684,0.666667,0,0,0
23366,4.96094,3.38684,0.333333,0,0,0
23367,3.96875,3.38684,0.666667,0,0,0
23368,3.96875,3.38684,0.333333,0,0,0
23369,2.97656,3.38684,0.666667,0,0,0
23370,2.97656,3.38684,0.333333,0,0,0
23371,1.98438,3.38684,0.666667,0,0,0
23372,1.98438,3.38684,0.333333,0,0,0
23373,0.992188,3.38684,0.666667,0,0,0
23374,0.992188,3.38684,0.333333,0,0,0
23375,14.8828,2.40789,0.666667,0,0,0
23376,14.8828,2.40789,0.333333,0,0,0
23377,13.8906,2.40789,0.666667,0,0,0
23378,13.8906,2.40789,0.333333,0,0,0
23379,12.8984,2.40789,0.666667,0,0,0
23380,12.8984,2.40789,0.333333,0,0,0
23381,11.9062,2.40789,0.666667,0,0,0
23382,11.9062,2.40789,0.333333,0,0,0
23383,10.9141,2.40789,0.666667,0,0,0
23384,10.9141,2.40789,0.333333,0,0,0
23385,9.92188,2.40789,0.666667,0,0,0
23386,9.92188,2.40789,0.333333,0,0,0
23387,8.92969,2.40789,0.666667,0,0,0
23388,8.92969,2.40789,0.333333,0,0,0
23389,7.9375,2.40789,0.666667,0,0,0
23390,7.9375,2.40789,0.333333,0,0,0
23391,6.94531,2.40789,0.666667,0,0,0
23392,6.94531,2.40789,0.333333,0,0,0
23393,5.95312,2.40789,0.666667,0,0,0
23394,5.95312,2.40789,0.333333,0,0,0
23395,4.96094,2.40789,0.666667,0,0,0
23396,4.96094,2.40789,0.333333,0,0,0
23397,3.96875,2.40789,0.666667,0,0,0
23398,3.96875,2.40789,0.333333,0,0,0
23399,2.97656,2.40789,0.666667,0,0,0
23400,2.97656,2.40789,0.333333,0,0,0
23401,1.98438,2.40789,0.666667,0,0,0
23402,1.98438,2.40789,0.333333,0,0,0
23403,0.992188,2.40789,0.666667,0,0,0
23404,0.992188,2.40789,0.333333,0,0,0
23405,14.8828,1.42895,0.666667,0,0,0
23406,14.8828,1.42895,0.333333,0,0,0
23407,13.8906,1.42895,0.666667,0,0,0
23408,13.8906,1.42895,0.333333,0,0,0
23409,12.8984,1.42895,0.666667,0,0,0
23410,12.8984,1.42895,0.333333,0,0,0
23411,11.9062,1.42895,0.666667,0,0,0
23412,11.9062,1.42895,0.333333,0,0,0
23413,10.9141,1.42895,0.666667,0,0,0
23414,10.9141,1.42895,0.333333,0,0,0
23415,9.92188,1.42895,0.666667,0,0,0
23416,9.92188,1.42895,0.333333,0,0,0
23417,8.92969,1.42895,0.666667,0,0,0
23418,8.92969,1.42895,0.333333,0,0,0
23419,7.9375,1.42895,0.666667,0,0,0
23420,7.9375,1.42895,0.333333,0,0,0
23421,6.94531,1.42895,0.666667,0,0,0
23422,6.94531,1.42895,0.333333,0,0,0
23423,5.95312,1.42895,0.666667,0,0,0
23424,5.95312,1.42895,0.333333,0,0,0
23425,4.96094,1.42895,0.666667,0,0,0
23426,4.96094,1.42895,0.333333,0,0,0
23427,3.96875,1.42895,0.666667,0,0,0
23428,3.96875,1.42895,0.333333,0,0,0
23429,2.97656,1.42895,0.666667,0,0,0
23430,2.97656,1.42895,0.333333,0,0,0
23431,1.98438,1.42895,0.666667,0,0,0
23432,1.98438,1.42895,0.333333,0,0,0
23433,0.992188,1.42895,0.666667,0,0,0
23434,0.992188,1.42895,0.333333,0,0,0
23435,-0.992188,1.42895,0.666667,0,0,0
23436,-0.992188,1.42895,0.333333,0,0,0
23437,-0.992188,2.40789,0.666667,0,0,0
23438,-0.992188,2.40789,0.333333,0,0,0
23439,-0.992188,3.38684,0.666667,0,0,0
23440,-0.992188,3.38684,0.333333,0,0,0
23441,-0.992188,4.36579,0.666667,0,0,0
23442,-0.992188,4.36579,0.333333,0,0,0
23443,-0.992188,5.34474,0.666667,0,0,0
23444,-0.992188,5.34474,0.333333,0,0,0
23445,-0.992188,6.32368,0.666667,0,0,0
23446,-0.992188,6.32368,0.333333,0,0,0
23447,-0.992188,7.30263,0.666667,0,0,0
23448,-0.992188,7.30263,0.333333,0,0,0
23449,-0.992188,8.28158,0.666667,0,0,0
23450,-0.992188,8.28158,0.333333,0,0,0
23451,-0.992188,9.26053,0.666667,0,0,0
23452,-0.992188,9.26053,0.333333,0,0,0
23453,-0.992188,10.2395,0.666667,0,0,0
23454,-0.992188,10.2395,0.333333,0,0,0
23455,-0.992188,11.2184,0.666667,0,0,0
23456,-0.992188,11.2184,0.333333,0,0,0
23457,-0.992188,12.1974,0.666667,0,0,0
23458,-0.992188,12.1974,0.333333,0,0,0
23459,-0.992188,13.1763,0.666667,0,0,0
23460,-0.992188,13.1763,0.333333,0,0,0
23461,-0.992188,14.1553,0.666667,0,0,0
23462,-0.992188,14.1553,0.333333,0,0,0
23463,-0.992188,15.1342,0.666667,0,0,0
23464,-0.992188,15.1342,0.333333,0,0,0
23465,-0.992188,16.1132,0.666667,0,0,0
23466,-0.992188,16.1132,0.333333,0,0,0
23467,-0.992188,17.0921,0.666667,0,0,0
23468,-0.992188,17.0921,0.333333,0,0,0
23469,-0.992188,18.0711,0.666667,0,0,0
23470,-0.992188,18.0711,0.333333,0,0,0
23471,-1.98438,1.42895,0.666667,0,0,0
23472,-1.98438,1.42895,0.333333,0,0,0
23473,-1.98438,2.40789,0.666667,0,0,0
23474,-1.98438,2.40789,0.333333,0,0,0
23475,-1.98438,3.38684,0.666667,0,0,0
23476,-1.98438,3.38684,0.333333,0,0,0
23477,-1.98438,4.36579,0.666667,0,0,0
23478,-1.98438,4.36579,0.333333,0,0,0
23479,-1.98438,5.34474,0.666667,0,0,0
23480,-1.98438,5.34474,0.333333,0,0,0
23481,-1.98438,6.32368,0.666667,0,0,0
23482,-1.98438,6.32368,0.333333,0,0,0
23483,-1.98438,7.30263,0.666667,0,0,0
23484,-1.98438,7.30263,0.333333,0,0,0
23485,-1.98438,8.28158,0.666667,0,0,0
23486,-1.98438,8.28158,0.333333,0,0,0
23487,-1.98438,9.26053,0.666667,0,0,0
23488,-1.98438,9.26053,0.333333,0,0,0
23489,-1.98438,10.2395,0.666667,0,0,0
23490,-1.98438,10.2395,0.333333,0,0,0
23491,-1.98438,11.2184,0.666667,0,0,0
23492,-1.98438,11.2184,0.333333,0,0,0
23493,-1.98438,12.1974,0.666667,0,0,0
23494,-1.98438,12.1974,0.333333,0,0,0
23495,-1.98438,13.1763,0.666667,0,0,0
23496,-1.98438,13.1763,0.333333,0,0,0
23497,-1.98438,14.1553,0.666667,0,0,0
23498,-1.98438,14.1553,0.333333,0,0,0
23499,-1.98438,15.1342,0.666667,0,0,0
23500,-1.98438,15.1342,0.333333,0,0,0
23501,-1.98438,16.1132,0.666667,0,0,0
23502,-1.98438,16.1132,0.333333,0,0,0
23503,-1.98438,17.0921,0.666667,0,0,0
23504,-1.98438,17.0921,0.333333,0,0,0
23505,-1.98438,18.0711,0.666667,0,0,0
23506,-1.98438,18.0711,0.333333,0,0,0
23507,-2.97656,1.42895,0.666667,0,0,0
23508,-2.97656,1.42895,0.333333,0,0,0
23509,-2.97656,2.40789,0.666667,0,0,0
23510,-2.97656,2.40789,0.333333,0,0,0
23511,-2.97656,3.38684,0.666667,0,0,0
23512,-2.97656,3.38684,0.333333,0,0,0
23513,-2.97656,4.36579,0.666667,0,0,0
23514,-2.97656,4.36579,0.333333,0,0,0
23515,-2.97656,5.34474,0.666667,0,0,0
23516,-2.97656,5.34474,0.333333,0,0,0
23517,-2.97656,6.32368,0.666667,0,0,0
23518,-2.97656,6.32368,0.333333,0,0,0
23519,-2.97656,7.30263,0.666667,0,0,0
23520,-2.97656,7.30263,0.333333,0,0,0
23521,-2.97656,8.28158,0.666667,0,0,0
23522,-2.97656,8.28158,0.333333,0,0,0
23523,-2.97656,9.26053,0.666667,0,0,0
23524,-2.97656,9.26053,0.333333,0,0,0
23525,-2.97656,10.2395,0.666667,0,0,0
23526,-2.97656,10.2395,0.333333,0,0,0
23527,-2.97656,11.2184,0.666667,0,0,0
23528,-2.97656,11.2184,0.333333,0,0,0
23529,-2.97656,12.1974,0.666667,0,0,0
23530,-2.97656,12.1974,0.333333,0,0,0
23531,-2.97656,13.1763,0.666667,0,0,0
23532,-2.97656,13.1763,0.333333,0,0,0
23533,-2.97656,14.1553,0.666667,0,0,0
23534,-2.97656,14.1553,0.333333,0,0,0
23535,-2.97656,15.1342,0.666667,0,0,0
23536,-2.97656,15.1342,0.333333,0,0,0
23537,-2.97656,16.1132,0.666667,0,0,0
23538,-2.97656,16.1132,0.333333,0,0,0
23539,-2.97656,17.0921,0.666667,0,0,0
23540,-2.97656,17.0921,0.333333,0,0,0
23541,-2.97656,18.0711,0.666667,0,0,0
23542,-2.97656,18.0711,0.333333,0,0,0
23543,-3.96875,1.42895,0.666667,0,0,0
23544,-3.96875,1.42895,0.333333,0,0,0
23545,-3.96875,2.40789,0.666667,0,0,0
23546,-3.96875,2.40789,0.333333,0,0,0
23547,-3.96875,3.38684,0.666667,0,0,0
23548,-3.96875,3.38684,0.333333,0,0,0
23549,-3.96875,4.36579,0.666667,0,0,0
23550,-3.96875,4.36579,0.333333,0,0,0
23551,-3.96875,5.34474,0.666667,0,0,0
23552,-3.96875,5.34474,0.333333,0,0,0
23553,-3.96875,6.32368,0.666667,0,0,0
23554,-3.96875,6.32368,0.333333,0,0,0
23555,-3.96875,7.30263,0.666667,0,0,0
23556,-3.96875,7.30263,0.333333,0,0,0
23557,-3.96875,8.28158,0.666667,0,0,0
23558,-3.96875,8.28158,0.333333,0,0,0
23559,-3.96875,9.26053,0.666667,0,0,0
23560,-3.96875,9.26053,0.333333,0,0,0
23561,-3.96875,10.2395,0.666667,0,0,0
23562,-3.96875,10.2395,0.333333,0,0,0
23563,-3.96875,11.2184,0.666667,0,0,0
23564,-3.96875,11.2184,0.333333,0,0,0
23565,-3.96875,12.1974,0.666667,0,0,0
23566,-3.96875,12.1974,0.333333,0,0,0
23567,-3.96875,13.1763,0.666667,0,0,0
23568,-3.96875,13.1763,0.333333,0,0,0
23569,-3.96875,14.1553,0.666667,0,0,0
23570,-3.96875,14.1553,0.333333,0,0,0
23571,-3.96875,15.1342,0.666667,0,0,0
23572,-3.96875,15.1342,0.333333,0,0,0
23573,-3.96875,16.1132,0.666667,0,0,0
23574,-3.96875,16.1132,0.333333,0,0,0
23575,-3.96875,17.0921,0.666667,0,0,0
23576,-3.96875,17.0921,0.333333,0,0,0
23577,-3.96875,18.0711,0.666667,0,0,0
23578,-3.96875,18.0711,0.333333,0,0,0
23579,-4.96094,1.42895,0.666667,0,0,0
23580,-4.96094,1.42895,0.333333,0,0,0
23581,-4.96094,2.40789,0.666667,0,0,0
23582,-4.96094,2.40789,0.333333,0,0,0
23583,-4.96094,3.38684,0.666667,0,0,0
23584,-4.96094,3.38684,0.333333,0,0,0
23585,-4.96094,4.36579,0.666667,0,0,0
23586,-4.96094,4.36579,0.333333,0,0,0
23587,-4.96094,5.34474,0.666667,0,0,0
23588,-4.96094,5.34474,0.333333,0,0,0
23589,-4.96094,6.32368,0.666667,0,0,0
23590,-4.96094,6.32368,0.333333,0,0,0
23591,-4.96094,7.30263,0.666667,0,0,0
23592,-4.96094,7.30263,0.333333,0,0,0
23593,-4.96094,8.28158,0.666667,0,0,0
23594,-4.96094,8.28158,0.333333,0,0,0
23595,-4.96094,9.26053,0.666667,0,0,0
23596,-4.96094,9.26053,0.333333,0,0,0
23597,-4.96094,10.2395,0.666667,0,0,0
23598,-4.96094,10.2395,0.333333,0,0,0
23599,-4.96094,11.2184,0.666667,0,0,0
23600,-4.96094,11.2184,0.333333,0,0,0
23601,-4.96094,12.1974,0.666667,0,0,0
23602,-4.96094,12.1974,0.333333,0,0,0
23603,-4.96094,13.1763,0.666667,0,0,0
23604,-4.96094,13.1763,0.333333,0,0,0
23605,-4.96094,14.1553,0.666667,0,0,0
23606,-4.96094,14.1553,0.333333,0,0,0
23607,-4.96094,15.1342,0.666667,0,0,0
23608,-4.96094,15.1342,0.333333,0,0,0
23609,-4.96094,16.1132,0.666667,0,0,0
23610,-4.96094,16.1132,0.333333,0,0,0
23611,-4.96094,17.0921,0.666667,0,0,0
23612,-4.96094,17.0921,0.333333,0,0,0
23613,-4.96094,18.0711,0.666667,0,0,0
23614,-4.96094,18.0711,0.333333,0,0,0
23615,-5.95312,1.42895,0.666667,0,0,0
23616,-5.95312,1.42895,0.333333,0,0,0
23617,-5.95312,2.40789,0.666667,0,0,0
23618,-5.95312,2.40789,0.333333,0,0,0
23619,-5.95312,3.38684,0.666667,0,0,0
23620,-5.95312,3.38684,0.333333,0,0,0
23621,-5.95312,4.36579,0.666667,0,0,0
23622,-5.95312,4.36579,0.333333,0,0,0
23623,-5.95312,5.34474,0.666667,0,0,0
23624,-5.95312,5.34474,0.333333,0,0,0
23625,-5.95312,6.32368,0.666667,0,0,0
23626,-5.95312,6.32368,0.333333,0,0,0
23627,-5.95312,7.30263,0.666667,0,0,0
23628,-5.95312,7.30263,0.333333,0,0,0
23629,-5.95312,8.28158,0.666667,0,0,0
23630,-5.95312,8.28158,0.333333,0,0,0
23631,-5.95312,9.26053,0.666667,0,0,0
23632,-5.95312,9.26053,0.333333,0,0,0
23633,-5.95312,10.2395,0.666667,0,0,0
23634,-5.95312,10.2395,0.333333,0,0,0
23635,-5.95312,11.2184,0.666667,0,0,0
23636,-5.95312,11.2184,0.333333,0,0,0
23637,-5.95312,12.1974,0.666667,0,0,0
23638,-5.95312,12.1974,0.333333,0,0,0
23639,-5.95312,13.1763,0.666667,0,0,0
23640,-5.95312,13.1763,0.333333,0,0,0
23641,-5.95312,14.1553,0.666667,0,0,0
23642,-5.95312,14.1553,0.333333,0,0,0
23643,-5.95312,15.1342,0.666667,0,0,0
23644,-5.95312,15.1342,0.333333,0,0,0
23645,-5.95312,16.1132,0.666667,0,0,0
23646,-5.95312,16.1132,0.333333,0,0,0
23647,-5.95312,17.0921,0.666667,0,0,0
23648,-5.95312,17.0921,0.333333,0,0,0
23649,-5.95312,18.0711,0.666667,0,0,0
23650,-5.95312,18.0711,0.333333,0,0,0
23651,-6.94531,1.42895,0.666667,0,0,0
23652,-6.94531,1.42895,0.333333,0,0,0
23653,-6.94531,2.40789,0.666667,0,0,0
23654,-6.94531,2.40789,0.333333,0,0,0
23655,-6.94531,3.38684,0.666667,0,0,0
23656,-6.94531,3.38684,0.333333,0,0,0
23657,-6.94531,4.36579,0.666667,0,0,0
23658,-6.94531,4.36579,0.333333,0,0,0
23659,-6.94531,5.34474,0.666667,0,0,0
23660,-6.94531,5.34474,0.333333,0,0,0
23661,-6.94531,6.32368,0.666667,0,0,0
23662,-6.94531,6.32368,0.333333,0,0,0
23663,-6.94531,7.30263,0.666667,0,0,0
23664,-6.94531,7.30263,0.333333,0,0,0
23665,-6.94531,8.28158,0.666667,0,0,0
23666,-6.94531,8.28158,0.333333,0,0,0
23667,-6.94531,9.26053,0.666667,0,0,0
23668,-6.94531,9.26053,0.333333,0,0,0
23669,-6.94531,10.2395,0.666667,0,0,0
23670,-6.94531,10.2395,0.333333,0,0,0
23671,-6.94531,11.2184,0.666667,0,0,0
23672,-6.94531,11.2184,0.333333,0,0,0
23673,-6.94531,12.1974,0.666667,0,0,0
23674,-6.94531,12.1974,0.333333,0,0,0
23675,-6.94531,13.1763,0.666667,0,0,0
23676,-6.94531,13.1763,0.333333,0,0,0
23677,-6.94531,14.1553,0.666667,0,0,0
23678,-6.94531,14.1553,0.333333,0,0,0
23679,-6.94531,15.1342,0.666667,0,0,0
23680,-6.94531,15.1342,0.333333,0,0,0
23681,-6.94531,16.1132,0.666667,0,0,0
23682,-6.94531,16.1132,0.333333,0,0,0
23683,-6.94531,17.0921,0.666667,0,0,0
23684,-6.94531,17.0921,0.333333,0,0,0
23685,-6.94531,18.0711,0.666667,0,0,0
23686,-6.94531,18.0711,0.333333,0,0,0
23687,-7.9375,1.42895,0.666667,0,0,0
23688,-7.9375,1.42895,0.333333,0,0,0
23689,-7.9375,2.40789,0.666667,0,0,0
23690,-7.9375,2.40789,0.333333,0,0,0
23691,-7.9375,3.38684,0.666667,0,0,0
23692,-7.9375,3.38684,0.333333,0,0,0
23693,-7.9375,4.36579,0.666667,0,0,0
23694,-7.9375,4.36579,0.333333,0,0,0
23695,-7.9375,5.34474,0.666667,0,0,0
23696,-7.9375,5.34474,0.333333,0,0,0
23697,-7.9375,6.32368,0.666667,0,0,0
23698,-7.9375,6.32368,0.333333,0,0,0
23699,-7.9375,7.30263,0.666667,0,0,0
23700,-7.9375,7.30263,0.333333,0,0,0
23701,-7.9375,8.28158,0.666667,0,0,0
23702,-7.9375,8.28158,0.333333,0,0,0
23703,-7.9375,9.26053,0.666667,0,0,0
23704,-7.9375,9.26053,0.333333,0,0,0
23705,-7.9375,10.2395,0.666667,0,0,0
23706,-7.9375,10.2395,0.333333,0,0,0
23707,-7.9375,11.2184,0.666667,0,0,0
23708,-7.9375,11.2184,0.333333,0,0,0
23709,-7.9375,12.1974,0.666667,0,0,0
23710,-7.9375,12.1974,0.333333,0,0,0
23711,-7.9375,13.1763,0.666667,0,0,0
23712,-7.9375,13.1763,0.333333,0,0,0
23713,-7.9375,14.1553,0.666667,0,0,0
23714,-7.9375,14.1553,0.333333,0,0,0
23715,-7.9375,15.1342,0.666667,0,0,0
23716,-7.9375,15.1342,0.333333,0,0,0
23717,-7.9375,16.1132,0.666667,0,0,0
23718,-7.9375,16.1132,0.333333,0,0,0
23719,-7.9375,17.0921,0.666667,0,0,0
23720,-7.9375,17.0921,0.333333,0,0,0
23721,-7.9375,18.0711,0.666667,0,0,0
23722,-7.9375,18.0711,0.333333,0,0,0
23723,-8.92969,1.42895,0.666667,0,0,0
23724,-8.92969,1.42895,0.333333,0,0,0
23725,-8.92969,2.40789,0.666667,0,0,0
23726,-8.92969,2.40789,0.333333,0,0,0
23727,-8.92969,3.38684,0.666667,0,0,0
23728,-8.92969,3.38684,0.333333,0,0,0
23729,-8.92969,4.36579,0.666667,0,0,0
23730,-8.92969,4.36579,0.333333,0,0,0
23731,-8.92969,5.34474,0.666667,0,0,0
23732,-8.92969,5.34474,0.333333,0,0,0
23733,-8.92969,6.32368,0.666667,0,0,0
23734,-8.92969,6.32368,0.333333,0,0,0
23735,-8.92969,7.30263,0.666667,0,0,0
23736,-8.92969,7.30263,0.333333,0,0,0
23737,-8.92969,8.28158,0.666667,0,0,0
23738,-8.92969,8.28158,0.333333,0,0,0
23739,-8.92969,9.26053,0.666667,0,0,0
23740,-8.92969,9.26053,0.333333,0,0,0
23741,-8.92969,10.2395,0.666667,0,0,0
23742,-8.92969,10.2395,0.333333,0,0,0
23743,-8.92969,11.2184,0.666667,0,0,0
23744,-8.92969,11.2184,0.333333,0,0,0
23745,-8.92969,12.1974,0.666667,0,0,0
23746,-8.92969,12.1974,0.333333,0,0,0
23747,-8.92969,13.1763,0.666667,0,0,0
23748,-8.92969,13.1763,0.333333,0,0,0
23749,-8.92969,14.1553,0.666667,0,0,0
23750,-8.92969,14.1553,0.333333,0,0,0
23751,-8.92969,15.1342,0.666667,0,0,0
23752,-8.92969,15.1342,0.333333,0,0,0
23753,-8.92969,16.1132,0.666667,0,0,0
23754,-8.92969,16.1132,0.333333,0,0,0
23755,-8.92969,17.0921,0.666667,0,0,0
23756,-8.92969,17.0921,0.333333,0,0,0
23757,-8.92969,18.0711,0.666667,0,0,0
23758,-8.92969,18.0711,0.333333,0,0,0
23759,-9.92188,1.42895,0.666667,0,0,0
23760,-9.92188,1.42895,0.333333,0,0,0
23761,-9.92188,2.40789,0.666667,0,0,0
23762,-9.92188,2.40789,0.333333,0,0,0
23763,-9.92188,3.38684,0.666667,0,0,0
23764,-9.92188,3.38684,0.333333,0,0,0
23765,-9.92188,4.36579,0.666667,0,0,0
23766,-9.92188,4.36579,0.333333,0,0,0
23767,-9.92188,5.34474,0.666667,0,0,0
23768,-9.92188,5.34474,0.333333,0,0,0
23769,-9.92188,6.32368,0.666667,0,0,0
23770,-9.92188,6.32368,0.333333,0,0,0
23771,-9.92188,7.30263,0.666667,0,0,0
23772,-9.92188,7.30263,0.333333,0,0,0
23773,-9.92188,8.28158,0.666667,0,0,0
23774,-9.92188,8.28158,0.333333,0,0,0
23775,-9.92188,9.26053,0.666667,0,0,0
23776,-9.92188,9.26053,0.333333,0,0,0
23777,-9.92188,10.2395,0.666667,0,0,0
23778,-9.92188,10.2395,0.333333,0,0,0
23779,-9.92188,11.2184,0.666667,0,0,0
23780,-9.92188,11.2184,0.333333,0,0,0
23781,-9.92188,12.1974,0.666667,0,0,0
23782,-9.92188,12.1974,0.333333,0,0,0
23783,-9.92188,13.1763,0.666667,0,0,0
23784,-9.92188,13.1763,0.333333,0,0,0
23785,-9.92188,14.1553,0.666667,0,0,0
23786,-9.92188,14.1553,0.333333,0,0,0
23787,-9.92188,15.1342,0.666667,0,0,0
23788,-9.92188,15.1342,0.333333,0,0,0
23789,-9.92188,16.1132,0.666667,0,0,0
23790,-9.92188,16.1132,0.333333,0,0,0
23791,-9.92188,17.0921,0.666667,0,0,0
23792,-9.92188,17.0921,0.333333,0,0,0
23793,-9.92188,18.0711,0.666667,0,0,0
23794,-9.92188,18.0711,0.333333,0,0,0
23795,-10.9141,1.42895,0.666667,0,0,0
23796,-10.9141,1.42895,0.333333,0,0,0
23797,-10.9141,2.40789,0.666667,0,0,0
23798,-10.9141,2.40789,0.333333,0,0,0
23799,-10.9141,3.38684,0.666667,0,0,0
23800,-10.9141,3.38684,0.333333,0,0,0
23801,-10.9141,4.36579,0.666667,0,0,0
23802,-10.9141,4.36579,0.333333,0,0,0
23803,-10.9141,5.34474,0.666667,0,0,0
23804,-10.9141,5.34474,0.333333,0,0,0
23805,-10.9141,6.32368,0.666667,0,0,0
23806,-10.9141,6.32368,0.333333,0,0,0
23807,-10.9141,7.30263,0.666667,0,0,0
23808,-10.9141,7.30263,0.333333,0,0,0
23809,-10.9141,8.28158,0.666667,0,0,0
23810,-10.9141,8.28158,0.333333,0,0,0
23811,-10.9141,9.26053,0.666667,0,0,0
23812,-10.9141,9.26053,0.333333,0,0,0
23813,-10.9141,10.2395,0.666667,0,0,0
23814,-10.9141,10.2395,0.333333,0,0,0
23815,-10.9141,11.2184,0.666667,0,0,0
23816,-10.9141,11.2184,0.333333,0,0,0
23817,-10.9141,12.1974,0.666667,0,0,0
23818,-10.9141,12.1974,0.333333,0,0,0
23819,-10.9141,13.1763,0.666667,0,0,0
23820,-10.9141,13.1763,0.333333,0,0,0
23821,-10.9141,14.1553,0.666667,0,0,0
23822,-10.9141,14.1553,0.333333,0,0,0
23823,-10.9141,15.1342,0.666667,0,0,0
23824,-10.9141,15.1342,0.333333,0,0,0
23825,-10.9141,16.1132,0.666667,0,0,0
23826,-10.9141,16.1132,0.333333,0,0,0
23827,-10.9141,17.0921,0.666667,0,0,0
23828,-10.9141,17.0921,0.333333,0,0,0
23829,-10.9141,18.0711,0.666667,0,0,0
23830,-10.9141,18.0711,0.333333,0,0,0
23831,-11.9062,1.42895,0.666667,0,0,0
23832,-11.9062,1.42895,0.333333,0,0,0
23833,-11.9062,2.40789,0.666667,0,0,0
23834,-11.9062,2.40789,0.333333,0,0,0
23835,-11.9062,3.38684,0.666667,0,0,0
23836,-11.9062,3.38684,0.333333,0,0,0
23837,-11.9062,4.36579,0.666667,0,0,0
23838,-11.9062,4.36579,0.333333,0,0,0
23839,-11.9062,5.34474,0.666667,0,0,0
23840,-11.9062,5.34474,0.333333,0,0,0
23841,-11.9062,6.32368,0.666667,0,0,0
23842,-11.9062,6.32368,0.333333,0,0,0
23843,-11.9062,7.30263,0.666667,0,0,0
23844,-11.9062,7.30263,0.333333,0,0,0
23845,-11.9062,8.28158,0.666667,0,0,0
23846,-11.9062,8.28158,0.333333,0,0,0
23847,-11.9062,9.26053,0.666667,0,0,0
23848,-11.9062,9.26053,0.333333,0,0,0
23849,-11.9062,10.2395,0.666667,0,0,0
23850,-11.9062,10.2395,0.333333,0,0,0
23851,-11.9062,11.2184,0.666667,0,0,0
23852,-11.9062,11.2184,0.333333,0,0,0
23853,-11.9062,12.1974,0.666667,0,0,0
23854,-11.9062,12.1974,0.333333,0,0,0
23855,-11.9062,13.1763,0.666667,0,0,0
23856,-11.9062,13.1763,0.333333,0,0,0
23857,-11.9062,14.1553,0.666667,0,0,0
23858,-11.9062,14.1553,0.333333,0,0,0
23859,-11.9062,15.1342,0.666667,0,0,0
23860,-11.9062,15.1342,0.333333,0,0,0
23861,-11.9062,16.1132,0.666667,0,0,0
23862,-11.9062,16.1132,0.333333,0,0,0
23863,-11.9062,17.0921,0.666667,0,0,0
23864,-11.9062,17.0921,0.333333,0,0,0
23865,-11.9062,18.0711,0.666667,0,0,0
23866,-11.9062,18.0711,0.333333,0,0,0
23867,-12.8984,1.42895,0.666667,0,0,0
23868,-12.8984,1.42895,0.333333,0,0,0
23869,-12.8984,2.40789,0.666667,0,0,0
23870,-12.8984,2.40789,0.333333,0,0,0
23871,-12.8984,3.38684,0.666667,0,0,0
23872,-12.8984,3.38684,0.333333,0,0,0
23873,-12.8984,4.36579,0.666667,0,0,0
23874,-12.8984,4.36579,0.333333,0,0,0
23875,-12.8984,5.34474,0.666667,0,0,0
23876,-12.8984,5.34474,0.333333,0,0,0
23877,-12.8984,6.32368,0.666667,0,0,0
23878,-12.8984,6.32368,0.333333,0,0,0
23879,-12.8984,7.30263,0.666667,0,0,0
23880,-12.8984,7.30263,0.333333,0,0,0
23881,-12.8984,8.28158,0.666667,0,0,0
23882,-12.8984,8.28158,0.333333,0,0,0
23883,-12.8984,9.26053,0.666667,0,0,0
23884,-12.8984,9.26053,0.333333,0,0,0
23885,-12.8984,10.2395,0.666667,0,0,0
23886,-12.8984,10.2395,0.333333,0,0,0
23887,-12.8984,11.2184,0.666667,0,0,0
23888,-12.8984,11.2184,0.333333,0,0,0
23889,-12.8984,12.1974,0.666667,0,0,0
23890,-12.8984,12.1974,0.333333,0,0,0
23891,-12.8984,13.1763,0.666667,0,0,0
23892,-12.8984,13.1763,0.333333,0,0,0
23893,-12.8984,14.1553,0.666667,0,0,0
23894,-12.8984,14.1553,0.333333,0,0,0
23895,-12.8984,15.1342,0.666667,0,0,0
23896,-12.8984,15.1342,0.333333,0,0,0
23897,-12.8984,16.1132,0.666667,0,0,0
23898,-12.8984,16.1132,0.333333,0,0,0
23899,-12.8984,17.0921,0.666667,0,0,0
23900,-12.8984,17.0921,0.333333,0,0,0
23901,-12.8984,18.0711,0.666667,0,0,0
23902,-12.8984,18.0711,0.333333,0,0,0
23903,-13.8906,1.42895,0.666667,0,0,0
23904,-13.8906,1.42895,0.333333,0,0,0
23905,-13.8906,2.40789,0.666667,0,0,0
23906,-13.8906,2.40789,0.333333,0,0,0
23907,-13.8906,3.38684,0.666667,0,0,0
23908,-13.8906,3.38684,0.333333,0,0,0
23909,-13.8906,4.36579,0.666667,0,0,0
23910,-13.8906,4.36579,0.333333,0,0,0
23911,-13.8906,5.34474,0.666667,0,0,0
23912,-13.8906,5.34474,0.333333,0,0,0
23913,-13.8906,6.32368,0.666667,0,0,0
23914,-13.8906,6.32368,0.333333,0,0,0
23915,-13.8906,7.30263,0.666667,0,0,0
23916,-13.8906,7.30263,0.333333,0,0,0
23917,-13.8906,8.28158,0.666667,0,0,0
23918,-13.8906,8.28158,0.333333,0,0,0
23919,-13.8906,9.26053,0.666667,0,0,0
23920,-13.8906,9.26053,0.333333,0,0,0
23921,-13.8906,10.2395,0.666667,0,0,0
23922,-13.8906,10.2395,0.333333,0,0,0
23923,-13.8906,11.2184,0.666667,0,0,0
23924,-13.8906,11.2184,0.333333,0,0,0
23925,-13.8906,12.1974,0.666667,0,0,0
23926,-13.8906,12.1974,0.333333,0,0,0
23927,-13.8906,13.1763,0.666667,0,0,0
23928,-13.8906,13.1763,0.333333,0,0,0
23929,-13.8906,14.1553,0.666667,0,0,0
23930,-13.8906,14.1553,0.333333,0,0,0
23931,-13.8906,15.1342,0.666667,0,0,0
23932,-13.8906,15.1342,0.333333,0,0,0
23933,-13.8906,16.1132,0.666667,0,0,0
23934,-13.8906,16.1132,0.333333,0,0,0
23935,-13.8906,17.0921,0.666667,0,0,0
23936,-13.8906,17.0921,0.333333,0,0,0
23937,-13.8906,18.0711,0.666667,0,0,0
23938,-13.8906,18.0711,0.333333,0,0,0
23939,-14.8828,1.42895,0.666667,0,0,0
23940,-14.8828,1.42895,0.333333,0,0,0
23941,-14.8828,2.40789,0.666667,0,0,0
23942,-14.8828,2.40789,0.333333,0,0,0
23943,-14.8828,3.38684,0.666667,0,0,0
23944,-14.8828,3.38684,0.333333,0,0,0
23945,-14.8828,4.36579,0.666667,0,0,0
23946,-14.8828,4.36579,0.333333,0,0,0
23947,-14.8828,5.34474,0.666667,0,0,0
23948,-14.8828,5.34474,0.333333,0,0,0
23949,-14.8828,6.32368,0.666667,0,0,0
23950,-14.8828,6.32368,0.333333,0,0,0
23951,-14.8828,7.30263,0.666667,0,0,0
23952,-14.8828,7.30263,0.333333,0,0,0
23953,-14.8828,8.28158,0.666667,0,0,0
23954,-14.8828,8.28158,0.333333,0,0,0
23955,-14.8828,9.26053,0.666667,0,0,0
23956,-14.8828,9.26053,0.333333,0,0,0
23957,-14.8828,10.2395,0.666667,0,0,0
23958,-14.8828,10.2395,0.333333,0,0,0
23959,-14.8828,11.2184,0.666667,0,0,0
23960,-14.8828,11.2184,0.333333,0,0,0
23961,-14.8828,12.1974,0.666667,0,0,0
23962,-14.8828,12.1974,0.333333,0,0,0
23963,-14.8828,13.1763,0.666667,0,0,0
23964,-14.8828,13.1763,0.333333,0,0,0
23965,-14.8828,14.1553,0.666667,0,0,0
23966,-14.8828,14.1553,0.333333,0,0,0
23967,-14.8828,15.1342,0.666667,0,0,0
23968,-14.8828,15.1342,0.333333,0,0,0
23969,-14.8828,16.1132,0.666667,0,0,0
23970,-14.8828,16.1132,0.333333,0,0,0
23971,-14.8828,17.0921,0.666667,0,0,0
23972,-14.8828,17.0921,0.333333,0,0,0
23973,-14.8828,18.0711,0.666667,0,0,0
23974,-14.8828,18.0711,0.333333,0,0,0
23975,16.8774,-0.525,0.333333,0,0,0
23976,16.8774,-0.525,0.666667,0,0,0
23977,17.8797,-0.525,0.333333,0,0,0
23978,17.8797,-0.525,0.666667,0,0,0
23979,18.8821,-0.525,0.333333,0,0,0
23980,18.8821,-0.525,0.666667,0,0,0
23981,19.8844,-0.525,0.333333,0,0,0
23982,19.8844,-0.525,0.666667,0,0,0
23983,20.8868,-0.525,0.333333,0,0,0
23984,20.8868,-0.525,0.666667,0,0,0
23985,21.8892,-0.525,0.333333,0,0,0
23986,21.8892,-0.525,0.666667,0,0,0
23987,22.8915,-0.525,0.333333,0,0,0
23988,22.8915,-0.525,0.666667,0,0,0
23989,23.8939,-0.525,0.333333,0,0,0
23990,23.8939,-0.525,0.666667,0,0,0
23991,24.8962,-0.525,0.333333,0,0,0
23992,24.8962,-0.525,0.666667,0,0,0
23993,25.8986,-0.525,0.333333,0,0,0
23994,25.8986,-0.525,0.666667,0,0,0
23995,26.9009,-0.525,0.333333,0,0,0
23996,26.9009,-0.525,0.666667,0,0,0
23997,27.9033,-0.525,0.333333,0,0,0
23998,27.9033,-0.525,0.666667,0,0,0
23999,28.9057,-0.525,0.333333,0,0,0
24000,28.9057,-0.525,0.666667,0,0,0
24001,29.908,-0.525,0.333333,0,0,0
24002,29.908,-0.525,0.666667,0,0,0
24003,30.9104,-0.525,0.333333,0,0,0
24004,30.9104,-0.525,0.666667,0,0,0
24005,31.9127,-0.525,0.333333,0,0,0
24006,31.9127,-0.525,0.666667,0,0,0
24007,32.9151,-0.525,0.333333,0,0,0
24008,32.9151,-0.525,0.666667,0,0,0
24009,33.9175,-0.525,0.333333,0,0,0
24010,33.9175,-0.525,0.666667,0,0,0
24011,34.9198,-0.525,0.333333,0,0,0
24012,34.9198,-0.525,0.666667,0,0,0
24013,35.9222,-0.525,0.333333,0,0,0
24014,35.9222,-0.525,0.666667,0,0,0
24015,36.9245,-0.525,0.333333,0,0,0
24016,36.9245,-0.525,0.666667,0,0,0
24017,37.9269,-0.525,0.333333,0,0,0
24018,37.9269,-0.525,0.666667,0,0,0
24019,38.9292,-0.525,0.333333,0,0,0
24020,38.9292,-0.525,0.666667,0,0,0
24021,39.9316,-0.525,0.333333,0,0,0
24022,39.9316,-0.525,0.666667,0,0,0
24023,40.934,-0.525,0.333333,0,0,0
24024,40.934,-0.525,0.666667,0,0,0
24025,41.9363,-0.525,0.333333,0,0,0
24026,41.9363,-0.525,0.666667,0,0,0
24027,42.9387,-0.525,0.333333,0,0,0
24028,42.9387,-0.525,0.666667,0,0,0
24029,43.941,-0.525,0.333333,0,0,0
24030,43.941,-0.525,0.666667,0,0,0
24031,44.9434,-0.525,0.333333,0,0,0
24032,44.9434,-0.525,0.666667,0,0,0
24033,45.9458,-0.525,0.333333,0,0,0
24034,45.9458,-0.525,0.666667,0,0,0
24035,46.9481,-0.525,0.333333,0,0,0
24036,46.9481,-0.525,0.666667,0,0,0
24037,47.9505,-0.525,0.333333,0,0,0
24038,47.9505,-0.525,0.666667,0,0,0
24039,48.9528,-0.525,0.333333,0,0,0
24040,48.9528,-0.525,0.666667,0,0,0
24041,49.9552,-0.525,0.333333,0,0,0
24042,49.9552,-0.525,0.666667,0,0,0
24043,50.9575,-0.525,0.333333,0,0,0
24044,50.9575,-0.525,0.666667,0,0,0
24045,51.9599,-0.525,0.333333,0,0,0
24046,51.9599,-0.525,0.666667,0,0,0
24047,52.9623,-0.525,0.333333,0,0,0
24048,52.9623,-0.525,0.666667,0,0,0
24049,53.9646,-0.525,0.333333,0,0,0
24050,53.9646,-0.525,0.666667,0,0,0
24051,54.967,-0.525,0.333333,0,0,0
24052,54.967,-0.525,0.666667,0,0,0
24053,55.9693,-0.525,0.333333,0,0,0
24054,55.9693,-0.525,0.666667,0,0,0
24055,56.9717,-0.525,0.333333,0,0,0
24056,56.9717,-0.525,0.666667,0,0,0
24057,57.9741,-0.525,0.333333,0,0,0
24058,57.9741,-0.525,0.666667,0,0,0
24059,58.9764,-0.525,0.333333,0,0,0
24060,58.9764,-0.525,0.666667,0,0,0
24061,59.9788,-0.525,0.333333,0,0,0
24062,59.9788,-0.525,0.666667,0,0,0
24063,60.9811,-0.525,0.333333,0,0,0
24064,60.9811,-0.525,0.666667,0,0,0
24065,61.9835,-0.525,0.333333,0,0,0
24066,61.9835,-0.525,0.666667,0,0,0
24067,62.9858,-0.525,0.333333,0,0,0
24068,62.9858,-0.525,0.666667,0,0,0
24069,63.9882,-0.525,0.333333,0,0,0
24070,63.9882,-0.525,0.666667,0,0,0
24071,64.9906,-0.525,0.333333,0,0,0
24072,64.9906,-0.525,0.666667,0,0,0
24073,65.9929,-0.525,0.333333,0,0,0
24074,65.9929,-0.525,0.666667,0,0,0
24075,66.9953,-0.525,0.333333,0,0,0
24076,66.9953,-0.525,0.666667,0,0,0
24077,67.9976,-0.525,0.333333,0,0,0
24078,67.9976,-0.525,0.666667,0,0,0
24079,16.8774,-1.5,0.333333,0,0,0
24080,16.8774,-1.5,0.666667,0,0,0
24081,17.8797,-1.5,0.333333,0,0,0
24082,17.8797,-1.5,0.666667,0,0,0
24083,18.8821,-1.5,0.333333,0,0,0
24084,18.8821,-1.5,0.666667,0,0,0
24085,19.8844,-1.5,0.333333,0,0,0
24086,19.8844,-1.5,0.666667,0,0,0
24087,20.8868,-1.5,0.333333,0,0,0
24088,20.8868,-1.5,0.666667,0,0,0
24089,21.8892,-1.5,0.333333,0,0,0
24090,21.8892,-1.5,0.666667,0,0,0
24091,22.8915,-1.5,0.333333,0,0,0
24092,22.8915,-1.5,0.666667,0,0,0
24093,23.8939,-1.5,0.333333,0,0,0
24094,23.8939,-1.5,0.666667,0,0,0
24095,24.8962,-1.5,0.333333,0,0,0
24096,24.8962,-1.5,0.666667,0,0,0
24097,25.8986,-1.5,0.333333,0,0,0
24098,25.8986,-1.5,0.666667,0,0,0
24099,26.9009,-1.5,0.333333,0,0,0
24100,26.9009,-1.5,0.666667,0,0,0
24101,27.9033,-1.5,0.333333,0,0,0
24102,27.9033,-1.5,0.666667,0,0,0
24103,28.9057,-1.5,0.333333,0,0,0
24104,28.9057,-1.5,0.666667,0,0,0
24105,29.908,-1.5,0.333333,0,0,0
24106,29.908,-1.5,0.666667,0,0,0
24107,30.9104,-1.5,0.333333,0,0,0
24108,30.9104,-1.5,0.666667,0,0,0
24109,31.9127,-1.5,0.333333,0,0,0
24110,31.9127,-1.5,0.666667,0,0,0
24111,32.9151,-1.5,0.333333,0,0,0
24112,32.9151,-1.5,0.666667,0,0,0
24113,33.9175,-1.5,0.333333,0,0,0
24114,33.9175,-1.5,0.666667,0,0,0
24115,34.9198,-1.5,0.333333,0,0,0
24116,34.9198,-1.5,0.666667,0,0,0
24117,35.9222,-1.5,0.333333,0,0,0
24118,35.9222,-1.5,0.666667,0,0,0
24119,36.9245,-1.5,0.333333,0,0,0
24120,36.9245,-1.5,0.666667,0,0,0
24121,37.9269,-1.5,0.333333,0,0,0
24122,37.9269,-1.5,0.666667,0,0,0
24123,38.9292,-1.5,0.333333,0,0,0
24124,38.9292,-1.5,0.666667,0,0,0
24125,39.9316,-1.5,0.333333,0,0,0
24126,39.9316,-1.5,0.666667,0,0,0
24127,40.934,-1.5,0.333333,0,0,0
24128,40.934,-1.5,0.666667,0,0,0
24129,41.9363,-1.5,0.333333,0,0,0
24130,41.9363,-1.5,0.666667,0,0,0
24131,42.9387,-1.5,0.333333,0,0,0
24132,42.9387,-1.5,0.666667,0,0,0
24133,43.941,-1.5,0.333333,0,0,0
24134,43.941,-1.5,0.666667,0,0,0
24135,44.9434,-1.5,0.333333,0,0,0
24136,44.9434,-1.5,0.666667,0,0,0
24137,45.9458,-1.5,0.333333,0,0,0
24138,45.9458,-1.5,0.666667,0,0,0
24139,46.9481,-1.5,0.333333,0,0,0
24140,46.9481,-1.5,0.666667,0,0,0
24141,47.9505,-1.5,0.333333,0,0,0
24142,47.9505,-1.5,0.666667,0,0,0
24143,48.9528,-1.5,0.333333,0,0,0
24144,48.9528,-1.5,0.666667,0,0,0
24145,49.9552,-1.5,0.333333,0,0,0
24146,49.9552,-1.5,0.666667,0,0,0
24147,50.9575,-1.5,0.333333,0,0,0
24148,50.9575,-1.5,0.666667,0,0,0
24149,51.9599,-1.5,0.333333,0,0,0
24150,51.9599,-1.5,0.666667,0,0,0
24151,52.9623,-1.5,0.333333,0,0,0
24152,52.9623,-1.5,0.666667,0,0,0
24153,53.9646,-1.5,0.333333,0,0,0
24154,53.9646,-1.5,0.666667,0,0,0
24155,54.967,-1.5,0.333333,0,0,0
24156,54.967,-1.5,0.666667,0,0,0
24157,55.9693,-1.5,0.333333,0,0,0
24158,55.9693,-1.5,0.666667,0,0,0
24159,56.9717,-1.5,0.333333,0,0,0
24160,56.9717,-1.5,0.666667,0,0,0
24161,57.9741,-1.5,0.333333,0,0,0
24162,57.9741,-1.5,0.666667,0,0,0
24163,58.9764,-1.5,0.333333,0,0,0
24164,58.9764,-1.5,0.666667,0,0,0
24165,59.9788,-1.5,0.333333,0,0,0
24166,59.9788,-1.5,0.666667,0,0,0
24167,60.9811,-1.5,0.333333,0,0,0
24168,60.9811,-1.5,0.666667,0,0,0
24169,61.9835,-1.5,0.333333,0,0,0
24170,61.9835,-1.5,0.666667,0,0,0
24171,62.9858,-1.5,0.333333,0,0,0
24172,62.9858,-1.5,0.666667,0,0,0
24173,63.9882,-1.5,0.333333,0,0,0
24174,63.9882,-1.5,0.666667,0,0,0
24175,64.9906,-1.5,0.333333,0,0,0
24176,64.9906,-1.5,0.666667,0,0,0
24177,65.9929,-1.5,0.333333,0,0,0
24178,65.9929,-1.5,0.666667,0,0,0
24179,66.9953,-1.5,0.333333,0,0,0
24180,66.9953,-1.5,0.666667,0,0,0
24181,67.9976,-1.5,0.333333,0,0,0
24182,67.9976,-1.5,0.666667,0,0,0
24183,16.8774,-2.475,0.333333,0,0,0
24184,16.8774,-2.475,0.666667,0,0,0
24185,17.8797,-2.475,0.333333,0,0,0
24186,17.8797,-2.475,0.666667,0,0,0
24187,18.8821,-2.475,0.333333,0,0,0
24188,18.8821,-2.475,0.666667,0,0,0
24189,19.8844,-2.475,0.333333,0,0,0
24190,19.8844,-2.475,0.666667,0,0,0
24191,20.8868,-2.475,0.333333,0,0,0
24192,20.8868,-2.475,0.666667,0,0,0
24193,21.8892,-2.475,0.333333,0,0,0
24194,21.8892,-2.475,0.666667,0,0,0
24195,22.8915,-2.475,0.333333,0,0,0
24196,22.8915,-2.475,0.666667,0,0,0
24197,23.8939,-2.475,0.333333,0,0,0
24198,23.8939,-2.475,0.666667,0,0,0
24199,24.8962,-2.475,0.333333,0,0,0
24200,24.8962,-2.475,0.666667,0,0,0
24201,25.8986,-2.475,0.333333,0,0,0
24202,25.8986,-2.475,0.666667,0,0,0
24203,26.9009,-2.475,0.333333,0,0,0
24204,26.9009,-2.475,0.666667,0,0,0
24205,27.9033,-2.475,0.333333,0,0,0
24206,27.9033,-2.475,0.666667,0,0,0
24207,28.9057,-2.475,0.333333,0,0,0
24208,28.9057,-2.475,0.666667,0,0,0
24209,29.908,-2.475,0.333333,0,0,0
24210,29.908,-2.475,0.666667,0,0,0
24211,30.9104,-2.475,0.333333,0,0,0
24212,30.9104,-2.475,0.666667,0,0,0
24213,31.9127,-2.475,0.333333,0,0,0
24214,31.9127,-2.475,0.666667,0,0,0
24215,32.9151,-2.475,0.333333,0,0,0
24216,32.9151,-2.475,0.666667,0,0,0
24217,33.9175,-2.475,0.333333,0,0,0
24218,33.9175,-2.475,0.666667,0,0,0
24219,34.9198,-2.475,0.333333,0,0,0
24220,34.9198,-2.475,0.666667,0,0,0
24221,35.9222,-2.475,0.333333,0,0,0
24222,35.9222,-2.475,0.666667,0,0,0
24223,36.9245,-2.475,0.333333,0,0,0
24224,36.9245,-2.475,0.666667,0,0,0
24225,37.9269,-2.475,0.333333,0,0,0
24226,37.9269,-2.475,0.666667,0,0,0
24227,38.9292,-2.475,0.333333,0,0,0
24228,38.9292,-2.475,0.666667,0,0,0
24229,39.9316,-2.475,0.333333,0,0,0
24230,39.9316,-2.475,0.666667,0,0,0
24231,40.934,-2.475,0.333333,0,0,0
24232,40.934,-2.475,0.666667,0,0,0
24233,41.9363,-2.475,0.333333,0,0,0
24234,41.9363,-2.475,0.666667,0,0,0
24235,42.9387,-2.475,0.333333,0,0,0
24236,42.9387,-2.475,0.666667,0,0,0
24237,43.941,-2.475,0.333333,0,0,0
24238,43.941,-2.475,0.666667,0,0,0
24239,44.9434,-2.475,0.333333,0,0,0
24240,44.9434,-2.475,0.666667,0,0,0
24241,45.9458,-2.475,0.333333,0,0,0
24242,45.9458,-2.475,0.666667,0,0,0
24243,46.9481,-2.475,0.333333,0,0,0
24244,46.9481,-2.475,0.666667,0,0,0
24245,47.9505,-2.475,0.333333,0,0,0
24246,47.9505,-2.475,0.666667,0,0,0
24247,48.9528,-2.475,0.333333,0,0,0
24248,48.9528,-2.475,0.666667,0,0,0
24249,49.9552,-2.475,0.333333,0,0,0
24250,49.9552,-2.475,0.666667,0,0,0
24251,50.9575,-2.475,0.333333,0,0,0
24252,50.9575,-2.475,0.666667,0,0,0
24253,51.9599,-2.475,0.333333,0,0,0
24254,51.9599,-2.475,0.666667,0,0,0
24255,52.9623,-2.475,0.333333,0,0,0
24256,52.9623,-2.475,0.666667,0,0,0
24257,53.9646,-2.475,0.333333,0,0,0
24258,53.9646,-2.475,0.666667,0,0,0
24259,54.967,-2.475,0.333333,0,0,0
24260,54.967,-2.475,0.666667,0,0,0
24261,55.9693,-2.475,0.333333,0,0,0
24262,55.9693,-2.475,0.666667,0,0,0
24263,56.9717,-2.475,0.333333,0,0,0
24264,56.9717,-2.475,0.666667,0,0,0
24265,57.9741,-2.475,0.333333,0,0,0
24266,57.9741,-2.475,0.666667,0,0,0
24267,58.9764,-2.475,0.333333,0,0,0
24268,58.9764,-2.475,0.666667,0,0,0
24269,59.9788,-2.475,0.333333,0,0,0
24270,59.9788,-2.475,0.666667,0,0,0
24271,60.9811,-2.475,0.333333,0,0,0
24272,60.9811,-2.475,0.666667,0,0,0
24273,61.9835,-2.475,0.333333,0,0,0
24274,61.9835,-2.475,0.666667,0,0,0
24275,62.9858,-2.475,0.333333,0,0,0
24276,62.9858,-2.475,0.666667,0,0,0
24277,63.9882,-2.475,0.333333,0,0,0
24278,63.9882,-2.475,0.666667,0,0,0
24279,64.9906,-2.475,0.333333,0,0,0
24280,64.9906,-2.475,0.666667,0,0,0
24281,65.9929,-2.475,0.333333,0,0,0
24282,65.9929,-2.475,0.666667,0,0,0
24283,66.9953,-2.475,0.333333,0,0,0
24284,66.9953,-2.475,0.666667,0,0,0
24285,67.9976,-2.475,0.333333,0,0,0
24286,67.9976,-2.475,0.666667,0,0,0
24287,16.8774,-3.45,0.333333,0,0,0
24288,16.8774,-3.45,0.666667,0,0,0
24289,17.8797,-3.45,0.333333,0,0,0
24290,17.8797,-3.45,0.666667,0,0,0
24291,18.8821,-3.45,0.333333,0,0,0
24292,18.8821,-3.45,0.666667,0,0,0
24293,19.8844,-3.45,0.333333,0,0,0
24294,19.8844,-3.45,0.666667,0,0,0
24295,20.8868,-3.45,0.333333,0,0,0
24296,20.8868,-3.45,0.666667,0,0,0
24297,21.8892,-3.45,0.333333,0,0,0
24298,21.8892,-3.45,0.666667,0,0,0
24299,22.8915,-3.45,0.333333,0,0,0
24300,22.8915,-3.45,0.666667,0,0,0
24301,23.8939,-3.45,0.333333,0,0,0
24302,23.8939,-3.45,0.666667,0,0,0
24303,24.8962,-3.45,0.333333,0,0,0
24304,24.8962,-3.45,0.666667,0,0,0
24305,25.8986,-3.45,0.333333,0,0,0
24306,25.8986,-3.45,0.666667,0,0,0
24307,26.9009,-3.45,0.333333,0,0,0
24308,26.9009,-3.45,0.666667,0,0,0
24309,27.9033,-3.45,0.333333,0,0,0
24310,27.9033,-3.45,0.666667,0,0,0
24311,28.9057,-3.45,0.333333,0,0,0
24312,28.9057,-3.45,0.666667,0,0,0
24313,29.908,-3.45,0.333333,0,0,0
24314,29.908,-3.45,0.666667,0,0,0
24315,30.9104,-3.45,0.333333,0,0,0
24316,30.9104,-3.45,0.666667,0,0,0
24317,31.9127,-3.45,0.333333,0,0,0
24318,31.9127,-3.45,0.666667,0,0,0
24319,32.9151,-3.45,0.333333,0,0,0
24320,32.9151,-3.45,0.666667,0,0,0
24321,33.9175,-3.45,0.333333,0,0,0
24322,33.9175,-3.45,0.666667,0,0,0
24323,34.9198,-3.45,0.333333,0,0,0
24324,34.9198,-3.45,0.666667,0,0,0
24325,35.9222,-3.45,0.333333,0,0,0
24326,35.9222,-3.45,0.666667,0,0,0
24327,36.9245,-3.45,0.333333,0,0,0
24328,36.9245,-3.45,0.666667,0,0,0
24329,37.9269,-3.45,0.333333,0,0,0
24330,37.9269,-3.45,0.666667,0,0,0
24331,38.9292,-3.45,0.333333,0,0,0
24332,38.9292,-3.45,0.666667,0,0,0
24333,39.9316,-3.45,0.333333,0,0,0
24334,39.9316,-3.45,0.666667,0,0,0
24335,40.934,-3.45,0.333333,0,0,0
24336,40.934,-3.45,0.666667,0,0,0
24337,41.9363,-3.45,0.333333,0,0,0
24338,41.9363,-3.45,0.666667,0,0,0
24339,42.9387,-3.45,0.333333,0,0,0
24340,42.9387,-3.45,0.666667,0,0,0
24341,43.941,-3.45,0.333333,0,0,0
24342,43.941,-3.45,0.666667,0,0,0
24343,44.9434,-3.45,0.333333,0,0,0
24344,44.9434,-3.45,0.666667,0,0,0
24345,45.9458,-3.45,0.333333,0,0,0
24346,45.9458,-3.45,0.666667,0,0,0
24347,46.9481,-3.45,0.333333,0,0,0
24348,46.9481,-3.45,0.666667,0,0,0
24349,47.9505,-3.45,0.333333,0,0,0
24350,47.9505,-3.45,0.666667,0,0,0
24351,48.9528,-3.45,0.333333,0,0,0
24352,48.9528,-3.45,0.666667,0,0,0
24353,49.9552,-3.45,0.333333,0,0,0
24354,49.9552,-3.45,0.666667,0,0,0
24355,50.9575,-3.45,0.333333,0,0,0
24356,50.9575,-3.45,0.666667,0,0,0
24357,51.9599,-3.45,0.333333,0,0,0
24358,51.9599,-3.45,0.666667,0,0,0
24359,52.9623,-3.45,0.333333,0,0,0
24360,52.9623,-3.45,0.666667,0,0,0
24361,53.9646,-3.45,0.333333,0,0,0
24362,53.9646,-3.45,0.666667,0,0,0
24363,54.967,-3.45,0.333333,0,0,0
24364,54.967,-3.45,0.666667,0,0,0
24365,55.9693,-3.45,0.333333,0,0,0
24366,55.9693,-3.45,0.666667,0,0,0
24367,56.9717,-3.45,0.333333,0,0,0
24368,56.9717,-3.45,0.666667,0,0,0
24369,57.9741,-3.45,0.333333,0,0,0
24370,57.9741,-3.45,0.666667,0,0,0
24371,58.9764,-3.45,0.333333,0,0,0
24372,58.9764,-3.45,0.666667,0,0,0
24373,59.9788,-3.45,0.333333,0,0,0
24374,59.9788,-3.45,0.666667,0,0,0
24375,60.9811,-3.45,0.333333,0,0,0
24376,60.9811,-3.45,0.666667,0,0,0
24377,61.9835,-3.45,0.333333,0,0,0
24378,61.9835,-3.45,0.666667,0,0,0
24379,62.9858,-3.45,0.333333,0,0,0
24380,62.9858,-3.45,0.666667,0,0,0
24381,63.9882,-3.45,0.333333,0,0,0
24382,63.9882,-3.45,0.666667,0,0,0
24383,64.9906,-3.45,0.333333,0,0,0
24384,64.9906,-3.45,0.666667,0,0,0
24385,65.9929,-3.45,0.333333,0,0,0
24386,65.9929,-3.45,0.666667,0,0,0
24387,66.9953,-3.45,0.333333,0,0,0
24388,66.9953,-3.45,0.666667,0,0,0
24389,67.9976,-3.45,0.333333,0,0,0
24390,67.9976,-3.45,0.666667,0,0,0
24391,16.8774,-4.425,0.333333,0,0,0
24392,16.8774,-4.425,0.666667,0,0,0
24393,17.8797,-4.425,0.333333,0,0,0
24394,17.8797,-4.425,0.666667,0,0,0
24395,18.8821,-4.425,0.333333,0,0,0
24396,18.8821,-4.425,0.666667,0,0,0
24397,19.8844,-4.425,0.333333,0,0,0
24398,19.8844,-4.425,0.666667,0,0,0
24399,20.8868,-4.425,0.333333,0,0,0
24400,20.8868,-4.425,0.666667,0,0,0
24401,21.8892,-4.425,0.333333,0,0,0
24402,21.8892,-4.425,0.666667,0,0,0
24403,22.8915,-4.425,0.333333,0,0,0
24404,22.8915,-4.425,0.666667,0,0,0
24405,23.8939,-4.425,0.333333,0,0,0
24406,23.8939,-4.425,0.666667,0,0,0
24407,24.8962,-4.425,0.333333,0,0,0
24408,24.8962,-4.425,0.666667,0,0,0
24409,25.8986,-4.425,0.333333,0,0,0
24410,25.8986,-4.425,0.666667,0,0,0
24411,26.9009,-4.425,0.333333,0,0,0
24412,26.9009,-4.425,0.666667,0,0,0
24413,27.9033,-4.425,0.333333,0,0,0
24414,27.9033,-4.425,0.666667,0,0,0
24415,28.9057,-4.425,0.333333,0,0,0
24416,28.9057,-4.425,0.666667,0,0,0
24417,29.908,-4.425,0.333333,0,0,0
24418,29.908,-4.425,0.666667,0,0,0
24419,30.9104,-4.425,0.333333,0,0,0
24420,30.9104,-4.425,0.666667,0,0,0
24421,31.9127,-4.425,0.333333,0,0,0
24422,31.9127,-4.425,0.666667,0,0,0
24423,32.9151,-4.425,0.333333,0,0,0
24424,32.9151,-4.425,0.666667,0,0,0
24425,33.9175,-4.425,0.333333,0,0,0
24426,33.9175,-4.425,0.666667,0,0,0
24427,34.9198,-4.425,0.333333,0,0,0
24428,34.9198,-4.425,0.666667,0,0,0
24429,35.9222,-4.425,0.333333,0,0,0
24430,35.9222,-4.425,0.666667,0,0,0
24431,36.9245,-4.425,0.333333,0,0,0
24432,36.9245,-4.425,0.666667,0,0,0
24433,37.9269,-4.425,0.333333,0,0,0
24434,37.9269,-4.425,0.666667,0,0,0
24435,38.9292,-4.425,0.333333,0,0,0
24436,38.9292,-4.425,0.666667,0,0,0
24437,39.9316,-4.425,0.333333,0,0,0
24438,39.9316,-4.425,0.666667,0,0,0
24439,40.934,-4.425,0.333333,0,0,0
24440,40.934,-4.425,0.666667,0,0,0
24441,41.9363,-4.425,0.333333,0,0,0
24442,41.9363,-4.425,0.666667,0,0,0
24443,42.9387,-4.425,0.333333,0,0,0
24444,42.9387,-4.425,0.666667,0,0,0
24445,43.941,-4.425,0.333333,0,0,0
24446,43.941,-4.425,0.666667,0,0,0
24447,44.9434,-4.425,0.333333,0,0,0
24448,44.9434,-4.425,0.666667,0,0,0
24449,45.9458,-4.425,0.333333,0,0,0
24450,45.9458,-4.425,0.666667,0,0,0
24451,46.9481,-4.425,0.333333,0,0,0
24452,46.9481,-4.425,0.666667,0,0,0
24453,47.9505,-4.425,0.333333,0,0,0
24454,47.9505,-4.425,0.666667,0,0,0
24455,48.9528,-4.425,0.333333,0,0,0
24456,48.9528,-4.425,0.666667,0,0,0
24457,49.9552,-4.425,0.333333,0,0,0
24458,49.9552,-4.425,0.666667,0,0,0
24459,50.9575,-4.425,0.333333,0,0,0
24460,50.9575,-4.425,0.666667,0,0,0
24461,51.9599,-4.425,0.333333,0,0,0
24462,51.9599,-4.425,0.666667,0,0,0
24463,52.9623,-4.425,0.333333,0,0,0
24464,52.9623,-4.425,0.666667,0,0,0
24465,53.9646,-4.425,0.333333,0,0,0
24466,53.9646,-4.425,0.666667,0,0,0
24467,54.967,-4.425,0.333333,0,0,0
24468,54.967,-4.425,0.666667,0,0,0
24469,55.9693,-4.425,0.333333,0,0,0
24470,55.9693,-4.425,0.666667,0,0,0
24471,56.9717,-4.425,0.333333,0,0,0
24472,56.9717,-4.425,0.666667,0,0,0
24473,57.9741,-4.425,0.333333,0,0,0
24474,57.9741,-4.425,0.666667,0,0,0
24475,58.9764,-4.425,0.333333,0,0,0
24476,58.9764,-4.425,0.666667,0,0,0
24477,59.9788,-4.425,0.333333,0,0,0
24478,59.9788,-4.425,0.666667,0,0,0
24479,60.9811,-4.425,0.333333,0,0,0
24480,60.9811,-4.425,0.666667,0,0,0
24481,61.9835,-4.425,0.333333,0,0,0
24482,61.9835,-4.425,0.666667,0,0,0
24483,62.9858,-4.425,0.333333,0,0,0
24484,62.9858,-4.425,0.666667,0,0,0
24485,63.9882,-4.425,0.333333,0,0,0
24486,63.9882,-4.425,0.666667,0,0,0
24487,64.9906,-4.425,0.333333,0,0,0
24488,64.9906,-4.425,0.666667,0,0,0
24489,65.9929,-4.425,0.333333,0,0,0
24490,65.9929,-4.425,0.666667,0,0,0
24491,66.9953,-4.425,0.333333,0,0,0
24492,66.9953,-4.425,0.666667,0,0,0
24493,67.9976,-4.425,0.333333,0,0,0
24494,67.9976,-4.425,0.666667,0,0,0
24495,16.8774,-5.4,0.333333,0,0,0
24496,16.8774,-5.4,0.666667,0,0,0
24497,17.8797,-5.4,0.333333,0,0,0
24498,17.8797,-5.4,0.666667,0,0,0
24499,18.8821,-5.4,0.333333,0,0,0
24500,18.8821,-5.4,0.666667,0,0,0
24501,19.8844,-5.4,0.333333,0,0,0
24502,19.8844,-5.4,0.666667,0,0,0
24503,20.8868,-5.4,0.333333,0,0,0
24504,20.8868,-5.4,0.666667,0,0,0
24505,21.8892,-5.4,0.333333,0,0,0
24506,21.8892,-5.4,0.666667,0,0,0
24507,22.8915,-5.4,0.333333,0,0,0
24508,22.8915,-5.4,0.666667,0,0,0
24509,23.8939,-5.4,0.333333,0,0,0
24510,23.8939,-5.4,0.666667,0,0,0
24511,24.8962,-5.4,0.333333,0,0,0
24512,24.8962,-5.4,0.666667,0,0,0
24513,25.8986,-5.4,0.333333,0,0,0
24514,25.8986,-5.4,0.666667,0,0,0
24515,26.9009,-5.4,0.333333,0,0,0
24516,26.9009,-5.4,0.666667,0,0,0
24517,27.9033,-5.4,0.333333,0,0,0
24518,27.9033,-5.4,0.666667,0,0,0
24519,28.9057,-5.4,0.333333,0,0,0
24520,28.9057,-5.4,0.666667,0,0,0
24521,29.908,-5.4,0.333333,0,0,0
24522,29.908,-5.4,0.666667,0,0,0
24523,30.9104,-5.4,0.333333,0,0,0
24524,30.9104,-5.4,0.666667,0,0,0
24525,31.9127,-5.4,0.333333,0,0,0
24526,31.9127,-5.4,0.666667,0,0,0
24527,32.9151,-5.4,0.333333,0,0,0
24528,32.9151,-5.4,0.666667,0,0,0
24529,33.9175,-5.4,0.333333,0,0,0
24530,33.9175,-5.4,0.666667,0,0,0
24531,34.9198,-5.4,0.333333,0,0,0
24532,34.9198,-5.4,0.666667,0,0,0
24533,35.9222,-5.4,0.333333,0,0,0
24534,35.9222,-5.4,0.666667,0,0,0
24535,36.9245,-5.4,0.333333,0,0,0
24536,36.9245,-5.4,0.666667,0,0,0
24537,37.9269,-5.4,0.333333,0,0,0
24538,37.9269,-5.4,0.666667,0,0,0
24539,38.9292,-5.4,0.333333,0,0,0
24540,38.9292,-5.4,0.666667,0,0,0
24541,39.9316,-5.4,0.333333,0,0,0
24542,39.9316,-5.4,0.666667,0,0,0
24543,40.934,-5.4,0.333333,0,0,0
24544,40.934,-5.4,0.666667,0,0,0
24545,41.9363,-5.4,0.333333,0,0,0
24546,41.9363,-5.4,0.666667,0,0,0
24547,42.9387,-5.4,0.333333,0,0,0
24548,42.9387,-5.4,0.666667,0,0,0
24549,43.941,-5.4,0.333333,0,0,0
24550,43.941,-5.4,0.666667,0,0,0
24551,44.9434,-5.4,0.333333,0,0,0
24552,44.9434,-5.4,0.666667,0,0,0
24553,45.9458,-5.4,0.333333,0,0,0
24554,45.9458,-5.4,0.666667,0,0,0
24555,46.9481,-5.4,0.333333,0,0,0
24556,46.9481,-5.4,0.666667,0,0,0
24557,47.9505,-5.4,0.333333,0,0,0
24558,47.9505,-5.4,0.666667,0,0,0
24559,48.9528,-5.4,0.333333,0,0,0
24560,48.9528,-5.4,0.666667,0,0,0
24561,49.9552,-5.4,0.333333,0,0,0
24562,49.9552,-5.4,0.666667,0,0,0
24563,50.9575,-5.4,0.333333,0,0,0
24564,50.9575,-5.4,0.666667,0,0,0
24565,51.9599,-5.4,0.333333,0,0,0
24566,51.9599,-5.4,0.666667,0,0,0
24567,52.9623,-5.4,0.333333,0,0,0
24568,52.9623,-5.4,0.666667,0,0,0
24569,53.9646,-5.4,0.333333,0,0,0
24570,53.9646,-5.4,0.666667,0,0,0
24571,54.967,-5.4,0.333333,0,0,0
24572,54.967,-5.4,0.666667,0,0,0
24573,55.9693,-5.4,0.333333,0,0,0
24574,55.9693,-5.4,0.666667,0,0,0
24575,56.9717,-5.4,0.333333,0,0,0
24576,56.9717,-5.4,0.666667,0,0,0
24577,57.9741,-5.4,0.333333,0,0,0
24578,57.9741,-5.4,0.666667,0,0,0
24579,58.9764,-5.4,0.333333,0,0,0
24580,58.9764,-5.4,0.666667,0,0,0
24581,59.9788,-5.4,0.333333,0,0,0
24582,59.9788,-5.4,0.666667,0,0,0
24583,60.9811,-5.4,0.333333,0,0,0
24584,60.9811,-5.4,0.666667,0,0,0
24585,61.9835,-5.4,0.333333,0,0,0
24586,61.9835,-5.4,0.666667,0,0,0
24587,62.9858,-5.4,0.333333,0,0,0
24588,62.9858,-5.4,0.666667,0,0,0
24589,63.9882,-5.4,0.333333,0,0,0
24590,63.9882,-5.4,0.666667,0,0,0
24591,64.9906,-5.4,0.333333,0,0,0
24592,64.9906,-5.4,0.666667,0,0,0
24593,65.9929,-5.4,0.333333,0,0,0
24594,65.9929,-5.4,0.666667,0,0,0
24595,66.9953,-5.4,0.333333,0,0,0
24596,66.9953,-5.4,0.666667,0,0,0
24597,67.9976,-5.4,0.333333,0,0,0
24598,67.9976,-5.4,0.666667,0,0,0
24599,16.8774,-6.375,0.333333,0,0,0
24600,16.8774,-6.375,0.666667,0,0,0
24601,17.8797,-6.375,0.333333,0,0,0
24602,17.8797,-6.375,0.666667,0,0,0
24603,18.8821,-6.375,0.333333,0,0,0
24604,18.8821,-6.375,0.666667,0,0,0
24605,19.8844,-6.375,0.333333,0,0,0
24606,19.8844,-6.375,0.666667,0,0,0
24607,20.8868,-6.375,0.333333,0,0,0
24608,20.8868,-6.375,0.666667,0,0,0
24609,21.8892,-6.375,0.333333,0,0,0
24610,21.8892,-6.375,0.666667,0,0,0
24611,22.8915,-6.375,0.333333,0,0,0
24612,22.8915,-6.375,0.666667,0,0,0
24613,23.8939,-6.375,0.333333,0,0,0
24614,23.8939,-6.375,0.666667,0,0,0
24615,24.8962,-6.375,0.333333,0,0,0
24616,24.8962,-6.375,0.666667,0,0,0
24617,25.8986,-6.375,0.333333,0,0,0
24618,25.8986,-6.375,0.666667,0,0,0
24619,26.9009,-6.375,0.333333,0,0,0
24620,26.9009,-6.375,0.666667,0,0,0
24621,27.9033,-6.375,0.333333,0,0,0
24622,27.9033,-6.375,0.666667,0,0,0
24623,28.9057,-6.375,0.333333,0,0,0
24624,28.9057,-6.375,0.666667,0,0,0
24625,29.908,-6.375,0.333333,0,0,0
24626,29.908,-6.375,0.666667,0,0,0
24627,30.9104,-6.375,0.333333,0,0,0
24628,30.9104,-6.375,0.666667,0,0,0
24629,31.9127,-6.375,0.333333,0,0,0
24630,31.9127,-6.375,0.666667,0,0,0
24631,32.9151,-6.375,0.333333,0,0,0
24632,32.9151,-6.375,0.666667,0,0,0
24633,33.9175,-6.375,0.333333,0,0,0
24634,33.9175,-6.375,0.666667,0,0,0
24635,34.9198,-6.375,0.333333,0,0,0
24636,34.9198,-6.375,0.666667,0,0,0
24637,35.9222,-6.375,0.333333,0,0,0
24638,35.9222,-6.375,0.666667,0,0,0
24639,36.9245,-6.375,0.333333,0,0,0
24640,36.9245,-6.375,0.666667,0,0,0
24641,37.9269,-6.375,0.333333,0,0,0
24642,37.9269,-6.375,0.666667,0,0,0
24643,38.9292,-6.375,0.333333,0,0,0
24644,38.9292,-6.375,0.666667,0,0,0
24645,39.9316,-6.375,0.333333,0,0,0
24646,39.9316,-6.375,0.666667,0,0,0
24647,40.934,-6.375,0.333333,0,0,0
24648,40.934,-6.375,0.666667,0,0,0
24649,41.9363,-6.375,0.333333,0,0,0
24650,41.9363,-6.375,0.666667,0,0,0
24651,42.9387,-6.375,0.333333,0,0,0
24652,42.9387,-6.375,0.666667,0,0,0
24653,43.941,-6.375,0.333333,0,0,0
24654,43.941,-6.375,0.666667,0,0,0
24655,44.9434,-6.375,0.333333,0,0,0
24656,44.9434,-6.375,0.666667,0,0,0
24657,45.9458,-6.375,0.333333,0,0,0
24658,45.9458,-6.375,0.666667,0,0,0
24659,46.9481,-6.375,0.333333,0,0,0
24660,46.9481,-6.375,0.666667,0,0,0
24661,47.9505,-6.375,0.333333,0,0,0
24662,47.9505,-6.375,0.666667,0,0,0
24663,48.9528,-6.375,0.333333,0,0,0
24664,48.9528,-6.375,0.666667,0,0,0
24665,49.9552,-6.375,0.333333,0,0,0
24666,49.9552,-6.375,0.666667,0,0,0
24667,50.9575,-6.375,0.333333,0,0,0
24668,50.9575,-6.375,0.666667,0,0,0
24669,51.9599,-6.375,0.333333,0,0,0
24670,51.9599,-6.375,0.666667,0,0,0
24671,52.9623,-6.375,0.333333,0,0,0
24672,52.9623,-6.375,0.666667,0,0,0
24673,53.9646,-6.375,0.333333,0,0,0
24674,53.9646,-6.375,0.666667,0,0,0
24675,54.967,-6.375,0.333333,0,0,0
24676,54.967,-6.375,0.666667,0,0,0
24677,55.9693,-6.375,0.333333,0,0,0
24678,55.9693,-6.375,0.666667,0,0,0
24679,56.9717,-6.375,0.333333,0,0,0
24680,56.9717,-6.375,0.666667,0,0,0
24681,57.9741,-6.375,0.333333,0,0,0
24682,57.9741,-6.375,0.666667,0,0,0
24683,58.9764,-6.375,0.333333,0,0,0
24684,58.9764,-6.375,0.666667,0,0,0
24685,59.9788,-6.375,0.333333,0,0,0
24686,59.9788,-6.375,0.666667,0,0,0
24687,60.9811,-6.375,0.333333,0,0,0
24688,60.9811,-6.375,0.666667,0,0,0
24689,61.9835,-6.375,0.333333,0,0,0
24690,61.9835,-6.375,0.666667,0,0,0
24691,62.9858,-6.375,0.333333,0,0,0
24692,62.9858,-6.375,0.666667,0,0,0
24693,63.9882,-6.375,0.333333,0,0,0
24694,63.9882,-6.375,0.666667,0,0,0
24695,64.9906,-6.375,0.333333,0,0,0
24696,64.9906,-6.375,0.666667,0,0,0
24697,65.9929,-6.375,0.333333,0,0,0
24698,65.9929,-6.375,0.666667,0,0,0
24699,66.9953,-6.375,0.333333,0,0,0
24700,66.9953,-6.375,0.666667,0,0,0
24701,67.9976,-6.375,0.333333,0,0,0
24702,67.9976,-6.375,0.666667,0,0,0
24703,16.8774,-7.35,0.333333,0,0,0
24704,16.8774,-7.35,0.666667,0,0,0
24705,17.8797,-7.35,0.333333,0,0,0
24706,17.8797,-7.35,0.666667,0,0,0
24707,18.8821,-7.35,0.333333,0,0,0
24708,18.8821,-7.35,0.666667,0,0,0
24709,19.8844,-7.35,0.333333,0,0,0
24710,19.8844,-7.35,0.666667,0,0,0
24711,20.8868,-7.35,0.333333,0,0,0
24712,20.8868,-7.35,0.666667,0,0,0
24713,21.8892,-7.35,0.333333,0,0,0
24714,21.8892,-7.35,0.666667,0,0,0
24715,22.8915,-7.35,0.333333,0,0,0
24716,22.8915,-7.35,0.666667,0,0,0
24717,23.8939,-7.35,0.333333,0,0,0
24718,23.8939,-7.35,0.666667,0,0,0
24719,24.8962,-7.35,0.333333,0,0,0
24720,24.8962,-7.35,0.666667,0,0,0
24721,25.8986,-7.35,0.333333,0,0,0
24722,25.8986,-7.35,0.666667,0,0,0
24723,26.9009,-7.35,0.333333,0,0,0
24724,26.9009,-7.35,0.666667,0,0,0
24725,27.9033,-7.35,0.333333,0,0,0
24726,27.9033,-7.35,0.666667,0,0,0
24727,28.9057,-7.35,0.333333,0,0,0
24728,28.9057,-7.35,0.666667,0,0,0
24729,29.908,-7.35,0.333333,0,0,0
24730,29.908,-7.35,0.666667,0,0,0
24731,30.9104,-7.35,0.333333,0,0,0
24732,30.9104,-7.35,0.666667,0,0,0
24733,31.9127,-7.35,0.333333,0,0,0
24734,31.9127,-7.35,0.666667,0,0,0
24735,32.9151,-7.35,0.333333,0,0,0
24736,32.9151,-7.35,0.666667,0,0,0
24737,33.9175,-7.35,0.333333,0,0,0
24738,33.9175,-7.35,0.666667,0,0,0
24739,34.9198,-7.35,0.333333,0,0,0
24740,34.9198,-7.35,0.666667,0,0,0
24741,35.9222,-7.35,0.333333,0,0,0
24742,35.9222,-7.35,0.666667,0,0,0
24743,36.9245,-7.35,0.333333,0,0,0
24744,36.9245,-7.35,0.666667,0,0,0
24745,37.9269,-7.35,0.333333,0,0,0
24746,37.9269,-7.35,0.666667,0,0,0
24747,38.9292,-7.35,0.333333,0,0,0
24748,38.9292,-7.35,0.666667,0,0,0
24749,39.9316,-7.35,0.333333,0,0,0
24750,39.9316,-7.35,0.666667,0,0,0
24751,40.934,-7.35,0.333333,0,0,0
24752,40.934,-7.35,0.666667,0,0,0
24753,41.9363,-7.35,0.333333,0,0,0
24754,41.9363,-7.35,0.666667,0,0,0
24755,42.9387,-7.35,0.333333,0,0,0
24756,42.9387,-7.35,0.666667,0,0,0
24757,43.941,-7.35,0.333333,0,0,0
24758,43.941,-7.35,0.666667,0,0,0
24759,44.9434,-7.35,0.333333,0,0,0
24760,44.9434,-7.35,0.666667,0,0,0
24761,45.9458,-7.35,0.333333,0,0,0
24762,45.9458,-7.35,0.666667,0,0,0
24763,46.9481,-7.35,0.333333,0,0,0
24764,46.9481,-7.35,0.666667,0,0,0
24765,47.9505,-7.35,0.333333,0,0,0
24766,47.9505,-7.35,0.666667,0,0,0
24767,48.9528,-7.35,0.333333,0,0,0
24768,48.9528,-7.35,0.666667,0,0,0
24769,49.9552,-7.35,0.333333,0,0,0
24770,49.9552,-7.35,0.666667,0,0,0
24771,50.9575,-7.35,0.333333,0,0,0
24772,50.9575,-7.35,0.666667,0,0,0
24773,51.9599,-7.35,0.333333,0,0,0
24774,51.9599,-7.35,0.666667,0,0,0
24775,52.9623,-7.35,0.333333,0,0,0
24776,52.9623,-7.35,0.666667,0,0,0
24777,53.9646,-7.35,0.333333,0,0,0
24778,53.9646,-7.35,0.666667,0,0,0
24779,54.967,-7.35,0.333333,0,0,0
24780,54.967,-7.35,0.666667,0,0,0
24781,55.9693,-7.35,0.333333,0,0,0
24782,55.9693,-7.35,0.666667,0,0,0
24783,56.9717,-7.35,0.333333,0,0,0
24784,56.9717,-7.35,0.666667,0,0,0
24785,57.9741,-7.35,0.333333,0,0,0
24786,57.9741,-7.35,0.666667,0,0,0
24787,58.9764,-7.35,0.333333,0,0,0
24788,58.9764,-7.35,0.666667,0,0,0
24789,59.9788,-7.35,0.333333,0,0,0
24790,59.9788,-7.35,0.666667,0,0,0
24791,60.9811,-7.35,0.333333,0,0,0
24792,60.9811,-7.35,0.666667,0,0,0
24793,61.9835,-7.35,0.333333,0,0,0
24794,61.9835,-7.35,0.666667,0,0,0
24795,62.9858,-7.35,0.333333,0,0,0
24796,62.9858,-7.35,0.666667,0,0,0
24797,63.9882,-7.35,0.333333,0,0,0
24798,63.9882,-7.35,0.666667,0,0,0
24799,64.9906,-7.35,0.333333,0,0,0
24800,64.9906,-7.35,0.666667,0,0,0
24801,65.9929,-7.35,0.333333,0,0,0
24802,65.9929,-7.35,0.666667,0,0,0
24803,66.9953,-7.35,0.333333,0,0,0
24804,66.9953,-7.35,0.666667,0,0,0
24805,67.9976,-7.35,0.333333,0,0,0
24806,67.9976,-7.35,0.666667,0,0,0
24807,16.8774,-8.325,0.333333,0,0,0
24808,16.8774,-8.325,0.666667,0,0,0
24809,17.8797,-8.325,0.333333,0,0,0
24810,17.8797,-8.325,0.666667,0,0,0
24811,18.8821,-8.325,0.333333,0,0,0
24812,18.8821,-8.325,0.666667,0,0,0
24813,19.8844,-8.325,0.333333,0,0,0
24814,19.8844,-8.325,0.666667,0,0,0
24815,20.8868,-8.325,0.333333,0,0,0
24816,20.8868,-8.325,0.666667,0,0,0
24817,21.8892,-8.325,0.333333,0,0,0
24818,21.8892,-8.325,0.666667,0,0,0
24819,22.8915,-8.325,0.333333,0,0,0
24820,22.8915,-8.325,0.666667,0,0,0
24821,23.8939,-8.325,0.333333,0,0,0
24822,23.8939,-8.325,0.666667,0,0,0
24823,24.8962,-8.325,0.333333,0,0,0
24824,24.8962,-8.325,0.666667,0,0,0
24825,25.8986,-8.325,0.333333,0,0,0
24826,25.8986,-8.325,0.666667,0,0,0
24827,26.9009,-8.325,0.333333,0,0,0
24828,26.9009,-8.325,0.666667,0,0,0
24829,27.9033,-8.325,0.333333,0,0,0
24830,27.9033,-8.325,0.666667,0,0,0
24831,28.9057,-8.325,0.333333,0,0,0
24832,28.9057,-8.325,0.666667,0,0,0
24833,29.908,-8.325,0.333333,0,0,0
24834,29.908,-8.325,0.666667,0,0,0
24835,30.9104,-8.325,0.333333,0,0,0
24836,30.9104,-8.325,0.666667,0,0,0
24837,31.9127,-8.325,0.333333,0,0,0
24838,31.9127,-8.325,0.666667,0,0,0
24839,32.9151,-8.325,0.333333,0,0,0
24840,32.9151,-8.325,0.666667,0,0,0
24841,33.9175,-8.325,0.333333,0,0,0
24842,33.9175,-8.325,0.666667,0,0,0
24843,34.9198,-8.325,0.333333,0,0,0
24844,34.9198,-8.325,0.666667,0,0,0
24845,35.9222,-8.325,0.333333,0,0,0
24846,35.9222,-8.325,0.666667,0,0,0
24847,36.9245,-8.325,0.333333,0,0,0
24848,36.9245,-8.325,0.666667,0,0,0
24849,37.9269,-8.325,0.333333,0,0,0
24850,37.9269,-8.325,0.666667,0,0,0
24851,38.9292,-8.325,0.333333,0,0,0
24852,38.9292,-8.325,0.666667,0,0,0
24853,39.9316,-8.325,0.333333,0,0,0
24854,39.9316,-8.325,0.666667,0,0,0
24855,40.934,-8.325,0.333333,0,0,0
24856,40.934,-8.325,0.666667,0,0,0
24857,41.9363,-8.325,0.333333,0,0,0
24858,41.9363,-8.325,0.666667,0,0,0
24859,42.9387,-8.325,0.333333,0,0,0
24860,42.9387,-8.325,0.666667,0,0,0
24861,43.941,-8.325,0.333333,0,0,0
24862,43.941,-8.325,0.666667,0,0,0
24863,44.9434,-8.325,0.333333,0,0,0
24864,44.9434,-8.325,0.666667,0,0,0
24865,45.9458,-8.325,0.333333,0,0,0
24866,45.9458,-8.325,0.666667,0,0,0
24867,46.9481,-8.325,0.333333,0,0,0
24868,46.9481,-8.325,0.666667,0,0,0
24869,47.9505,-8.325,0.333333,0,0,0
24870,47.9505,-8.325,0.666667,0,0,0
24871,48.9528,-8.325,0.333333,0,0,0
24872,48.9528,-8.325,0.666667,0,0,0
24873,49.9552,-8.325,0.333333,0,0,0
24874,49.9552,-8.325,0.666667,0,0,0
24875,50.9575,-8.325,0.333333,0,0,0
24876,50.9575,-8.325,0.666667,0,0,0
24877,51.9599,-8.325,0.333333,0,0,0
24878,51.9599,-8.325,0.666667,0,0,0
24879,52.9623,-8.325,0.333333,0,0,0
24880,52.9623,-8.325,0.666667,0,0,0
24881,53.9646,-8.325,0.333333,0,0,0
24882,53.9646,-8.325,0.666667,0,0,0
24883,54.967,-8.325,0.333333,0,0,0
24884,54.967,-8.325,0.666667,0,0,0
24885,55.9693,-8.325,0.333333,0,0,0
24886,55.9693,-8.325,0.666667,0,0,0
24887,56.9717,-8.325,0.333333,0,0,0
24888,56.9717,-8.325,0.666667,0,0,0
24889,57.9741,-8.325,0.333333,0,0,0
24890,57.9741,-8.325,0.666667,0,0,0
24891,58.9764,-8.325,0.333333,0,0,0
24892,58.9764,-8.325,0.666667,0,0,0
24893,59.9788,-8.325,0.333333,0,0,0
24894,59.9788,-8.325,0.666667,0,0,0
24895,60.9811,-8.325,0.333333,0,0,0
24896,60.9811,-8.325,0.666667,0,0,0
24897,61.9835,-8.325,0.333333,0,0,0
24898,61.9835,-8.325,0.666667,0,0,0
24899,62.9858,-8.325,0.333333,0,0,0
24900,62.9858,-8.325,0.666667,0,0,0
24901,63.9882,-8.325,0.333333,0,0,0
24902,63.9882,-8.325,0.666667,0,0,0
24903,64.9906,-8.325,0.333333,0,0,0
24904,64.9906,-8.325,0.666667,0,0,0
24905,65.9929,-8.325,0.333333,0,0,0
24906,65.9929,-8.325,0.666667,0,0,0
24907,66.9953,-8.325,0.333333,0,0,0
24908,66.9953,-8.325,0.666667,0,0,0
24909,67.9976,-8.325,0.333333,0,0,0
24910,67.9976,-8.325,0.666667,0,0,0
24911,16.8774,-9.3,0.333333,0,0,0
24912,16.8774,-9.3,0.666667,0,0,0
24913,17.8797,-9.3,0.333333,0,0,0
24914,17.8797,-9.3,0.666667,0,0,0
24915,18.8821,-9.3,0.333333,0,0,0
24916,18.8821,-9.3,0.666667,0,0,0
24917,19.8844,-9.3,0.333333,0,0,0
24918,19.8844,-9.3,0.666667,0,0,0
24919,20.8868,-9.3,0.333333,0,0,0
24920,20.8868,-9.3,0.666667,0,0,0
24921,21.8892,-9.3,0.333333,0,0,0
24922,21.8892,-9.3,0.666667,0,0,0
24923,22.8915,-9.3,0.333333,0,0,0
24924,22.8915,-9.3,0.666667,0,0,0
24925,23.8939,-9.3,0.333333,0,0,0
24926,23.8939,-9.3,0.666667,0,0,0
24927,24.8962,-9.3,0.333333,0,0,0
24928,24.8962,-9.3,0.666667,0,0,0
24929,25.8986,-9.3,0.333333,0,0,0
24930,25.8986,-9.3,0.666667,0,0,0
24931,26.9009,-9.3,0.333333,0,0,0
24932,26.9009,-9.3,0.666667,0,0,0
24933,27.9033,-9.3,0.333333,0,0,0
24934,27.9033,-9.3,0.666667,0,0,0
24935,28.9057,-9.3,0.333333,0,0,0
24936,28.9057,-9.3,0.666667,0,0,0
24937,29.908,-9.3,0.333333,0,0,0
24938,29.908,-9.3,0.666667,0,0,0
24939,30.9104,-9.3,0.333333,0,0,0
24940,30.9104,-9.3,0.666667,0,0,0
24941,31.9127,-9.3,0.333333,0,0,0
24942,31.9127,-9.3,0.666667,0,0,0
24943,32.9151,-9.3,0.333333,0,0,0
24944,32.9151,-9.3,0.666667,0,0,0
24945,33.9175,-9.3,0.333333,0,0,0
24946,33.9175,-9.3,0.666667,0,0,0
24947,34.9198,-9.3,0.333333,0,0,0
24948,34.9198,-9.3,0.666667,0,0,0
24949,35.9222,-9.3,0.333333,0,0,0
24950,35.9222,-9.3,0.666667,0,0,0
24951,36.9245,-9.3,0.333333,0,0,0
24952,36.9245,-9.3,0.666667,0,0,0
24953,37.9269,-9.3,0.333333,0,0,0
24954,37.9269,-9.3,0.666667,0,0,0
24955,38.9292,-9.3,0.333333,0,0,0
24956,38.9292,-9.3,0.666667,0,0,0
24957,39.9316,-9.3,0.333333,0,0,0
24958,39.9316,-9.3,0.666667,0,0,0
24959,40.934,-9.3,0.333333,0,0,0
24960,40.934,-9.3,0.666667,0,0,0
24961,41.9363,-9.3,0.333333,0,0,0
24962,41.9363,-9.3,0.666667,0,0,0
24963,42.9387,-9.3,0.333333,0,0,0
24964,42.9387,-9.3,0.666667,0,0,0
24965,43.941,-9.3,0.333333,0,0,0
24966,43.941,-9.3,0.666667,0,0,0
24967,44.9434,-9.3,0.333333,0,0,0
24968,44.9434,-9.3,0.666667,0,0,0
24969,45.9458,-9.3,0.333333,0,0,0
24970,45.9458,-9.3,0.666667,0,0,0
24971,46.9481,-9.3,0.333333,0,0,0
24972,46.9481,-9.3,0.666667,0,0,0
24973,47.9505,-9.3,0.333333,0,0,0
24974,47.9505,-9.3,0.666667,0,0,0
24975,48.9528,-9.3,0.333333,0,0,0
24976,48.9528,-9.3,0.666667,0,0,0
24977,49.9552,-9.3,0.333333,0,0,0
24978,49.9552,-9.3,0.666667,0,0,0
24979,50.9575,-9.3,0.333333,0,0,0
24980,50.9575,-9.3,0.666667,0,0,0
24981,51.9599,-9.3,0.333333,0,0,0
24982,51.9599,-9.3,0.666667,0,0,0
24983,52.9623,-9.3,0.333333,0,0,0
24984,52.9623,-9.3,0.666667,0,0,0
24985,53.9646,-9.3,0.333333,0,0,0
24986,53.9646,-9.3,0.666667,0,0,0
24987,54.967,-9.3,0.333333,0,0,0
24988,54.967,-9.3,0.666667,0,0,0
24989,55.9693,-9.3,0.333333,0,0,0
24990,55.9693,-9.3,0.666667,0,0,0
24991,56.9717,-9.3,0.333333,0,0,0
24992,56.9717,-9.3,0.666667,0,0,0
24993,57.9741,-9.3,0.333333,0,0,0
24994,57.9741,-9.3,0.666667,0,0,0
24995,58.9764,-9.3,0.333333,0,0,0
24996,58.9764,-9.3,0.666667,0,0,0
24997,59.9788,-9.3,0.333333,0,0,0
24998,59.9788,-9.3,0.666667,0,0,0
24999,60.9811,-9.3,0.333333,0,0,0
25000,60.9811,-9.3,0.666667,0,0,0
25001,61.9835,-9.3,0.333333,0,0,0
25002,61.9835,-9.3,0.666667,0,0,0
25003,62.9858,-9.3,0.333333,0,0,0
25004,62.9858,-9.3,0.666667,0,0,0
25005,63.9882,-9.3,0.333333,0,0,0
25006,63.9882,-9.3,0.666667,0,0,0
25007,64.9906,-9.3,0.333333,0,0,0
25008,64.9906,-9.3,0.666667,0,0,0
25009,65.9929,-9.3,0.333333,0,0,0
25010,65.9929,-9.3,0.666667,0,0,0
25011,66.9953,-9.3,0.333333,0,0,0
25012,66.9953,-9.3,0.666667,0,0,0
25013,67.9976,-9.3,0.333333,0,0,0
25014,67.9976,-9.3,0.666667,0,0,0
25015,16.8774,-10.275,0.333333,0,0,0
25016,16.8774,-10.275,0.666667,0,0,0
25017,17.8797,-10.275,0.333333,0,0,0
25018,17.8797,-10.275,0.666667,0,0,0
25019,18.8821,-10.275,0.333333,0,0,0
25020,18.8821,-10.275,0.666667,0,0,0
25021,19.8844,-10.275,0.333333,0,0,0
25022,19.8844,-10.275,0.666667,0,0,0
25023,20.8868,-10.275,0.333333,0,0,0
25024,20.8868,-10.275,0.666667,0,0,0
25025,21.8892,-10.275,0.333333,0,0,0
25026,21.8892,-10.275,0.666667,0,0,0
25027,22.8915,-10.275,0.333333,0,0,0
25028,22.8915,-10.275,0.666667,0,0,0
25029,23.8939,-10.275,0.333333,0,0,0
25030,23.8939,-10.275,0.666667,0,0,0
25031,24.8962,-10.275,0.333333,0,0,0
25032,24.8962,-10.275,0.666667,0,0,0
25033,25.8986,-10.275,0.333333,0,0,0
25034,25.8986,-10.275,0.666667,0,0,0
25035,26.9009,-10.275,0.333333,0,0,0
25036,26.9009,-10.275,0.666667,0,0,0
25037,27.9033,-10.275,0.333333,0,0,0
25038,27.9033,-10.275,0.666667,0,0,0
25039,28.9057,-10.275,0.333333,0,0,0
25040,28.9057,-10.275,0.666667,0,0,0
25041,29.908,-10.275,0.333333,0,0,0
25042,29.908,-10.275,0.666667,0,0,0
25043,30.9104,-10.275,0.333333,0,0,0
25044,30.9104,-10.275,0.666667,0,0,0
25045,31.9127,-10.275,0.333333,0,0,0
25046,31.9127,-10.275,0.666667,0,0,0
25047,32.9151,-10.275,0.333333,0,0,0
25048,32.9151,-10.275,0.666667,0,0,0
25049,33.9175,-10.275,0.333333,0,0,0
25050,33.9175,-10.275,0.666667,0,0,0
25051,34.9198,-10.275,0.333333,0,0,0
25052,34.9198,-10.275,0.666667,0,0,0
25053,35.9222,-10.275,0.333333,0,0,0
25054,35.9222,-10.275,0.666667,0,0,0
25055,36.9245,-10.275,0.333333,0,0,0
25056,36.9245,-10.275,0.666667,0,0,0
25057,37.9269,-10.275,0.333333,0,0,0
25058,37.9269,-10.275,0.666667,0,0,0
25059,38.9292,-10.275,0.333333,0,0,0
25060,38.9292,-10.275,0.666667,0,0,0
25061,39.9316,-10.275,0.333333,0,0,0
25062,39.9316,-10.275,0.666667,0,0,0
25063,40.934,-10.275,0.333333,0,0,0
25064,40.934,-10.275,0.666667,0,0,0
25065,41.9363,-10.275,0.333333,0,0,0
25066,41.9363,-10.275,0.666667,0,0,0
25067,42.9387,-10.275,0.333333,0,0,0
25068,42.9387,-10.275,0.666667,0,0,0
25069,43.941,-10.275,0.333333,0,0,0
25070,43.941,-10.275,0.666667,0,0,0
25071,44.9434,-10.275,0.333333,0,0,0
25072,44.9434,-10.275,0.666667,0,0,0
25073,45.9458,-10.275,0.333333,0,0,0
25074,45.9458,-10.275,0.666667,0,0,0
25075,46.9481,-10.275,0.333333,0,0,0
25076,46.9481,-10.275,0.666667,0,0,0
25077,47.9505,-10.275,0.333333,0,0,0
25078,47.9505,-10.275,0.666667,0,0,0
25079,48.9528,-10.275,0.333333,0,0,0
25080,48.9528,-10.275,0.666667,0,0,0
25081,49.9552,-10.275,0.333333,0,0,0
25082,49.9552,-10.275,0.666667,0,0,0
25083,50.9575,-10.275,0.333333,0,0,0
25084,50.9575,-10.275,0.666667,0,0,0
25085,51.9599,-10.275,0.333333,0,0,0
25086,51.9599,-10.275,0.666667,0,0,0
25087,52.9623,-10.275,0.333333,0,0,0
25088,52.9623,-10.275,0.666667,0,0,0
25089,53.9646,-10.275,0.333333,0,0,0
25090,53.9646,-10.275,0.666667,0,0,0
25091,54.967,-10.275,0.333333,0,0,0
25092,54.967,-10.275,0.666667,0,0,0
25093,55.9693,-10.275,0.333333,0,0,0
25094,55.9693,-10.275,0.666667,0,0,0
25095,56.9717,-10.275,0.333333,0,0,0
25096,56.9717,-10.275,0.666667,0,0,0
25097,57.9741,-10.275,0.333333,0,0,0
25098,57.9741,-10.275,0.666667,0,0,0
25099,58.9764,-10.275,0.333333,0,0,0
25100,58.9764,-10.275,0.666667,0,0,0
25101,59.9788,-10.275,0.333333,0,0,0
25102,59.9788,-10.275,0.666667,0,0,0
25103,60.9811,-10.275,0.333333,0,0,0
25104,60.9811,-10.275,0.666667,0,0,0
25105,61.9835,-10.275,0.333333,0,0,0
25106,61.9835,-10.275,0.666667,0,0,0
25107,62.9858,-10.275,0.333333,0,0,0
25108,62.9858,-10.275,0.666667,0,0,0
25109,63.9882,-10.275,0.333333,0,0,0
25110,63.9882,-10.275,0.666667,0,0,0
25111,64.9906,-10.275,0.333333,0,0,0
25112,64.9906,-10.275,0.666667,0,0,0
25113,65.9929,-10.275,0.333333,0,0,0
25114,65.9929,-10.275,0.666667,0,0,0
25115,66.9953,-10.275,0.333333,0,0,0
25116,66.9953,-10.275,0.666667,0,0,0
25117,67.9976,-10.275,0.333333,0,0,0
25118,67.9976,-10.275,0.666667,0,0,0
25119,16.8774,-11.25,0.333333,0,0,0
25120,16.8774,-11.25,0.666667,0,0,0
25121,17.8797,-11.25,0.333333,0,0,0
25122,17.8797,-11.25,0.666667,0,0,0
25123,18.8821,-11.25,0.333333,0,0,0
25124,18.8821,-11.25,0.666667,0,0,0
25125,19.8844,-11.25,0.333333,0,0,0
25126,19.8844,-11.25,0.666667,0,0,0
25127,20.8868,-11.25,0.333333,0,0,0
25128,20.8868,-11.25,0.666667,0,0,0
25129,21.8892,-11.25,0.333333,0,0,0
25130,21.8892,-11.25,0.666667,0,0,0
25131,22.8915,-11.25,0.333333,0,0,0
25132,22.8915,-11.25,0.666667,0,0,0
25133,23.8939,-11.25,0.333333,0,0,0
25134,23.8939,-11.25,0.666667,0,0,0
25135,24.8962,-11.25,0.333333,0,0,0
25136,24.8962,-11.25,0.666667,0,0,0
25137,25.8986,-11.25,0.333333,0,0,0
25138,25.8986,-11.25,0.666667,0,0,0
25139,26.9009,-11.25,0.333333,0,0,0
25140,26.9009,-11.25,0.666667,0,0,0
25141,27.9033,-11.25,0.333333,0,0,0
25142,27.9033,-11.25,0.666667,0,0,0
25143,28.9057,-11.25,0.333333,0,0,0
25144,28.9057,-11.25,0.666667,0,0,0
25145,29.908,-11.25,0.333333,0,0,0
25146,29.908,-11.25,0.666667,0,0,0
25147,30.9104,-11.25,0.333333,0,0,0
25148,30.9104,-11.25,0.666667,0,0,0
25149,31.9127,-11.25,0.333333,0,0,0
25150,31.9127,-11.25,0.666667,0,0,0
25151,32.9151,-11.25,0.333333,0,0,0
25152,32.9151,-11.25,0.666667,0,0,0
25153,33.9175,-11.25,0.333333,0,0,0
25154,33.9175,-11.25,0.666667,0,0,0
25155,34.9198,-11.25,0.333333,0,0,0
25156,34.9198,-11.25,0.666667,0,0,0
25157,35.9222,-11.25,0.333333,0,0,0
25158,35.9222,-11.25,0.666667,0,0,0
25159,36.9245,-11.25,0.333333,0,0,0
25160,36.9245,-11.25,0.666667,0,0,0
25161,37.9269,-11.25,0.333333,0,0,0
25162,37.9269,-11.25,0.666667,0,0,0
25163,38.9292,-11.25,0.333333,0,0,0
25164,38.9292,-11.25,0.666667,0,0,0
25165,39.9316,-11.25,0.333333,0,0,0
25166,39.9316,-11.25,0.666667,0,0,0
25167,40.934,-11.25,0.333333,0,0,0
25168,40.934,-11.25,0.666667,0,0,0
25169,41.9363,-11.25,0.333333,0,0,0
25170,41.9363,-11.25,0.666667,0,0,0
25171,42.9387,-11.25,0.333333,0,0,0
25172,42.9387,-11.25,0.666667,0,0,0
25173,43.941,-11.25,0.333333,0,0,0
25174,43.941,-11.25,0.666667,0,0,0
25175,44.9434,-11.25,0.333333,0,0,0
25176,44.9434,-11.25,0.666667,0,0,0
25177,45.9458,-11.25,0.333333,0,0,0
25178,45.9458,-11.25,0.666667,0,0,0
25179,46.9481,-11.25,0.333333,0,0,0
25180,46.9481,-11.25,0.666667,0,0,0
25181,47.9505,-11.25,0.333333,0,0,0
25182,47.9505,-11.25,0.666667,0,0,0
25183,48.9528,-11.25,0.333333,0,0,0
25184,48.9528,-11.25,0.666667,0,0,0
25185,49.9552,-11.25,0.333333,0,0,0
25186,49.9552,-11.25,0.666667,0,0,0
25187,50.9575,-11.25,0.333333,0,0,0
25188,50.9575,-11.25,0.666667,0,0,0
25189,51.9599,-11.25,0.333333,0,0,0
25190,51.9599,-11.25,0.666667,0,0,0
25191,52.9623,-11.25,0.333333,0,0,0
25192,52.9623,-11.25,0.666667,0,0,0
25193,53.9646,-11.25,0.333333,0,0,0
25194,53.9646,-11.25,0.666667,0,0,0
25195,54.967,-11.25,0.333333,0,0,0
25196,54.967,-11.25,0.666667,0,0,0
25197,55.9693,-11.25,0.333333,0,0,0
25198,55.9693,-11.25,0.666667,0,0,0
25199,56.9717,-11.25,0.333333,0,0,0
25200,56.9717,-11.25,0.666667,0,0,0
25201,57.9741,-11.25,0.333333,0,0,0
25202,57.9741,-11.25,0.666667,0,0,0
25203,58.9764,-11.25,0.333333,0,0,0
25204,58.9764,-11.25,0.666667,0,0,0
25205,59.9788,-11.25,0.333333,0,0,0
25206,59.9788,-11.25,0.666667,0,0,0
25207,60.9811,-11.25,0.333333,0,0,0
25208,60.9811,-11.25,0.666667,0,0,0
25209,61.9835,-11.25,0.333333,0,0,0
25210,61.9835,-11.25,0.666667,0,0,0
25211,62.9858,-11.25,0.333333,0,0,0
25212,62.9858,-11.25,0.666667,0,0,0
25213,63.9882,-11.25,0.333333,0,0,0
25214,63.9882,-11.25,0.666667,0,0,0
25215,64.9906,-11.25,0.333333,0,0,0
25216,64.9906,-11.25,0.666667,0,0,0
25217,65.9929,-11.25,0.333333,0,0,0
25218,65.9929,-11.25,0.666667,0,0,0
25219,66.9953,-11.25,0.333333,0,0,0
25220,66.9953,-11.25,0.666667,0,0,0
25221,67.9976,-11.25,0.333333,0,0,0
25222,67.9976,-11.25,0.666667,0,0,0
25223,16.8774,-12.225,0.333333,0,0,0
25224,16.8774,-12.225,0.666667,0,0,0
25225,17.8797,-12.225,0.333333,0,0,0
25226,17.8797,-12.225,0.666667,0,0,0
25227,18.8821,-12.225,0.333333,0,0,0
25228,18.8821,-12.225,0.666667,0,0,0
25229,19.8844,-12.225,0.333333,0,0,0
25230,19.8844,-12.225,0.666667,0,0,0
25231,20.8868,-12.225,0.333333,0,0,0
25232,20.8868,-12.225,0.666667,0,0,0
25233,21.8892,-12.225,0.333333,0,0,0
25234,21.8892,-12.225,0.666667,0,0,0
25235,22.8915,-12.225,0.333333,0,0,0
25236,22.8915,-12.225,0.666667,0,0,0
25237,23.8939,-12.225,0.333333,0,0,0
25238,23.8939,-12.225,0.666667,0,0,0
25239,24.8962,-12.225,0.333333,0,0,0
25240,24.8962,-12.225,0.666667,0,0,0
25241,25.8986,-12.225,0.333333,0,0,0
25242,25.8986,-12.225,0.666667,0,0,0
25243,26.9009,-12.225,0.333333,0,0,0
25244,26.9009,-12.225,0.666667,0,0,0
25245,27.9033,-12.225,0.333333,0,0,0
25246,27.9033,-12.225,0.666667,0,0,0
25247,28.9057,-12.225,0.333333,0,0,0
25248,28.9057,-12.225,0.666667,0,0,0
25249,29.908,-12.225,0.333333,0,0,0
25250,29.908,-12.225,0.666667,0,0,0
25251,30.9104,-12.225,0.333333,0,0,0
25252,30.9104,-12.225,0.666667,0,0,0
25253,31.9127,-12.225,0.333333,0,0,0
25254,31.9127,-12.225,0.666667,0,0,0
25255,32.9151,-12.225,0.333333,0,0,0
25256,32.9151,-12.225,0.666667,0,0,0
25257,33.9175,-12.225,0.333333,0,0,0
25258,33.9175,-12.225,0.666667,0,0,0
25259,34.9198,-12.225,0.333333,0,0,0
25260,34.9198,-12.225,0.666667,0,0,0
25261,35.9222,-12.225,0.333333,0,0,0
25262,35.9222,-12.225,0.666667,0,0,0
25263,36.9245,-12.225,0.333333,0,0,0
25264,36.9245,-12.225,0.666667,0,0,0
25265,37.9269,-12.225,0.333333,0,0,0
25266,37.9269,-12.225,0.666667,0,0,0
25267,38.9292,-12.225,0.333333,0,0,0
25268,38.9292,-12.225,0.666667,0,0,0
25269,39.9316,-12.225,0.333333,0,0,0
25270,39.9316,-12.225,0.666667,0,0,0
25271,40.934,-12.225,0.333333,0,0,0
25272,40.934,-12.225,0.666667,0,0,0
25273,41.9363,-12.225,0.333333,0,0,0
25274,41.9363,-12.225,0.666667,0,0,0
25275,42.9387,-12.225,0.333333,0,0,0
25276,42.9387,-12.225,0.666667,0,0,0
25277,43.941,-12.225,0.333333,0,0,0
25278,43.941,-12.225,0.666667,0,0,0
25279,44.9434,-12.225,0.333333,0,0,0
25280,44.9434,-12.225,0.666667,0,0,0
25281,45.9458,-12.225,0.333333,0,0,0
25282,45.9458,-12.225,0.666667,0,0,0
25283,46.9481,-12.225,0.333333,0,0,0
25284,46.9481,-12.225,0.666667,0,0,0
25285,47.9505,-12.225,0.333333,0,0,0
25286,47.9505,-12.225,0.666667,0,0,0
25287,48.9528,-12.225,0.333333,0,0,0
25288,48.9528,-12.225,0.666667,0,0,0
25289,49.9552,-12.225,0.333333,0,0,0
25290,49.9552,-12.225,0.666667,0,0,0
25291,50.9575,-12.225,0.333333,0,0,0
25292,50.9575,-12.225,0.666667,0,0,0
25293,51.9599,-12.225,0.333333,0,0,0
25294,51.9599,-12.225,0.666667,0,0,0
25295,52.9623,-12.225,0.333333,0,0,0
25296,52.9623,-12.225,0.666667,0,0,0
25297,53.9646,-12.225,0.333333,0,0,0
25298,53.9646,-12.225,0.666667,0,0,0
25299,54.967,-12.225,0.333333,0,0,0
25300,54.967,-12.225,0.666667,0,0,0
25301,55.9693,-12.225,0.333333,0,0,0
25302,55.9693,-12.225,0.666667,0,0,0
25303,56.9717,-12.225,0.333333,0,0,0
25304,56.9717,-12.225,0.666667,0,0,0
25305,57.9741,-12.225,0.333333,0,0,0
25306,57.9741,-12.225,0.666667,0,0,0
25307,58.9764,-12.225,0.333333,0,0,0
25308,58.9764,-12.225,0.666667,0,0,0
25309,59.9788,-12.225,0.333333,0,0,0
25310,59.9788,-12.225,0.666667,0,0,0
25311,60.9811,-12.225,0.333333,0,0,0
25312,60.9811,-12.225,0.666667,0,0,0
25313,61.9835,-12.225,0.333333,0,0,0
25314,61.9835,-12.225,0.666667,0,0,0
25315,62.9858,-12.225,0.333333,0,0,0
25316,62.9858,-12.225,0.666667,0,0,0
25317,63.9882,-12.225,0.333333,0,0,0
25318,63.9882,-12.225,0.666667,0,0,0
25319,64.9906,-12.225,0.333333,0,0,0
25320,64.9906,-12.225,0.666667,0,0,0
25321,65.9929,-12.225,0.333333,0,0,0
25322,65.9929,-12.225,0.666667,0,0,0
25323,66.9953,-12.225,0.333333,0,0,0
25324,66.9953,-12.225,0.666667,0,0,0
25325,67.9976,-12.225,0.333333,0,0,0
25326,67.9976,-12.225,0.666667,0,0,0
25327,16.8774,-13.2,0.333333,0,0,0
25328,16.8774,-13.2,0.666667,0,0,0
25329,17.8797,-13.2,0.333333,0,0,0
25330,17.8797,-13.2,0.666667,0,0,0
25331,18.8821,-13.2,0.333333,0,0,0
25332,18.8821,-13.2,0.666667,0,0,0
25333,19.8844,-13.2,0.333333,0,0,0
25334,19.8844,-13.2,0.666667,0,0,0
25335,20.8868,-13.2,0.333333,0,0,0
25336,20.8868,-13.2,0.666667,0,0,0
25337,21.8892,-13.2,0.333333,0,0,0
25338,21.8892,-13.2,0.666667,0,0,0
25339,22.8915,-13.2,0.333333,0,0,0
25340,22.8915,-13.2,0.666667,0,0,0
25341,23.8939,-13.2,0.333333,0,0,0
25342,23.8939,-13.2,0.666667,0,0,0
25343,24.8962,-13.2,0.333333,0,0,0
25344,24.8962,-13.2,0.666667,0,0,0
25345,25.8986,-13.2,0.333333,0,0,0
25346,25.8986,-13.2,0.666667,0,0,0
25347,26.9009,-13.2,0.333333,0,0,0
25348,26.9009,-13.2,0.666667,0,0,0
25349,27.9033,-13.2,0.333333,0,0,0
25350,27.9033,-13.2,0.666667,0,0,0
25351,28.9057,-13.2,0.333333,0,0,0
25352,28.9057,-13.2,0.666667,0,0,0
25353,29.908,-13.2,0.333333,0,0,0
25354,29.908,-13.2,0.666667,0,0,0
25355,30.9104,-13.2,0.333333,0,0,0
25356,30.9104,-13.2,0.666667,0,0,0
25357,31.9127,-13.2,0.333333,0,0,0
25358,31.9127,-13.2,0.666667,0,0,0
25359,32.9151,-13.2,0.333333,0,0,0
25360,32.9151,-13.2,0.666667,0,0,0
25361,33.9175,-13.2,0.333333,0,0,0
25362,33.9175,-13.2,0.666667,0,0,0
25363,34.9198,-13.2,0.333333,0,0,0
25364,34.9198,-13.2,0.666667,0,0,0
25365,35.9222,-13.2,0.333333,0,0,0
25366,35.9222,-13.2,0.666667,0,0,0
25367,36.9245,-13.2,0.333333,0,0,0
25368,36.9245,-13.2,0.666667,0,0,0
25369,37.9269,-13.2,0.333333,0,0,0
25370,37.9269,-13.2,0.666667,0,0,0
25371,38.9292,-13.2,0.333333,0,0,0
25372,38.9292,-13.2,0.666667,0,0,0
25373,39.9316,-13.2,0.333333,0,0,0
25374,39.9316,-13.2,0.666667,0,0,0
25375,40.934,-13.2,0.333333,0,0,0
25376,40.934,-13.2,0.666667,0,0,0
25377,41.9363,-13.2,0.333333,0,0,0
25378,41.9363,-13.2,0.666667,0,0,0
25379,42.9387,-13.2,0.333333,0,0,0
25380,42.9387,-13.2,0.666667,0,0,0
25381,43.941,-13.2,0.333333,0,0,0
25382,43.941,-13.2,0.666667,0,0,0
25383,44.9434,-13.2,0.333333,0,0,0
25384,44.9434,-13.2,0.666667,0,0,0
25385,45.9458,-13.2,0.333333,0,0,0
25386,45.9458,-13.2,0.666667,0,0,0
25387,46.9481,-13.2,0.333333,0,0,0
25388,46.9481,-13.2,0.666667,0,0,0
25389,47.9505,-13.2,0.333333,0,0,0
25390,47.9505,-13.2,0.666667,0,0,0
25391,48.9528,-13.2,0.333333,0,0,0
25392,48.9528,-13.2,0.666667,0,0,0
25393,49.9552,-13.2,0.333333,0,0,0
25394,49.9552,-13.2,0.666667,0,0,0
25395,50.9575,-13.2,0.333333,0,0,0
25396,50.9575,-13.2,0.666667,0,0,0
25397,51.9599,-13.2,0.333333,0,0,0
25398,51.9599,-13.2,0.666667,0,0,0
25399,52.9623,-13.2,0.333333,0,0,0
25400,52.9623,-13.2,0.666667,0,0,0
25401,53.9646,-13.2,0.333333,0,0,0
25402,53.9646,-13.2,0.666667,0,0,0
25403,54.967,-13.2,0.333333,0,0,0
25404,54.967,-13.2,0.666667,0,0,0
25405,55.9693,-13.2,0.333333,0,0,0
25406,55.9693,-13.2,0.666667,0,0,0
25407,56.9717,-13.2,0.333333,0,0,0
25408,56.9717,-13.2,0.666667,0,0,0
25409,57.9741,-13.2,0.333333,0,0,0
25410,57.9741,-13.2,0.666667,0,0,0
25411,58.9764,-13.2,0.333333,0,0,0
25412,58.9764,-13.2,0.666667,0,0,0
25413,59.9788,-13.2,0.333333,0,0,0
25414,59.9788,-13.2,0.666667,0,0,0
25415,60.9811,-13.2,0.333333,0,0,0
25416,60.9811,-13.2,0.666667,0,0,0
25417,61.9835,-13.2,0.333333,0,0,0
25418,61.9835,-13.2,0.666667,0,0,0
25419,62.9858,-13.2,0.333333,0,0,0
25420,62.9858,-13.2,0.666667,0,0,0
25421,63.9882,-13.2,0.333333,0,0,0
25422,63.9882,-13.2,0.666667,0,0,0
25423,64.9906,-13.2,0.333333,0,0,0
25424,64.9906,-13.2,0.666667,0,0,0
25425,65.9929,-13.2,0.333333,0,0,0
25426,65.9929,-13.2,0.666667,0,0,0
25427,66.9953,-13.2,0.333333,0,0,0
25428,66.9953,-13.2,0.666667,0,0,0
25429,67.9976,-13.2,0.333333,0,0,0
25430,67.9976,-13.2,0.666667,0,0,0
25431,16.8774,-14.175,0.333333,0,0,0
25432,16.8774,-14.175,0.666667,0,0,0
25433,17.8797,-14.175,0.333333,0,0,0
25434,17.8797,-14.175,0.666667,0,0,0
25435,18.8821,-14.175,0.333333,0,0,0
25436,18.8821,-14.175,0.666667,0,0,0
25437,19.8844,-14.175,0.333333,0,0,0
25438,19.8844,-14.175,0.666667,0,0,0
25439,20.8868,-14.175,0.333333,0,0,0
25440,20.8868,-14.175,0.666667,0,0,0
25441,21.8892,-14.175,0.333333,0,0,0
25442,21.8892,-14.175,0.666667,0,0,0
25443,22.8915,-14.175,0.333333,0,0,0
25444,22.8915,-14.175,0.666667,0,0,0
25445,23.8939,-14.175,0.333333,0,0,0
25446,23.8939,-14.175,0.666667,0,0,0
25447,24.8962,-14.175,0.333333,0,0,0
25448,24.8962,-14.175,0.666667,0,0,0
25449,25.8986,-14.175,0.333333,0,0,0
25450,25.8986,-14.175,0.666667,0,0,0
25451,26.9009,-14.175,0.333333,0,0,0
25452,26.9009,-14.175,0.666667,0,0,0
25453,27.9033,-14.175,0.333333,0,0,0
25454,27.9033,-14.175,0.666667,0,0,0
25455,28.9057,-14.175,0.333333,0,0,0
25456,28.9057,-14.175,0.666667,0,0,0
25457,29.908,-14.175,0.333333,0,0,0
25458,29.908,-14.175,0.666667,0,0,0
25459,30.9104,-14.175,0.333333,0,0,0
25460,30.9104,-14.175,0.666667,0,0,0
25461,31.9127,-14.175,0.333333,0,0,0
25462,31.9127,-14.175,0.666667,0,0,0
25463,32.9151,-14.175,0.333333,0,0,0
25464,32.9151,-14.175,0.666667,0,0,0
25465,33.9175,-14.175,0.333333,0,0,0
25466,33.9175,-14.175,0.666667,0,0,0
25467,34.9198,-14.175,0.333333,0,0,0
25468,34.9198,-14.175,0.666667,0,0,0
25469,35.9222,-14.175,0.333333,0,0,0
25470,35.9222,-14.175,0.666667,0,0,0
25471,36.9245,-14.175,0.333333,0,0,0
25472,36.9245,-14.175,0.666667,0,0,0
25473,37.9269,-14.175,0.333333,0,0,0
25474,37.9269,-14.175,0.666667,0,0,0
25475,38.9292,-14.175,0.333333,0,0,0
25476,38.9292,-14.175,0.666667,0,0,0
25477,39.9316,-14.175,0.333333,0,0,0
25478,39.9316,-14.175,0.666667,0,0,0
25479,40.934,-14.175,0.333333,0,0,0
25480,40.934,-14.175,0.666667,0,0,0
25481,41.9363,-14.175,0.333333,0,0,0
25482,41.9363,-14.175,0.666667,0,0,0
25483,42.9387,-14.175,0.333333,0,0,0
25484,42.9387,-14.175,0.666667,0,0,0
25485,43.941,-14.175,0.333333,0,0,0
25486,43.941,-14.175,0.666667,0,0,0
25487,44.9434,-14.175,0.333333,0,0,0
25488,44.9434,-14.175,0.666667,0,0,0
25489,45.9458,-14.175,0.333333,0,0,0
25490,45.9458,-14.175,0.666667,0,0,0
25491,46.9481,-14.175,0.333333,0,0,0
25492,46.9481,-14.175,0.666667,0,0,0
25493,47.9505,-14.175,0.333333,0,0,0
25494,47.9505,-14.175,0.666667,0,0,0
25495,48.9528,-14.175,0.333333,0,0,0
25496,48.9528,-14.175,0.666667,0,0,0
25497,49.9552,-14.175,0.333333,0,0,0
25498,49.9552,-14.175,0.666667,0,0,0
25499,50.9575,-14.175,0.333333,0,0,0
25500,50.9575,-14.175,0.666667,0,0,0
25501,51.9599,-14.175,0.333333,0,0,0
25502,51.9599,-14.175,0.666667,0,0,0
25503,52.9623,-14.175,0.333333,0,0,0
25504,52.9623,-14.175,0.666667,0,0,0
25505,53.9646,-14.175,0.333333,0,0,0
25506,53.9646,-14.175,0.666667,0,0,0
25507,54.967,-14.175,0.333333,0,0,0
25508,54.967,-14.175,0.666667,0,0,0
25509,55.9693,-14.175,0.333333,0,0,0
25510,55.9693,-14.175,0.666667,0,0,0
25511,56.9717,-14.175,0.333333,0,0,0
25512,56.9717,-14.175,0.666667,0,0,0
25513,57.9741,-14.175,0.333333,0,0,0
25514,57.9741,-14.175,0.666667,0,0,0
25515,58.9764,-14.175,0.333333,0,0,0
25516,58.9764,-14.175,0.666667,0,0,0
25517,59.9788,-14.175,0.333333,0,0,0
25518,59.9788,-14.175,0.666667,0,0,0
25519,60.9811,-14.175,0.333333,0,0,0
25520,60.9811,-14.175,0.666667,0,0,0
25521,61.9835,-14.175,0.333333,0,0,0
25522,61.9835,-14.175,0.666667,0,0,0
25523,62.9858,-14.175,0.333333,0,0,0
25524,62.9858,-14.175,0.666667,0,0,0
25525,63.9882,-14.175,0.333333,0,0,0
25526,63.9882,-14.175,0.666667,0,0,0
25527,64.9906,-14.175,0.333333,0,0,0
25528,64.9906,-14.175,0.666667,0,0,0
25529,65.9929,-14.175,0.333333,0,0,0
25530,65.9929,-14.175,0.666667,0,0,0
25531,66.9953,-14.175,0.333333,0,0,0
25532,66.9953,-14.175,0.666667,0,0,0
25533,67.9976,-14.175,0.333333,0,0,0
25534,67.9976,-14.175,0.666667,0,0,0
25535,16.8774,-15.15,0.333333,0,0,0
25536,16.8774,-15.15,0.666667,0,0,0
25537,17.8797,-15.15,0.333333,0,0,0
25538,17.8797,-15.15,0.666667,0,0,0
25539,18.8821,-15.15,0.333333,0,0,0
25540,18.8821,-15.15,0.666667,0,0,0
25541,19.8844,-15.15,0.333333,0,0,0
25542,19.8844,-15.15,0.666667,0,0,0
25543,20.8868,-15.15,0.333333,0,0,0
25544,20.8868,-15.15,0.666667,0,0,0
25545,21.8892,-15.15,0.333333,0,0,0
25546,21.8892,-15.15,0.666667,0,0,0
25547,22.8915,-15.15,0.333333,0,0,0
25548,22.8915,-15.15,0.666667,0,0,0
25549,23.8939,-15.15,0.333333,0,0,0
25550,23.8939,-15.15,0.666667,0,0,0
25551,24.8962,-15.15,0.333333,0,0,0
25552,24.8962,-15.15,0.666667,0,0,0
25553,25.8986,-15.15,0.333333,0,0,0
25554,25.8986,-15.15,0.666667,0,0,0
25555,26.9009,-15.15,0.333333,0,0,0
25556,26.9009,-15.15,0.666667,0,0,0
25557,27.9033,-15.15,0.333333,0,0,0
25558,27.9033,-15.15,0.666667,0,0,0
25559,28.9057,-15.15,0.333333,0,0,0
25560,28.9057,-15.15,0.666667,0,0,0
25561,29.908,-15.15,0.333333,0,0,0
25562,29.908,-15.15,0.666667,0,0,0
25563,30.9104,-15.15,0.333333,0,0,0
25564,30.9104,-15.15,0.666667,0,0,0
25565,31.9127,-15.15,0.333333,0,0,0
25566,31.9127,-15.15,0.666667,0,0,0
25567,32.9151,-15.15,0.333333,0,0,0
25568,32.9151,-15.15,0.666667,0,0,0
25569,33.9175,-15.15,0.333333,0,0,0
25570,33.9175,-15.15,0.666667,0,0,0
25571,34.9198,-15.15,0.333333,0,0,0
25572,34.9198,-15.15,0.666667,0,0,0
25573,35.9222,-15.15,0.333333,0,0,0
25574,35.9222,-15.15,0.666667,0,0,0
25575,36.9245,-15.15,0.333333,0,0,0
25576,36.9245,-15.15,0.666667,0,0,0
25577,37.9269,-15.15,0.333333,0,0,0
25578,37.9269,-15.15,0.666667,0,0,0
25579,38.9292,-15.15,0.333333,0,0,0
25580,38.9292,-15.15,0.666667,0,0,0
25581,39.9316,-15.15,0.333333,0,0,0
25582,39.9316,-15.15,0.666667,0,0,0
25583,40.934,-15.15,0.333333,0,0,0
25584,40.934,-15.15,0.666667,0,0,0
25585,41.9363,-15.15,0.333333,0,0,0
25586,41.9363,-15.15,0.666667,0,0,0
25587,42.9387,-15.15,0.333333,0,0,0
25588,42.9387,-15.15,0.666667,0,0,0
25589,43.941,-15.15,0.333333,0,0,0
25590,43.941,-15.15,0.666667,0,0,0
25591,44.9434,-15.15,0.333333,0,0,0
25592,44.9434,-15.15,0.666667,0,0,0
25593,45.9458,-15.15,0.333333,0,0,0
25594,45.9458,-15.15,0.666667,0,0,0
25595,46.9481,-15.15,0.333333,0,0,0
25596,46.9481,-15.15,0.666667,0,0,0
25597,47.9505,-15.15,0.333333,0,0,0
25598,47.9505,-15.15,0.666667,0,0,0
25599,48.9528,-15.15,0.333333,0,0,0
25600,48.9528,-15.15,0.666667,0,0,0
25601,49.9552,-15.15,0.333333,0,0,0
25602,49.9552,-15.15,0.666667,0,0,0
25603,50.9575,-15.15,0.333333,0,0,0
25604,50.9575,-15.15,0.666667,0,0,0
25605,51.9599,-15.15,0.333333,0,0,0
25606,51.9599,-15.15,0.666667,0,0,0
25607,52.9623,-15.15,0.333333,0,0,0
25608,52.9623,-15.15,0.666667,0,0,0
25609,53.9646,-15.15,0.333333,0,0,0
25610,53.9646,-15.15,0.666667,0,0,0
25611,54.967,-15.15,0.333333,0,0,0
25612,54.967,-15.15,0.666667,0,0,0
25613,55.9693,-15.15,0.333333,0,0,0
25614,55.9693,-15.15,0.666667,0,0,0
25615,56.9717,-15.15,0.333333,0,0,0
25616,56.9717,-15.15,0.666667,0,0,0
25617,57.9741,-15.15,0.333333,0,0,0
25618,57.9741,-15.15,0.666667,0,0,0
25619,58.9764,-15.15,0.333333,0,0,0
25620,58.9764,-15.15,0.666667,0,0,0
25621,59.9788,-15.15,0.333333,0,0,0
25622,59.9788,-15.15,0.666667,0,0,0
25623,60.9811,-15.15,0.333333,0,0,0
25624,60.9811,-15.15,0.666667,0,0,0
25625,61.9835,-15.15,0.333333,0,0,0
25626,61.9835,-15.15,0.666667,0,0,0
25627,62.9858,-15.15,0.333333,0,0,0
25628,62.9858,-15.15,0.666667,0,0,0
25629,63.9882,-15.15,0.333333,0,0,0
25630,63.9882,-15.15,0.666667,0,0,0
25631,64.9906,-15.15,0.333333,0,0,0
25632,64.9906,-15.15,0.666667,0,0,0
25633,65.9929,-15.15,0.333333,0,0,0
25634,65.9929,-15.15,0.666667,0,0,0
25635,66.9953,-15.15,0.333333,0,0,0
25636,66.9953,-15.15,0.666667,0,0,0
25637,67.9976,-15.15,0.333333,0,0,0
25638,67.9976,-15.15,0.666667,0,0,0
25639,16.8774,-16.125,0.333333,0,0,0
25640,16.8774,-16.125,0.666667,0,0,0
25641,17.8797,-16.125,0.333333,0,0,0
25642,17.8797,-16.125,0.666667,0,0,0
25643,18.8821,-16.125,0.333333,0,0,0
25644,18.8821,-16.125,0.666667,0,0,0
25645,19.8844,-16.125,0.333333,0,0,0
25646,19.8844,-16.125,0.666667,0,0,0
25647,20.8868,-16.125,0.333333,0,0,0
25648,20.8868,-16.125,0.666667,0,0,0
25649,21.8892,-16.125,0.333333,0,0,0
25650,21.8892,-16.125,0.666667,0,0,0
25651,22.8915,-16.125,0.333333,0,0,0
25652,22.8915,-16.125,0.666667,0,0,0
25653,23.8939,-16.125,0.333333,0,0,0
25654,23.8939,-16.125,0.666667,0,0,0
25655,24.8962,-16.125,0.333333,0,0,0
25656,24.8962,-16.125,0.666667,0,0,0
25657,25.8986,-16.125,0.333333,0,0,0
25658,25.8986,-16.125,0.666667,0,0,0
25659,26.9009,-16.125,0.333333,0,0,0
25660,26.9009,-16.125,0.666667,0,0,0
25661,27.9033,-16.125,0.333333,0,0,0
25662,27.9033,-16.125,0.666667,0,0,0
25663,28.9057,-16.125,0.333333,0,0,0
25664,28.9057,-16.125,0.666667,0,0,0
25665,29.908,-16.125,0.333333,0,0,0
25666,29.908,-16.125,0.666667,0,0,0
25667,30.9104,-16.125,0.333333,0,0,0
25668,30.9104,-16.125,0.666667,0,0,0
25669,31.9127,-16.125,0.333333,0,0,0
25670,31.9127,-16.125,0.666667,0,0,0
25671,32.9151,-16.125,0.333333,0,0,0
25672,32.9151,-16.125,0.666667,0,0,0
25673,33.9175,-16.125,0.333333,0,0,0
25674,33.9175,-16.125,0.666667,0,0,0
25675,34.9198,-16.125,0.333333,0,0,0
25676,34.9198,-16.125,0.666667,0,0,0
25677,35.9222,-16.125,0.333333,0,0,0
25678,35.9222,-16.125,0.666667,0,0,0
25679,36.9245,-16.125,0.333333,0,0,0
25680,36.9245,-16.125,0.666667,0,0,0
25681,37.9269,-16.125,0.333333,0,0,0
25682,37.9269,-16.125,0.666667,0,0,0
25683,38.9292,-16.125,0.333333,0,0,0
25684,38.9292,-16.125,0.666667,0,0,0
25685,39.9316,-16.125,0.333333,0,0,0
25686,39.9316,-16.125,0.666667,0,0,0
25687,40.934,-16.125,0.333333,0,0,0
25688,40.934,-16.125,0.666667,0,0,0
25689,41.9363,-16.125,0.333333,0,0,0
25690,41.9363,-16.125,0.666667,0,0,0
25691,42.9387,-16.125,0.333333,0,0,0
25692,42.9387,-16.125,0.666667,0,0,0
25693,43.941,-16.125,0.333333,0,0,0
25694,43.941,-16.125,0.666667,0,0,0
25695,44.9434,-16.125,0.333333,0,0,0
25696,44.9434,-16.125,0.666667,0,0,0
25697,45.9458,-16.125,0.333333,0,0,0
25698,45.9458,-16.125,0.666667,0,0,0
25699,46.9481,-16.125,0.333333,0,0,0
25700,46.9481,-16.125,0.666667,0,0,0
25701,47.9505,-16.125,0.333333,0,0,0
25702,47.9505,-16.125,0.666667,0,0,0
25703,48.9528,-16.125,0.333333,0,0,0
25704,48.9528,-16.125,0.666667,0,0,0
25705,49.9552,-16.125,0.333333,0,0,0
25706,49.9552,-16.125,0.666667,0,0,0
25707,50.9575,-16.125,0.333333,0,0,0
25708,50.9575,-16.125,0.666667,0,0,0
25709,51.9599,-16.125,0.333333,0,0,0
25710,51.9599,-16.125,0.666667,0,0,0
25711,52.9623,-16.125,0.333333,0,0,0
25712,52.9623,-16.125,0.666667,0,0,0
25713,53.9646,-16.125,0.333333,0,0,0
25714,53.9646,-16.125,0.666667,0,0,0
25715,54.967,-16.125,0.333333,0,0,0
25716,54.967,-16.125,0.666667,0,0,0
25717,55.9693,-16.125,0.333333,0,0,0
25718,55.9693,-16.125,0.666667,0,0,0
25719,56.9717,-16.125,0.333333,0,0,0
25720,56.9717,-16.125,0.666667,0,0,0
25721,57.9741,-16.125,0.333333,0,0,0
25722,57.9741,-16.125,0.666667,0,0,0
25723,58.9764,-16.125,0.333333,0,0,0
25724,58.9764,-16.125,0.666667,0,0,0
25725,59.9788,-16.125,0.333333,0,0,0
25726,59.9788,-16.125,0.666667,0,0,0
25727,60.9811,-16.125,0.333333,0,0,0
25728,60.9811,-16.125,0.666667,0,0,0
25729,61.9835,-16.125,0.333333,0,0,0
25730,61.9835,-16.125,0.666667,0,0,0
25731,62.9858,-16.125,0.333333,0,0,0
25732,62.9858,-16.125,0.666667,0,0,0
25733,63.9882,-16.125,0.333333,0,0,0
25734,63.9882,-16.125,0.666667,0,0,0
25735,64.9906,-16.125,0.333333,0,0,0
25736,64.9906,-16.125,0.666667,0,0,0
25737,65.9929,-16.125,0.333333,0,0,0
25738,65.9929,-16.125,0.666667,0,0,0
25739,66.9953,-16.125,0.333333,0,0,0
25740,66.9953,-16.125,0.666667,0,0,0
25741,67.9976,-16.125,0.333333,0,0,0
25742,67.9976,-16.125,0.666667,0,0,0
25743,16.8774,-17.1,0.333333,0,0,0
25744,16.8774,-17.1,0.666667,0,0,0
25745,17.8797,-17.1,0.333333,0,0,0
25746,17.8797,-17.1,0.666667,0,0,0
25747,18.8821,-17.1,0.333333,0,0,0
25748,18.8821,-17.1,0.666667,0,0,0
25749,19.8844,-17.1,0.333333,0,0,0
25750,19.8844,-17.1,0.666667,0,0,0
25751,20.8868,-17.1,0.333333,0,0,0
25752,20.8868,-17.1,0.666667,0,0,0
25753,21.8892,-17.1,0.333333,0,0,0
25754,21.8892,-17.1,0.666667,0,0,0
25755,22.8915,-17.1,0.333333,0,0,0
25756,22.8915,-17.1,0.666667,0,0,0
25757,23.8939,-17.1,0.333333,0,0,0
25758,23.8939,-17.1,0.666667,0,0,0
25759,24.8962,-17.1,0.333333,0,0,0
25760,24.8962,-17.1,0.666667,0,0,0
25761,25.8986,-17.1,0.333333,0,0,0
25762,25.8986,-17.1,0.666667,0,0,0
25763,26.9009,-17.1,0.333333,0,0,0
25764,26.9009,-17.1,0.666667,0,0,0
25765,27.9033,-17.1,0.333333,0,0,0
25766,27.9033,-17.1,0.666667,0,0,0
25767,28.9057,-17.1,0.333333,0,0,0
25768,28.9057,-17.1,0.666667,0,0,0
25769,29.908,-17.1,0.333333,0,0,0
25770,29.908,-17.1,0.666667,0,0,0
25771,30.9104,-17.1,0.333333,0,0,0
25772,30.9104,-17.1,0.666667,0,0,0
25773,31.9127,-17.1,0.333333,0,0,0
25774,31.9127,-17.1,0.666667,0,0,0
25775,32.9151,-17.1,0.333333,0,0,0
25776,32.9151,-17.1,0.666667,0,0,0
25777,33.9175,-17.1,0.333333,0,0,0
25778,33.9175,-17.1,0.666667,0,0,0
25779,34.9198,-17.1,0.333333,0,0,0
25780,34.9198,-17.1,0.666667,0,0,0
25781,35.9222,-17.1,0.333333,0,0,0
25782,35.9222,-17.1,0.666667,0,0,0
25783,36.9245,-17.1,0.333333,0,0,0
25784,36.9245,-17.1,0.666667,0,0,0
25785,37.9269,-17.1,0.333333,0,0,0
25786,37.9269,-17.1,0.666667,0,0,0
25787,38.9292,-17.1,0.333333,0,0,0
25788,38.9292,-17.1,0.666667,0,0,0
25789,39.9316,-17.1,0.333333,0,0,0
25790,39.9316,-17.1,0.666667,0,0,0
25791,40.934,-17.1,0.333333,0,0,0
25792,40.934,-17.1,0.666667,0,0,0
25793,41.9363,-17.1,0.333333,0,0,0
25794,41.9363,-17.1,0.666667,0,0,0
25795,42.9387,-17.1,0.333333,0,0,0
25796,42.9387,-17.1,0.666667,0,0,0
25797,43.941,-17.1,0.333333,0,0,0
25798,43.941,-17.1,0.666667,0,0,0
25799,44.9434,-17.1,0.333333,0,0,0
25800,44.9434,-17.1,0.666667,0,0,0
25801,45.9458,-17.1,0.333333,0,0,0
25802,45.9458,-17.1,0.666667,0,0,0
25803,46.9481,-17.1,0.333333,0,0,0
25804,46.9481,-17.1,0.666667,0,0,0
25805,47.9505,-17.1,0.333333,0,0,0
25806,47.9505,-17.1,0.666667,0,0,0
25807,48.9528,-17.1,0.333333,0,0,0
25808,48.9528,-17.1,0.666667,0,0,0
25809,49.9552,-17.1,0.333333,0,0,0
25810,49.9552,-17.1,0.666667,0,0,0
25811,50.9575,-17.1,0.333333,0,0,0
25812,50.9575,-17.1,0.666667,0,0,0
25813,51.9599,-17.1,0.333333,0,0,0
25814,51.9599,-17.1,0.666667,0,0,0
25815,52.9623,-17.1,0.333333,0,0,0
25816,52.9623,-17.1,0.666667,0,0,0
25817,53.9646,-17.1,0.333333,0,0,0
25818,53.9646,-17.1,0.666667,0,0,0
25819,54.967,-17.1,0.333333,0,0,0
25820,54.967,-17.1,0.666667,0,0,0
25821,55.9693,-17.1,0.333333,0,0,0
25822,55.9693,-17.1,0.666667,0,0,0
25823,56.9717,-17.1,0.333333,0,0,0
25824,56.9717,-17.1,0.666667,0,0,0
25825,57.9741,-17.1,0.333333,0,0,0
25826,57.9741,-17.1,0.666667,0,0,0
25827,58.9764,-17.1,0.333333,0,0,0
25828,58.9764,-17.1,0.666667,0,0,0
25829,59.9788,-17.1,0.333333,0,0,0
25830,59.9788,-17.1,0.666667,0,0,0
25831,60.9811,-17.1,0.333333,0,0,0
25832,60.9811,-17.1,0.666667,0,0,0
25833,61.9835,-17.1,0.333333,0,0,0
25834,61.9835,-17.1,0.666667,0,0,0
25835,62.9858,-17.1,0.333333,0,0,0
25836,62.9858,-17.1,0.666667,0,0,0
25837,63.9882,-17.1,0.333333,0,0,0
25838,63.9882,-17.1,0.666667,0,0,0
25839,64.9906,-17.1,0.333333,0,0,0
25840,64.9906,-17.1,0.666667,0,0,0
25841,65.9929,-17.1,0.333333,0,0,0
25842,65.9929,-17.1,0.666667,0,0,0
25843,66.9953,-17.1,0.333333,0,0,0
25844,66.9953,-17.1,0.666667,0,0,0
25845,67.9976,-17.1,0.333333,0,0,0
25846,67.9976,-17.1,0.666667,0,0,0
25847,16.8774,-18.075,0.333333,0,0,0
25848,16.8774,-18.075,0.666667,0,0,0
25849,17.8797,-18.075,0.333333,0,0,0
25850,17.8797,-18.075,0.666667,0,0,0
25851,18.8821,-18.075,0.333333,0,0,0
25852,18.8821,-18.075,0.666667,0,0,0
25853,19.8844,-18.075,0.333333,0,0,0
25854,19.8844,-18.075,0.666667,0,0,0
25855,20.8868,-18.075,0.333333,0,0,0
25856,20.8868,-18.075,0.666667,0,0,0
25857,21.8892,-18.075,0.333333,0,0,0
25858,21.8892,-18.075,0.666667,0,0,0
25859,22.8915,-18.075,0.333333,0,0,0
25860,22.8915,-18.075,0.666667,0,0,0
25861,23.8939,-18.075,0.333333,0,0,0
25862,23.8939,-18.075,0.666667,0,0,0
25863,24.8962,-18.075,0.333333,0,0,0
25864,24.8962,-18.075,0.666667,0,0,0
25865,25.8986,-18.075,0.333333,0,0,0
25866,25.8986,-18.075,0.666667,0,0,0
25867,26.9009,-18.075,0.333333,0,0,0
25868,26.9009,-18.075,0.666667,0,0,0
25869,27.9033,-18.075,0.333333,0,0,0
25870,27.9033,-18.075,0.666667,0,0,0
25871,28.9057,-18.075,0.333333,0,0,0
25872,28.9057,-18.075,0.666667,0,0,0
25873,29.908,-18.075,0.333333,0,0,0
25874,29.908,-18.075,0.666667,0,0,0
25875,30.9104,-18.075,0.333333,0,0,0
25876,30.9104,-18.075,0.666667,0,0,0
25877,31.9127,-18.075,0.333333,0,0,0
25878,31.9127,-18.075,0.666667,0,0,0
25879,32.9151,-18.075,0.333333,0,0,0
25880,32.9151,-18.075,0.666667,0,0,0
25881,33.9175,-18.075,0.333333,0,0,0
25882,33.9175,-18.075,0.666667,0,0,0
25883,34.9198,-18.075,0.333333,0,0,0
25884,34.9198,-18.075,0.666667,0,0,0
25885,35.9222,-18.075,0.333333,0,0,0
25886,35.9222,-18.075,0.666667,0,0,0
25887,36.9245,-18.075,0.333333,0,0,0
25888,36.9245,-18.075,0.666667,0,0,0
25889,37.9269,-18.075,0.333333,0,0,0
25890,37.9269,-18.075,0.666667,0,0,0
25891,38.9292,-18.075,0.333333,0,0,0
25892,38.9292,-18.075,0.666667,0,0,0
25893,39.9316,-18.075,0.333333,0,0,0
25894,39.9316,-18.075,0.666667,0,0,0
25895,40.934,-18.075,0.333333,0,0,0
25896,40.934,-18.075,0.666667,0,0,0
25897,41.9363,-18.075,0.333333,0,0,0
25898,41.9363,-18.075,0.666667,0,0,0
25899,42.9387,-18.075,0.333333,0,0,0
25900,42.9387,-18.075,0.666667,0,0,0
25901,43.941,-18.075,0.333333,0,0,0
25902,43.941,-18.075,0.666667,0,0,0
25903,44.9434,-18.075,0.333333,0,0,0
25904,44.9434,-18.075,0.666667,0,0,0
25905,45.9458,-18.075,0.333333,0,0,0
25906,45.9458,-18.075,0.666667,0,0,0
25907,46.9481,-18.075,0.333333,0,0,0
25908,46.9481,-18.075,0.666667,0,0,0
25909,47.9505,-18.075,0.333333,0,0,0
25910,47.9505,-18.075,0.666667,0,0,0
25911,48.9528,-18.075,0.333333,0,0,0
25912,48.9528,-18.075,0.666667,0,0,0
25913,49.9552,-18.075,0.333333,0,0,0
25914,49.9552,-18.075,0.666667,0,0,0
25915,50.9575,-18.075,0.333333,0,0,0
25916,50.9575,-18.075,0.666667,0,0,0
25917,51.9599,-18.075,0.333333,0,0,0
25918,51.9599,-18.075,0.666667,0,0,0
25919,52.9623,-18.075,0.333333,0,0,0
25920,52.9623,-18.075,0.666667,0,0,0
25921,53.9646,-18.075,0.333333,0,0,0
25922,53.9646,-18.075,0.666667,0,0,0
25923,54.967,-18.075,0.333333,0,0,0
25924,54.967,-18.075,0.666667,0,0,0
25925,55.9693,-18.075,0.333333,0,0,0
25926,55.9693,-18.075,0.666667,0,0,0
25927,56.9717,-18.075,0.333333,0,0,0
25928,56.9717,-18.075,0.666667,0,0,0
25929,57.9741,-18.075,0.333333,0,0,0
25930,57.9741,-18.075,0.666667,0,0,0
25931,58.9764,-18.075,0.333333,0,0,0
25932,58.9764,-18.075,0.666667,0,0,0
25933,59.9788,-18.075,0.333333,0,0,0
25934,59.9788,-18.075,0.666667,0,0,0
25935,60.9811,-18.075,0.333333,0,0,0
25936,60.9811,-18.075,0.666667,0,0,0
25937,61.9835,-18.075,0.333333,0,0,0
25938,61.9835,-18.075,0.666667,0,0,0
25939,62.9858,-18.075,0.333333,0,0,0
25940,62.9858,-18.075,0.666667,0,0,0
25941,63.9882,-18.075,0.333333,0,0,0
25942,63.9882,-18.075,0.666667,0,0,0
25943,64.9906,-18.075,0.333333,0,0,0
25944,64.9906,-18.075,0.666667,0,0,0
25945,65.9929,-18.075,0.333333,0,0,0
25946,65.9929,-18.075,0.666667,0,0,0
25947,66.9953,-18.075,0.333333,0,0,0
25948,66.9953,-18.075,0.666667,0,0,0
25949,67.9976,-18.075,0.333333,0,0,0
25950,67.9976,-18.075,0.666667,0,0,0
25951,-15.2668,-1.28818,0.666667,0,0,0
25952,-15.3002,-2.21386,0.666667,0,0,0
25953,-15.3321,-3.14097,0.666667,0,0,0
25954,-15.3626,-4.06944,0.666667,0,0,0
25955,-15.3915,-4.99921,0.666667,0,0,0
25956,-15.4188,-5.93021,0.666667,0,0,0
25957,-15.4445,-6.86236,0.666667,0,0,0
25958,-15.4685,-7.7956,0.666667,0,0,0
25959,-15.4907,-8.72985,0.666667,0,0,0
25960,-15.5112,-9.66503,0.666667,0,0,0
25961,-15.5298,-10.6011,0.666667,0,0,0
25962,-15.5465,-11.5379,0.666667,0,0,0
25963,-15.5614,-12.4754,0.666667,0,0,0
25964,-15.5743,-13.4135,0.666667,0,0,0
25965,-15.5853,-14.3521,0.666667,0,0,0
25966,-15.5943,-15.2911,0.666667,0,0,0
25967,-15.6014,-16.2305,0.666667,0,0,0
25968,-15.6064,-17.1702,0.666667,0,0,0
25969,-15.6094,-18.1101,0.666667,0,0,0
25970,-14.6585,-2.05135,0.666667,0,0,0
25971,-14.7253,-2.92772,0.666667,0,0,0
25972,-14.7892,-3.80694,0.666667,0,0,0
25973,-14.8502,-4.68888,0.666667,0,0,0
25974,-14.908,-5.57342,0.666667,0,0,0
25975,-14.9627,-6.46042,0.666667,0,0,0
25976,-15.014,-7.34972,0.666667,0,0,0
25977,-15.062,-8.2412,0.666667,0,0,0
25978,-15.1064,-9.1347,0.666667,0,0,0
25979,-15.1473,-10.0301,0.666667,0,0,0
25980,-15.1846,-10.9271,0.666667,0,0,0
25981,-15.2181,-11.8257,0.666667,0,0,0
25982,-15.2478,-12.7257,0.666667,0,0,0
25983,-15.2736,-13.6269,0.666667,0,0,0
25984,-15.2956,-14.5292,0.666667,0,0,0
25985,-15.3136,-15.4323,0.666667,0,0,0
25986,-15.3277,-16.3361,0.666667,0,0,0
25987,-15.3378,-17.2404,0.666667,0,0,0
25988,-15.3438,-18.1451,0.666667,0,0,0
25989,-14.0503,-2.81453,0.666667,0,0,0
25990,-14.1505,-3.64158,0.666667,0,0,0
25991,-14.2463,-4.47291,0.666667,0,0,0
25992,-14.3377,-5.30833,0.666667,0,0,0
25993,-14.4245,-6.14763,0.666667,0,0,0
25994,-14.5065,-6.99062,0.666667,0,0,0
25995,-14.5835,-7.83709,0.666667,0,0,0
25996,-14.6555,-8.6868,0.666667,0,0,0
25997,-14.7222,-9.53954,0.666667,0,0,0
25998,-14.7835,-10.3951,0.666667,0,0,0
25999,-14.8393,-11.2532,0.666667,0,0,0
26000,-14.8896,-12.1136,0.666667,0,0,0
26001,-14.9342,-12.9761,0.666667,0,0,0
26002,-14.973,-13.8404,0.666667,0,0,0
26003,-15.0059,-14.7062,0.666667,0,0,0
26004,-15.033,-15.5734,0.666667,0,0,0
26005,-15.0541,-16.4416,0.666667,0,0,0
26006,-15.0692,-17.3106,0.666667,0,0,0
26007,-15.0782,-18.1802,0.666667,0,0,0
26008,-13.4421,-3.57771,0.666667,0,0,0
26009,-13.5756,-4.35544,0.666667,0,0,0
26010,-13.7034,-5.13888,0.666667,0,0,0
26011,-13.8253,-5.92777,0.666667,0,0,0
26012,-13.941,-6.72184,0.666667,0,0,0
26013,-14.0504,-7.52083,0.666667,0,0,0
26014,-14.1531,-8.32445,0.666667,0,0,0
26015,-14.249,-9.1324,0.666667,0,0,0
26016,-14.3379,-9.94439,0.666667,0,0,0
26017,-14.4197,-10.7601,0.666667,0,0,0
26018,-14.4941,-11.5792,0.666667,0,0,0
26019,-14.5611,-12.4014,0.666667,0,0,0
26020,-14.6205,-13.2264,0.666667,0,0,0
26021,-14.6723,-14.0538,0.666667,0,0,0
26022,-14.7162,-14.8833,0.666667,0,0,0
26023,-14.7523,-15.7145,0.666667,0,0,0
26024,-14.7804,-16.5472,0.666667,0,0,0
26025,-14.8005,-17.3809,0.666667,0,0,0
26026,-14.8126,-18.2153,0.666667,0,0,0
26027,-12.8338,-4.34089,0.666667,0,0,0
26028,-13.0008,-5.0693,0.666667,0,0,0
26029,-13.1606,-5.80485,0.666667,0,0,0
26030,-13.3129,-6.54721,0.666667,0,0,0
26031,-13.4576,-7.29605,0.666667,0,0,0
26032,-13.5942,-8.05104,0.666667,0,0,0
26033,-13.7226,-8.81181,0.666667,0,0,0
26034,-13.8425,-9.578,0.666667,0,0,0
26035,-13.9536,-10.3492,0.666667,0,0,0
26036,-14.0558,-11.1251,0.666667,0,0,0
26037,-14.1489,-11.9053,0.666667,0,0,0
26038,-14.2326,-12.6893,0.666667,0,0,0
26039,-14.3069,-13.4768,0.666667,0,0,0
26040,-14.3716,-14.2673,0.666667,0,0,0
26041,-14.4265,-15.0604,0.666667,0,0,0
26042,-14.4716,-15.8557,0.666667,0,0,0
26043,-14.5068,-16.6527,0.666667,0,0,0
26044,-14.5319,-17.4511,0.666667,0,0,0
26045,-14.547,-18.2503,0.666667,0,0,0
26046,-12.2256,-5.10406,0.666667,0,0,0
26047,-12.4259,-5.78316,0.666667,0,0,0
26048,-12.6177,-6.47082,0.666667,0,0,0
26049,-12.8005,-7.16665,0.666667,0,0,0
26050,-12.9741,-7.87027,0.666667,0,0,0
26051,-13.138,-8.58125,0.666667,0,0,0
26052,-13.2921,-9.29917,0.666667,0,0,0
26053,-13.436,-10.0236,0.666667,0,0,0
26054,-13.5693,-10.7541,0.666667,0,0,0
26055,-13.692,-11.4902,0.666667,0,0,0
26056,-13.8037,-12.2313,0.666667,0,0,0
26057,-13.9042,-12.9772,0.666667,0,0,0
26058,-13.9933,-13.7271,0.666667,0,0,0
26059,-14.0709,-14.4807,0.666667,0,0,0
26060,-14.1368,-15.2375,0.666667,0,0,0
26061,-14.1909,-15.9968,0.666667,0,0,0
26062,-14.2331,-16.7583,0.666667,0,0,0
26063,-14.2633,-17.5213,0.666667,0,0,0
26064,-14.2815,-18.2854,0.666667,0,0,0
26065,-11.6174,-5.86724,0.666667,0,0,0
26066,-11.8511,-6.49702,0.666667,0,0,0
26067,-12.0748,-7.13679,0.666667,0,0,0
26068,-12.2881,-7.78609,0.666667,0,0,0
26069,-12.4906,-8.44448,0.666667,0,0,0
26070,-12.6819,-9.11146,0.666667,0,0,0
26071,-12.8616,-9.78654,0.666667,0,0,0
26072,-13.0294,-10.4692,0.666667,0,0,0
26073,-13.1851,-11.1589,0.666667,0,0,0
26074,-13.3282,-11.8552,0.666667,0,0,0
26075,-13.4585,-12.5574,0.666667,0,0,0
26076,-13.5757,-13.265,0.666667,0,0,0
26077,-13.6797,-13.9775,0.666667,0,0,0
26078,-13.7702,-14.6942,0.666667,0,0,0
26079,-13.8471,-15.4145,0.666667,0,0,0
26080,-13.9103,-16.1379,0.666667,0,0,0
26081,-13.9595,-16.8638,0.666667,0,0,0
26082,-13.9947,-17.5915,0.666667,0,0,0
26083,-14.0159,-18.3204,0.666667,0,0,0
26084,-11.0092,-6.63042,0.666667,0,0,0
26085,-11.2762,-7.21088,0.666667,0,0,0
26086,-11.5319,-7.80276,0.666667,0,0,0
26087,-11.7757,-8.40553,0.666667,0,0,0
26088,-12.0071,-9.01869,0.666667,0,0,0
26089,-12.2257,-9.64166,0.666667,0,0,0
26090,-12.4311,-10.2739,0.666667,0,0,0
26091,-12.6229,-10.9148,0.666667,0,0,0
26092,-12.8008,-11.5638,0.666667,0,0,0
26093,-12.9643,-12.2202,0.666667,0,0,0
26094,-13.1132,-12.8835,0.666667,0,0,0
26095,-13.2472,-13.5529,0.666667,0,0,0
26096,-13.3661,-14.2278,0.666667,0,0,0
26097,-13.4696,-14.9076,0.666667,0,0,0
26098,-13.5574,-15.5916,0.666667,0,0,0
26099,-13.6296,-16.2791,0.666667,0,0,0
26100,-13.6858,-16.9693,0.666667,0,0,0
26101,-13.7261,-17.6617,0.666667,0,0,0
26102,-13.7503,-18.3555,0.666667,0,0,0
26103,-10.4009,-7.3936,0.666667,0,0,0
26104,-10.7014,-7.92474,0.666667,0,0,0
26105,-10.989,-8.46873,0.666667,0,0,0
26106,-11.2632,-9.02498,0.666667,0,0,0
26107,-11.5236,-9.5929,0.666667,0,0,0
26108,-11.7696,-10.1719,0.666667,0,0,0
26109,-12.0006,-10.7613,0.666667,0,0,0
26110,-12.2164,-11.3604,0.666667,0,0,0
26111,-12.4165,-11.9686,0.666667,0,0,0
26112,-12.6005,-12.5852,0.666667,0,0,0
26113,-12.768,-13.2095,0.666667,0,0,0
26114,-12.9188,-13.8407,0.666667,0,0,0
26115,-13.0525,-14.4782,0.666667,0,0,0
26116,-13.1689,-15.1211,0.666667,0,0,0
26117,-13.2678,-15.7687,0.666667,0,0,0
26118,-13.3489,-16.4202,0.666667,0,0,0
26119,-13.4122,-17.0749,0.666667,0,0,0
26120,-13.4575,-17.7319,0.666667,0,0,0
26121,-13.4847,-18.3906,0.666667,0,0,0
26122,-9.79269,-8.15677,0.666667,0,0,0
26123,-10.1265,-8.6386,0.666667,0,0,0
26124,-10.4461,-9.1347,0.666667,0,0,0
26125,-10.7508,-9.64442,0.666667,0,0,0
26126,-11.0401,-10.1671,0.666667,0,0,0
26127,-11.3134,-10.7021,0.666667,0,0,0
26128,-11.5702,-11.2486,0.666667,0,0,0
26129,-11.8099,-11.806,0.666667,0,0,0
26130,-12.0322,-12.3735,0.666667,0,0,0
26131,-12.2366,-12.9503,0.666667,0,0,0
26132,-12.4228,-13.5356,0.666667,0,0,0
26133,-12.5903,-14.1286,0.666667,0,0,0
26134,-12.7389,-14.7285,0.666667,0,0,0
26135,-12.8682,-15.3345,0.666667,0,0,0
26136,-12.9781,-15.9458,0.666667,0,0,0
26137,-13.0682,-16.5613,0.666667,0,0,0
26138,-13.1385,-17.1804,0.666667,0,0,0
26139,-13.1889,-17.8022,0.666667,0,0,0
26140,-13.2191,-18.4256,0.666667,0,0,0
26141,-9.18446,-8.91995,0.666667,0,0,0
26142,-9.55168,-9.35246,0.666667,0,0,0
26143,-9.90322,-9.80066,0.666667,0,0,0
26144,-10.2384,-10.2639,0.666667,0,0,0
26145,-10.5566,-10.7413,0.666667,0,0,0
26146,-10.8572,-11.2323,0.666667,0,0,0
26147,-11.1397,-11.736,0.666667,0,0,0
26148,-11.4034,-12.2516,0.666667,0,0,0
26149,-11.6479,-12.7783,0.666667,0,0,0
26150,-11.8728,-13.3153,0.666667,0,0,0
26151,-12.0776,-13.8616,0.666667,0,0,0
26152,-12.2618,-14.4165,0.666667,0,0,0
26153,-12.4253,-14.9789,0.666667,0,0,0
26154,-12.5675,-15.548,0.666667,0,0,0
26155,-12.6884,-16.1228,0.666667,0,0,0
26156,-12.7875,-16.7025,0.666667,0,0,0
26157,-12.8649,-17.286,0.666667,0,0,0
26158,-12.9202,-17.8724,0.666667,0,0,0
26159,-12.9535,-18.4607,0.666667,0,0,0
26160,-8.57623,-9.68313,0.666667,0,0,0
26161,-8.97683,-10.0663,0.666667,0,0,0
26162,-9.36033,-10.4666,0.666667,0,0,0
26163,-9.726,-10.8833,0.666667,0,0,0
26164,-10.0731,-11.3155,0.666667,0,0,0
26165,-10.4011,-11.7625,0.666667,0,0,0
26166,-10.7092,-12.2233,0.666667,0,0,0
26167,-10.9969,-12.6972,0.666667,0,0,0
26168,-11.2637,-13.1832,0.666667,0,0,0
26169,-11.509,-13.6803,0.666667,0,0,0
26170,-11.7323,-14.1877,0.666667,0,0,0
26171,-11.9334,-14.7043,0.666667,0,0,0
26172,-12.1116,-15.2292,0.666667,0,0,0
26173,-12.2668,-15.7614,0.666667,0,0,0
26174,-12.3987,-16.2999,0.666667,0,0,0
26175,-12.5069,-16.8436,0.666667,0,0,0
26176,-12.5912,-17.3915,0.666667,0,0,0
26177,-12.6516,-17.9426,0.666667,0,0,0
26178,-12.6879,-18.4958,0.666667,0,0,0
26179,-8.3163,-9.9833,0.666667,0,0,0
26180,-8.70364,-10.3545,0.666667,0,0,0
26181,-9.07444,-10.7421,0.666667,0,0,0
26182,-9.42799,-11.1456,0.666667,0,0,0
26183,-9.76361,-11.5641,0.666667,0,0,0
26184,-10.0807,-11.9969,0.666667,0,0,0
26185,-10.3786,-12.443,0.666667,0,0,0
26186,-10.6567,-12.9018,0.666667,0,0,0
26187,-10.9146,-13.3722,0.666667,0,0,0
26188,-11.1518,-13.8534,0.666667,0,0,0
26189,-11.3677,-14.3444,0.666667,0,0,0
26190,-11.562,-14.8445,0.666667,0,0,0
26191,-11.7344,-15.3525,0.666667,0,0,0
26192,-11.8844,-15.8676,0.666667,0,0,0
26193,-12.0118,-16.3887,0.666667,0,0,0
26194,-12.1164,-16.9148,0.666667,0,0,0
26195,-12.198,-17.4451,0.666667,0,0,0
26196,-12.2564,-17.9783,0.666667,0,0,0
26197,-12.2914,-18.5137,0.666667,0,0,0
26198,-8.05636,-10.2835,0.666667,0,0,0
26199,-8.43045,-10.6426,0.666667,0,0,0
26200,-8.78855,-11.0177,0.666667,0,0,0
26201,-9.12998,-11.4079,0.666667,0,0,0
26202,-9.45408,-11.8127,0.666667,0,0,0
26203,-9.76026,-12.2313,0.666667,0,0,0
26204,-10.0479,-12.6627,0.666667,0,0,0
26205,-10.3165,-13.1063,0.666667,0,0,0
26206,-10.5655,-13.5612,0.666667,0,0,0
26207,-10.7945,-14.0264,0.666667,0,0,0
26208,-11.003,-14.5012,0.666667,0,0,0
26209,-11.1907,-14.9846,0.666667,0,0,0
26210,-11.3571,-15.4758,0.666667,0,0,0
26211,-11.502,-15.9737,0.666667,0,0,0
26212,-11.625,-16.4774,0.666667,0,0,0
26213,-11.726,-16.9861,0.666667,0,0,0
26214,-11.8047,-17.4986,0.666667,0,0,0
26215,-11.8611,-18.0141,0.666667,0,0,0
26216,-11.895,-18.5316,0.666667,0,0,0
26217,-7.79643,-10.5837,0.666667,0,0,0
26218,-8.15726,-10.9307,0.666667,0,0,0
26219,-8.50266,-11.2932,0.666667,0,0,0
26220,-8.83196,-11.6703,0.666667,0,0,0
26221,-9.14456,-12.0613,0.666667,0,0,0
26222,-9.43985,-12.4657,0.666667,0,0,0
26223,-9.71728,-12.8824,0.666667,0,0,0
26224,-9.97632,-13.3108,0.666667,0,0,0
26225,-10.2165,-13.7501,0.666667,0,0,0
26226,-10.4373,-14.1995,0.666667,0,0,0
26227,-10.6384,-14.658,0.666667,0,0,0
26228,-10.8193,-15.1248,0.666667,0,0,0
26229,-10.9798,-15.599,0.666667,0,0,0
26230,-11.1195,-16.0798,0.666667,0,0,0
26231,-11.2382,-16.5662,0.666667,0,0,0
26232,-11.3356,-17.0573,0.666667,0,0,0
26233,-11.4115,-17.5522,0.666667,0,0,0
26234,-11.4658,-18.0499,0.666667,0,0,0
26235,-11.4985,-18.5495,0.666667,0,0,0
26236,-7.5365,-10.8838,0.666667,0,0,0
26237,-7.88407,-11.2189,0.666667,0,0,0
26238,-8.21676,-11.5687,0.666667,0,0,0
26239,-8.53395,-11.9326,0.666667,0,0,0
26240,-8.83503,-12.31,0.666667,0,0,0
26241,-9.11944,-12.7,0.666667,0,0,0
26242,-9.38664,-13.1021,0.666667,0,0,0
26243,-9.63612,-13.5154,0.666667,0,0,0
26244,-9.86741,-13.9391,0.666667,0,0,0
26245,-10.0801,-14.3725,0.666667,0,0,0
26246,-10.2737,-14.8147,0.666667,0,0,0
26247,-10.448,-15.2649,0.666667,0,0,0
26248,-10.6025,-15.7223,0.666667,0,0,0
26249,-10.7371,-16.1859,0.666667,0,0,0
26250,-10.8513,-16.655,0.666667,0,0,0
26251,-10.9451,-17.1285,0.666667,0,0,0
26252,-11.0182,-17.6057,0.666667,0,0,0
26253,-11.0706,-18.0856,0.666667,0,0,0
26254,-11.102,-18.5674,0.666667,0,0,0
26255,-7.27656,-11.184,0.666667,0,0,0
26256,-7.61088,-11.507,0.666667,0,0,0
26257,-7.93087,-11.8442,0.666667,0,0,0
26258,-8.23594,-12.1949,0.666667,0,0,0
26259,-8.52551,-12.5586,0.666667,0,0,0
26260,-8.79903,-12.9344,0.666667,0,0,0
26261,-9.056,-13.3218,0.666667,0,0,0
26262,-9.29592,-13.7199,0.666667,0,0,0
26263,-9.51835,-14.1281,0.666667,0,0,0
26264,-9.72286,-14.5456,0.666667,0,0,0
26265,-9.90908,-14.9715,0.666667,0,0,0
26266,-10.0767,-15.4051,0.666667,0,0,0
26267,-10.2253,-15.8456,0.666667,0,0,0
26268,-10.3546,-16.2921,0.666667,0,0,0
26269,-10.4645,-16.7437,0.666667,0,0,0
26270,-10.5547,-17.1998,0.666667,0,0,0
26271,-10.625,-17.6593,0.666667,0,0,0
26272,-10.6753,-18.1214,0.666667,0,0,0
26273,-10.7055,-18.5853,0.666667,0,0,0
26274,-7.01663,-11.4842,0.666667,0,0,0
26275,-7.33769,-11.7951,0.666667,0,0,0
26276,-7.64498,-12.1197,0.666667,0,0,0
26277,-7.93793,-12.4572,0.666667,0,0,0
26278,-8.21598,-12.8072,0.666667,0,0,0
26279,-8.47863,-13.1688,0.666667,0,0,0
26280,-8.72536,-13.5415,0.666667,0,0,0
26281,-8.95572,-13.9245,0.666667,0,0,0
26282,-9.16928,-14.3171,0.666667,0,0,0
26283,-9.36564,-14.7186,0.666667,0,0,0
26284,-9.54443,-15.1283,0.666667,0,0,0
26285,-9.70531,-15.5453,0.666667,0,0,0
26286,-9.84798,-15.9688,0.666667,0,0,0
26287,-9.97217,-16.3982,0.666667,0,0,0
26288,-10.0777,-16.8325,0.666667,0,0,0
26289,-10.1642,-17.271,0.666667,0,0,0
26290,-10.2317,-17.7128,0.666667,0,0,0
26291,-10.28,-18.1571,0.666667,0,0,0
26292,-10.3091,-18.6032,0.666667,0,0,0
26293,-6.7567,-11.7844,0.666667,0,0,0
26294,-7.0645,-12.0833,0.666667,0,0,0
26295,-7.35909,-12.3952,0.666667,0,0,0
26296,-7.63992,-12.7196,0.666667,0,0,0
26297,-7.90646,-13.0558,0.666667,0,0,0
26298,-8.15822,-13.4032,0.666667,0,0,0
26299,-8.39472,-13.7612,0.666667,0,0,0
26300,-8.61553,-14.129,0.666667,0,0,0
26301,-8.82022,-14.5061,0.666667,0,0,0
26302,-9.00842,-14.8917,0.666667,0,0,0
26303,-9.17978,-15.285,0.666667,0,0,0
26304,-9.33397,-15.6854,0.666667,0,0,0
26305,-9.4707,-16.0921,0.666667,0,0,0
26306,-9.58973,-16.5043,0.666667,0,0,0
26307,-9.69082,-16.9213,0.666667,0,0,0
26308,-9.77379,-17.3422,0.666667,0,0,0
26309,-9.83849,-17.7664,0.666667,0,0,0
26310,-9.88478,-18.1929,0.666667,0,0,0
26311,-9.9126,-18.621,0.666667,0,0,0
26312,-6.49677,-12.0845,0.666667,0,0,0
26313,-6.79131,-12.3714,0.666667,0,0,0
26314,-7.0732,-12.6707,0.666667,0,0,0
26315,-7.34191,-12.9819,0.666667,0,0,0
26316,-7.59694,-13.3044,0.666667,0,0,0
26317,-7.83781,-13.6376,0.666667,0,0,0
26318,-8.06408,-13.9809,0.666667,0,0,0
26319,-8.27533,-14.3336,0.666667,0,0,0
26320,-8.47116,-14.6951,0.666667,0,0,0
26321,-8.6512,-15.0647,0.666667,0,0,0
26322,-8.81512,-15.4418,0.666667,0,0,0
26323,-8.96262,-15.8256,0.666667,0,0,0
26324,-9.09343,-16.2153,0.666667,0,0,0
26325,-9.20728,-16.6104,0.666667,0,0,0
26326,-9.30399,-17.01,0.666667,0,0,0
26327,-9.38335,-17.4134,0.666667,0,0,0
26328,-9.44524,-17.8199,0.666667,0,0,0
26329,-9.48952,-18.2287,0.666667,0,0,0
26330,-9.51613,-18.6389,0.666667,0,0,0
26331,-6.2367,-12.3849,0.666667,0,0,0
26332,-6.51799,-12.6597,0.666667,0,0,0
26333,-6.78719,-12.9463,0.666667,0,0,0
26334,-7.04379,-13.2443,0.666667,0,0,0
26335,-7.28731,-13.5531,0.666667,0,0,0
26336,-7.51732,-13.872,0.666667,0,0,0
26337,-7.73337,-14.2006,0.666667,0,0,0
26338,-7.93506,-14.5382,0.666667,0,0,0
26339,-8.12203,-14.8841,0.666667,0,0,0
26340,-8.29393,-15.2378,0.666667,0,0,0
26341,-8.45043,-15.5986,0.666667,0,0,0
26342,-8.59125,-15.9657,0.666667,0,0,0
26343,-8.71612,-16.3386,0.666667,0,0,0
26344,-8.82482,-16.7165,0.666667,0,0,0
26345,-8.91714,-17.0988,0.666667,0,0,0
26346,-8.9929,-17.4847,0.666667,0,0,0
26347,-9.05198,-17.8735,0.666667,0,0,0
26348,-9.09426,-18.2644,0.666667,0,0,0
26349,-9.11965,-18.6568,0.666667,0,0,0
26350,-5.97664,-12.6852,0.666667,0,0,0
26351,-6.24468,-12.9479,0.666667,0,0,0
26352,-6.50118,-13.2219,0.666667,0,0,0
26353,-6.74567,-13.5067,0.666667,0,0,0
26354,-6.97769,-13.8018,0.666667,0,0,0
26355,-7.19682,-14.1065,0.666667,0,0,0
26356,-7.40265,-14.4203,0.666667,0,0,0
26357,-7.5948,-14.7428,0.666667,0,0,0
26358,-7.77291,-15.0732,0.666667,0,0,0
26359,-7.93666,-15.4109,0.666667,0,0,0
26360,-8.08574,-15.7554,0.666667,0,0,0
26361,-8.21988,-16.1059,0.666667,0,0,0
26362,-8.33882,-16.4619,0.666667,0,0,0
26363,-8.44236,-16.8227,0.666667,0,0,0
26364,-8.53029,-17.1876,0.666667,0,0,0
26365,-8.60246,-17.5559,0.666667,0,0,0
26366,-8.65872,-17.927,0.666667,0,0,0
26367,-8.69899,-18.3002,0.666667,0,0,0
26368,-8.72318,-18.6747,0.666667,0,0,0
26369,-5.71657,-12.9855,0.666667,0,0,0
26370,-5.97136,-13.2362,0.666667,0,0,0
26371,-6.21517,-13.4976,0.666667,0,0,0
26372,-6.44755,-13.7691,0.666667,0,0,0
26373,-6.66807,-14.0504,0.666667,0,0,0
26374,-6.87633,-14.3409,0.666667,0,0,0
26375,-7.07193,-14.6401,0.666667,0,0,0
26376,-7.25453,-14.9474,0.666667,0,0,0
26377,-7.42379,-15.2622,0.666667,0,0,0
26378,-7.57939,-15.584,0.666667,0,0,0
26379,-7.72105,-15.9121,0.666667,0,0,0
26380,-7.8485,-16.2461,0.666667,0,0,0
26381,-7.96152,-16.5852,0.666667,0,0,0
26382,-8.05989,-16.9288,0.666667,0,0,0
26383,-8.14344,-17.2763,0.666667,0,0,0
26384,-8.21201,-17.6271,0.666667,0,0,0
26385,-8.26547,-17.9806,0.666667,0,0,0
26386,-8.30373,-18.3359,0.666667,0,0,0
26387,-8.32671,-18.6926,0.666667,0,0,0
26388,-5.45651,-13.2859,0.666667,0,0,0
26389,-5.69805,-13.5245,0.666667,0,0,0
26390,-5.92917,-13.7732,0.666667,0,0,0
26391,-6.14943,-14.0316,0.666667,0,0,0
26392,-6.35845,-14.2991,0.666667,0,0,0
26393,-6.55583,-14.5754,0.666667,0,0,0
26394,-6.74122,-14.8598,0.666667,0,0,0
26395,-6.91427,-15.152,0.666667,0,0,0
26396,-7.07467,-15.4512,0.666667,0,0,0
26397,-7.22212,-15.7571,0.666667,0,0,0
26398,-7.35635,-16.0689,0.666667,0,0,0
26399,-7.47713,-16.3862,0.666667,0,0,0
26400,-7.58422,-16.7085,0.666667,0,0,0
26401,-7.67743,-17.0349,0.666667,0,0,0
26402,-7.75659,-17.3651,0.666667,0,0,0
26403,-7.82156,-17.6984,0.666667,0,0,0
26404,-7.87221,-18.0341,0.666667,0,0,0
26405,-7.90846,-18.3717,0.666667,0,0,0
26406,-7.93024,-18.7105,0.666667,0,0,0
26407,-5.19644,-13.5862,0.666667,0,0,0
26408,-5.42473,-13.8127,0.666667,0,0,0
26409,-5.64316,-14.0488,0.666667,0,0,0
26410,-5.85132,-14.294,0.666667,0,0,0
26411,-6.04883,-14.5478,0.666667,0,0,0
26412,-6.23534,-14.8098,0.666667,0,0,0
26413,-6.4105,-15.0796,0.666667,0,0,0
26414,-6.574,-15.3565,0.666667,0,0,0
26415,-6.72554,-15.6402,0.666667,0,0,0
26416,-6.86485,-15.9301,0.666667,0,0,0
26417,-6.99166,-16.2257,0.666667,0,0,0
26418,-7.10575,-16.5264,0.666667,0,0,0
26419,-7.20691,-16.8317,0.666667,0,0,0
26420,-7.29497,-17.1411,0.666667,0,0,0
26421,-7.36974,-17.4539,0.666667,0,0,0
26422,-7.43111,-17.7696,0.666667,0,0,0
26423,-7.47896,-18.0877,0.666667,0,0,0
26424,-7.5132,-18.4075,0.666667,0,0,0
26425,-7.53376,-18.7284,0.666667,0,0,0
26426,-4.93637,-13.8865,0.666667,0,0,0
26427,-5.15142,-14.101,0.666667,0,0,0
26428,-5.35715,-14.3244,0.666667,0,0,0
26429,-5.5532,-14.5564,0.666667,0,0,0
26430,-5.73921,-14.7965,0.666667,0,0,0
26431,-5.91484,-15.0443,0.666667,0,0,0
26432,-6.07978,-15.2993,0.666667,0,0,0
26433,-6.23374,-15.5611,0.666667,0,0,0
26434,-6.37642,-15.8293,0.666667,0,0,0
26435,-6.50757,-16.1032,0.666667,0,0,0
26436,-6.62697,-16.3825,0.666667,0,0,0
26437,-6.73438,-16.6666,0.666667,0,0,0
26438,-6.82961,-16.955,0.666667,0,0,0
26439,-6.9125,-17.2472,0.666667,0,0,0
26440,-6.98289,-17.5427,0.666667,0,0,0
26441,-7.04066,-17.8408,0.666667,0,0,0
26442,-7.0857,-18.1412,0.666667,0,0,0
26443,-7.11793,-18.4432,0.666667,0,0,0
26444,-7.13729,-18.7463,0.666667,0,0,0
26445,-4.67631,-14.1869,0.666667,0,0,0
26446,-4.8781,-14.3893,0.666667,0,0,0
26447,-5.07114,-14.6001,0.666667,0,0,0
26448,-5.25508,-14.8188,0.666667,0,0,0
26449,-5.42959,-15.0452,0.666667,0,0,0
26450,-5.59435,-15.2787,0.666667,0,0,0
26451,-5.74907,-15.5191,0.666667,0,0,0
26452,-5.89347,-15.7657,0.666667,0,0,0
26453,-6.0273,-16.0183,0.666667,0,0,0
26454,-6.1503,-16.2763,0.666667,0,0,0
26455,-6.26227,-16.5393,0.666667,0,0,0
26456,-6.363,-16.8068,0.666667,0,0,0
26457,-6.45231,-17.0783,0.666667,0,0,0
26458,-6.53004,-17.3533,0.666667,0,0,0
26459,-6.59605,-17.6314,0.666667,0,0,0
26460,-6.65021,-17.9121,0.666667,0,0,0
26461,-6.69245,-18.1948,0.666667,0,0,0
26462,-6.72267,-18.479,0.666667,0,0,0
26463,-6.74082,-18.7642,0.666667,0,0,0
26464,-4.41624,-14.4872,0.666667,0,0,0
26465,-4.60479,-14.6775,0.666667,0,0,0
26466,-4.78513,-14.8757,0.666667,0,0,0
26467,-4.95696,-15.0812,0.666667,0,0,0
26468,-5.11996,-15.2939,0.666667,0,0,0
26469,-5.27385,-15.5132,0.666667,0,0,0
26470,-5.41835,-15.7388,0.666667,0,0,0
26471,-5.55321,-15.9703,0.666667,0,0,0
26472,-5.67817,-16.2073,0.666667,0,0,0
26473,-5.79303,-16.4494,0.666667,0,0,0
26474,-5.89758,-16.6961,0.666667,0,0,0
26475,-5.99163,-16.9469,0.666667,0,0,0
26476,-6.07501,-17.2015,0.666667,0,0,0
26477,-6.14757,-17.4595,0.666667,0,0,0
26478,-6.2092,-17.7202,0.666667,0,0,0
26479,-6.25977,-17.9833,0.666667,0,0,0
26480,-6.29919,-18.2483,0.666667,0,0,0
26481,-6.3274,-18.5147,0.666667,0,0,0
26482,-6.34435,-18.7821,0.666667,0,0,0
26483,-3.89505,-15.0891,0.666667,0,0,0
26484,-4.05716,-15.2552,0.666667,0,0,0
26485,-4.2122,-15.4278,0.666667,0,0,0
26486,-4.35988,-15.6069,0.666667,0,0,0
26487,-4.49995,-15.7919,0.666667,0,0,0
26488,-4.63217,-15.9827,0.666667,0,0,0
26489,-4.75631,-16.1788,0.666667,0,0,0
26490,-4.87214,-16.3799,0.666667,0,0,0
26491,-4.97947,-16.5857,0.666667,0,0,0
26492,-5.0781,-16.7958,0.666667,0,0,0
26493,-5.16787,-17.0098,0.666667,0,0,0
26494,-5.24862,-17.2274,0.666667,0,0,0
26495,-5.32021,-17.4482,0.666667,0,0,0
26496,-5.3825,-17.6718,0.666667,0,0,0
26497,-5.4354,-17.8978,0.666667,0,0,0
26498,-5.4788,-18.1258,0.666667,0,0,0
26499,-5.51264,-18.3554,0.666667,0,0,0
26500,-5.53685,-18.5863,0.666667,0,0,0
26501,-5.5514,-18.8179,0.666667,0,0,0
26502,-3.37386,-15.691,0.666667,0,0,0
26503,-3.50954,-15.8328,0.666667,0,0,0
26504,-3.63926,-15.98,0.666667,0,0,0
26505,-3.76279,-16.1325,0.666667,0,0,0
26506,-3.87994,-16.29,0.666667,0,0,0
26507,-3.99049,-16.4521,0.666667,0,0,0
26508,-4.09426,-16.6187,0.666667,0,0,0
26509,-4.19108,-16.7895,0.666667,0,0,0
26510,-4.28076,-16.964,0.666667,0,0,0
26511,-4.36318,-17.1422,0.666667,0,0,0
26512,-4.43817,-17.3236,0.666667,0,0,0
26513,-4.50562,-17.5079,0.666667,0,0,0
26514,-4.5654,-17.6949,0.666667,0,0,0
26515,-4.61742,-17.8841,0.666667,0,0,0
26516,-4.6616,-18.0754,0.666667,0,0,0
26517,-4.69784,-18.2683,0.666667,0,0,0
26518,-4.72609,-18.4626,0.666667,0,0,0
26519,-4.74631,-18.6578,0.666667,0,0,0
26520,-4.75845,-18.8537,0.666667,0,0,0
26521,-2.85267,-16.2929,0.666667,0,0,0
26522,-2.96191,-16.4104,0.666667,0,0,0
26523,-3.06632,-16.5322,0.666667,0,0,0
26524,-3.16571,-16.6581,0.666667,0,0,0
26525,-3.25993,-16.788,0.666667,0,0,0
26526,-3.34881,-16.9216,0.666667,0,0,0
26527,-3.43222,-17.0587,0.666667,0,0,0
26528,-3.51001,-17.199,0.666667,0,0,0
26529,-3.58206,-17.3424,0.666667,0,0,0
26530,-3.64825,-17.4886,0.666667,0,0,0
26531,-3.70846,-17.6373,0.666667,0,0,0
26532,-3.76261,-17.7884,0.666667,0,0,0
26533,-3.8106,-17.9415,0.666667,0,0,0
26534,-3.85235,-18.0965,0.666667,0,0,0
26535,-3.88779,-18.253,0.666667,0,0,0
26536,-3.91687,-18.4108,0.666667,0,0,0
26537,-3.93954,-18.5697,0.666667,0,0,0
26538,-3.95576,-18.7294,0.666667,0,0,0
26539,-3.9655,-18.8895,0.666667,0,0,0
26540,-15.2668,-1.28818,0.333333,0,0,0
26541,-15.3002,-2.21386,0.333333,0,0,0
26542,-15.3321,-3.14097,0.333333,0,0,0
26543,-15.3626,-4.06944,0.333333,0,0,0
26544,-15.3915,-4.99921,0.333333,0,0,0
26545,-15.4188,-5.93021,0.333333,0,0,0
26546,-15.4445,-6.86236,0.333333,0,0,0
26547,-15.4685,-7.7956,0.333333,0,0,0
26548,-15.4907,-8.72985,0.333333,0,0,0
26549,-15.5112,-9.66503,0.333333,0,0,0
26550,-15.5298,-10.6011,0.333333,0,0,0
26551,-15.5465,-11.5379,0.333333,0,0,0
26552,-15.5614,-12.4754,0.333333,0,0,0
26553,-15.5743,-13.4135,0.333333,0,0,0
26554,-15.5853,-14.3521,0.333333,0,0,0
26555,-15.5943,-15.2911,0.333333,0,0,0
26556,-15.6014,-16.2305,0.333333,0,0,0
26557,-15.6064,-17.1702,0.333333,0,0,0
26558,-15.6094,-18.1101,0.333333,0,0,0
26559,-14.6585,-2.05135,0.333333,0,0,0
26560,-14.7253,-2.92772,0.333333,0,0,0
26561,-14.7892,-3.80694,0.333333,0,0,0
26562,-14.8502,-4.68888,0.333333,0,0,0
26563,-14.908,-5.57342,0.333333,0,0,0
26564,-14.9627,-6.46042,0.333333,0,0,0
26565,-15.014,-7.34972,0.333333,0,0,0
26566,-15.062,-8.2412,0.333333,0,0,0
26567,-15.1064,-9.1347,0.333333,0,0,0
26568,-15.1473,-10.0301,0.333333,0,0,0
26569,-15.1846,-10.9271,0.333333,0,0,0
26570,-15.2181,-11.8257,0.333333,0,0,0
26571,-15.2478,-12.7257,0.333333,0,0,0
26572,-15.2736,-13.6269,0.333333,0,0,0
26573,-15.2956,-14.5292,0.333333,0,0,0
26574,-15.3136,-15.4323,0.333333,0,0,0
26575,-15.3277,-16.3361,0.333333,0,0,0
26576,-15.3378,-17.2404,0.333333,0,0,0
26577,-15.3438,-18.1451,0.333333,0,0,0
26578,-14.0503,-2.81453,0.333333,0,0,0
26579,-14.1505,-3.64158,0.333333,0,0,0
26580,-14.2463,-4.47291,0.333333,0,0,0
26581,-14.3377,-5.30833,0.333333,0,0,0
26582,-14.4245,-6.14763,0.333333,0,0,0
26583,-14.5065,-6.99062,0.333333,0,0,0
26584,-14.5835,-7.83709,0.333333,0,0,0
26585,-14.6555,-8.6868,0.333333,0,0,0
26586,-14.7222,-9.53954,0.333333,0,0,0
26587,-14.7835,-10.3951,0.333333,0,0,0
26588,-14.8393,-11.2532,0.333333,0,0,0
26589,-14.8896,-12.1136,0.333333,0,0,0
26590,-14.9342,-12.9761,0.333333,0,0,0
26591,-14.973,-13.8404,0.333333,0,0,0
26592,-15.0059,-14.7062,0.333333,0,0,0
26593,-15.033,-15.5734,0.333333,0,0,0
26594,-15.0541,-16.4416,0.333333,0,0,0
26595,-15.0692,-17.3106,0.333333,0,0,0
26596,-15.0782,-18.1802,0.333333,0,0,0
26597,-13.4421,-3.57771,0.333333,0,0,0
26598,-13.5756,-4.35544,0.333333,0,0,0
26599,-13.7034,-5.13888,0.333333,0,0,0
26600,-13.8253,-5.92777,0.333333,0,0,0
26601,-13.941,-6.72184,0.333333,0,0,0
26602,-14.0504,-7.52083,0.333333,0,0,0
26603,-14.1531,-8.32445,0.333333,0,0,0
26604,-14.249,-9.1324,0.333333,0,0,0
26605,-14.3379,-9.94439,0.333333,0,0,0
26606,-14.4197,-10.7601,0.333333,0,0,0
26607,-14.4941,-11.5792,0.333333,0,0,0
26608,-14.5611,-12.4014,0.333333,0,0,0
26609,-14.6205,-13.2264,0.333333,0,0,0
26610,-14.6723,-14.0538,0.333333,0,0,0
26611,-14.7162,-14.8833,0.333333,0,0,0
26612,-14.7523,-15.7145,0.333333,0,0,0
26613,-14.7804,-16.5472,0.333333,0,0,0
26614,-14.8005,-17.3809,0.333333,0,0,0
26615,-14.8126,-18.2153,0.333333,0,0,0
26616,-12.8338,-4.34089,0.333333,0,0,0
26617,-13.0008,-5.0693,0.333333,0,0,0
26618,-13.1606,-5.80485,0.333333,0,0,0
26619,-13.3129,-6.54721,0.333333,0,0,0
26620,-13.4576,-7.29605,0.333333,0,0,0
26621,-13.5942,-8.05104,0.333333,0,0,0
26622,-13.7226,-8.81181,0.333333,0,0,0
26623,-13.8425,-9.578,0.333333,0,0,0
26624,-13.9536,-10.3492,0.333333,0,0,0
26625,-14.0558,-11.1251,0.333333,0,0,0
26626,-14.1489,-11.9053,0.333333,0,0,0
26627,-14.2326,-12.6893,0.333333,0,0,0
26628,-14.3069,-13.4768,0.333333,0,0,0
26629,-14.3716,-14.2673,0.333333,0,0,0
26630,-14.4265,-15.0604,0.333333,0,0,0
26631,-14.4716,-15.8557,0.333333,0,0,0
26632,-14.5068,-16.6527,0.333333,0,0,0
26633,-14.5319,-17.4511,0.333333,0,0,0
26634,-14.547,-18.2503,0.333333,0,0,0
26635,-12.2256,-5.10406,0.333333,0,0,0
26636,-12.4259,-5.78316,0.333333,0,0,0
26637,-12.6177,-6.47082,0.333333,0,0,0
26638,-12.8005,-7.16665,0.333333,0,0,0
26639,-12.9741,-7.87027,0.333333,0,0,0
26640,-13.138,-8.58125,0.333333,0,0,0
26641,-13.2921,-9.29917,0.333333,0,0,0
26642,-13.436,-10.0236,0.333333,0,0,0
26643,-13.5693,-10.7541,0.333333,0,0,0
26644,-13.692,-11.4902,0.333333,0,0,0
26645,-13.8037,-12.2313,0.333333,0,0,0
26646,-13.9042,-12.9772,0.333333,0,0,0
26647,-13.9933,-13.7271,0.333333,0,0,0
26648,-14.0709,-14.4807,0.333333,0,0,0
26649,-14.1368,-15.2375,0.333333,0,0,0
26650,-14.1909,-15.9968,0.333333,0,0,0
26651,-14.2331,-16.7583,0.333333,0,0,0
26652,-14.2633,-17.5213,0.333333,0,0,0
26653,-14.2815,-18.2854,0.333333,0,0,0
26654,-11.6174,-5.86724,0.333333,0,0,0
26655,-11.8511,-6.49702,0.333333,0,0,0
26656,-12.0748,-7.13679,0.333333,0,0,0
26657,-12.2881,-7.78609,0.333333,0,0,0
26658,-12.4906,-8.44448,0.333333,0,0,0
26659,-12.6819,-9.11146,0.333333,0,0,0
26660,-12.8616,-9.78654,0.333333,0,0,0
26661,-13.0294,-10.4692,0.333333,0,0,0
26662,-13.1851,-11.1589,0.333333,0,0,0
26663,-13.3282,-11.8552,0.333333,0,0,0
26664,-13.4585,-12.5574,0.333333,0,0,0
26665,-13.5757,-13.265,0.333333,0,0,0
26666,-13.6797,-13.9775,0.333333,0,0,0
26667,-13.7702,-14.6942,0.333333,0,0,0
26668,-13.8471,-15.4145,0.333333,0,0,0
26669,-13.9103,-16.1379,0.333333,0,0,0
26670,-13.9595,-16.8638,0.333333,0,0,0
26671,-13.9947,-17.5915,0.333333,0,0,0
26672,-14.0159,-18.3204,0.333333,0,0,0
26673,-11.0092,-6.63042,0.333333,0,0,0
26674,-11.2762,-7.21088,0.333333,0,0,0
26675,-11.5319,-7.80276,0.333333,0,0,0
26676,-11.7757,-8.40553,0.333333,0,0,0
26677,-12.0071,-9.01869,0.333333,0,0,0
26678,-12.2257,-9.64166,0.333333,0,0,0
26679,-12.4311,-10.2739,0.333333,0,0,0
26680,-12.6229,-10.9148,0.333333,0,0,0
26681,-12.8008,-11.5638,0.333333,0,0,0
26682,-12.9643,-12.2202,0.333333,0,0,0
26683,-13.1132,-12.8835,0.333333,0,0,0
26684,-13.2472,-13.5529,0.333333,0,0,0
26685,-13.3661,-14.2278,0.333333,0,0,0
26686,-13.4696,-14.9076,0.333333,0,0,0
26687,-13.5574,-15.5916,0.333333,0,0,0
26688,-13.6296,-16.2791,0.333333,0,0,0
26689,-13.6858,-16.9693,0.333333,0,0,0
26690,-13.7261,-17.6617,0.333333,0,0,0
26691,-13.7503,-18.3555,0.333333,0,0,0
26692,-10.4009,-7.3936,0.333333,0,0,0
26693,-10.7014,-7.92474,0.333333,0,0,0
26694,-10.989,-8.46873,0.333333,0,0,0
26695,-11.2632,-9.02498,0.333333,0,0,0
26696,-11.5236,-9.5929,0.333333,0,0,0
26697,-11.7696,-10.1719,0.333333,0,0,0
26698,-12.0006,-10.7613,0.333333,0,0,0
26699,-12.2164,-11.3604,0.333333,0,0,0
26700,-12.4165,-11.9686,0.333333,0,0,0
26701,-12.6005,-12.5852,0.333333,0,0,0
26702,-12.768,-13.2095,0.333333,0,0,0
26703,-12.9188,-13.8407,0.333333,0,0,0
26704,-13.0525,-14.4782,0.333333,0,0,0
26705,-13.1689,-15.1211,0.333333,0,0,0
26706,-13.2678,-15.7687,0.333333,0,0,0
26707,-13.3489,-16.4202,0.333333,0,0,0
26708,-13.4122,-17.0749,0.333333,0,0,0
26709,-13.4575,-17.7319,0.333333,0,0,0
26710,-13.4847,-18.3906,0.333333,0,0,0
26711,-9.79269,-8.15677,0.333333,0,0,0
26712,-10.1265,-8.6386,0.333333,0,0,0
26713,-10.4461,-9.1347,0.333333,0,0,0
26714,-10.7508,-9.64442,0.333333,0,0,0
26715,-11.0401,-10.1671,0.333333,0,0,0
26716,-11.3134,-10.7021,0.333333,0,0,0
26717,-11.5702,-11.2486,0.333333,0,0,0
26718,-11.8099,-11.806,0.333333,0,0,0
26719,-12.0322,-12.3735,0.333333,0,0,0
26720,-12.2366,-12.9503,0.333333,0,0,0
26721,-12.4228,-13.5356,0.333333,0,0,0
26722,-12.5903,-14.1286,0.333333,0,0,0
26723,-12.7389,-14.7285,0.333333,0,0,0
26724,-12.8682,-15.3345,0.333333,0,0,0
26725,-12.9781,-15.9458,0.333333,0,0,0
26726,-13.0682,-16.5613,0.333333,0,0,0
26727,-13.1385,-17.1804,0.333333,0,0,0
26728,-13.1889,-17.8022,0.333333,0,0,0
26729,-13.2191,-18.4256,0.333333,0,0,0
26730,-9.18446,-8.91995,0.333333,0,0,0
26731,-9.55168,-9.35246,0.333333,0,0,0
26732,-9.90322,-9.80066,0.333333,0,0,0
26733,-10.2384,-10.2639,0.333333,0,0,0
26734,-10.5566,-10.7413,0.333333,0,0,0
26735,-10.8572,-11.2323,0.333333,0,0,0
26736,-11.1397,-11.736,0.333333,0,0,0
26737,-11.4034,-12.2516,0.333333,0,0,0
26738,-11.6479,-12.7783,0.333333,0,0,0
26739,-11.8728,-13.3153,0.333333,0,0,0
26740,-12.0776,-13.8616,0.333333,0,0,0
26741,-12.2618,-14.4165,0.333333,0,0,0
26742,-12.4253,-14.9789,0.333333,0,0,0
26743,-12.5675,-15.548,0.333333,0,0,0
26744,-12.6884,-16.1228,0.333333,0,0,0
26745,-12.7875,-16.7025,0.333333,0,0,0
26746,-12.8649,-17.286,0.333333,0,0,0
26747,-12.9202,-17.8724,0.333333,0,0,0
26748,-12.9535,-18.4607,0.333333,0,0,0
26749,-8.57623,-9.68313,0.333333,0,0,0
26750,-8.97683,-10.0663,0.333333,0,0,0
26751,-9.36033,-10.4666,0.333333,0,0,0
26752,-9.726,-10.8833,0.333333,0,0,0
26753,-10.0731,-11.3155,0.333333,0,0,0
26754,-10.4011,-11.7625,0.333333,0,0,0
26755,-10.7092,-12.2233,0.333333,0,0,0
26756,-10.9969,-12.6972,0.333333,0,0,0
26757,-11.2637,-13.1832,0.333333,0,0,0
26758,-11.509,-13.6803,0.333333,0,0,0
26759,-11.7323,-14.1877,0.333333,0,0,0
26760,-11.9334,-14.7043,0.333333,0,0,0
26761,-12.1116,-15.2292,0.333333,0,0,0
26762,-12.2668,-15.7614,0.333333,0,0,0
26763,-12.3987,-16.2999,0.333333,0,0,0
26764,-12.5069,-16.8436,0.333333,0,0,0
26765,-12.5912,-17.3915,0.333333,0,0,0
26766,-12.6516,-17.9426,0.333333,0,0,0
26767,-12.6879,-18.4958,0.333333,0,0,0
26768,-8.3163,-9.9833,0.333333,0,0,0
26769,-8.70364,-10.3545,0.333333,0,0,0
26770,-9.07444,-10.7421,0.333333,0,0,0
26771,-9.42799,-11.1456,0.333333,0,0,0
26772,-9.76361,-11.5641,0.333333,0,0,0
26773,-10.0807,-11.9969,0.333333,0,0,0
26774,-10.3786,-12.443,0.333333,0,0,0
26775,-10.6567,-12.9018,0.333333,0,0,0
26776,-10.9146,-13.3722,0.333333,0,0,0
26777,-11.1518,-13.8534,0.333333,0,0,0
26778,-11.3677,-14.3444,0.333333,0,0,0
26779,-11.562,-14.8445,0.333333,0,0,0
26780,-11.7344,-15.3525,0.333333,0,0,0
26781,-11.8844,-15.8676,0.333333,0,0,0
26782,-12.0118,-16.3887,0.333333,0,0,0
26783,-12.1164,-16.9148,0.333333,0,0,0
26784,-12.198,-17.4451,0.333333,0,0,0
26785,-12.2564,-17.9783,0.333333,0,0,0
26786,-12.2914,-18.5137,0.333333,0,0,0
26787,-8.05636,-10.2835,0.333333,0,0,0
26788,-8.43045,-10.6426,0.333333,0,0,0
26789,-8.78855,-11.0177,0.333333,0,0,0
26790,-9.12998,-11.4079,0.333333,0,0,0
26791,-9.45408,-11.8127,0.333333,0,0,0
26792,-9.76026,-12.2313,0.333333,0,0,0
26793,-10.0479,-12.6627,0.333333,0,0,0
26794,-10.3165,-13.1063,0.333333,0,0,0
26795,-10.5655,-13.5612,0.333333,0,0,0
26796,-10.7945,-14.0264,0.333333,0,0,0
26797,-11.003,-14.5012,0.333333,0,0,0
26798,-11.1907,-14.9846,0.333333,0,0,0
26799,-11.3571,-15.4758,0.333333,0,0,0
26800,-11.502,-15.9737,0.333333,0,0,0
26801,-11.625,-16.4774,0.333333,0,0,0
26802,-11.726,-16.9861,0.333333,0,0,0
26803,-11.8047,-17.4986,0.333333,0,0,0
26804,-11.8611,-18.0141,0.333333,0,0,0
26805,-11.895,-18.5316,0.333333,0,0,0
26806,-7.79643,-10.5837,0.333333,0,0,0
26807,-8.15726,-10.9307,0.333333,0,0,0
26808,-8.50266,-11.2932,0.333333,0,0,0
26809,-8.83196,-11.6703,0.333333,0,0,0
26810,-9.14456,-12.0613,0.333333,0,0,0
26811,-9.43985,-12.4657,0.333333,0,0,0
26812,-9.71728,-12.8824,0.333333,0,0,0
26813,-9.97632,-13.3108,0.333333,0,0,0
26814,-10.2165,-13.7501,0.333333,0,0,0
26815,-10.4373,-14.1995,0.333333,0,0,0
26816,-10.6384,-14.658,0.333333,0,0,0
26817,-10.8193,-15.1248,0.333333,0,0,0
26818,-10.9798,-15.599,0.333333,0,0,0
26819,-11.1195,-16.0798,0.333333,0,0,0
26820,-11.2382,-16.5662,0.333333,0,0,0
26821,-11.3356,-17.0573,0.333333,0,0,0
26822,-11.4115,-17.5522,0.333333,0,0,0
26823,-11.4658,-18.0499,0.333333,0,0,0
26824,-11.4985,-18.5495,0.333333,0,0,0
26825,-7.5365,-10.8838,0.333333,0,0,0
26826,-7.88407,-11.2189,0.333333,0,0,0
26827,-8.21676,-11.5687,0.333333,0,0,0
26828,-8.53395,-11.9326,0.333333,0,0,0
26829,-8.83503,-12.31,0.333333,0,0,0
26830,-9.11944,-12.7,0.333333,0,0,0
26831,-9.38664,-13.1021,0.333333,0,0,0
26832,-9.63612,-13.5154,0.333333,0,0,0
26833,-9.86741,-13.9391,0.333333,0,0,0
26834,-10.0801,-14.3725,0.333333,0,0,0
26835,-10.2737,-14.8147,0.333333,0,0,0
26836,-10.448,-15.2649,0.333333,0,0,0
26837,-10.6025,-15.7223,0.333333,0,0,0
26838,-10.7371,-16.1859,0.333333,0,0,0
26839,-10.8513,-16.655,0.333333,0,0,0
26840,-10.9451,-17.1285,0.333333,0,0,0
26841,-11.0182,-17.6057,0.333333,0,0,0
26842,-11.0706,-18.0856,0.333333,0,0,0
26843,-11.102,-18.5674,0.333333,0,0,0
26844,-7.27656,-11.184,0.333333,0,0,0
26845,-7.61088,-11.507,0.333333,0,0,0
26846,-7.93087,-11.8442,0.333333,0,0,0
26847,-8.23594,-12.1949,0.333333,0,0,0
26848,-8.52551,-12.5586,0.333333,0,0,0
26849,-8.79903,-12.9344,0.333333,0,0,0
26850,-9.056,-13.3218,0.333333,0,0,0
26851,-9.29592,-13.7199,0.333333,0,0,0
26852,-9.51835,-14.1281,0.333333,0,0,0
26853,-9.72286,-14.5456,0.333333,0,0,0
26854,-9.90908,-14.9715,0.333333,0,0,0
26855,-10.0767,-15.4051,0.333333,0,0,0
26856,-10.2253,-15.8456,0.333333,0,0,0
26857,-10.3546,-16.2921,0.333333,0,0,0
26858,-10.4645,-16.7437,0.333333,0,0,0
26859,-10.5547,-17.1998,0.333333,0,0,0
26860,-10.625,-17.6593,0.333333,0,0,0
26861,-10.6753,-18.1214,0.333333,0,0,0
26862,-10.7055,-18.5853,0.333333,0,0,0
26863,-7.01663,-11.4842,0.333333,0,0,0
26864,-7.33769,-11.7951,0.333333,0,0,0
26865,-7.64498,-12.1197,0.333333,0,0,0
26866,-7.93793,-12.4572,0.333333,0,0,0
26867,-8.21598,-12.8072,0.333333,0,0,0
26868,-8.47863,-13.1688,0.333333,0,0,0
26869,-8.72536,-13.5415,0.333333,0,0,0
26870,-8.95572,-13.9245,0.333333,0,0,0
26871,-9.16928,-14.3171,0.333333,0,0,0
26872,-9.36564,-14.7186,0.333333,0,0,0
26873,-9.54443,-15.1283,0.333333,0,0,0
26874,-9.70531,-15.5453,0.333333,0,0,0
26875,-9.84798,-15.9688,0.333333,0,0,0
26876,-9.97217,-16.3982,0.333333,0,0,0
26877,-10.0777,-16.8325,0.333333,0,0,0
26878,-10.1642,-17.271,0.333333,0,0,0
26879,-10.2317,-17.7128,0.333333,0,0,0
26880,-10.28,-18.1571,0.333333,0,0,0
26881,-10.3091,-18.6032,0.333333,0,0,0
26882,-6.7567,-11.7844,0.333333,0,0,0
26883,-7.0645,-12.0833,0.333333,0,0,0
26884,-7.35909,-12.3952,0.333333,0,0,0
26885,-7.63992,-12.7196,0.333333,0,0,0
26886,-7.90646,-13.0558,0.333333,0,0,0
26887,-8.15822,-13.4032,0.333333,0,0,0
26888,-8.39472,-13.7612,0.333333,0,0,0
26889,-8.61553,-14.129,0.333333,0,0,0
26890,-8.82022,-14.5061,0.333333,0,0,0
26891,-9.00842,-14.8917,0.333333,0,0,0
26892,-9.17978,-15.285,0.333333,0,0,0
26893,-9.33397,-15.6854,0.333333,0,0,0
26894,-9.4707,-16.0921,0.333333,0,0,0
26895,-9.58973,-16.5043,0.333333,0,0,0
26896,-9.69082,-16.9213,0.333333,0,0,0
26897,-9.77379,-17.3422,0.333333,0,0,0
26898,-9.83849,-17.7664,0.333333,0,0,0
26899,-9.88478,-18.1929,0.333333,0,0,0
26900,-9.9126,-18.621,0.333333,0,0,0
26901,-6.49677,-12.0845,0.333333,0,0,0
26902,-6.79131,-12.3714,0.333333,0,0,0
26903,-7.0732,-12.6707,0.333333,0,0,0
26904,-7.34191,-12.9819,0.333333,0,0,0
26905,-7.59694,-13.3044,0.333333,0,0,0
26906,-7.83781,-13.6376,0.333333,0,0,0
26907,-8.06408,-13.9809,0.333333,0,0,0
26908,-8.27533,-14.3336,0.333333,0,0,0
26909,-8.47116,-14.6951,0.333333,0,0,0
26910,-8.6512,-15.0647,0.333333,0,0,0
26911,-8.81512,-15.4418,0.333333,0,0,0
26912,-8.96262,-15.8256,0.333333,0,0,0
26913,-9.09343,-16.2153,0.333333,0,0,0
26914,-9.20728,-16.6104,0.333333,0,0,0
26915,-9.30399,-17.01,0.333333,0,0,0
26916,-9.38335,-17.4134,0.333333,0,0,0
26917,-9.44524,-17.8199,0.333333,0,0,0
26918,-9.48952,-18.2287,0.333333,0,0,0
26919,-9.51613,-18.6389,0.333333,0,0,0
26920,-6.2367,-12.3849,0.333333,0,0,0
26921,-6.51799,-12.6597,0.333333,0,0,0
26922,-6.78719,-12.9463,0.333333,0,0,0
26923,-7.04379,-13.2443,0.333333,0,0,0
26924,-7.28731,-13.5531,0.333333,0,0,0
26925,-7.51732,-13.872,0.333333,0,0,0
26926,-7.73337,-14.2006,0.333333,0,0,0
26927,-7.93506,-14.5382,0.333333,0,0,0
26928,-8.12203,-14.8841,0.333333,0,0,0
26929,-8.29393,-15.2378,0.333333,0,0,0
26930,-8.45043,-15.5986,0.333333,0,0,0
26931,-8.59125,-15.9657,0.333333,0,0,0
26932,-8.71612,-16.3386,0.333333,0,0,0
26933,-8.82482,-16.7165,0.333333,0,0,0
26934,-8.91714,-17.0988,0.333333,0,0,0
26935,-8.9929,-17.4847,0.333333,0,0,0
26936,-9.05198,-17.8735,0.333333,0,0,0
26937,-9.09426,-18.2644,0.333333,0,0,0
26938,-9.11965,-18.6568,0.333333,0,0,0
26939,-5.97664,-12.6852,0.333333,0,0,0
26940,-6.24468,-12.9479,0.333333,0,0,0
26941,-6.50118,-13.2219,0.333333,0,0,0
26942,-6.74567,-13.5067,0.333333,0,0,0
26943,-6.97769,-13.8018,0.333333,0,0,0
26944,-7.19682,-14.1065,0.333333,0,0,0
26945,-7.40265,-14.4203,0.333333,0,0,0
26946,-7.5948,-14.7428,0.333333,0,0,0
26947,-7.77291,-15.0732,0.333333,0,0,0
26948,-7.93666,-15.4109,0.333333,0,0,0
26949,-8.08574,-15.7554,0.333333,0,0,0
26950,-8.21988,-16.1059,0.333333,0,0,0
26951,-8.33882,-16.4619,0.333333,0,0,0
26952,-8.44236,-16.8227,0.333333,0,0,0
26953,-8.53029,-17.1876,0.333333,0,0,0
26954,-8.60246,-17.5559,0.333333,0,0,0
26955,-8.65872,-17.927,0.333333,0,0,0
26956,-8.69899,-18.3002,0.333333,0,0,0
26957,-8.72318,-18.6747,0.333333,0,0,0
26958,-5.71657,-12.9855,0.333333,0,0,0
26959,-5.97136,-13.2362,0.333333,0,0,0
26960,-6.21517,-13.4976,0.333333,0,0,0
26961,-6.44755,-13.7691,0.333333,0,0,0
26962,-6.66807,-14.0504,0.333333,0,0,0
26963,-6.87633,-14.3409,0.333333,0,0,0
26964,-7.07193,-14.6401,0.333333,0,0,0
26965,-7.25453,-14.9474,0.333333,0,0,0
26966,-7.42379,-15.2622,0.333333,0,0,0
26967,-7.57939,-15.584,0.333333,0,0,0
26968,-7.72105,-15.9121,0.333333,0,0,0
26969,-7.8485,-16.2461,0.333333,0,0,0
26970,-7.96152,-16.5852,0.333333,0,0,0
26971,-8.05989,-16.9288,0.333333,0,0,0
26972,-8.14344,-17.2763,0.333333,0,0,0
26973,-8.21201,-17.6271,0.333333,0,0,0
26974,-8.26547,-17.9806,0.333333,0,0,0
26975,-8.30373,-18.3359,0.333333,0,0,0
26976,-8.32671,-18.6926,0.333333,0,0,0
26977,-5.45651,-13.2859,0.333333,0,0,0
26978,-5.69805,-13.5245,0.333333,0,0,0
26979,-5.92917,-13.7732,0.333333,0,0,0
26980,-6.14943,-14.0316,0.333333,0,0,0
26981,-6.35845,-14.2991,0.333333,0,0,0
26982,-6.55583,-14.5754,0.333333,0,0,0
26983,-6.74122,-14.8598,0.333333,0,0,0
26984,-6.91427,-15.152,0.333333,0,0,0
26985,-7.07467,-15.4512,0.333333,0,0,0
26986,-7.22212,-15.7571,0.333333,0,0,0
26987,-7.35635,-16.0689,0.333333,0,0,0
26988,-7.47713,-16.3862,0.333333,0,0,0
26989,-7.58422,-16.7085,0.333333,0,0,0
26990,-7.67743,-17.0349,0.333333,0,0,0
26991,-7.75659,-17.3651,0.333333,0,0,0
26992,-7.82156,-17.6984,0.333333,0,0,0
26993,-7.87221,-18.0341,0.333333,0,0,0
26994,-7.90846,-18.3717,0.333333,0,0,0
26995,-7.93024,-18.7105,0.333333,0,0,0
26996,-5.19644,-13.5862,0.333333,0,0,0
26997,-5.42473,-13.8127,0.333333,0,0,0
26998,-5.64316,-14.0488,0.333333,0,0,0
26999,-5.85132,-14.294,0.333333,0,0,0
27000,-6.04883,-14.5478,0.333333,0,0,0
27001,-6.23534,-14.8098,0.333333,0,0,0
27002,-6.4105,-15.0796,0.333333,0,0,0
27003,-6.574,-15.3565,0.333333,0,0,0
27004,-6.72554,-15.6402,0.333333,0,0,0
27005,-6.86485,-15.9301,0.333333,0,0,0
27006,-6.99166,-16.2257,0.333333,0,0,0
27007,-7.10575,-16.5264,0.333333,0,0,0
27008,-7.20691,-16.8317,0.333333,0,0,0
27009,-7.29497,-17.1411,0.333333,0,0,0
27010,-7.36974,-17.4539,0.333333,0,0,0
27011,-7.43111,-17.7696,0.333333,0,0,0
27012,-7.47896,-18.0877,0.333333,0,0,0
27013,-7.5132,-18.4075,0.333333,0,0,0
27014,-7.53376,-18.7284,0.333333,0,0,0
27015,-4.93637,-13.8865,0.333333,0,0,0
27016,-5.15142,-14.101,0.333333,0,0,0
27017,-5.35715,-14.3244,0.333333,0,0,0
27018,-5.5532,-14.5564,0.333333,0,0,0
27019,-5.73921,-14.7965,0.333333,0,0,0
27020,-5.91484,-15.0443,0.333333,0,0,0
27021,-6.07978,-15.2993,0.333333,0,0,0
27022,-6.23374,-15.5611,0.333333,0,0,0
27023,-6.37642,-15.8293,0.333333,0,0,0
27024,-6.50758,-16.1032,0.333333,0,0,0
27025,-6.62697,-16.3825,0.333333,0,0,0
27026,-6.73438,-16.6666,0.333333,0,0,0
27027,-6.82961,-16.955,0.333333,0,0,0
27028,-6.9125,-17.2472,0.333333,0,0,0
27029,-6.98289,-17.5427,0.333333,0,0,0
27030,-7.04066,-17.8408,0.333333,0,0,0
27031,-7.0857,-18.1412,0.333333,0,0,0
27032,-7.11793,-18.4432,0.333333,0,0,0
27033,-7.13729,-18.7463,0.333333,0,0,0
27034,-4.67631,-14.1869,0.333333,0,0,0
27035,-4.8781,-14.3893,0.333333,0,0,0
27036,-5.07114,-14.6001,0.333333,0,0,0
27037,-5.25508,-14.8188,0.333333,0,0,0
27038,-5.42959,-15.0452,0.333333,0,0,0
27039,-5.59435,-15.2787,0.333333,0,0,0
27040,-5.74907,-15.5191,0.333333,0,0,0
27041,-5.89347,-15.7657,0.333333,0,0,0
27042,-6.0273,-16.0183,0.333333,0,0,0
27043,-6.1503,-16.2763,0.333333,0,0,0
27044,-6.26227,-16.5393,0.333333,0,0,0
27045,-6.363,-16.8068,0.333333,0,0,0
27046,-6.45231,-17.0783,0.333333,0,0,0
27047,-6.53004,-17.3533,0.333333,0,0,0
27048,-6.59605,-17.6314,0.333333,0,0,0
27049,-6.65021,-17.9121,0.333333,0,0,0
27050,-6.69245,-18.1948,0.333333,0,0,0
27051,-6.72267,-18.479,0.333333,0,0,0
27052,-6.74082,-18.7642,0.333333,0,0,0
27053,-4.41624,-14.4872,0.333333,0,0,0
27054,-4.60479,-14.6775,0.333333,0,0,0
27055,-4.78513,-14.8757,0.333333,0,0,0
27056,-4.95696,-15.0812,0.333333,0,0,0
27057,-5.11996,-15.2939,0.333333,0,0,0
27058,-5.27385,-15.5132,0.333333,0,0,0
27059,-5.41835,-15.7388,0.333333,0,0,0
27060,-5.55321,-15.9703,0.333333,0,0,0
27061,-5.67817,-16.2073,0.333333,0,0,0
27062,-5.79303,-16.4494,0.333333,0,0,0
27063,-5.89758,-16.6961,0.333333,0,0,0
27064,-5.99163,-16.9469,0.333333,0,0,0
27065,-6.07501,-17.2015,0.333333,0,0,0
27066,-6.14757,-17.4595,0.333333,0,0,0
27067,-6.2092,-17.7202,0.333333,0,0,0
27068,-6.25977,-17.9833,0.333333,0,0,0
27069,-6.29919,-18.2483,0.333333,0,0,0
27070,-6.3274,-18.5147,0.333333,0,0,0
27071,-6.34435,-18.7821,0.333333,0,0,0
27072,-3.89505,-15.0891,0.333333,0,0,0
27073,-4.05716,-15.2552,0.333333,0,0,0
27074,-4.2122,-15.4278,0.333333,0,0,0
27075,-4.35988,-15.6069,0.333333,0,0,0
27076,-4.49995,-15.7919,0.333333,0,0,0
27077,-4.63217,-15.9827,0.333333,0,0,0
27078,-4.75631,-16.1788,0.333333,0,0,0
27079,-4.87214,-16.3799,0.333333,0,0,0
27080,-4.97947,-16.5857,0.333333,0,0,0
27081,-5.0781,-16.7958,0.333333,0,0,0
27082,-5.16787,-17.0098,0.333333,0,0,0
27083,-5.24862,-17.2274,0.333333,0,0,0
27084,-5.32021,-17.4482,0.333333,0,0,0
27085,-5.3825,-17.6718,0.333333,0,0,0
27086,-5.4354,-17.8978,0.333333,0,0,0
27087,-5.4788,-18.1258,0.333333,0,0,0
27088,-5.51264,-18.3554,0.333333,0,0,0
27089,-5.53685,-18.5863,0.333333,0,0,0
27090,-5.5514,-18.8179,0.333333,0,0,0
27091,-3.37386,-15.691,0.333333,0,0,0
27092,-3.50954,-15.8328,0.333333,0,0,0
27093,-3.63926,-15.98,0.333333,0,0,0
27094,-3.76279,-16.1325,0.333333,0,0,0
27095,-3.87994,-16.29,0.333333,0,0,0
27096,-3.99049,-16.4521,0.333333,0,0,0
27097,-4.09426,-16.6187,0.333333,0,0,0
27098,-4.19108,-16.7895,0.333333,0,0,0
27099,-4.28076,-16.964,0.333333,0,0,0
27100,-4.36318,-17.1422,0.333333,0,0,0
27101,-4.43817,-17.3236,0.333333,0,0,0
27102,-4.50562,-17.5079,0.333333,0,0,0
27103,-4.5654,-17.6949,0.333333,0,0,0
27104,-4.61742,-17.8841,0.333333,0,0,0
27105,-4.6616,-18.0754,0.333333,0,0,0
27106,-4.69784,-18.2683,0.333333,0,0,0
27107,-4.72609,-18.4626,0.333333,0,0,0
27108,-4.74631,-18.6578,0.333333,0,0,0
27109,-4.75845,-18.8537,0.333333,0,0,0
27110,-2.85267,-16.2929,0.333333,0,0,0
27111,-2.96191,-16.4104,0.333333,0,0,0
27112,-3.06632,-16.5322,0.333333,0,0,0
27113,-3.16571,-16.6581,0.333333,0,0,0
27114,-3.25993,-16.788,0.333333,0,0,0
27115,-3.34881,-16.9216,0.333333,0,0,0
27116,-3.43222,-17.0587,0.333333,0,0,0
27117,-3.51001,-17.199,0.333333,0,0,0
27118,-3.58206,-17.3424,0.333333,0,0,0
27119,-3.64825,-17.4886,0.333333,0,0,0
27120,-3.70846,-17.6373,0.333333,0,0,0
27121,-3.76261,-17.7884,0.333333,0,0,0
27122,-3.8106,-17.9415,0.333333,0,0,0
27123,-3.85235,-18.0965,0.333333,0,0,0
27124,-3.88779,-18.253,0.333333,0,0,0
27125,-3.91687,-18.4108,0.333333,0,0,0
27126,-3.93954,-18.5697,0.333333,0,0,0
27127,-3.95576,-18.7294,0.333333,0,0,0
27128,-3.9655,-18.8895,0.333333,0,0,0
27129,-16.8774,-0.525,0.666667,0,0,0
27130,-16.8774,-0.525,0.333333,0,0,0
27131,-17.8797,-0.525,0.666667,0,0,0
27132,-17.8797,-0.525,0.333333,0,0,0
27133,-18.8821,-0.525,0.666667,0,0,0
27134,-18.8821,-0.525,0.333333,0,0,0
27135,-19.8844,-0.525,0.666667,0,0,0
27136,-19.8844,-0.525,0.333333,0,0,0
27137,-20.8868,-0.525,0.666667,0,0,0
27138,-20.8868,-0.525,0.333333,0,0,0
27139,-21.8892,-0.525,0.666667,0,0,0
27140,-21.8892,-0.525,0.333333,0,0,0
27141,-22.8915,-0.525,0.666667,0,0,0
27142,-22.8915,-0.525,0.333333,0,0,0
27143,-23.8939,-0.525,0.666667,0,0,0
27144,-23.8939,-0.525,0.333333,0,0,0
27145,-24.8962,-0.525,0.666667,0,0,0
27146,-24.8962,-0.525,0.333333,0,0,0
27147,-25.8986,-0.525,0.666667,0,0,0
27148,-25.8986,-0.525,0.333333,0,0,0
27149,-26.9009,-0.525,0.666667,0,0,0
27150,-26.9009,-0.525,0.333333,0,0,0
27151,-27.9033,-0.525,0.666667,0,0,0
27152,-27.9033,-0.525,0.333333,0,0,0
27153,-28.9057,-0.525,0.666667,0,0,0
27154,-28.9057,-0.525,0.333333,0,0,0
27155,-29.908,-0.525,0.666667,0,0,0
27156,-29.908,-0.525,0.333333,0,0,0
27157,-30.9104,-0.525,0.666667,0,0,0
27158,-30.9104,-0.525,0.333333,0,0,0
27159,-31.9127,-0.525,0.666667,0,0,0
27160,-31.9127,-0.525,0.333333,0,0,0
27161,-32.9151,-0.525,0.666667,0,0,0
27162,-32.9151,-0.525,0.333333,0,0,0
27163,-33.9175,-0.525,0.666667,0,0,0
27164,-33.9175,-0.525,0.333333,0,0,0
27165,-34.9198,-0.525,0.666667,0,0,0
27166,-34.9198,-0.525,0.333333,0,0,0
27167,-35.9222,-0.525,0.666667,0,0,0
27168,-35.9222,-0.525,0.333333,0,0,0
27169,-36.9245,-0.525,0.666667,0,0,0
27170,-36.9245,-0.525,0.333333,0,0,0
27171,-37.9269,-0.525,0.666667,0,0,0
27172,-37.9269,-0.525,0.333333,0,0,0
27173,-38.9292,-0.525,0.666667,0,0,0
27174,-38.9292,-0.525,0.333333,0,0,0
27175,-39.9316,-0.525,0.666667,0,0,0
27176,-39.9316,-0.525,0.333333,0,0,0
27177,-40.934,-0.525,0.666667,0,0,0
27178,-40.934,-0.525,0.333333,0,0,0
27179,-41.9363,-0.525,0.666667,0,0,0
27180,-41.9363,-0.525,0.333333,0,0,0
27181,-42.9387,-0.525,0.666667,0,0,0
27182,-42.9387,-0.525,0.333333,0,0,0
27183,-43.941,-0.525,0.666667,0,0,0
27184,-43.941,-0.525,0.333333,0,0,0
27185,-44.9434,-0.525,0.666667,0,0,0
27186,-44.9434,-0.525,0.333333,0,0,0
27187,-45.9458,-0.525,0.666667,0,0,0
27188,-45.9458,-0.525,0.333333,0,0,0
27189,-46.9481,-0.525,0.666667,0,0,0
27190,-46.9481,-0.525,0.333333,0,0,0
27191,-47.9505,-0.525,0.666667,0,0,0
27192,-47.9505,-0.525,0.333333,0,0,0
27193,-48.9528,-0.525,0.666667,0,0,0
27194,-48.9528,-0.525,0.333333,0,0,0
27195,-49.9552,-0.525,0.666667,0,0,0
27196,-49.9552,-0.525,0.333333,0,0,0
27197,-50.9575,-0.525,0.666667,0,0,0
27198,-50.9575,-0.525,0.333333,0,0,0
27199,-51.9599,-0.525,0.666667,0,0,0
27200,-51.9599,-0.525,0.333333,0,0,0
27201,-52.9623,-0.525,0.666667,0,0,0
27202,-52.9623,-0.525,0.333333,0,0,0
27203,-53.9646,-0.525,0.666667,0,0,0
27204,-53.9646,-0.525,0.333333,0,0,0
27205,-54.967,-0.525,0.666667,0,0,0
27206,-54.967,-0.525,0.333333,0,0,0
27207,-55.9693,-0.525,0.666667,0,0,0
27208,-55.9693,-0.525,0.333333,0,0,0
27209,-56.9717,-0.525,0.666667,0,0,0
27210,-56.9717,-0.525,0.333333,0,0,0
27211,-57.9741,-0.525,0.666667,0,0,0
27212,-57.9741,-0.525,0.333333,0,0,0
27213,-58.9764,-0.525,0.666667,0,0,0
27214,-58.9764,-0.525,0.333333,0,0,0
27215,-59.9788,-0.525,0.666667,0,0,0
27216,-59.9788,-0.525,0.333333,0,0,0
27217,-60.9811,-0.525,0.666667,0,0,0
27218,-60.9811,-0.525,0.333333,0,0,0
27219,-61.9835,-0.525,0.666667,0,0,0
27220,-61.9835,-0.525,0.333333,0,0,0
27221,-62.9858,-0.525,0.666667,0,0,0
27222,-62.9858,-0.525,0.333333,0,0,0
27223,-63.9882,-0.525,0.666667,0,0,0
27224,-63.9882,-0.525,0.333333,0,0,0
27225,-64.9906,-0.525,0.666667,0,0,0
27226,-64.9906,-0.525,0.333333,0,0,0
27227,-65.9929,-0.525,0.666667,0,0,0
27228,-65.9929,-0.525,0.333333,0,0,0
27229,-66.9953,-0.525,0.666667,0,0,0
27230,-66.9953,-0.525,0.333333,0,0,0
27231,-67.9976,-0.525,0.666667,0,0,0
27232,-67.9976,-0.525,0.333333,0,0,0
27233,-16.8774,-1.5,0.666667,0,0,0
27234,-16.8774,-1.5,0.333333,0,0,0
27235,-17.8797,-1.5,0.666667,0,0,0
27236,-17.8797,-1.5,0.333333,0,0,0
27237,-18.8821,-1.5,0.666667,0,0,0
27238,-18.8821,-1.5,0.333333,0,0,0
27239,-19.8844,-1.5,0.666667,0,0,0
27240,-19.8844,-1.5,0.333333,0,0,0
27241,-20.8868,-1.5,0.666667,0,0,0
27242,-20.8868,-1.5,0.333333,0,0,0
27243,-21.8892,-1.5,0.666667,0,0,0
27244,-21.8892,-1.5,0.333333,0,0,0
27245,-22.8915,-1.5,0.666667,0,0,0
27246,-22.8915,-1.5,0.333333,0,0,0
27247,-23.8939,-1.5,0.666667,0,0,0
27248,-23.8939,-1.5,0.333333,0,0,0
27249,-24.8962,-1.5,0.666667,0,0,0
27250,-24.8962,-1.5,0.333333,0,0,0
27251,-25.8986,-1.5,0.666667,0,0,0
27252,-25.8986,-1.5,0.333333,0,0,0
27253,-26.9009,-1.5,0.666667,0,0,0
27254,-26.9009,-1.5,0.333333,0,0,0
27255,-27.9033,-1.5,0.666667,0,0,0
27256,-27.9033,-1.5,0.333333,0,0,0
27257,-28.9057,-1.5,0.666667,0,0,0
27258,-28.9057,-1.5,0.333333,0,0,0
27259,-29.908,-1.5,0.666667,0,0,0
27260,-29.908,-1.5,0.333333,0,0,0
27261,-30.9104,-1.5,0.666667,0,0,0
27262,-30.9104,-1.5,0.333333,0,0,0
27263,-31.9127,-1.5,0.666667,0,0,0
27264,-31.9127,-1.5,0.333333,0,0,0
27265,-32.9151,-1.5,0.666667,0,0,0
27266,-32.9151,-1.5,0.333333,0,0,0
27267,-33.9175,-1.5,0.666667,0,0,0
27268,-33.9175,-1.5,0.333333,0,0,0
27269,-34.9198,-1.5,0.666667,0,0,0
27270,-34.9198,-1.5,0.333333,0,0,0
27271,-35.9222,-1.5,0.666667,0,0,0
27272,-35.9222,-1.5,0.333333,0,0,0
27273,-36.9245,-1.5,0.666667,0,0,0
27274,-36.9245,-1.5,0.333333,0,0,0
27275,-37.9269,-1.5,0.666667,0,0,0
27276,-37.9269,-1.5,0.333333,0,0,0
27277,-38.9292,-1.5,0.666667,0,0,0
27278,-38.9292,-1.5,0.333333,0,0,0
27279,-39.9316,-1.5,0.666667,0,0,0
27280,-39.9316,-1.5,0.333333,0,0,0
27281,-40.934,-1.5,0.666667,0,0,0
27282,-40.934,-1.5,0.333333,0,0,0
27283,-41.9363,-1.5,0.666667,0,0,0
27284,-41.9363,-1.5,0.333333,0,0,0
27285,-42.9387,-1.5,0.666667,0,0,0
27286,-42.9387,-1.5,0.333333,0,0,0
27287,-43.941,-1.5,0.666667,0,0,0
27288,-43.941,-1.5,0.333333,0,0,0
27289,-44.9434,-1.5,0.666667,0,0,0
27290,-44.9434,-1.5,0.333333,0,0,0
27291,-45.9458,-1.5,0.666667,0,0,0
27292,-45.9458,-1.5,0.333333,0,0,0
27293,-46.9481,-1.5,0.666667,0,0,0
27294,-46.9481,-1.5,0.333333,0,0,0
27295,-47.9505,-1.5,0.666667,0,0,0
27296,-47.9505,-1.5,0.333333,0,0,0
27297,-48.9528,-1.5,0.666667,0,0,0
27298,-48.9528,-1.5,0.333333,0,0,0
27299,-49.9552,-1.5,0.666667,0,0,0
27300,-49.9552,-1.5,0.333333,0,0,0
27301,-50.9575,-1.5,0.666667,0,0,0
27302,-50.9575,-1.5,0.333333,0,0,0
27303,-51.9599,-1.5,0.666667,0,0,0
27304,-51.9599,-1.5,0.333333,0,0,0
27305,-52.9623,-1.5,0.666667,0,0,0
27306,-52.9623,-1.5,0.333333,0,0,0
27307,-53.9646,-1.5,0.666667,0,0,0
27308,-53.9646,-1.5,0.333333,0,0,0
27309,-54.967,-1.5,0.666667,0,0,0
27310,-54.967,-1.5,0.333333,0,0,0
27311,-55.9693,-1.5,0.666667,0,0,0
27312,-55.9693,-1.5,0.333333,0,0,0
27313,-56.9717,-1.5,0.666667,0,0,0
27314,-56.9717,-1.5,0.333333,0,0,0
27315,-57.9741,-1.5,0.666667,0,0,0
27316,-57.9741,-1.5,0.333333,0,0,0
27317,-58.9764,-1.5,0.666667,0,0,0
27318,-58.9764,-1.5,0.333333,0,0,0
27319,-59.9788,-1.5,0.666667,0,0,0
27320,-59.9788,-1.5,0.333333,0,0,0
27321,-60.9811,-1.5,0.666667,0,0,0
27322,-60.9811,-1.5,0.333333,0,0,0
27323,-61.9835,-1.5,0.666667,0,0,0
27324,-61.9835,-1.5,0.333333,0,0,0
27325,-62.9858,-1.5,0.666667,0,0,0
27326,-62.9858,-1.5,0.333333,0,0,0
27327,-63.9882,-1.5,0.666667,0,0,0
27328,-63.9882,-1.5,0.333333,0,0,0
27329,-64.9906,-1.5,0.666667,0,0,0
27330,-64.9906,-1.5,0.333333,0,0,0
27331,-65.9929,-1.5,0.666667,0,0,0
27332,-65.9929,-1.5,0.333333,0,0,0
27333,-66.9953,-1.5,0.666667,0,0,0
27334,-66.9953,-1.5,0.333333,0,0,0
27335,-67.9976,-1.5,0.666667,0,0,0
27336,-67.9976,-1.5,0.333333,0,0,0
27337,-16.8774,-2.475,0.666667,0,0,0
27338,-16.8774,-2.475,0.333333,0,0,0
27339,-17.8797,-2.475,0.666667,0,0,0
27340,-17.8797,-2.475,0.333333,0,0,0
27341,-18.8821,-2.475,0.666667,0,0,0
27342,-18.8821,-2.475,0.333333,0,0,0
27343,-19.8844,-2.475,0.666667,0,0,0
27344,-19.8844,-2.475,0.333333,0,0,0
27345,-20.8868,-2.475,0.666667,0,0,0
27346,-20.8868,-2.475,0.333333,0,0,0
27347,-21.8892,-2.475,0.666667,0,0,0
27348,-21.8892,-2.475,0.333333,0,0,0
27349,-22.8915,-2.475,0.666667,0,0,0
27350,-22.8915,-2.475,0.333333,0,0,0
27351,-23.8939,-2.475,0.666667,0,0,0
27352,-23.8939,-2.475,0.333333,0,0,0
27353,-24.8962,-2.475,0.666667,0,0,0
27354,-24.8962,-2.475,0.333333,0,0,0
27355,-25.8986,-2.475,0.666667,0,0,0
27356,-25.8986,-2.475,0.333333,0,0,0
27357,-26.9009,-2.475,0.666667,0,0,0
27358,-26.9009,-2.475,0.333333,0,0,0
27359,-27.9033,-2.475,0.666667,0,0,0
27360,-27.9033,-2.475,0.333333,0,0,0
27361,-28.9057,-2.475,0.666667,0,0,0
27362,-28.9057,-2.475,0.333333,0,0,0
27363,-29.908,-2.475,0.666667,0,0,0
27364,-29.908,-2.475,0.333333,0,0,0
27365,-30.9104,-2.475,0.666667,0,0,0
27366,-30.9104,-2.475,0.333333,0,0,0
27367,-31.9127,-2.475,0.666667,0,0,0
27368,-31.9127,-2.475,0.333333,0,0,0
27369,-32.9151,-2.475,0.666667,0,0,0
27370,-32.9151,-2.475,0.333333,0,0,0
27371,-33.9175,-2.475,0.666667,0,0,0
27372,-33.9175,-2.475,0.333333,0,0,0
27373,-34.9198,-2.475,0.666667,0,0,0
27374,-34.9198,-2.475,0.333333,0,0,0
27375,-35.9222,-2.475,0.666667,0,0,0
27376,-35.9222,-2.475,0.333333,0,0,0
27377,-36.9245,-2.475,0.666667,0,0,0
27378,-36.9245,-2.475,0.333333,0,0,0
27379,-37.9269,-2.475,0.666667,0,0,0
27380,-37.9269,-2.475,0.333333,0,0,0
27381,-38.9292,-2.475,0.666667,0,0,0
27382,-38.9292,-2.475,0.333333,0,0,0
27383,-39.9316,-2.475,0.666667,0,0,0
27384,-39.9316,-2.475,0.333333,0,0,0
27385,-40.934,-2.475,0.666667,0,0,0
27386,-40.934,-2.475,0.333333,0,0,0
27387,-41.9363,-2.475,0.666667,0,0,0
27388,-41.9363,-2.475,0.333333,0,0,0
27389,-42.9387,-2.475,0.666667,0,0,0
27390,-42.9387,-2.475,0.333333,0,0,0
27391,-43.941,-2.475,0.666667,0,0,0
27392,-43.941,-2.475,0.333333,0,0,0
27393,-44.9434,-2.475,0.666667,0,0,0
27394,-44.9434,-2.475,0.333333,0,0,0
27395,-45.9458,-2.475,0.666667,0,0,0
27396,-45.9458,-2.475,0.333333,0,0,0
27397,-46.9481,-2.475,0.666667,0,0,0
27398,-46.9481,-2.475,0.333333,0,0,0
27399,-47.9505,-2.475,0.666667,0,0,0
27400,-47.9505,-2.475,0.333333,0,0,0
27401,-48.9528,-2.475,0.666667,0,0,0
27402,-48.9528,-2.475,0.333333,0,0,0
27403,-49.9552,-2.475,0.666667,0,0,0
27404,-49.9552,-2.475,0.333333,0,0,0
27405,-50.9575,-2.475,0.666667,0,0,0
27406,-50.9575,-2.475,0.333333,0,0,0
27407,-51.9599,-2.475,0.666667,0,0,0
27408,-51.9599,-2.475,0.333333,0,0,0
27409,-52.9623,-2.475,0.666667,0,0,0
27410,-52.9623,-2.475,0.333333,0,0,0
27411,-53.9646,-2.475,0.666667,0,0,0
27412,-53.9646,-2.475,0.333333,0,0,0
27413,-54.967,-2.475,0.666667,0,0,0
27414,-54.967,-2.475,0.333333,0,0,0
27415,-55.9693,-2.475,0.666667,0,0,0
27416,-55.9693,-2.475,0.333333,0,0,0
27417,-56.9717,-2.475,0.666667,0,0,0
27418,-56.9717,-2.475,0.333333,0,0,0
27419,-57.9741,-2.475,0.666667,0,0,0
27420,-57.9741,-2.475,0.333333,0,0,0
27421,-58.9764,-2.475,0.666667,0,0,0
27422,-58.9764,-2.475,0.333333,0,0,0
27423,-59.9788,-2.475,0.666667,0,0,0
27424,-59.9788,-2.475,0.333333,0,0,0
27425,-60.9811,-2.475,0.666667,0,0,0
27426,-60.9811,-2.475,0.333333,0,0,0
27427,-61.9835,-2.475,0.666667,0,0,0
27428,-61.9835,-2.475,0.333333,0,0,0
27429,-62.9858,-2.475,0.666667,0,0,0
27430,-62.9858,-2.475,0.333333,0,0,0
27431,-63.9882,-2.475,0.666667,0,0,0
27432,-63.9882,-2.475,0.333333,0,0,0
27433,-64.9906,-2.475,0.666667,0,0,0
27434,-64.9906,-2.475,0.333333,0,0,0
27435,-65.9929,-2.475,0.666667,0,0,0
27436,-65.9929,-2.475,0.333333,0,0,0
27437,-66.9953,-2.475,0.666667,0,0,0
27438,-66.9953,-2.475,0.333333,0,0,0
27439,-67.9976,-2.475,0.666667,0,0,0
27440,-67.9976,-2.475,0.333333,0,0,0
27441,-16.8774,-3.45,0.666667,0,0,0
27442,-16.8774,-3.45,0.333333,0,0,0
27443,-17.8797,-3.45,0.666667,0,0,0
27444,-17.8797,-3.45,0.333333,0,0,0
27445,-18.8821,-3.45,0.666667,0,0,0
27446,-18.8821,-3.45,0.333333,0,0,0
27447,-19.8844,-3.45,0.666667,0,0,0
27448,-19.8844,-3.45,0.333333,0,0,0
27449,-20.8868,-3.45,0.666667,0,0,0
27450,-20.8868,-3.45,0.333333,0,0,0
27451,-21.8892,-3.45,0.666667,0,0,0
27452,-21.8892,-3.45,0.333333,0,0,0
27453,-22.8915,-3.45,0.666667,0,0,0
27454,-22.8915,-3.45,0.333333,0,0,0
27455,-23.8939,-3.45,0.666667,0,0,0
27456,-23.8939,-3.45,0.333333,0,0,0
27457,-24.8962,-3.45,0.666667,0,0,0
27458,-24.8962,-3.45,0.333333,0,0,0
27459,-25.8986,-3.45,0.666667,0,0,0
27460,-25.8986,-3.45,0.333333,0,0,0
27461,-26.9009,-3.45,0.666667,0,0,0
27462,-26.9009,-3.45,0.333333,0,0,0
27463,-27.9033,-3.45,0.666667,0,0,0
27464,-27.9033,-3.45,0.333333,0,0,0
27465,-28.9057,-3.45,0.666667,0,0,0
27466,-28.9057,-3.45,0.333333,0,0,0
27467,-29.908,-3.45,0.666667,0,0,0
27468,-29.908,-3.45,0.333333,0,0,0
27469,-30.9104,-3.45,0.666667,0,0,0
27470,-30.9104,-3.45,0.333333,0,0,0
27471,-31.9127,-3.45,0.666667,0,0,0
27472,-31.9127,-3.45,0.333333,0,0,0
27473,-32.9151,-3.45,0.666667,0,0,0
27474,-32.9151,-3.45,0.333333,0,0,0
27475,-33.9175,-3.45,0.666667,0,0,0
27476,-33.9175,-3.45,0.333333,0,0,0
27477,-34.9198,-3.45,0.666667,0,0,0
27478,-34.9198,-3.45,0.333333,0,0,0
27479,-35.9222,-3.45,0.666667,0,0,0
27480,-35.9222,-3.45,0.333333,0,0,0
27481,-36.9245,-3.45,0.666667,0,0,0
27482,-36.9245,-3.45,0.333333,0,0,0
27483,-37.9269,-3.45,0.666667,0,0,0
27484,-37.9269,-3.45,0.333333,0,0,0
27485,-38.9292,-3.45,0.666667,0,0,0
27486,-38.9292,-3.45,0.333333,0,0,0
27487,-39.9316,-3.45,0.666667,0,0,0
27488,-39.9316,-3.45,0.333333,0,0,0
27489,-40.934,-3.45,0.666667,0,0,0
27490,-40.934,-3.45,0.333333,0,0,0
27491,-41.9363,-3.45,0.666667,0,0,0
27492,-41.9363,-3.45,0.333333,0,0,0
27493,-42.9387,-3.45,0.666667,0,0,0
27494,-42.9387,-3.45,0.333333,0,0,0
27495,-43.941,-3.45,0.666667,0,0,0
27496,-43.941,-3.45,0.333333,0,0,0
27497,-44.9434,-3.45,0.666667,0,0,0
27498,-44.9434,-3.45,0.333333,0,0,0
27499,-45.9458,-3.45,0.666667,0,0,0
27500,-45.9458,-3.45,0.333333,0,0,0
27501,-46.9481,-3.45,0.666667,0,0,0
27502,-46.9481,-3.45,0.333333,0,0,0
27503,-47.9505,-3.45,0.666667,0,0,0
27504,-47.9505,-3.45,0.333333,0,0,0
27505,-48.9528,-3.45,0.666667,0,0,0
27506,-48.9528,-3.45,0.333333,0,0,0
27507,-49.9552,-3.45,0.666667,0,0,0
27508,-49.9552,-3.45,0.333333,0,0,0
27509,-50.9575,-3.45,0.666667,0,0,0
27510,-50.9575,-3.45,0.333333,0,0,0
27511,-51.9599,-3.45,0.666667,0,0,0
27512,-51.9599,-3.45,0.333333,0,0,0
27513,-52.9623,-3.45,0.666667,0,0,0
27514,-52.9623,-3.45,0.333333,0,0,0
27515,-53.9646,-3.45,0.666667,0,0,0
27516,-53.9646,-3.45,0.333333,0,0,0
27517,-54.967,-3.45,0.666667,0,0,0
27518,-54.967,-3.45,0.333333,0,0,0
27519,-55.9693,-3.45,0.666667,0,0,0
27520,-55.9693,-3.45,0.333333,0,0,0
27521,-56.9717,-3.45,0.666667,0,0,0
27522,-56.9717,-3.45,0.333333,0,0,0
27523,-57.9741,-3.45,0.666667,0,0,0
27524,-57.9741,-3.45,0.333333,0,0,0
27525,-58.9764,-3.45,0.666667,0,0,0
27526,-58.9764,-3.45,0.333333,0,0,0
27527,-59.9788,-3.45,0.666667,0,0,0
27528,-59.9788,-3.45,0.333333,0,0,0
27529,-60.9811,-3.45,0.666667,0,0,0
27530,-60.9811,-3.45,0.333333,0,0,0
27531,-61.9835,-3.45,0.666667,0,0,0
27532,-61.9835,-3.45,0.333333,0,0,0
27533,-62.9858,-3.45,0.666667,0,0,0
27534,-62.9858,-3.45,0.333333,0,0,0
27535,-63.9882,-3.45,0.666667,0,0,0
27536,-63.9882,-3.45,0.333333,0,0,0
27537,-64.9906,-3.45,0.666667,0,0,0
27538,-64.9906,-3.45,0.333333,0,0,0
27539,-65.9929,-3.45,0.666667,0,0,0
27540,-65.9929,-3.45,0.333333,0,0,0
27541,-66.9953,-3.45,0.666667,0,0,0
27542,-66.9953,-3.45,0.333333,0,0,0
27543,-67.9976,-3.45,0.666667,0,0,0
27544,-67.9976,-3.45,0.333333,0,0,0
27545,-16.8774,-4.425,0.666667,0,0,0
27546,-16.8774,-4.425,0.333333,0,0,0
27547,-17.8797,-4.425,0.666667,0,0,0
27548,-17.8797,-4.425,0.333333,0,0,0
27549,-18.8821,-4.425,0.666667,0,0,0
27550,-18.8821,-4.425,0.333333,0,0,0
27551,-19.8844,-4.425,0.666667,0,0,0
27552,-19.8844,-4.425,0.333333,0,0,0
27553,-20.8868,-4.425,0.666667,0,0,0
27554,-20.8868,-4.425,0.333333,0,0,0
27555,-21.8892,-4.425,0.666667,0,0,0
27556,-21.8892,-4.425,0.333333,0,0,0
27557,-22.8915,-4.425,0.666667,0,0,0
27558,-22.8915,-4.425,0.333333,0,0,0
27559,-23.8939,-4.425,0.666667,0,0,0
27560,-23.8939,-4.425,0.333333,0,0,0
27561,-24.8962,-4.425,0.666667,0,0,0
27562,-24.8962,-4.425,0.333333,0,0,0
27563,-25.8986,-4.425,0.666667,0,0,0
27564,-25.8986,-4.425,0.333333,0,0,0
27565,-26.9009,-4.425,0.666667,0,0,0
27566,-26.9009,-4.425,0.333333,0,0,0
27567,-27.9033,-4.425,0.666667,0,0,0
27568,-27.9033,-4.425,0.333333,0,0,0
27569,-28.9057,-4.425,0.666667,0,0,0
27570,-28.9057,-4.425,0.333333,0,0,0
27571,-29.908,-4.425,0.666667,0,0,0
27572,-29.908,-4.425,0.333333,0,0,0
27573,-30.9104,-4.425,0.666667,0,0,0
27574,-30.9104,-4.425,0.333333,0,0,0
27575,-31.9127,-4.425,0.666667,0,0,0
27576,-31.9127,-4.425,0.333333,0,0,0
27577,-32.9151,-4.425,0.666667,0,0,0
27578,-32.9151,-4.425,0.333333,0,0,0
27579,-33.9175,-4.425,0.666667,0,0,0
27580,-33.9175,-4.425,0.333333,0,0,0
27581,-34.9198,-4.425,0.666667,0,0,0
27582,-34.9198,-4.425,0.333333,0,0,0
27583,-35.9222,-4.425,0.666667,0,0,0
27584,-35.9222,-4.425,0.333333,0,0,0
27585,-36.9245,-4.425,0.666667,0,0,0
27586,-36.9245,-4.425,0.333333,0,0,0
27587,-37.9269,-4.425,0.666667,0,0,0
27588,-37.9269,-4.425,0.333333,0,0,0
27589,-38.9292,-4.425,0.666667,0,0,0
27590,-38.9292,-4.425,0.333333,0,0,0
27591,-39.9316,-4.425,0.666667,0,0,0
27592,-39.9316,-4.425,0.333333,0,0,0
27593,-40.934,-4.425,0.666667,0,0,0
27594,-40.934,-4.425,0.333333,0,0,0
27595,-41.9363,-4.425,0.666667,0,0,0
27596,-41.9363,-4.425,0.333333,0,0,0
27597,-42.9387,-4.425,0.666667,0,0,0
27598,-42.9387,-4.425,0.333333,0,0,0
27599,-43.941,-4.425,0.666667,0,0,0
27600,-43.941,-4.425,0.333333,0,0,0
27601,-44.9434,-4.425,0.666667,0,0,0
27602,-44.9434,-4.425,0.333333,0,0,0
27603,-45.9458,-4.425,0.666667,0,0,0
27604,-45.9458,-4.425,0.333333,0,0,0
27605,-46.9481,-4.425,0.666667,0,0,0
27606,-46.9481,-4.425,0.333333,0,0,0
27607,-47.9505,-4.425,0.666667,0,0,0
27608,-47.9505,-4.425,0.333333,0,0,0
27609,-48.9528,-4.425,0.666667,0,0,0
27610,-48.9528,-4.425,0.333333,0,0,0
27611,-49.9552,-4.425,0.666667,0,0,0
27612,-49.9552,-4.425,0.333333,0,0,0
27613,-50.9575,-4.425,0.666667,0,0,0
27614,-50.9575,-4.425,0.333333,0,0,0
27615,-51.9599,-4.425,0.666667,0,0,0
27616,-51.9599,-4.425,0.333333,0,0,0
27617,-52.9623,-4.425,0.666667,0,0,0
27618,-52.9623,-4.425,0.333333,0,0,0
27619,-53.9646,-4.425,0.666667,0,0,0
27620,-53.9646,-4.425,0.333333,0,0,0
27621,-54.967,-4.425,0.666667,0,0,0
27622,-54.967,-4.425,0.333333,0,0,0
27623,-55.9693,-4.425,0.666667,0,0,0
27624,-55.9693,-4.425,0.333333,0,0,0
27625,-56.9717,-4.425,0.666667,0,0,0
27626,-56.9717,-4.425,0.333333,0,0,0
27627,-57.9741,-4.425,0.666667,0,0,0
27628,-57.9741,-4.425,0.333333,0,0,0
27629,-58.9764,-4.425,0.666667,0,0,0
27630,-58.9764,-4.425,0.333333,0,0,0
27631,-59.9788,-4.425,0.666667,0,0,0
27632,-59.9788,-4.425,0.333333,0,0,0
27633,-60.9811,-4.425,0.666667,0,0,0
27634,-60.9811,-4.425,0.333333,0,0,0
27635,-61.9835,-4.425,0.666667,0,0,0
27636,-61.9835,-4.425,0.333333,0,0,0
27637,-62.9858,-4.425,0.666667,0,0,0
27638,-62.9858,-4.425,0.333333,0,0,0
27639,-63.9882,-4.425,0.666667,0,0,0
27640,-63.9882,-4.425,0.333333,0,0,0
27641,-64.9906,-4.425,0.666667,0,0,0
27642,-64.9906,-4.425,0.333333,0,0,0
27643,-65.9929,-4.425,0.666667,0,0,0
27644,-65.9929,-4.425,0.333333,0,0,0
27645,-66.9953,-4.425,0.666667,0,0,0
27646,-66.9953,-4.425,0.333333,0,0,0
27647,-67.9976,-4.425,0.666667,0,0,0
27648,-67.9976,-4.425,0.333333,0,0,0
27649,-16.8774,-5.4,0.666667,0,0,0
27650,-16.8774,-5.4,0.333333,0,0,0
27651,-17.8797,-5.4,0.666667,0,0,0
27652,-17.8797,-5.4,0.333333,0,0,0
27653,-18.8821,-5.4,0.666667,0,0,0
27654,-18.8821,-5.4,0.333333,0,0,0
27655,-19.8844,-5.4,0.666667,0,0,0
27656,-19.8844,-5.4,0.333333,0,0,0
27657,-20.8868,-5.4,0.666667,0,0,0
27658,-20.8868,-5.4,0.333333,0,0,0
27659,-21.8892,-5.4,0.666667,0,0,0
27660,-21.8892,-5.4,0.333333,0,0,0
27661,-22.8915,-5.4,0.666667,0,0,0
27662,-22.8915,-5.4,0.333333,0,0,0
27663,-23.8939,-5.4,0.666667,0,0,0
27664,-23.8939,-5.4,0.333333,0,0,0
27665,-24.8962,-5.4,0.666667,0,0,0
27666,-24.8962,-5.4,0.333333,0,0,0
27667,-25.8986,-5.4,0.666667,0,0,0
27668,-25.8986,-5.4,0.333333,0,0,0
27669,-26.9009,-5.4,0.666667,0,0,0
27670,-26.9009,-5.4,0.333333,0,0,0
27671,-27.9033,-5.4,0.666667,0,0,0
27672,-27.9033,-5.4,0.333333,0,0,0
27673,-28.9057,-5.4,0.666667,0,0,0
27674,-28.9057,-5.4,0.333333,0,0,0
27675,-29.908,-5.4,0.666667,0,0,0
27676,-29.908,-5.4,0.333333,0,0,0
27677,-30.9104,-5.4,0.666667,0,0,0
27678,-30.9104,-5.4,0.333333,0,0,0
27679,-31.9127,-5.4,0.666667,0,0,0
27680,-31.9127,-5.4,0.333333,0,0,0
27681,-32.9151,-5.4,0.666667,0,0,0
27682,-32.9151,-5.4,0.333333,0,0,0
27683,-33.9175,-5.4,0.666667,0,0,0
27684,-33.9175,-5.4,0.333333,0,0,0
27685,-34.9198,-5.4,0.666667,0,0,0
27686,-34.9198,-5.4,0.333333,0,0,0
27687,-35.9222,-5.4,0.666667,0,0,0
27688,-35.9222,-5.4,0.333333,0,0,0
27689,-36.9245,-5.4,0.666667,0,0,0
27690,-36.9245,-5.4,0.333333,0,0,0
27691,-37.9269,-5.4,0.666667,0,0,0
27692,-37.9269,-5.4,0.333333,0,0,0
27693,-38.9292,-5.4,0.666667,0,0,0
27694,-38.9292,-5.4,0.333333,0,0,0
27695,-39.9316,-5.4,0.666667,0,0,0
27696,-39.9316,-5.4,0.333333,0,0,0
27697,-40.934,-5.4,0.666667,0,0,0
27698,-40.934,-5.4,0.333333,0,0,0
27699,-41.9363,-5.4,0.666667,0,0,0
27700,-41.9363,-5.4,0.333333,0,0,0
27701,-42.9387,-5.4,0.666667,0,0,0
27702,-42.9387,-5.4,0.333333,0,0,0
27703,-43.941,-5.4,0.666667,0,0,0
27704,-43.941,-5.4,0.333333,0,0,0
27705,-44.9434,-5.4,0.666667,0,0,0
27706,-44.9434,-5.4,0.333333,0,0,0
27707,-45.9458,-5.4,0.666667,0,0,0
27708,-45.9458,-5.4,0.333333,0,0,0
27709,-46.9481,-5.4,0.666667,0,0,0
27710,-46.9481,-5.4,0.333333,0,0,0
27711,-47.9505,-5.4,0.666667,0,0,0
27712,-47.9505,-5.4,0.333333,0,0,0
27713,-48.9528,-5.4,0.666667,0,0,0
27714,-48.9528,-5.4,0.333333,0,0,0
27715,-49.9552,-5.4,0.666667,0,0,0
27716,-49.9552,-5.4,0.333333,0,0,0
27717,-50.9575,-5.4,0.666667,0,0,0
27718,-50.9575,-5.4,0.333333,0,0,0
27719,-51.9599,-5.4,0.666667,0,0,0
27720,-51.9599,-5.4,0.333333,0,0,0
27721,-52.9623,-5.4,0.666667,0,0,0
27722,-52.9623,-5.4,0.333333,0,0,0
27723,-53.9646,-5.4,0.666667,0,0,0
27724,-53.9646,-5.4,0.333333,0,0,0
27725,-54.967,-5.4,0.666667,0,0,0
27726,-54.967,-5.4,0.333333,0,0,0
27727,-55.9693,-5.4,0.666667,0,0,0
27728,-55.9693,-5.4,0.333333,0,0,0
27729,-56.9717,-5.4,0.666667,0,0,0
27730,-56.9717,-5.4,0.333333,0,0,0
27731,-57.9741,-5.4,0.666667,0,0,0
27732,-57.9741,-5.4,0.333333,0,0,0
27733,-58.9764,-5.4,0.666667,0,0,0
27734,-58.9764,-5.4,0.333333,0,0,0
27735,-59.9788,-5.4,0.666667,0,0,0
27736,-59.9788,-5.4,0.333333,0,0,0
27737,-60.9811,-5.4,0.666667,0,0,0
27738,-60.9811,-5.4,0.333333,0,0,0
27739,-61.9835,-5.4,0.666667,0,0,0
27740,-61.9835,-5.4,0.333333,0,0,0
27741,-62.9858,-5.4,0.666667,0,0,0
27742,-62.9858,-5.4,0.333333,0,0,0
27743,-63.9882,-5.4,0.666667,0,0,0
27744,-63.9882,-5.4,0.333333,0,0,0
27745,-64.9906,-5.4,0.666667,0,0,0
27746,-64.9906,-5.4,0.333333,0,0,0
27747,-65.9929,-5.4,0.666667,0,0,0
27748,-65.9929,-5.4,0.333333,0,0,0
27749,-66.9953,-5.4,0.666667,0,0,0
27750,-66.9953,-5.4,0.333333,0,0,0
27751,-67.9976,-5.4,0.666667,0,0,0
27752,-67.9976,-5.4,0.333333,0,0,0
27753,-16.8774,-6.375,0.666667,0,0,0
27754,-16.8774,-6.375,0.333333,0,0,0
27755,-17.8797,-6.375,0.666667,0,0,0
27756,-17.8797,-6.375,0.333333,0,0,0
27757,-18.8821,-6.375,0.666667,0,0,0
27758,-18.8821,-6.375,0.333333,0,0,0
27759,-19.8844,-6.375,0.666667,0,0,0
27760,-19.8844,-6.375,0.333333,0,0,0
27761,-20.8868,-6.375,0.666667,0,0,0
27762,-20.8868,-6.375,0.333333,0,0,0
27763,-21.8892,-6.375,0.666667,0,0,0
27764,-21.8892,-6.375,0.333333,0,0,0
27765,-22.8915,-6.375,0.666667,0,0,0
27766,-22.8915,-6.375,0.333333,0,0,0
27767,-23.8939,-6.375,0.666667,0,0,0
27768,-23.8939,-6.375,0.333333,0,0,0
27769,-24.8962,-6.375,0.666667,0,0,0
27770,-24.8962,-6.375,0.333333,0,0,0
27771,-25.8986,-6.375,0.666667,0,0,0
27772,-25.8986,-6.375,0.333333,0,0,0
27773,-26.9009,-6.375,0.666667,0,0,0
27774,-26.9009,-6.375,0.333333,0,0,0
27775,-27.9033,-6.375,0.666667,0,0,0
27776,-27.9033,-6.375,0.333333,0,0,0
27777,-28.9057,-6.375,0.666667,0,0,0
27778,-28.9057,-6.375,0.333333,0,0,0
27779,-29.908,-6.375,0.666667,0,0,0
27780,-29.908,-6.375,0.333333,0,0,0
27781,-30.9104,-6.375,0.666667,0,0,0
27782,-30.9104,-6.375,0.333333,0,0,0
27783,-31.9127,-6.375,0.666667,0,0,0
27784,-31.9127,-6.375,0.333333,0,0,0
27785,-32.9151,-6.375,0.666667,0,0,0
27786,-32.9151,-6.375,0.333333,0,0,0
27787,-33.9175,-6.375,0.666667,0,0,0
27788,-33.9175,-6.375,0.333333,0,0,0
27789,-34.9198,-6.375,0.666667,0,0,0
27790,-34.9198,-6.375,0.333333,0,0,0
27791,-35.9222,-6.375,0.666667,0,0,0
27792,-35.9222,-6.375,0.333333,0,0,0
27793,-36.9245,-6.375,0.666667,0,0,0
27794,-36.9245,-6.375,0.333333,0,0,0
27795,-37.9269,-6.375,0.666667,0,0,0
27796,-37.9269,-6.375,0.333333,0,0,0
27797,-38.9292,-6.375,0.666667,0,0,0
27798,-38.9292,-6.375,0.333333,0,0,0
27799,-39.9316,-6.375,0.666667,0,0,0
27800,-39.9316,-6.375,0.333333,0,0,0
27801,-40.934,-6.375,0.666667,0,0,0
27802,-40.934,-6.375,0.333333,0,0,0
27803,-41.9363,-6.375,0.666667,0,0,0
27804,-41.9363,-6.375,0.333333,0,0,0
27805,-42.9387,-6.375,0.666667,0,0,0
27806,-42.9387,-6.375,0.333333,0,0,0
27807,-43.941,-6.375,0.666667,0,0,0
27808,-43.941,-6.375,0.333333,0,0,0
27809,-44.9434,-6.375,0.666667,0,0,0
27810,-44.9434,-6.375,0.333333,0,0,0
27811,-45.9458,-6.375,0.666667,0,0,0
27812,-45.9458,-6.375,0.333333,0,0,0
27813,-46.9481,-6.375,0.666667,0,0,0
27814,-46.9481,-6.375,0.333333,0,0,0
27815,-47.9505,-6.375,0.666667,0,0,0
27816,-47.9505,-6.375,0.333333,0,0,0
27817,-48.9528,-6.375,0.666667,0,0,0
27818,-48.9528,-6.375,0.333333,0,0,0
27819,-49.9552,-6.375,0.666667,0,0,0
27820,-49.9552,-6.375,0.333333,0,0,0
27821,-50.9575,-6.375,0.666667,0,0,0
27822,-50.9575,-6.375,0.333333,0,0,0
27823,-51.9599,-6.375,0.666667,0,0,0
27824,-51.9599,-6.375,0.333333,0,0,0
27825,-52.9623,-6.375,0.666667,0,0,0
27826,-52.9623,-6.375,0.333333,0,0,0
27827,-53.9646,-6.375,0.666667,0,0,0
27828,-53.9646,-6.375,0.333333,0,0,0
27829,-54.967,-6.375,0.666667,0,0,0
27830,-54.967,-6.375,0.333333,0,0,0
27831,-55.9693,-6.375,0.666667,0,0,0
27832,-55.9693,-6.375,0.333333,0,0,0
27833,-56.9717,-6.375,0.666667,0,0,0
27834,-56.9717,-6.375,0.333333,0,0,0
27835,-57.9741,-6.375,0.666667,0,0,0
27836,-57.9741,-6.375,0.333333,0,0,0
27837,-58.9764,-6.375,0.666667,0,0,0
27838,-58.9764,-6.375,0.333333,0,0,0
27839,-59.9788,-6.375,0.666667,0,0,0
27840,-59.9788,-6.375,0.333333,0,0,0
27841,-60.9811,-6.375,0.666667,0,0,0
27842,-60.9811,-6.375,0.333333,0,0,0
27843,-61.9835,-6.375,0.666667,0,0,0
27844,-61.9835,-6.375,0.333333,0,0,0
27845,-62.9858,-6.375,0.666667,0,0,0
27846,-62.9858,-6.375,0.333333,0,0,0
27847,-63.9882,-6.375,0.666667,0,0,0
27848,-63.9882,-6.375,0.333333,0,0,0
27849,-64.9906,-6.375,0.666667,0,0,0
27850,-64.9906,-6.375,0.333333,0,0,0
27851,-65.9929,-6.375,0.666667,0,0,0
27852,-65.9929,-6.375,0.333333,0,0,0
27853,-66.9953,-6.375,0.666667,0,0,0
27854,-66.9953,-6.375,0.333333,0,0,0
27855,-67.9976,-6.375,0.666667,0,0,0
27856,-67.9976,-6.375,0.333333,0,0,0
27857,-16.8774,-7.35,0.666667,0,0,0
27858,-16.8774,-7.35,0.333333,0,0,0
27859,-17.8797,-7.35,0.666667,0,0,0
27860,-17.8797,-7.35,0.333333,0,0,0
27861,-18.8821,-7.35,0.666667,0,0,0
27862,-18.8821,-7.35,0.333333,0,0,0
27863,-19.8844,-7.35,0.666667,0,0,0
27864,-19.8844,-7.35,0.333333,0,0,0
27865,-20.8868,-7.35,0.666667,0,0,0
27866,-20.8868,-7.35,0.333333,0,0,0
27867,-21.8892,-7.35,0.666667,0,0,0
27868,-21.8892,-7.35,0.333333,0,0,0
27869,-22.8915,-7.35,0.666667,0,0,0
27870,-22.8915,-7.35,0.333333,0,0,0
27871,-23.8939,-7.35,0.666667,0,0,0
27872,-23.8939,-7.35,0.333333,0,0,0
27873,-24.8962,-7.35,0.666667,0,0,0
27874,-24.8962,-7.35,0.333333,0,0,0
27875,-25.8986,-7.35,0.666667,0,0,0
27876,-25.8986,-7.35,0.333333,0,0,0
27877,-26.9009,-7.35,0.666667,0,0,0
27878,-26.9009,-7.35,0.333333,0,0,0
27879,-27.9033,-7.35,0.666667,0,0,0
27880,-27.9033,-7.35,0.333333,0,0,0
27881,-28.9057,-7.35,0.666667,0,0,0
27882,-28.9057,-7.35,0.333333,0,0,0
27883,-29.908,-7.35,0.666667,0,0,0
27884,-29.908,-7.35,0.333333,0,0,0
27885,-30.9104,-7.35,0.666667,0,0,0
27886,-30.9104,-7.35,0.333333,0,0,0
27887,-31.9127,-7.35,0.666667,0,0,0
27888,-31.9127,-7.35,0.333333,0,0,0
27889,-32.9151,-7.35,0.666667,0,0,0
27890,-32.9151,-7.35,0.333333,0,0,0
27891,-33.9175,-7.35,0.666667,0,0,0
27892,-33.9175,-7.35,0.333333,0,0,0
27893,-34.9198,-7.35,0.666667,0,0,0
27894,-34.9198,-7.35,0.333333,0,0,0
27895,-35.9222,-7.35,0.666667,0,0,0
27896,-35.9222,-7.35,0.333333,0,0,0
27897,-36.9245,-7.35,0.666667,0,0,0
27898,-36.9245,-7.35,0.333333,0,0,0
27899,-37.9269,-7.35,0.666667,0,0,0
27900,-37.9269,-7.35,0.333333,0,0,0
27901,-38.9292,-7.35,0.666667,0,0,0
27902,-38.9292,-7.35,0.333333,0,0,0
27903,-39.9316,-7.35,0.666667,0,0,0
27904,-39.9316,-7.35,0.333333,0,0,0
27905,-40.934,-7.35,0.666667,0,0,0
27906,-40.934,-7.35,0.333333,0,0,0
27907,-41.9363,-7.35,0.666667,0,0,0
27908,-41.9363,-7.35,0.333333,0,0,0
27909,-42.9387,-7.35,0.666667,0,0,0
27910,-42.9387,-7.35,0.333333,0,0,0
27911,-43.941,-7.35,0.666667,0,0,0
27912,-43.941,-7.35,0.333333,0,0,0
27913,-44.9434,-7.35,0.666667,0,0,0
27914,-44.9434,-7.35,0.333333,0,0,0
27915,-45.9458,-7.35,0.666667,0,0,0
27916,-45.9458,-7.35,0.333333,0,0,0
27917,-46.9481,-7.35,0.666667,0,0,0
27918,-46.9481,-7.35,0.333333,0,0,0
27919,-47.9505,-7.35,0.666667,0,0,0
27920,-47.9505,-7.35,0.333333,0,0,0
27921,-48.9528,-7.35,0.666667,0,0,0
27922,-48.9528,-7.35,0.333333,0,0,0
27923,-49.9552,-7.35,0.666667,0,0,0
27924,-49.9552,-7.35,0.333333,0,0,0
27925,-50.9575,-7.35,0.666667,0,0,0
27926,-50.9575,-7.35,0.333333,0,0,0
27927,-51.9599,-7.35,0.666667,0,0,0
27928,-51.9599,-7.35,0.333333,0,0,0
27929,-52.9623,-7.35,0.666667,0,0,0
27930,-52.9623,-7.35,0.333333,0,0,0
27931,-53.9646,-7.35,0.666667,0,0,0
27932,-53.9646,-7.35,0.333333,0,0,0
27933,-54.967,-7.35,0.666667,0,0,0
27934,-54.967,-7.35,0.333333,0,0,0
27935,-55.9693,-7.35,0.666667,0,0,0
27936,-55.9693,-7.35,0.333333,0,0,0
27937,-56.9717,-7.35,0.666667,0,0,0
27938,-56.9717,-7.35,0.333333,0,0,0
27939,-57.9741,-7.35,0.666667,0,0,0
27940,-57.9741,-7.35,0.333333,0,0,0
27941,-58.9764,-7.35,0.666667,0,0,0
27942,-58.9764,-7.35,0.333333,0,0,0
27943,-59.9788,-7.35,0.666667,0,0,0
27944,-59.9788,-7.35,0.333333,0,0,0
27945,-60.9811,-7.35,0.666667,0,0,0
27946,-60.9811,-7.35,0.333333,0,0,0
27947,-61.9835,-7.35,0.666667,0,0,0
27948,-61.9835,-7.35,0.333333,0,0,0
27949,-62.9858,-7.35,0.666667,0,0,0
27950,-62.9858,-7.35,0.333333,0,0,0
27951,-63.9882,-7.35,0.666667,0,0,0
27952,-63.9882,-7.35,0.333333,0,0,0
27953,-64.9906,-7.35,0.666667,0,0,0
27954,-64.9906,-7.35,0.333333,0,0,0
27955,-65.9929,-7.35,0.666667,0,0,0
27956,-65.9929,-7.35,0.333333,0,0,0
27957,-66.9953,-7.35,0.666667,0,0,0
27958,-66.9953,-7.35,0.333333,0,0,0
27959,-67.9976,-7.35,0.666667,0,0,0
27960,-67.9976,-7.35,0.333333,0,0,0
27961,-16.8774,-8.325,0.666667,0,0,0
27962,-16.8774,-8.325,0.333333,0,0,0
27963,-17.8797,-8.325,0.666667,0,0,0
27964,-17.8797,-8.325,0.333333,0,0,0
27965,-18.8821,-8.325,0.666667,0,0,0
27966,-18.8821,-8.325,0.333333,0,0,0
27967,-19.8844,-8.325,0.666667,0,0,0
27968,-19.8844,-8.325,0.333333,0,0,0
27969,-20.8868,-8.325,0.666667,0,0,0
27970,-20.8868,-8.325,0.333333,0,0,0
27971,-21.8892,-8.325,0.666667,0,0,0
27972,-21.8892,-8.325,0.333333,0,0,0
27973,-22.8915,-8.325,0.666667,0,0,0
27974,-22.8915,-8.325,0.333333,0,0,0
27975,-23.8939,-8.325,0.666667,0,0,0
27976,-23.8939,-8.325,0.333333,0,0,0
27977,-24.8962,-8.325,0.666667,0,0,0
27978,-24.8962,-8.325,0.333333,0,0,0
27979,-25.8986,-8.325,0.666667,0,0,0
27980,-25.8986,-8.325,0.333333,0,0,0
27981,-26.9009,-8.325,0.666667,0,0,0
27982,-26.9009,-8.325,0.333333,0,0,0
27983,-27.9033,-8.325,0.666667,0,0,0
27984,-27.9033,-8.325,0.333333,0,0,0
27985,-28.9057,-8.325,0.666667,0,0,0
27986,-28.9057,-8.325,0.333333,0,0,0
27987,-29.908,-8.325,0.666667,0,0,0
27988,-29.908,-8.325,0.333333,0,0,0
27989,-30.9104,-8.325,0.666667,0,0,0
27990,-30.9104,-8.325,0.333333,0,0,0
27991,-31.9127,-8.325,0.666667,0,0,0
27992,-31.9127,-8.325,0.333333,0,0,0
27993,-32.9151,-8.325,0.666667,0,0,0
27994,-32.9151,-8.325,0.333333,0,0,0
27995,-33.9175,-8.325,0.666667,0,0,0
27996,-33.9175,-8.325,0.333333,0,0,0
27997,-34.9198,-8.325,0.666667,0,0,0
27998,-34.9198,-8.325,0.333333,0,0,0
27999,-35.9222,-8.325,0.666667,0,0,0
28000,-35.9222,-8.325,0.333333,0,0,0
28001,-36.9245,-8.325,0.666667,0,0,0
28002,-36.9245,-8.325,0.333333,0,0,0
28003,-37.9269,-8.325,0.666667,0,0,0
28004,-37.9269,-8.325,0.333333,0,0,0
28005,-38.9292,-8.325,0.666667,0,0,0
28006,-38.9292,-8.325,0.333333,0,0,0
28007,-39.9316,-8.325,0.666667,0,0,0
28008,-39.9316,-8.325,0.333333,0,0,0
28009,-40.934,-8.325,0.666667,0,0,0
28010,-40.934,-8.325,0.333333,0,0,0
28011,-41.9363,-8.325,0.666667,0,0,0
28012,-41.9363,-8.325,0.333333,0,0,0
28013,-42.9387,-8.325,0.666667,0,0,0
28014,-42.9387,-8.325,0.333333,0,0,0
28015,-43.941,-8.325,0.666667,0,0,0
28016,-43.941,-8.325,0.333333,0,0,0
28017,-44.9434,-8.325,0.666667,0,0,0
28018,-44.9434,-8.325,0.333333,0,0,0
28019,-45.9458,-8.325,0.666667,0,0,0
28020,-45.9458,-8.325,0.333333,0,0,0
28021,-46.9481,-8.325,0.666667,0,0,0
28022,-46.9481,-8.325,0.333333,0,0,0
28023,-47.9505,-8.325,0.666667,0,0,0
28024,-47.9505,-8.325,0.333333,0,0,0
28025,-48.9528,-8.325,0.666667,0,0,0
28026,-48.9528,-8.325,0.333333,0,0,0
28027,-49.9552,-8.325,0.666667,0,0,0
28028,-49.9552,-8.325,0.333333,0,0,0
28029,-50.9575,-8.325,0.666667,0,0,0
28030,-50.9575,-8.325,0.333333,0,0,0
28031,-51.9599,-8.325,0.666667,0,0,0
28032,-51.9599,-8.325,0.333333,0,0,0
28033,-52.9623,-8.325,0.666667,0,0,0
28034,-52.9623,-8.325,0.333333,0,0,0
28035,-53.9646,-8.325,0.666667,0,0,0
28036,-53.9646,-8.325,0.333333,0,0,0
28037,-54.967,-8.325,0.666667,0,0,0
28038,-54.967,-8.325,0.333333,0,0,0
28039,-55.9693,-8.325,0.666667,0,0,0
28040,-55.9693,-8.325,0.333333,0,0,0
28041,-56.9717,-8.325,0.666667,0,0,0
28042,-56.9717,-8.325,0.333333,0,0,0
28043,-57.9741,-8.325,0.666667,0,0,0
28044,-57.9741,-8.325,0.333333,0,0,0
28045,-58.9764,-8.325,0.666667,0,0,0
28046,-58.9764,-8.325,0.333333,0,0,0
28047,-59.9788,-8.325,0.666667,0,0,0
28048,-59.9788,-8.325,0.333333,0,0,0
28049,-60.9811,-8.325,0.666667,0,0,0
28050,-60.9811,-8.325,0.333333,0,0,0
28051,-61.9835,-8.325,0.666667,0,0,0
28052,-61.9835,-8.325,0.333333,0,0,0
28053,-62.9858,-8.325,0.666667,0,0,0
28054,-62.9858,-8.325,0.333333,0,0,0
28055,-63.9882,-8.325,0.666667,0,0,0
28056,-63.9882,-8.325,0.333333,0,0,0
28057,-64.9906,-8.325,0.666667,0,0,0
28058,-64.9906,-8.325,0.333333,0,0,0
28059,-65.9929,-8.325,0.666667,0,0,0
28060,-65.9929,-8.325,0.333333,0,0,0
28061,-66.9953,-8.325,0.666667,0,0,0
28062,-66.9953,-8.325,0.333333,0,0,0
28063,-67.9976,-8.325,0.666667,0,0,0
28064,-67.9976,-8.325,0.333333,0,0,0
28065,-16.8774,-9.3,0.666667,0,0,0
28066,-16.8774,-9.3,0.333333,0,0,0
28067,-17.8797,-9.3,0.666667,0,0,0
28068,-17.8797,-9.3,0.333333,0,0,0
28069,-18.8821,-9.3,0.666667,0,0,0
28070,-18.8821,-9.3,0.333333,0,0,0
28071,-19.8844,-9.3,0.666667,0,0,0
28072,-19.8844,-9.3,0.333333,0,0,0
28073,-20.8868,-9.3,0.666667,0,0,0
28074,-20.8868,-9.3,0.333333,0,0,0
28075,-21.8892,-9.3,0.666667,0,0,0
28076,-21.8892,-9.3,0.333333,0,0,0
28077,-22.8915,-9.3,0.666667,0,0,0
28078,-22.8915,-9.3,0.333333,0,0,0
28079,-23.8939,-9.3,0.666667,0,0,0
28080,-23.8939,-9.3,0.333333,0,0,0
28081,-24.8962,-9.3,0.666667,0,0,0
28082,-24.8962,-9.3,0.333333,0,0,0
28083,-25.8986,-9.3,0.666667,0,0,0
28084,-25.8986,-9.3,0.333333,0,0,0
28085,-26.9009,-9.3,0.666667,0,0,0
28086,-26.9009,-9.3,0.333333,0,0,0
28087,-27.9033,-9.3,0.666667,0,0,0
28088,-27.9033,-9.3,0.333333,0,0,0
28089,-28.9057,-9.3,0.666667,0,0,0
28090,-28.9057,-9.3,0.333333,0,0,0
28091,-29.908,-9.3,0.666667,0,0,0
28092,-29.908,-9.3,0.333333,0,0,0
28093,-30.9104,-9.3,0.666667,0,0,0
28094,-30.9104,-9.3,0.333333,0,0,0
28095,-31.9127,-9.3,0.666667,0,0,0
28096,-31.9127,-9.3,0.333333,0,0,0
28097,-32.9151,-9.3,0.666667,0,0,0
28098,-32.9151,-9.3,0.333333,0,0,0
28099,-33.9175,-9.3,0.666667,0,0,0
28100,-33.9175,-9.3,0.333333,0,0,0
28101,-34.9198,-9.3,0.666667,0,0,0
28102,-34.9198,-9.3,0.333333,0,0,0
28103,-35.9222,-9.3,0.666667,0,0,0
28104,-35.9222,-9.3,0.333333,0,0,0
28105,-36.9245,-9.3,0.666667,0,0,0
28106,-36.9245,-9.3,0.333333,0,0,0
28107,-37.9269,-9.3,0.666667,0,0,0
28108,-37.9269,-9.3,0.333333,0,0,0
28109,-38.9292,-9.3,0.666667,0,0,0
28110,-38.9292,-9.3,0.333333,0,0,0
28111,-39.9316,-9.3,0.666667,0,0,0
28112,-39.9316,-9.3,0.333333,0,0,0
28113,-40.934,-9.3,0.666667,0,0,0
28114,-40.934,-9.3,0.333333,0,0,0
28115,-41.9363,-9.3,0.666667,0,0,0
28116,-41.9363,-9.3,0.333333,0,0,0
28117,-42.9387,-9.3,0.666667,0,0,0
28118,-42.9387,-9.3,0.333333,0,0,0
28119,-43.941,-9.3,0.666667,0,0,0
28120,-43.941,-9.3,0.333333,0,0,0
28121,-44.9434,-9.3,0.666667,0,0,0
28122,-44.9434,-9.3,0.333333,0,0,0
28123,-45.9458,-9.3,0.666667,0,0,0
28124,-45.9458,-9.3,0.333333,0,0,0
28125,-46.9481,-9.3,0.666667,0,0,0
28126,-46.9481,-9.3,0.333333,0,0,0
28127,-47.9505,-9.3,0.666667,0,0,0
28128,-47.9505,-9.3,0.333333,0,0,0
28129,-48.9528,-9.3,0.666667,0,0,0
28130,-48.9528,-9.3,0.333333,0,0,0
28131,-49.9552,-9.3,0.666667,0,0,0
28132,-49.9552,-9.3,0.333333,0,0,0
28133,-50.9575,-9.3,0.666667,0,0,0
28134,-50.9575,-9.3,0.333333,0,0,0
28135,-51.9599,-9.3,0.666667,0,0,0
28136,-51.9599,-9.3,0.333333,0,0,0
28137,-52.9623,-9.3,0.666667,0,0,0
28138,-52.9623,-9.3,0.333333,0,0,0
28139,-53.9646,-9.3,0.666667,0,0,0
28140,-53.9646,-9.3,0.333333,0,0,0
28141,-54.967,-9.3,0.666667,0,0,0
28142,-54.967,-9.3,0.333333,0,0,0
28143,-55.9693,-9.3,0.666667,0,0,0
28144,-55.9693,-9.3,0.333333,0,0,0
28145,-56.9717,-9.3,0.666667,0,0,0
28146,-56.9717,-9.3,0.333333,0,0,0
28147,-57.9741,-9.3,0.666667,0,0,0
28148,-57.9741,-9.3,0.333333,0,0,0
28149,-58.9764,-9.3,0.666667,0,0,0
28150,-58.9764,-9.3,0.333333,0,0,0
28151,-59.9788,-9.3,0.666667,0,0,0
28152,-59.9788,-9.3,0.333333,0,0,0
28153,-60.9811,-9.3,0.666667,0,0,0
28154,-60.9811,-9.3,0.333333,0,0,0
28155,-61.9835,-9.3,0.666667,0,0,0
28156,-61.9835,-9.3,0.333333,0,0,0
28157,-62.9858,-9.3,0.666667,0,0,0
28158,-62.9858,-9.3,0.333333,0,0,0
28159,-63.9882,-9.3,0.666667,0,0,0
28160,-63.9882,-9.3,0.333333,0,0,0
28161,-64.9906,-9.3,0.666667,0,0,0
28162,-64.9906,-9.3,0.333333,0,0,0
28163,-65.9929,-9.3,0.666667,0,0,0
28164,-65.9929,-9.3,0.333333,0,0,0
28165,-66.9953,-9.3,0.666667,0,0,0
28166,-66.9953,-9.3,0.333333,0,0,0
28167,-67.9976,-9.3,0.666667,0,0,0
28168,-67.9976,-9.3,0.333333,0,0,0
28169,-16.8774,-10.275,0.666667,0,0,0
28170,-16.8774,-10.275,0.333333,0,0,0
28171,-17.8797,-10.275,0.666667,0,0,0
28172,-17.8797,-10.275,0.333333,0,0,0
28173,-18.8821,-10.275,0.666667,0,0,0
28174,-18.8821,-10.275,0.333333,0,0,0
28175,-19.8844,-10.275,0.666667,0,0,0
28176,-19.8844,-10.275,0.333333,0,0,0
28177,-20.8868,-10.275,0.666667,0,0,0
28178,-20.8868,-10.275,0.333333,0,0,0
28179,-21.8892,-10.275,0.666667,0,0,0
28180,-21.8892,-10.275,0.333333,0,0,0
28181,-22.8915,-10.275,0.666667,0,0,0
28182,-22.8915,-10.275,0.333333,0,0,0
28183,-23.8939,-10.275,0.666667,0,0,0
28184,-23.8939,-10.275,0.333333,0,0,0
28185,-24.8962,-10.275,0.666667,0,0,0
28186,-24.8962,-10.275,0.333333,0,0,0
28187,-25.8986,-10.275,0.666667,0,0,0
28188,-25.8986,-10.275,0.333333,0,0,0
28189,-26.9009,-10.275,0.666667,0,0,0
28190,-26.9009,-10.275,0.333333,0,0,0
28191,-27.9033,-10.275,0.666667,0,0,0
28192,-27.9033,-10.275,0.333333,0,0,0
28193,-28.9057,-10.275,0.666667,0,0,0
28194,-28.9057,-10.275,0.333333,0,0,0
28195,-29.908,-10.275,0.666667,0,0,0
28196,-29.908,-10.275,0.333333,0,0,0
28197,-30.9104,-10.275,0.666667,0,0,0
28198,-30.9104,-10.275,0.333333,0,0,0
28199,-31.9127,-10.275,0.666667,0,0,0
28200,-31.9127,-10.275,0.333333,0,0,0
28201,-32.9151,-10.275,0.666667,0,0,0
28202,-32.9151,-10.275,0.333333,0,0,0
28203,-33.9175,-10.275,0.666667,0,0,0
28204,-33.9175,-10.275,0.333333,0,0,0
28205,-34.9198,-10.275,0.666667,0,0,0
28206,-34.9198,-10.275,0.333333,0,0,0
28207,-35.9222,-10.275,0.666667,0,0,0
28208,-35.9222,-10.275,0.333333,0,0,0
28209,-36.9245,-10.275,0.666667,0,0,0
28210,-36.9245,-10.275,0.333333,0,0,0
28211,-37.9269,-10.275,0.666667,0,0,0
28212,-37.9269,-10.275,0.333333,0,0,0
28213,-38.9292,-10.275,0.666667,0,0,0
28214,-38.9292,-10.275,0.333333,0,0,0
28215,-39.9316,-10.275,0.666667,0,0,0
28216,-39.9316,-10.275,0.333333,0,0,0
28217,-40.934,-10.275,0.666667,0,0,0
28218,-40.934,-10.275,0.333333,0,0,0
28219,-41.9363,-10.275,0.666667,0,0,0
28220,-41.9363,-10.275,0.333333,0,0,0
28221,-42.9387,-10.275,0.666667,0,0,0
28222,-42.9387,-10.275,0.333333,0,0,0
28223,-43.941,-10.275,0.666667,0,0,0
28224,-43.941,-10.275,0.333333,0,0,0
28225,-44.9434,-10.275,0.666667,0,0,0
28226,-44.9434,-10.275,0.333333,0,0,0
28227,-45.9458,-10.275,0.666667,0,0,0
28228,-45.9458,-10.275,0.333333,0,0,0
28229,-46.9481,-10.275,0.666667,0,0,0
28230,-46.9481,-10.275,0.333333,0,0,0
28231,-47.9505,-10.275,0.666667,0,0,0
28232,-47.9505,-10.275,0.333333,0,0,0
28233,-48.9528,-10.275,0.666667,0,0,0
28234,-48.9528,-10.275,0.333333,0,0,0
28235,-49.9552,-10.275,0.666667,0,0,0
28236,-49.9552,-10.275,0.333333,0,0,0
28237,-50.9575,-10.275,0.666667,0,0,0
28238,-50.9575,-10.275,0.333333,0,0,0
28239,-51.9599,-10.275,0.666667,0,0,0
28240,-51.9599,-10.275,0.333333,0,0,0
28241,-52.9623,-10.275,0.666667,0,0,0
28242,-52.9623,-10.275,0.333333,0,0,0
28243,-53.9646,-10.275,0.666667,0,0,0
28244,-53.9646,-10.275,0.333333,0,0,0
28245,-54.967,-10.275,0.666667,0,0,0
28246,-54.967,-10.275,0.333333,0,0,0
28247,-55.9693,-10.275,0.666667,0,0,0
28248,-55.9693,-10.275,0.333333,0,0,0
28249,-56.9717,-10.275,0.666667,0,0,0
28250,-56.9717,-10.275,0.333333,0,0,0
28251,-57.9741,-10.275,0.666667,0,0,0
28252,-57.9741,-10.275,0.333333,0,0,0
28253,-58.9764,-10.275,0.666667,0,0,0
28254,-58.9764,-10.275,0.333333,0,0,0
28255,-59.9788,-10.275,0.666667,0,0,0
28256,-59.9788,-10.275,0.333333,0,0,0
28257,-60.9811,-10.275,0.666667,0,0,0
28258,-60.9811,-10.275,0.333333,0,0,0
28259,-61.9835,-10.275,0.666667,0,0,0
28260,-61.9835,-10.275,0.333333,0,0,0
28261,-62.9858,-10.275,0.666667,0,0,0
28262,-62.9858,-10.275,0.333333,0,0,0
28263,-63.9882,-10.275,0.666667,0,0,0
28264,-63.9882,-10.275,0.333333,0,0,0
28265,-64.9906,-10.275,0.666667,0,0,0
28266,-64.9906,-10.275,0.333333,0,0,0
28267,-65.9929,-10.275,0.666667,0,0,0
28268,-65.9929,-10.275,0.333333,0,0,0
28269,-66.9953,-10.275,0.666667,0,0,0
28270,-66.9953,-10.275,0.333333,0,0,0
28271,-67.9976,-10.275,0.666667,0,0,0
28272,-67.9976,-10.275,0.333333,0,0,0
28273,-16.8774,-11.25,0.666667,0,0,0
28274,-16.8774,-11.25,0.333333,0,0,0
28275,-17.8797,-11.25,0.666667,0,0,0
28276,-17.8797,-11.25,0.333333,0,0,0
28277,-18.8821,-11.25,0.666667,0,0,0
28278,-18.8821,-11.25,0.333333,0,0,0
28279,-19.8844,-11.25,0.666667,0,0,0
28280,-19.8844,-11.25,0.333333,0,0,0
28281,-20.8868,-11.25,0.666667,0,0,0
28282,-20.8868,-11.25,0.333333,0,0,0
28283,-21.8892,-11.25,0.666667,0,0,0
28284,-21.8892,-11.25,0.333333,0,0,0
28285,-22.8915,-11.25,0.666667,0,0,0
28286,-22.8915,-11.25,0.333333,0,0,0
28287,-23.8939,-11.25,0.666667,0,0,0
28288,-23.8939,-11.25,0.333333,0,0,0
28289,-24.8962,-11.25,0.666667,0,0,0
28290,-24.8962,-11.25,0.333333,0,0,0
28291,-25.8986,-11.25,0.666667,0,0,0
28292,-25.8986,-11.25,0.333333,0,0,0
28293,-26.9009,-11.25,0.666667,0,0,0
28294,-26.9009,-11.25,0.333333,0,0,0
28295,-27.9033,-11.25,0.666667,0,0,0
28296,-27.9033,-11.25,0.333333,0,0,0
28297,-28.9057,-11.25,0.666667,0,0,0
28298,-28.9057,-11.25,0.333333,0,0,0
28299,-29.908,-11.25,0.666667,0,0,0
28300,-29.908,-11.25,0.333333,0,0,0
28301,-30.9104,-11.25,0.666667,0,0,0
28302,-30.9104,-11.25,0.333333,0,0,0
28303,-31.9127,-11.25,0.666667,0,0,0
28304,-31.9127,-11.25,0.333333,0,0,0
28305,-32.9151,-11.25,0.666667,0,0,0
28306,-32.9151,-11.25,0.333333,0,0,0
28307,-33.9175,-11.25,0.666667,0,0,0
28308,-33.9175,-11.25,0.333333,0,0,0
28309,-34.9198,-11.25,0.666667,0,0,0
28310,-34.9198,-11.25,0.333333,0,0,0
28311,-35.9222,-11.25,0.666667,0,0,0
28312,-35.9222,-11.25,0.333333,0,0,0
28313,-36.9245,-11.25,0.666667,0,0,0
28314,-36.9245,-11.25,0.333333,0,0,0
28315,-37.9269,-11.25,0.666667,0,0,0
28316,-37.9269,-11.25,0.333333,0,0,0
28317,-38.9292,-11.25,0.666667,0,0,0
28318,-38.9292,-11.25,0.333333,0,0,0
28319,-39.9316,-11.25,0.666667,0,0,0
28320,-39.9316,-11.25,0.333333,0,0,0
28321,-40.934,-11.25,0.666667,0,0,0
28322,-40.934,-11.25,0.333333,0,0,0
28323,-41.9363,-11.25,0.666667,0,0,0
28324,-41.9363,-11.25,0.333333,0,0,0
28325,-42.9387,-11.25,0.666667,0,0,0
28326,-42.9387,-11.25,0.333333,0,0,0
28327,-43.941,-11.25,0.666667,0,0,0
28328,-43.941,-11.25,0.333333,0,0,0
28329,-44.9434,-11.25,0.666667,0,0,0
28330,-44.9434,-11.25,0.333333,0,0,0
28331,-45.9458,-11.25,0.666667,0,0,0
28332,-45.9458,-11.25,0.333333,0,0,0
28333,-46.9481,-11.25,0.666667,0,0,0
28334,-46.9481,-11.25,0.333333,0,0,0
28335,-47.9505,-11.25,0.666667,0,0,0
28336,-47.9505,-11.25,0.333333,0,0,0
28337,-48.9528,-11.25,0.666667,0,0,0
28338,-48.9528,-11.25,0.333333,0,0,0
28339,-49.9552,-11.25,0.666667,0,0,0
28340,-49.9552,-11.25,0.333333,0,0,0
28341,-50.9575,-11.25,0.666667,0,0,0
28342,-50.9575,-11.25,0.333333,0,0,0
28343,-51.9599,-11.25,0.666667,0,0,0
28344,-51.9599,-11.25,0.333333,0,0,0
28345,-52.9623,-11.25,0.666667,0,0,0
28346,-52.9623,-11.25,0.333333,0,0,0
28347,-53.9646,-11.25,0.666667,0,0,0
28348,-53.9646,-11.25,0.333333,0,0,0
28349,-54.967,-11.25,0.666667,0,0,0
28350,-54.967,-11.25,0.333333,0,0,0
28351,-55.9693,-11.25,0.666667,0,0,0
28352,-55.9693,-11.25,0.333333,0,0,0
28353,-56.9717,-11.25,0.666667,0,0,0
28354,-56.9717,-11.25,0.333333,0,0,0
28355,-57.9741,-11.25,0.666667,0,0,0
28356,-57.9741,-11.25,0.333333,0,0,0
28357,-58.9764,-11.25,0.666667,0,0,0
28358,-58.9764,-11.25,0.333333,0,0,0
28359,-59.9788,-11.25,0.666667,0,0,0
28360,-59.9788,-11.25,0.333333,0,0,0
28361,-60.9811,-11.25,0.666667,0,0,0
28362,-60.9811,-11.25,0.333333,0,0,0
28363,-61.9835,-11.25,0.666667,0,0,0
28364,-61.9835,-11.25,0.333333,0,0,0
28365,-62.9858,-11.25,0.666667,0,0,0
28366,-62.9858,-11.25,0.333333,0,0,0
28367,-63.9882,-11.25,0.666667,0,0,0
28368,-63.9882,-11.25,0.333333,0,0,0
28369,-64.9906,-11.25,0.666667,0,0,0
28370,-64.9906,-11.25,0.333333,0,0,0
28371,-65.9929,-11.25,0.666667,0,0,0
28372,-65.9929,-11.25,0.333333,0,0,0
28373,-66.9953,-11.25,0.666667,0,0,0
28374,-66.9953,-11.25,0.333333,0,0,0
28375,-67.9976,-11.25,0.666667,0,0,0
28376,-67.9976,-11.25,0.333333,0,0,0
28377,-16.8774,-12.225,0.666667,0,0,0
28378,-16.8774,-12.225,0.333333,0,0,0
28379,-17.8797,-12.225,0.666667,0,0,0
28380,-17.8797,-12.225,0.333333,0,0,0
28381,-18.8821,-12.225,0.666667,0,0,0
28382,-18.8821,-12.225,0.333333,0,0,0
28383,-19.8844,-12.225,0.666667,0,0,0
28384,-19.8844,-12.225,0.333333,0,0,0
28385,-20.8868,-12.225,0.666667,0,0,0
28386,-20.8868,-12.225,0.333333,0,0,0
28387,-21.8892,-12.225,0.666667,0,0,0
28388,-21.8892,-12.225,0.333333,0,0,0
28389,-22.8915,-12.225,0.666667,0,0,0
28390,-22.8915,-12.225,0.333333,0,0,0
28391,-23.8939,-12.225,0.666667,0,0,0
28392,-23.8939,-12.225,0.333333,0,0,0
28393,-24.8962,-12.225,0.666667,0,0,0
28394,-24.8962,-12.225,0.333333,0,0,0
28395,-25.8986,-12.225,0.666667,0,0,0
28396,-25.8986,-12.225,0.333333,0,0,0
28397,-26.9009,-12.225,0.666667,0,0,0
28398,-26.9009,-12.225,0.333333,0,0,0
28399,-27.9033,-12.225,0.666667,0,0,0
28400,-27.9033,-12.225,0.333333,0,0,0
28401,-28.9057,-12.225,0.666667,0,0,0
28402,-28.9057,-12.225,0.333333,0,0,0
28403,-29.908,-12.225,0.666667,0,0,0
28404,-29.908,-12.225,0.333333,0,0,0
28405,-30.9104,-12.225,0.666667,0,0,0
28406,-30.9104,-12.225,0.333333,0,0,0
28407,-31.9127,-12.225,0.666667,0,0,0
28408,-31.9127,-12.225,0.333333,0,0,0
28409,-32.9151,-12.225,0.666667,0,0,0
28410,-32.9151,-12.225,0.333333,0,0,0
28411,-33.9175,-12.225,0.666667,0,0,0
28412,-33.9175,-12.225,0.333333,0,0,0
28413,-34.9198,-12.225,0.666667,0,0,0
28414,-34.9198,-12.225,0.333333,0,0,0
28415,-35.9222,-12.225,0.666667,0,0,0
28416,-35.9222,-12.225,0.333333,0,0,0
28417,-36.9245,-12.225,0.666667,0,0,0
28418,-36.9245,-12.225,0.333333,0,0,0
28419,-37.9269,-12.225,0.666667,0,0,0
28420,-37.9269,-12.225,0.333333,0,0,0
28421,-38.9292,-12.225,0.666667,0,0,0
28422,-38.9292,-12.225,0.333333,0,0,0
28423,-39.9316,-12.225,0.666667,0,0,0
28424,-39.9316,-12.225,0.333333,0,0,0
28425,-40.934,-12.225,0.666667,0,0,0
28426,-40.934,-12.225,0.333333,0,0,0
28427,-41.9363,-12.225,0.666667,0,0,0
28428,-41.9363,-12.225,0.333333,0,0,0
28429,-42.9387,-12.225,0.666667,0,0,0
28430,-42.9387,-12.225,0.333333,0,0,0
28431,-43.941,-12.225,0.666667,0,0,0
28432,-43.941,-12.225,0.333333,0,0,0
28433,-44.9434,-12.225,0.666667,0,0,0
28434,-44.9434,-12.225,0.333333,0,0,0
28435,-45.9458,-12.225,0.666667,0,0,0
28436,-45.9458,-12.225,0.333333,0,0,0
28437,-46.9481,-12.225,0.666667,0,0,0
28438,-46.9481,-12.225,0.333333,0,0,0
28439,-47.9505,-12.225,0.666667,0,0,0
28440,-47.9505,-12.225,0.333333,0,0,0
28441,-48.9528,-12.225,0.666667,0,0,0
28442,-48.9528,-12.225,0.333333,0,0,0
28443,-49.9552,-12.225,0.666667,0,0,0
28444,-49.9552,-12.225,0.333333,0,0,0
28445,-50.9575,-12.225,0.666667,0,0,0
28446,-50.9575,-12.225,0.333333,0,0,0
28447,-51.9599,-12.225,0.666667,0,0,0
28448,-51.9599,-12.225,0.333333,0,0,0
28449,-52.9623,-12.225,0.666667,0,0,0
28450,-52.9623,-12.225,0.333333,0,0,0
28451,-53.9646,-12.225,0.666667,0,0,0
28452,-53.9646,-12.225,0.333333,0,0,0
28453,-54.967,-12.225,0.666667,0,0,0
28454,-54.967,-12.225,0.333333,0,0,0
28455,-55.9693,-12.225,0.666667,0,0,0
28456,-55.9693,-12.225,0.333333,0,0,0
28457,-56.9717,-12.225,0.666667,0,0,0
28458,-56.9717,-12.225,0.333333,0,0,0
28459,-57.9741,-12.225,0.666667,0,0,0
28460,-57.9741,-12.225,0.333333,0,0,0
28461,-58.9764,-12.225,0.666667,0,0,0
28462,-58.9764,-12.225,0.333333,0,0,0
28463,-59.9788,-12.225,0.666667,0,0,0
28464,-59.9788,-12.225,0.333333,0,0,0
28465,-60.9811,-12.225,0.666667,0,0,0
28466,-60.9811,-12.225,0.333333,0,0,0
28467,-61.9835,-12.225,0.666667,0,0,0
28468,-61.9835,-12.225,0.333333,0,0,0
28469,-62.9858,-12.225,0.666667,0,0,0
28470,-62.9858,-12.225,0.333333,0,0,0
28471,-63.9882,-12.225,0.666667,0,0,0
28472,-63.9882,-12.225,0.333333,0,0,0
28473,-64.9906,-12.225,0.666667,0,0,0
28474,-64.9906,-12.225,0.333333,0,0,0
28475,-65.9929,-12.225,0.666667,0,0,0
28476,-65.9929,-12.225,0.333333,0,0,0
28477,-66.9953,-12.225,0.666667,0,0,0
28478,-66.9953,-12.225,0.333333,0,0,0
28479,-67.9976,-12.225,0.666667,0,0,0
28480,-67.9976,-12.225,0.333333,0,0,0
28481,-16.8774,-13.2,0.666667,0,0,0
28482,-16.8774,-13.2,0.333333,0,0,0
28483,-17.8797,-13.2,0.666667,0,0,0
28484,-17.8797,-13.2,0.333333,0,0,0
28485,-18.8821,-13.2,0.666667,0,0,0
28486,-18.8821,-13.2,0.333333,0,0,0
28487,-19.8844,-13.2,0.666667,0,0,0
28488,-19.8844,-13.2,0.333333,0,0,0
28489,-20.8868,-13.2,0.666667,0,0,0
28490,-20.8868,-13.2,0.333333,0,0,0
28491,-21.8892,-13.2,0.666667,0,0,0
28492,-21.8892,-13.2,0.333333,0,0,0
28493,-22.8915,-13.2,0.666667,0,0,0
28494,-22.8915,-13.2,0.333333,0,0,0
28495,-23.8939,-13.2,0.666667,0,0,0
28496,-23.8939,-13.2,0.333333,0,0,0
28497,-24.8962,-13.2,0.666667,0,0,0
28498,-24.8962,-13.2,0.333333,0,0,0
28499,-25.8986,-13.2,0.666667,0,0,0
28500,-25.8986,-13.2,0.333333,0,0,0
28501,-26.9009,-13.2,0.666667,0,0,0
28502,-26.9009,-13.2,0.333333,0,0,0
28503,-27.9033,-13.2,0.666667,0,0,0
28504,-27.9033,-13.2,0.333333,0,0,0
28505,-28.9057,-13.2,0.666667,0,0,0
28506,-28.9057,-13.2,0.333333,0,0,0
28507,-29.908,-13.2,0.666667,0,0,0
28508,-29.908,-13.2,0.333333,0,0,0
28509,-30.9104,-13.2,0.666667,0,0,0
28510,-30.9104,-13.2,0.333333,0,0,0
28511,-31.9127,-13.2,0.666667,0,0,0
28512,-31.9127,-13.2,0.333333,0,0,0
28513,-32.9151,-13.2,0.666667,0,0,0
28514,-32.9151,-13.2,0.333333,0,0,0
28515,-33.9175,-13.2,0.666667,0,0,0
28516,-33.9175,-13.2,0.333333,0,0,0
28517,-34.9198,-13.2,0.666667,0,0,0
28518,-34.9198,-13.2,0.333333,0,0,0
28519,-35.9222,-13.2,0.666667,0,0,0
28520,-35.9222,-13.2,0.333333,0,0,0
28521,-36.9245,-13.2,0.666667,0,0,0
28522,-36.9245,-13.2,0.333333,0,0,0
28523,-37.9269,-13.2,0.666667,0,0,0
28524,-37.9269,-13.2,0.333333,0,0,0
28525,-38.9292,-13.2,0.666667,0,0,0
28526,-38.9292,-13.2,0.333333,0,0,0
28527,-39.9316,-13.2,0.666667,0,0,0
28528,-39.9316,-13.2,0.333333,0,0,0
28529,-40.934,-13.2,0.666667,0,0,0
28530,-40.934,-13.2,0.333333,0,0,0
28531,-41.9363,-13.2,0.666667,0,0,0
28532,-41.9363,-13.2,0.333333,0,0,0
28533,-42.9387,-13.2,0.666667,0,0,0
28534,-42.9387,-13.2,0.333333,0,0,0
28535,-43.941,-13.2,0.666667,0,0,0
28536,-43.941,-13.2,0.333333,0,0,0
28537,-44.9434,-13.2,0.666667,0,0,0
28538,-44.9434,-13.2,0.333333,0,0,0
28539,-45.9458,-13.2,0.666667,0,0,0
28540,-45.9458,-13.2,0.333333,0,0,0
28541,-46.9481,-13.2,0.666667,0,0,0
28542,-46.9481,-13.2,0.333333,0,0,0
28543,-47.9505,-13.2,0.666667,0,0,0
28544,-47.9505,-13.2,0.333333,0,0,0
28545,-48.9528,-13.2,0.666667,0,0,0
28546,-48.9528,-13.2,0.333333,0,0,0
28547,-49.9552,-13.2,0.666667,0,0,0
28548,-49.9552,-13.2,0.333333,0,0,0
28549,-50.9575,-13.2,0.666667,0,0,0
28550,-50.9575,-13.2,0.333333,0,0,0
28551,-51.9599,-13.2,0.666667,0,0,0
28552,-51.9599,-13.2,0.333333,0,0,0
28553,-52.9623,-13.2,0.666667,0,0,0
28554,-52.9623,-13.2,0.333333,0,0,0
28555,-53.9646,-13.2,0.666667,0,0,0
28556,-53.9646,-13.2,0.333333,0,0,0
28557,-54.967,-13.2,0.666667,0,0,0
28558,-54.967,-13.2,0.333333,0,0,0
28559,-55.9693,-13.2,0.666667,0,0,0
28560,-55.9693,-13.2,0.333333,0,0,0
28561,-56.9717,-13.2,0.666667,0,0,0
28562,-56.9717,-13.2,0.333333,0,0,0
28563,-57.9741,-13.2,0.666667,0,0,0
28564,-57.9741,-13.2,0.333333,0,0,0
28565,-58.9764,-13.2,0.666667,0,0,0
28566,-58.9764,-13.2,0.333333,0,0,0
28567,-59.9788,-13.2,0.666667,0,0,0
28568,-59.9788,-13.2,0.333333,0,0,0
28569,-60.9811,-13.2,0.666667,0,0,0
28570,-60.9811,-13.2,0.333333,0,0,0
28571,-61.9835,-13.2,0.666667,0,0,0
28572,-61.9835,-13.2,0.333333,0,0,0
28573,-62.9858,-13.2,0.666667,0,0,0
28574,-62.9858,-13.2,0.333333,0,0,0
28575,-63.9882,-13.2,0.666667,0,0,0
28576,-63.9882,-13.2,0.333333,0,0,0
28577,-64.9906,-13.2,0.666667,0,0,0
28578,-64.9906,-13.2,0.333333,0,0,0
28579,-65.9929,-13.2,0.666667,0,0,0
28580,-65.9929,-13.2,0.333333,0,0,0
28581,-66.9953,-13.2,0.666667,0,0,0
28582,-66.9953,-13.2,0.333333,0,0,0
28583,-67.9976,-13.2,0.666667,0,0,0
28584,-67.9976,-13.2,0.333333,0,0,0
28585,-16.8774,-14.175,0.666667,0,0,0
28586,-16.8774,-14.175,0.333333,0,0,0
28587,-17.8797,-14.175,0.666667,0,0,0
28588,-17.8797,-14.175,0.333333,0,0,0
28589,-18.8821,-14.175,0.666667,0,0,0
28590,-18.8821,-14.175,0.333333,0,0,0
28591,-19.8844,-14.175,0.666667,0,0,0
28592,-19.8844,-14.175,0.333333,0,0,0
28593,-20.8868,-14.175,0.666667,0,0,0
28594,-20.8868,-14.175,0.333333,0,0,0
28595,-21.8892,-14.175,0.666667,0,0,0
28596,-21.8892,-14.175,0.333333,0,0,0
28597,-22.8915,-14.175,0.666667,0,0,0
28598,-22.8915,-14.175,0.333333,0,0,0
28599,-23.8939,-14.175,0.666667,0,0,0
28600,-23.8939,-14.175,0.333333,0,0,0
28601,-24.8962,-14.175,0.666667,0,0,0
28602,-24.8962,-14.175,0.333333,0,0,0
28603,-25.8986,-14.175,0.666667,0,0,0
28604,-25.8986,-14.175,0.333333,0,0,0
28605,-26.9009,-14.175,0.666667,0,0,0
28606,-26.9009,-14.175,0.333333,0,0,0
28607,-27.9033,-14.175,0.666667,0,0,0
28608,-27.9033,-14.175,0.333333,0,0,0
28609,-28.9057,-14.175,0.666667,0,0,0
28610,-28.9057,-14.175,0.333333,0,0,0
28611,-29.908,-14.175,0.666667,0,0,0
28612,-29.908,-14.175,0.333333,0,0,0
28613,-30.9104,-14.175,0.666667,0,0,0
28614,-30.9104,-14.175,0.333333,0,0,0
28615,-31.9127,-14.175,0.666667,0,0,0
28616,-31.9127,-14.175,0.333333,0,0,0
28617,-32.9151,-14.175,0.666667,0,0,0
28618,-32.9151,-14.175,0.333333,0,0,0
28619,-33.9175,-14.175,0.666667,0,0,0
28620,-33.9175,-14.175,0.333333,0,0,0
28621,-34.9198,-14.175,0.666667,0,0,0
28622,-34.9198,-14.175,0.333333,0,0,0
28623,-35.9222,-14.175,0.666667,0,0,0
28624,-35.9222,-14.175,0.333333,0,0,0
28625,-36.9245,-14.175,0.666667,0,0,0
28626,-36.9245,-14.175,0.333333,0,0,0
28627,-37.9269,-14.175,0.666667,0,0,0
28628,-37.9269,-14.175,0.333333,0,0,0
28629,-38.9292,-14.175,0.666667,0,0,0
28630,-38.9292,-14.175,0.333333,0,0,0
28631,-39.9316,-14.175,0.666667,0,0,0
28632,-39.9316,-14.175,0.333333,0,0,0
28633,-40.934,-14.175,0.666667,0,0,0
28634,-40.934,-14.175,0.333333,0,0,0
28635,-41.9363,-14.175,0.666667,0,0,0
28636,-41.9363,-14.175,0.333333,0,0,0
28637,-42.9387,-14.175,0.666667,0,0,0
28638,-42.9387,-14.175,0.333333,0,0,0
28639,-43.941,-14.175,0.666667,0,0,0
28640,-43.941,-14.175,0.333333,0,0,0
28641,-44.9434,-14.175,0.666667,0,0,0
28642,-44.9434,-14.175,0.333333,0,0,0
28643,-45.9458,-14.175,0.666667,0,0,0
28644,-45.9458,-14.175,0.333333,0,0,0
28645,-46.9481,-14.175,0.666667,0,0,0
28646,-46.9481,-14.175,0.333333,0,0,0
28647,-47.9505,-14.175,0.666667,0,0,0
28648,-47.9505,-14.175,0.333333,0,0,0
28649,-48.9528,-14.175,0.666667,0,0,0
28650,-48.9528,-14.175,0.333333,0,0,0
28651,-49.9552,-14.175,0.666667,0,0,0
28652,-49.9552,-14.175,0.333333,0,0,0
28653,-50.9575,-14.175,0.666667,0,0,0
28654,-50.9575,-14.175,0.333333,0,0,0
28655,-51.9599,-14.175,0.666667,0,0,0
28656,-51.9599,-14.175,0.333333,0,0,0
28657,-52.9623,-14.175,0.666667,0,0,0
28658,-52.9623,-14.175,0.333333,0,0,0
28659,-53.9646,-14.175,0.666667,0,0,0
28660,-53.9646,-14.175,0.333333,0,0,0
28661,-54.967,-14.175,0.666667,0,0,0
28662,-54.967,-14.175,0.333333,0,0,0
28663,-55.9693,-14.175,0.666667,0,0,0
28664,-55.9693,-14.175,0.333333,0,0,0
28665,-56.9717,-14.175,0.666667,0,0,0
28666,-56.9717,-14.175,0.333333,0,0,0
28667,-57.9741,-14.175,0.666667,0,0,0
28668,-57.9741,-14.175,0.333333,0,0,0
28669,-58.9764,-14.175,0.666667,0,0,0
28670,-58.9764,-14.175,0.333333,0,0,0
28671,-59.9788,-14.175,0.666667,0,0,0
28672,-59.9788,-14.175,0.333333,0,0,0
28673,-60.9811,-14.175,0.666667,0,0,0
28674,-60.9811,-14.175,0.333333,0,0,0
28675,-61.9835,-14.175,0.666667,0,0,0
28676,-61.9835,-14.175,0.333333,0,0,0
28677,-62.9858,-14.175,0.666667,0,0,0
28678,-62.9858,-14.175,0.333333,0,0,0
28679,-63.9882,-14.175,0.666667,0,0,0
28680,-63.9882,-14.175,0.333333,0,0,0
28681,-64.9906,-14.175,0.666667,0,0,0
28682,-64.9906,-14.175,0.333333,0,0,0
28683,-65.9929,-14.175,0.666667,0,0,0
28684,-65.9929,-14.175,0.333333,0,0,0
28685,-66.9953,-14.175,0.666667,0,0,0
28686,-66.9953,-14.175,0.333333,0,0,0
28687,-67.9976,-14.175,0.666667,0,0,0
28688,-67.9976,-14.175,0.333333,0,0,0
28689,-16.8774,-15.15,0.666667,0,0,0
28690,-16.8774,-15.15,0.333333,0,0,0
28691,-17.8797,-15.15,0.666667,0,0,0
28692,-17.8797,-15.15,0.333333,0,0,0
28693,-18.8821,-15.15,0.666667,0,0,0
28694,-18.8821,-15.15,0.333333,0,0,0
28695,-19.8844,-15.15,0.666667,0,0,0
28696,-19.8844,-15.15,0.333333,0,0,0
28697,-20.8868,-15.15,0.666667,0,0,0
28698,-20.8868,-15.15,0.333333,0,0,0
28699,-21.8892,-15.15,0.666667,0,0,0
28700,-21.8892,-15.15,0.333333,0,0,0
28701,-22.8915,-15.15,0.666667,0,0,0
28702,-22.8915,-15.15,0.333333,0,0,0
28703,-23.8939,-15.15,0.666667,0,0,0
28704,-23.8939,-15.15,0.333333,0,0,0
28705,-24.8962,-15.15,0.666667,0,0,0
28706,-24.8962,-15.15,0.333333,0,0,0
28707,-25.8986,-15.15,0.666667,0,0,0
28708,-25.8986,-15.15,0.333333,0,0,0
28709,-26.9009,-15.15,0.666667,0,0,0
28710,-26.9009,-15.15,0.333333,0,0,0
28711,-27.9033,-15.15,0.666667,0,0,0
28712,-27.9033,-15.15,0.333333,0,0,0
28713,-28.9057,-15.15,0.666667,0,0,0
28714,-28.9057,-15.15,0.333333,0,0,0
28715,-29.908,-15.15,0.666667,0,0,0
28716,-29.908,-15.15,0.333333,0,0,0
28717,-30.9104,-15.15,0.666667,0,0,0
28718,-30.9104,-15.15,0.333333,0,0,0
28719,-31.9127,-15.15,0.666667,0,0,0
28720,-31.9127,-15.15,0.333333,0,0,0
28721,-32.9151,-15.15,0.666667,0,0,0
28722,-32.9151,-15.15,0.333333,0,0,0
28723,-33.9175,-15.15,0.666667,0,0,0
28724,-33.9175,-15.15,0.333333,0,0,0
28725,-34.9198,-15.15,0.666667,0,0,0
28726,-34.9198,-15.15,0.333333,0,0,0
28727,-35.9222,-15.15,0.666667,0,0,0
28728,-35.9222,-15.15,0.333333,0,0,0
28729,-36.9245,-15.15,0.666667,0,0,0
28730,-36.9245,-15.15,0.333333,0,0,0
28731,-37.9269,-15.15,0.666667,0,0,0
28732,-37.9269,-15.15,0.333333,0,0,0
28733,-38.9292,-15.15,0.666667,0,0,0
28734,-38.9292,-15.15,0.333333,0,0,0
28735,-39.9316,-15.15,0.666667,0,0,0
28736,-39.9316,-15.15,0.333333,0,0,0
28737,-40.934,-15.15,0.666667,0,0,0
28738,-40.934,-15.15,0.333333,0,0,0
28739,-41.9363,-15.15,0.666667,0,0,0
28740,-41.9363,-15.15,0.333333,0,0,0
28741,-42.9387,-15.15,0.666667,0,0,0
28742,-42.9387,-15.15,0.333333,0,0,0
28743,-43.941,-15.15,0.666667,0,0,0
28744,-43.941,-15.15,0.333333,0,0,0
28745,-44.9434,-15.15,0.666667,0,0,0
28746,-44.9434,-15.15,0.333333,0,0,0
28747,-45.9458,-15.15,0.666667,0,0,0
28748,-45.9458,-15.15,0.333333,0,0,0
28749,-46.9481,-15.15,0.666667,0,0,0
28750,-46.9481,-15.15,0.333333,0,0,0
28751,-47.9505,-15.15,0.666667,0,0,0
28752,-47.9505,-15.15,0.333333,0,0,0
28753,-48.9528,-15.15,0.666667,0,0,0
28754,-48.9528,-15.15,0.333333,0,0,0
28755,-49.9552,-15.15,0.666667,0,0,0
28756,-49.9552,-15.15,0.333333,0,0,0
28757,-50.9575,-15.15,0.666667,0,0,0
28758,-50.9575,-15.15,0.333333,0,0,0
28759,-51.9599,-15.15,0.666667,0,0,0
28760,-51.9599,-15.15,0.333333,0,0,0
28761,-52.9623,-15.15,0.666667,0,0,0
28762,-52.9623,-15.15,0.333333,0,0,0
28763,-53.9646,-15.15,0.666667,0,0,0
28764,-53.9646,-15.15,0.333333,0,0,0
28765,-54.967,-15.15,0.666667,0,0,0
28766,-54.967,-15.15,0.333333,0,0,0
28767,-55.9693,-15.15,0.666667,0,0,0
28768,-55.9693,-15.15,0.333333,0,0,0
28769,-56.9717,-15.15,0.666667,0,0,0
28770,-56.9717,-15.15,0.333333,0,0,0
28771,-57.9741,-15.15,0.666667,0,0,0
28772,-57.9741,-15.15,0.333333,0,0,0
28773,-58.9764,-15.15,0.666667,0,0,0
28774,-58.9764,-15.15,0.333333,0,0,0
28775,-59.9788,-15.15,0.666667,0,0,0
28776,-59.9788,-15.15,0.333333,0,0,0
28777,-60.9811,-15.15,0.666667,0,0,0
28778,-60.9811,-15.15,0.333333,0,0,0
28779,-61.9835,-15.15,0.666667,0,0,0
28780,-61.9835,-15.15,0.333333,0,0,0
28781,-62.9858,-15.15,0.666667,0,0,0
28782,-62.9858,-15.15,0.333333,0,0,0
28783,-63.9882,-15.15,0.666667,0,0,0
28784,-63.9882,-15.15,0.333333,0,0,0
28785,-64.9906,-15.15,0.666667,0,0,0
28786,-64.9906,-15.15,0.333333,0,0,0
28787,-65.9929,-15.15,0.666667,0,0,0
28788,-65.9929,-15.15,0.333333,0,0,0
28789,-66.9953,-15.15,0.666667,0,0,0
28790,-66.9953,-15.15,0.333333,0,0,0
28791,-67.9976,-15.15,0.666667,0,0,0
28792,-67.9976,-15.15,0.333333,0,0,0
28793,-16.8774,-16.125,0.666667,0,0,0
28794,-16.8774,-16.125,0.333333,0,0,0
28795,-17.8797,-16.125,0.666667,0,0,0
28796,-17.8797,-16.125,0.333333,0,0,0
28797,-18.8821,-16.125,0.666667,0,0,0
28798,-18.8821,-16.125,0.333333,0,0,0
28799,-19.8844,-16.125,0.666667,0,0,0
28800,-19.8844,-16.125,0.333333,0,0,0
28801,-20.8868,-16.125,0.666667,0,0,0
28802,-20.8868,-16.125,0.333333,0,0,0
28803,-21.8892,-16.125,0.666667,0,0,0
28804,-21.8892,-16.125,0.333333,0,0,0
28805,-22.8915,-16.125,0.666667,0,0,0
28806,-22.8915,-16.125,0.333333,0,0,0
28807,-23.8939,-16.125,0.666667,0,0,0
28808,-23.8939,-16.125,0.333333,0,0,0
28809,-24.8962,-16.125,0.666667,0,0,0
28810,-24.8962,-16.125,0.333333,0,0,0
28811,-25.8986,-16.125,0.666667,0,0,0
28812,-25.8986,-16.125,0.333333,0,0,0
28813,-26.9009,-16.125,0.666667,0,0,0
28814,-26.9009,-16.125,0.333333,0,0,0
28815,-27.9033,-16.125,0.666667,0,0,0
28816,-27.9033,-16.125,0.333333,0,0,0
28817,-28.9057,-16.125,0.666667,0,0,0
28818,-28.9057,-16.125,0.333333,0,0,0
28819,-29.908,-16.125,0.666667,0,0,0
28820,-29.908,-16.125,0.333333,0,0,0
28821,-30.9104,-16.125,0.666667,0,0,0
28822,-30.9104,-16.125,0.333333,0,0,0
28823,-31.9127,-16.125,0.666667,0,0,0
28824,-31.9127,-16.125,0.333333,0,0,0
28825,-32.9151,-16.125,0.666667,0,0,0
28826,-32.9151,-16.125,0.333333,0,0,0
28827,-33.9175,-16.125,0.666667,0,0,0
28828,-33.9175,-16.125,0.333333,0,0,0
28829,-34.9198,-16.125,0.666667,0,0,0
28830,-34.9198,-16.125,0.333333,0,0,0
28831,-35.9222,-16.125,0.666667,0,0,0
28832,-35.9222,-16.125,0.333333,0,0,0
28833,-36.9245,-16.125,0.666667,0,0,0
28834,-36.9245,-16.125,0.333333,0,0,0
28835,-37.9269,-16.125,0.666667,0,0,0
28836,-37.9269,-16.125,0.333333,0,0,0
28837,-38.9292,-16.125,0.666667,0,0,0
28838,-38.9292,-16.125,0.333333,0,0,0
28839,-39.9316,-16.125,0.666667,0,0,0
28840,-39.9316,-16.125,0.333333,0,0,0
28841,-40.934,-16.125,0.666667,0,0,0
28842,-40.934,-16.125,0.333333,0,0,0
28843,-41.9363,-16.125,0.666667,0,0,0
28844,-41.9363,-16.125,0.333333,0,0,0
28845,-42.9387,-16.125,0.666667,0,0,0
28846,-42.9387,-16.125,0.333333,0,0,0
28847,-43.941,-16.125,0.666667,0,0,0
28848,-43.941,-16.125,0.333333,0,0,0
28849,-44.9434,-16.125,0.666667,0,0,0
28850,-44.9434,-16.125,0.333333,0,0,0
28851,-45.9458,-16.125,0.666667,0,0,0
28852,-45.9458,-16.125,0.333333,0,0,0
28853,-46.9481,-16.125,0.666667,0,0,0
28854,-46.9481,-16.125,0.333333,0,0,0
28855,-47.9505,-16.125,0.666667,0,0,0
28856,-47.9505,-16.125,0.333333,0,0,0
28857,-48.9528,-16.125,0.666667,0,0,0
28858,-48.9528,-16.125,0.333333,0,0,0
28859,-49.9552,-16.125,0.666667,0,0,0
28860,-49.9552,-16.125,0.333333,0,0,0
28861,-50.9575,-16.125,0.666667,0,0,0
28862,-50.9575,-16.125,0.333333,0,0,0
28863,-51.9599,-16.125,0.666667,0,0,0
28864,-51.9599,-16.125,0.333333,0,0,0
28865,-52.9623,-16.125,0.666667,0,0,0
28866,-52.9623,-16.125,0.333333,0,0,0
28867,-53.9646,-16.125,0.666667,0,0,0
28868,-53.9646,-16.125,0.333333,0,0,0
28869,-54.967,-16.125,0.666667,0,0,0
28870,-54.967,-16.125,0.333333,0,0,0
28871,-55.9693,-16.125,0.666667,0,0,0
28872,-55.9693,-16.125,0.333333,0,0,0
28873,-56.9717,-16.125,0.666667,0,0,0
28874,-56.9717,-16.125,0.333333,0,0,0
28875,-57.9741,-16.125,0.666667,0,0,0
28876,-57.9741,-16.125,0.333333,0,0,0
28877,-58.9764,-16.125,0.666667,0,0,0
28878,-58.9764,-16.125,0.333333,0,0,0
28879,-59.9788,-16.125,0.666667,0,0,0
28880,-59.9788,-16.125,0.333333,0,0,0
28881,-60.9811,-16.125,0.666667,0,0,0
28882,-60.9811,-16.125,0.333333,0,0,0
28883,-61.9835,-16.125,0.666667,0,0,0
28884,-61.9835,-16.125,0.333333,0,0,0
28885,-62.9858,-16.125,0.666667,0,0,0
28886,-62.9858,-16.125,0.333333,0,0,0
28887,-63.9882,-16.125,0.666667,0,0,0
28888,-63.9882,-16.125,0.333333,0,0,0
28889,-64.9906,-16.125,0.666667,0,0,0
28890,-64.9906,-16.125,0.333333,0,0,0
28891,-65.9929,-16.125,0.666667,0,0,0
28892,-65.9929,-16.125,0.333333,0,0,0
28893,-66.9953,-16.125,0.666667,0,0,0
28894,-66.9953,-16.125,0.333333,0,0,0
28895,-67.9976,-16.125,0.666667,0,0,0
28896,-67.9976,-16.125,0.333333,0,0,0
28897,-16.8774,-17.1,0.666667,0,0,0
28898,-16.8774,-17.1,0.333333,0,0,0
28899,-17.8797,-17.1,0.666667,0,0,0
28900,-17.8797,-17.1,0.333333,0,0,0
28901,-18.8821,-17.1,0.666667,0,0,0
28902,-18.8821,-17.1,0.333333,0,0,0
28903,-19.8844,-17.1,0.666667,0,0,0
28904,-19.8844,-17.1,0.333333,0,0,0
28905,-20.8868,-17.1,0.666667,0,0,0
28906,-20.8868,-17.1,0.333333,0,0,0
28907,-21.8892,-17.1,0.666667,0,0,0
28908,-21.8892,-17.1,0.333333,0,0,0
28909,-22.8915,-17.1,0.666667,0,0,0
28910,-22.8915,-17.1,0.333333,0,0,0
28911,-23.8939,-17.1,0.666667,0,0,0
28912,-23.8939,-17.1,0.333333,0,0,0
28913,-24.8962,-17.1,0.666667,0,0,0
28914,-24.8962,-17.1,0.333333,0,0,0
28915,-25.8986,-17.1,0.666667,0,0,0
28916,-25.8986,-17.1,0.333333,0,0,0
28917,-26.9009,-17.1,0.666667,0,0,0
28918,-26.9009,-17.1,0.333333,0,0,0
28919,-27.9033,-17.1,0.666667,0,0,0
28920,-27.9033,-17.1,0.333333,0,0,0
28921,-28.9057,-17.1,0.666667,0,0,0
28922,-28.9057,-17.1,0.333333,0,0,0
28923,-29.908,-17.1,0.666667,0,0,0
28924,-29.908,-17.1,0.333333,0,0,0
28925,-30.9104,-17.1,0.666667,0,0,0
28926,-30.9104,-17.1,0.333333,0,0,0
28927,-31.9127,-17.1,0.666667,0,0,0
28928,-31.9127,-17.1,0.333333,0,0,0
28929,-32.9151,-17.1,0.666667,0,0,0
28930,-32.9151,-17.1,0.333333,0,0,0
28931,-33.9175,-17.1,0.666667,0,0,0
28932,-33.9175,-17.1,0.333333,0,0,0
28933,-34.9198,-17.1,0.666667,0,0,0
28934,-34.9198,-17.1,0.333333,0,0,0
28935,-35.9222,-17.1,0.666667,0,0,0
28936,-35.9222,-17.1,0.333333,0,0,0
28937,-36.9245,-17.1,0.666667,0,0,0
28938,-36.9245,-17.1,0.333333,0,0,0
28939,-37.9269,-17.1,0.666667,0,0,0
28940,-37.9269,-17.1,0.333333,0,0,0
28941,-38.9292,-17.1,0.666667,0,0,0
28942,-38.9292,-17.1,0.333333,0,0,0
28943,-39.9316,-17.1,0.666667,0,0,0
28944,-39.9316,-17.1,0.333333,0,0,0
28945,-40.934,-17.1,0.666667,0,0,0
28946,-40.934,-17.1,0.333333,0,0,0
28947,-41.9363,-17.1,0.666667,0,0,0
28948,-41.9363,-17.1,0.333333,0,0,0
28949,-42.9387,-17.1,0.666667,0,0,0
28950,-42.9387,-17.1,0.333333,0,0,0
28951,-43.941,-17.1,0.666667,0,0,0
28952,-43.941,-17.1,0.333333,0,0,0
28953,-44.9434,-17.1,0.666667,0,0,0
28954,-44.9434,-17.1,0.333333,0,0,0
28955,-45.9458,-17.1,0.666667,0,0,0
28956,-45.9458,-17.1,0.333333,0,0,0
28957,-46.9481,-17.1,0.666667,0,0,0
28958,-46.9481,-17.1,0.333333,0,0,0
28959,-47.9505,-17.1,0.666667,0,0,0
28960,-47.9505,-17.1,0.333333,0,0,0
28961,-48.9528,-17.1,0.666667,0,0,0
28962,-48.9528,-17.1,0.333333,0,0,0
28963,-49.9552,-17.1,0.666667,0,0,0
28964,-49.9552,-17.1,0.333333,0,0,0
28965,-50.9575,-17.1,0.666667,0,0,0
28966,-50.9575,-17.1,0.333333,0,0,0
28967,-51.9599,-17.1,0.666667,0,0,0
28968,-51.9599,-17.1,0.333333,0,0,0
28969,-52.9623,-17.1,0.666667,0,0,0
28970,-52.9623,-17.1,0.333333,0,0,0
28971,-53.9646,-17.1,0.666667,0,0,0
28972,-53.9646,-17.1,0.333333,0,0,0
28973,-54.967,-17.1,0.666667,0,0,0
28974,-54.967,-17.1,0.333333,0,0,0
28975,-55.9693,-17.1,0.666667,0,0,0
28976,-55.9693,-17.1,0.333333,0,0,0
28977,-56.9717,-17.1,0.666667,0,0,0
28978,-56.9717,-17.1,0.333333,0,0,0
28979,-57.9741,-17.1,0.666667,0,0,0
28980,-57.9741,-17.1,0.333333,0,0,0
28981,-58.9764,-17.1,0.666667,0,0,0
28982,-58.9764,-17.1,0.333333,0,0,0
28983,-59.9788,-17.1,0.666667,0,0,0
28984,-59.9788,-17.1,0.333333,0,0,0
28985,-60.9811,-17.1,0.666667,0,0,0
28986,-60.9811,-17.1,0.333333,0,0,0
28987,-61.9835,-17.1,0.666667,0,0,0
28988,-61.9835,-17.1,0.333333,0,0,0
28989,-62.9858,-17.1,0.666667,0,0,0
28990,-62.9858,-17.1,0.333333,0,0,0
28991,-63.9882,-17.1,0.666667,0,0,0
28992,-63.9882,-17.1,0.333333,0,0,0
28993,-64.9906,-17.1,0.666667,0,0,0
28994,-64.9906,-17.1,0.333333,0,0,0
28995,-65.9929,-17.1,0.666667,0,0,0
28996,-65.9929,-17.1,0.333333,0,0,0
28997,-66.9953,-17.1,0.666667,0,0,0
28998,-66.9953,-17.1,0.333333,0,0,0
28999,-67.9976,-17.1,0.666667,0,0,0
29000,-67.9976,-17.1,0.333333,0,0,0
29001,-16.8774,-18.075,0.666667,0,0,0
29002,-16.8774,-18.075,0.333333,0,0,0
29003,-17.8797,-18.075,0.666667,0,0,0
29004,-17.8797,-18.075,0.333333,0,0,0
29005,-18.8821,-18.075,0.666667,0,0,0
29006,-18.8821,-18.075,0.333333,0,0,0
29007,-19.8844,-18.075,0.666667,0,0,0
29008,-19.8844,-18.075,0.333333,0,0,0
29009,-20.8868,-18.075,0.666667,0,0,0
29010,-20.8868,-18.075,0.333333,0,0,0
29011,-21.8892,-18.075,0.666667,0,0,0
29012,-21.8892,-18.075,0.333333,0,0,0
29013,-22.8915,-18.075,0.666667,0,0,0
29014,-22.8915,-18.075,0.333333,0,0,0
29015,-23.8939,-18.075,0.666667,0,0,0
29016,-23.8939,-18.075,0.333333,0,0,0
29017,-24.8962,-18.075,0.666667,0,0,0
29018,-24.8962,-18.075,0.333333,0,0,0
29019,-25.8986,-18.075,0.666667,0,0,0
29020,-25.8986,-18.075,0.333333,0,0,0
29021,-26.9009,-18.075,0.666667,0,0,0
29022,-26.9009,-18.075,0.333333,0,0,0
29023,-27.9033,-18.075,0.666667,0,0,0
29024,-27.9033,-18.075,0.333333,0,0,0
29025,-28.9057,-18.075,0.666667,0,0,0
29026,-28.9057,-18.075,0.333333,0,0,0
29027,-29.908,-18.075,0.666667,0,0,0
29028,-29.908,-18.075,0.333333,0,0,0
29029,-30.9104,-18.075,0.666667,0,0,0
29030,-30.9104,-18.075,0.333333,0,0,0
29031,-31.9127,-18.075,0.666667,0,0,0
29032,-31.9127,-18.075,0.333333,0,0,0
29033,-32.9151,-18.075,0.666667,0,0,0
29034,-32.9151,-18.075,0.333333,0,0,0
29035,-33.9175,-18.075,0.666667,0,0,0
29036,-33.9175,-18.075,0.333333,0,0,0
29037,-34.9198,-18.075,0.666667,0,0,0
29038,-34.9198,-18.075,0.333333,0,0,0
29039,-35.9222,-18.075,0.666667,0,0,0
29040,-35.9222,-18.075,0.333333,0,0,0
29041,-36.9245,-18.075,0.666667,0,0,0
29042,-36.9245,-18.075,0.333333,0,0,0
29043,-37.9269,-18.075,0.666667,0,0,0
29044,-37.9269,-18.075,0.333333,0,0,0
29045,-38.9292,-18.075,0.666667,0,0,0
29046,-38.9292,-18.075,0.333333,0,0,0
29047,-39.9316,-18.075,0.666667,0,0,0
29048,-39.9316,-18.075,0.333333,0,0,0
29049,-40.934,-18.075,0.666667,0,0,0
29050,-40.934,-18.075,0.333333,0,0,0
29051,-41.9363,-18.075,0.666667,0,0,0
29052,-41.9363,-18.075,0.333333,0,0,0
29053,-42.9387,-18.075,0.666667,0,0,0
29054,-42.9387,-18.075,0.333333,0,0,0
29055,-43.941,-18.075,0.666667,0,0,0
29056,-43.941,-18.075,0.333333,0,0,0
29057,-44.9434,-18.075,0.666667,0,0,0
29058,-44.9434,-18.075,0.333333,0,0,0
29059,-45.9458,-18.075,0.666667,0,0,0
29060,-45.9458,-18.075,0.333333,0,0,0
29061,-46.9481,-18.075,0.666667,0,0,0
29062,-46.9481,-18.075,0.333333,0,0,0
29063,-47.9505,-18.075,0.666667,0,0,0
29064,-47.9505,-18.075,0.333333,0,0,0
29065,-48.9528,-18.075,0.666667,0,0,0
29066,-48.9528,-18.075,0.333333,0,0,0
29067,-49.9552,-18.075,0.666667,0,0,0
29068,-49.9552,-18.075,0.333333,0,0,0
29069,-50.9575,-18.075,0.666667,0,0,0
29070,-50.9575,-18.075,0.333333,0,0,0
29071,-51.9599,-18.075,0.666667,0,0,0
29072,-51.9599,-18.075,0.333333,0,0,0
29073,-52.9623,-18.075,0.666667,0,0,0
29074,-52.9623,-18.075,0.333333,0,0,0
29075,-53.9646,-18.075,0.666667,0,0,0
29076,-53.9646,-18.075,0.333333,0,0,0
29077,-54.967,-18.075,0.666667,0,0,0
29078,-54.967,-18.075,0.333333,0,0,0
29079,-55.9693,-18.075,0.666667,0,0,0
29080,-55.9693,-18.075,0.333333,0,0,0
29081,-56.9717,-18.075,0.666667,0,0,0
29082,-56.9717,-18.075,0.333333,0,0,0
29083,-57.9741,-18.075,0.666667,0,0,0
29084,-57.9741,-18.075,0.333333,0,0,0
29085,-58.9764,-18.075,0.666667,0,0,0
29086,-58.9764,-18.075,0.333333,0,0,0
29087,-59.9788,-18.075,0.666667,0,0,0
29088,-59.9788,-18.075,0.333333,0,0,0
29089,-60.9811,-18.075,0.666667,0,0,0
29090,-60.9811,-18.075,0.333333,0,0,0
29091,-61.9835,-18.075,0.666667,0,0,0
29092,-61.9835,-18.075,0.333333,0,0,0
29093,-62.9858,-18.075,0.666667,0,0,0
29094,-62.9858,-18.075,0.333333,0,0,0
29095,-63.9882,-18.075,0.666667,0,0,0
29096,-63.9882,-18.075,0.333333,0,0,0
29097,-64.9906,-18.075,0.666667,0,0,0
29098,-64.9906,-18.075,0.333333,0,0,0
29099,-65.9929,-18.075,0.666667,0,0,0
29100,-65.9929,-18.075,0.333333,0,0,0
29101,-66.9953,-18.075,0.666667,0,0,0
29102,-66.9953,-18.075,0.333333,0,0,0
29103,-67.9976,-18.075,0.666667,0,0,0
29104,-67.9976,-18.075,0.333333,0,0,0
